"ISO3","Name","Year","Value: governance"
"AFG","Afghanistan",1995,0.132618817146867
"AFG","Afghanistan",1996,0.132618817146867
"AFG","Afghanistan",1997,0.137714220582475
"AFG","Afghanistan",1998,0.142809624018083
"AFG","Afghanistan",1999,0.138254403820145
"AFG","Afghanistan",2000,0.133699183622207
"AFG","Afghanistan",2001,0.152263057272461
"AFG","Afghanistan",2002,0.170826930922716
"AFG","Afghanistan",2003,0.181366664555024
"AFG","Afghanistan",2004,0.167750133522949
"AFG","Afghanistan",2005,0.166997745063711
"AFG","Afghanistan",2006,0.147643155777304
"AFG","Afghanistan",2007,0.130028940918013
"AFG","Afghanistan",2008,0.117235678812926
"AFG","Afghanistan",2009,0.121755043509774
"AFG","Afghanistan",2010,0.129718566471048
"AFG","Afghanistan",2011,0.132060759537496
"AFG","Afghanistan",2012,0.175743916908127
"AFG","Afghanistan",2013,0.172591804585367
"AFG","Afghanistan",2014,0.193779720403057
"AFG","Afghanistan",2015,0.189242899027299
"AFG","Afghanistan",2016,0.158100676640552
"AFG","Afghanistan",2017,0.148289842677754
"AFG","Afghanistan",2018,0.1580721581492
"AFG","Afghanistan",2019,0.165823300417623
"AFG","Afghanistan",2020,0.141336158464827
"AFG","Afghanistan",2021,0.170507131303744
"AFG","Afghanistan",2022,0.179987450038654
"ALB","Albania",1995,0.379199656769439
"ALB","Albania",1996,0.379199656769439
"ALB","Albania",1997,0.366712896136917
"ALB","Albania",1998,0.354226135504395
"ALB","Albania",1999,0.356635693445172
"ALB","Albania",2000,0.35904525138595
"ALB","Albania",2001,0.37348019960334
"ALB","Albania",2002,0.38791514782073
"ALB","Albania",2003,0.380313493228834
"ALB","Albania",2004,0.398481640973432
"ALB","Albania",2005,0.376343984248822
"ALB","Albania",2006,0.39298439603279
"ALB","Albania",2007,0.421986076010233
"ALB","Albania",2008,0.443420387423066
"ALB","Albania",2009,0.456567710638814
"ALB","Albania",2010,0.455988068956937
"ALB","Albania",2011,0.441998965267554
"ALB","Albania",2012,0.437612805734876
"ALB","Albania",2013,0.450077872856346
"ALB","Albania",2014,0.487928184291518
"ALB","Albania",2015,0.47853645988053
"ALB","Albania",2016,0.483044415575088
"ALB","Albania",2017,0.481261308049459
"ALB","Albania",2018,0.478907045892276
"ALB","Albania",2019,0.467075598438437
"ALB","Albania",2020,0.46556467296368
"ALB","Albania",2021,0.472414409092895
"ALB","Albania",2022,0.483421649741261
"DZA","Algeria",1995,0.28813302249011
"DZA","Algeria",1996,0.28813302249011
"DZA","Algeria",1997,0.27715239573102
"DZA","Algeria",1998,0.26617176897193
"DZA","Algeria",1999,0.27681114258611
"DZA","Algeria",2000,0.287450516200291
"DZA","Algeria",2001,0.303095219010119
"DZA","Algeria",2002,0.318739921819947
"DZA","Algeria",2003,0.332008219406588
"DZA","Algeria",2004,0.351375414503493
"DZA","Algeria",2005,0.381160136050112
"DZA","Algeria",2006,0.358397139006568
"DZA","Algeria",2007,0.353870766906768
"DZA","Algeria",2008,0.349984930886798
"DZA","Algeria",2009,0.32704958947535
"DZA","Algeria",2010,0.321442348041042
"DZA","Algeria",2011,0.309179077915896
"DZA","Algeria",2012,0.309904652983774
"DZA","Algeria",2013,0.332870584163579
"DZA","Algeria",2014,0.311780993109464
"DZA","Algeria",2015,0.310008480505457
"DZA","Algeria",2016,0.309641815383091
"DZA","Algeria",2017,0.319418595446428
"DZA","Algeria",2018,0.321739245581133
"DZA","Algeria",2019,0.307980146108792
"DZA","Algeria",2020,0.320973811964132
"DZA","Algeria",2021,0.323542737328835
"DZA","Algeria",2022,0.340043260790578
"AND","Andorra",1995,NA
"AND","Andorra",1996,NA
"AND","Andorra",1997,NA
"AND","Andorra",1998,NA
"AND","Andorra",1999,NA
"AND","Andorra",2000,NA
"AND","Andorra",2001,NA
"AND","Andorra",2002,NA
"AND","Andorra",2003,NA
"AND","Andorra",2004,NA
"AND","Andorra",2005,NA
"AND","Andorra",2006,NA
"AND","Andorra",2007,NA
"AND","Andorra",2008,NA
"AND","Andorra",2009,NA
"AND","Andorra",2010,NA
"AND","Andorra",2011,NA
"AND","Andorra",2012,NA
"AND","Andorra",2013,NA
"AND","Andorra",2014,NA
"AND","Andorra",2015,NA
"AND","Andorra",2016,NA
"AND","Andorra",2017,NA
"AND","Andorra",2018,NA
"AND","Andorra",2019,NA
"AND","Andorra",2020,NA
"AND","Andorra",2021,NA
"AND","Andorra",2022,NA
"AGO","Angola",1995,0.196201801371854
"AGO","Angola",1996,0.196201801371854
"AGO","Angola",1997,0.19211876196687
"AGO","Angola",1998,0.188035722561884
"AGO","Angola",1999,0.190212769383539
"AGO","Angola",2000,0.192389816205194
"AGO","Angola",2001,0.208022924498047
"AGO","Angola",2002,0.223656032790898
"AGO","Angola",2003,0.250445276213056
"AGO","Angola",2004,0.241814903438856
"AGO","Angola",2005,0.254690470850546
"AGO","Angola",2006,0.28597200274683
"AGO","Angola",2007,0.277551684652904
"AGO","Angola",2008,0.289125100001133
"AGO","Angola",2009,0.293684532684821
"AGO","Angola",2010,0.300824738397079
"AGO","Angola",2011,0.29011587675685
"AGO","Angola",2012,0.29743059713944
"AGO","Angola",2013,0.293515765181849
"AGO","Angola",2014,0.308629913990844
"AGO","Angola",2015,0.304987921450721
"AGO","Angola",2016,0.305768690736907
"AGO","Angola",2017,0.299587872362036
"AGO","Angola",2018,0.329467454903891
"AGO","Angola",2019,0.333769036019415
"AGO","Angola",2020,0.333237889122564
"AGO","Angola",2021,0.352677515819794
"AGO","Angola",2022,0.359545927040004
"ATG","Antigua and Barbuda",1995,0.673600354044614
"ATG","Antigua and Barbuda",1996,0.673600354044614
"ATG","Antigua and Barbuda",1997,0.673960506592246
"ATG","Antigua and Barbuda",1998,0.674320659139877
"ATG","Antigua and Barbuda",1999,0.672362833897008
"ATG","Antigua and Barbuda",2000,0.67040500865414
"ATG","Antigua and Barbuda",2001,0.670466458578813
"ATG","Antigua and Barbuda",2002,0.670527908503487
"ATG","Antigua and Barbuda",2003,0.673304848257466
"ATG","Antigua and Barbuda",2004,0.670556619932927
"ATG","Antigua and Barbuda",2005,0.641904000632425
"ATG","Antigua and Barbuda",2006,0.67327611253959
"ATG","Antigua and Barbuda",2007,0.672777871646064
"ATG","Antigua and Barbuda",2008,0.688471267575357
"ATG","Antigua and Barbuda",2009,0.689094335278202
"ATG","Antigua and Barbuda",2010,0.6945630961343
"ATG","Antigua and Barbuda",2011,0.694034351308191
"ATG","Antigua and Barbuda",2012,0.692728384322929
"ATG","Antigua and Barbuda",2013,0.686111775730423
"ATG","Antigua and Barbuda",2014,0.59859565195525
"ATG","Antigua and Barbuda",2015,0.626395000864012
"ATG","Antigua and Barbuda",2016,0.615759084961794
"ATG","Antigua and Barbuda",2017,0.576760433248983
"ATG","Antigua and Barbuda",2018,0.589515273814456
"ATG","Antigua and Barbuda",2019,0.597440457450237
"ATG","Antigua and Barbuda",2020,0.60054706500642
"ATG","Antigua and Barbuda",2021,0.589801460468726
"ATG","Antigua and Barbuda",2022,0.594158014647184
"ARG","Argentina",1995,0.53050888535566
"ARG","Argentina",1996,0.53050888535566
"ARG","Argentina",1997,0.519553198005726
"ARG","Argentina",1998,0.508597510655792
"ARG","Argentina",1999,0.501740789628829
"ARG","Argentina",2000,0.494884068601866
"ARG","Argentina",2001,0.429345409155905
"ARG","Argentina",2002,0.363806749709945
"ARG","Argentina",2003,0.386697040151306
"ARG","Argentina",2004,0.379820556437376
"ARG","Argentina",2005,0.425255653801663
"ARG","Argentina",2006,0.424443524608164
"ARG","Argentina",2007,0.423967220769263
"ARG","Argentina",2008,0.404239135595624
"ARG","Argentina",2009,0.391212138003593
"ARG","Argentina",2010,0.411939612642722
"ARG","Argentina",2011,0.42566141315915
"ARG","Argentina",2012,0.405916214917183
"ARG","Argentina",2013,0.401839111082646
"ARG","Argentina",2014,0.375016207036078
"ARG","Argentina",2015,0.387908342388137
"ARG","Argentina",2016,0.460538486239058
"ARG","Argentina",2017,0.469985706702624
"ARG","Argentina",2018,0.476302056832494
"ARG","Argentina",2019,0.448394456900529
"ARG","Argentina",2020,0.44104824038857
"ARG","Argentina",2021,0.42325094304898
"ARG","Argentina",2022,0.417928144516327
"ARM","Armenia",1995,0.42224151871983
"ARM","Armenia",1996,0.42224151871983
"ARM","Armenia",1997,0.405440868585805
"ARM","Armenia",1998,0.38864021845178
"ARM","Armenia",1999,0.389782213650462
"ARM","Armenia",2000,0.390924208849144
"ARM","Armenia",2001,0.409309027077863
"ARM","Armenia",2002,0.427693845306581
"ARM","Armenia",2003,0.468481418533605
"ARM","Armenia",2004,0.438474596434485
"ARM","Armenia",2005,0.445356588510876
"ARM","Armenia",2006,0.440211944643123
"ARM","Armenia",2007,0.454537220623297
"ARM","Armenia",2008,0.459243448743608
"ARM","Armenia",2009,0.466774306578353
"ARM","Armenia",2010,0.454990506070472
"ARM","Armenia",2011,0.451959335728742
"ARM","Armenia",2012,0.471043907816089
"ARM","Armenia",2013,0.471331304764392
"ARM","Armenia",2014,0.444240174289589
"ARM","Armenia",2015,0.442724936458394
"ARM","Armenia",2016,0.437824513731982
"ARM","Armenia",2017,0.439655308780632
"ARM","Armenia",2018,0.466940076175449
"ARM","Armenia",2019,0.474358925333856
"ARM","Armenia",2020,0.474434945581027
"ARM","Armenia",2021,0.47108476353471
"ARM","Armenia",2022,0.460278759402208
"AUS","Australia",1995,0.822017321024604
"AUS","Australia",1996,0.822017321024604
"AUS","Australia",1997,0.815317979889082
"AUS","Australia",1998,0.808618638753558
"AUS","Australia",1999,0.818906787355022
"AUS","Australia",2000,0.829194935956485
"AUS","Australia",2001,0.820472913600649
"AUS","Australia",2002,0.811750891244813
"AUS","Australia",2003,0.817408815549393
"AUS","Australia",2004,0.830639113109377
"AUS","Australia",2005,0.81553567037483
"AUS","Australia",2006,0.821201481155951
"AUS","Australia",2007,0.826201845013701
"AUS","Australia",2008,0.833631862889508
"AUS","Australia",2009,0.831419178560657
"AUS","Australia",2010,0.827049744213597
"AUS","Australia",2011,0.836413804447295
"AUS","Australia",2012,0.833301100735095
"AUS","Australia",2013,0.824364129188606
"AUS","Australia",2014,0.839102677191663
"AUS","Australia",2015,0.821539796502231
"AUS","Australia",2016,0.826196139246913
"AUS","Australia",2017,0.81657239955102
"AUS","Australia",2018,0.821695239411728
"AUS","Australia",2019,0.819986456750164
"AUS","Australia",2020,0.802219845083888
"AUS","Australia",2021,0.80746335933314
"AUS","Australia",2022,0.811767497548528
"AUT","Austria",1995,0.833358929258254
"AUT","Austria",1996,0.833358929258254
"AUT","Austria",1997,0.820990907005416
"AUT","Austria",1998,0.808622884752579
"AUT","Austria",1999,0.804446130757631
"AUT","Austria",2000,0.800269376762683
"AUT","Austria",2001,0.819200484801902
"AUT","Austria",2002,0.838131592841122
"AUT","Austria",2003,0.823323464940507
"AUT","Austria",2004,0.829745393305749
"AUT","Austria",2005,0.829796992623278
"AUT","Austria",2006,0.832627593641485
"AUT","Austria",2007,0.851699379331962
"AUT","Austria",2008,0.838297613440046
"AUT","Austria",2009,0.809878864988212
"AUT","Austria",2010,0.803797528207648
"AUT","Austria",2011,0.794569354044805
"AUT","Austria",2012,0.808218641683048
"AUT","Austria",2013,0.812688976171841
"AUT","Austria",2014,0.809747349114818
"AUT","Austria",2015,0.79337619733819
"AUT","Austria",2016,0.783879119553415
"AUT","Austria",2017,0.791761762627215
"AUT","Austria",2018,0.796883902137448
"AUT","Austria",2019,0.791090492176619
"AUT","Austria",2020,0.781330162593172
"AUT","Austria",2021,0.764762381042037
"AUT","Austria",2022,0.749292073255196
"AZE","Azerbaijan",1995,0.265182979874252
"AZE","Azerbaijan",1996,0.265182979874252
"AZE","Azerbaijan",1997,0.278049513365314
"AZE","Azerbaijan",1998,0.290916046856377
"AZE","Azerbaijan",1999,0.292130421599565
"AZE","Azerbaijan",2000,0.293344796342753
"AZE","Azerbaijan",2001,0.296109055055238
"AZE","Azerbaijan",2002,0.298873313767722
"AZE","Azerbaijan",2003,0.327997600062955
"AZE","Azerbaijan",2004,0.313731794035818
"AZE","Azerbaijan",2005,0.325615800543437
"AZE","Azerbaijan",2006,0.32275238078701
"AZE","Azerbaijan",2007,0.344023581938999
"AZE","Azerbaijan",2008,0.362198017887785
"AZE","Azerbaijan",2009,0.362718290450551
"AZE","Azerbaijan",2010,0.357117373810986
"AZE","Azerbaijan",2011,0.345338635983098
"AZE","Azerbaijan",2012,0.338304481721195
"AZE","Azerbaijan",2013,0.37043745618151
"AZE","Azerbaijan",2014,0.371790402725778
"AZE","Azerbaijan",2015,0.362264749117142
"AZE","Azerbaijan",2016,0.37231005991009
"AZE","Azerbaijan",2017,0.370602642577536
"AZE","Azerbaijan",2018,0.376547720006763
"AZE","Azerbaijan",2019,0.3824662513317
"AZE","Azerbaijan",2020,0.351075410398433
"AZE","Azerbaijan",2021,0.384430141442452
"AZE","Azerbaijan",2022,0.366483204387676
"BHS","Bahamas",1995,0.718962687436772
"BHS","Bahamas",1996,0.718962687436772
"BHS","Bahamas",1997,0.727151676887621
"BHS","Bahamas",1998,0.73534066633847
"BHS","Bahamas",1999,0.74370828366281
"BHS","Bahamas",2000,0.75207590098715
"BHS","Bahamas",2001,0.754894888461773
"BHS","Bahamas",2002,0.757713875936395
"BHS","Bahamas",2003,0.745464851243297
"BHS","Bahamas",2004,0.745157729203214
"BHS","Bahamas",2005,0.740764251631405
"BHS","Bahamas",2006,0.719100701095392
"BHS","Bahamas",2007,0.722311539172599
"BHS","Bahamas",2008,0.722317320783368
"BHS","Bahamas",2009,0.695825174325496
"BHS","Bahamas",2010,0.684796631568625
"BHS","Bahamas",2011,0.682999747057854
"BHS","Bahamas",2012,0.678261225372726
"BHS","Bahamas",2013,0.668000261825331
"BHS","Bahamas",2014,0.659551598635259
"BHS","Bahamas",2015,0.639059026164695
"BHS","Bahamas",2016,0.628436188064736
"BHS","Bahamas",2017,0.622693778783322
"BHS","Bahamas",2018,0.613331734856967
"BHS","Bahamas",2019,0.599444181011283
"BHS","Bahamas",2020,0.602684730558011
"BHS","Bahamas",2021,0.611529940115224
"BHS","Bahamas",2022,0.611692172829801
"BHR","Bahrain",1995,0.546485790229488
"BHR","Bahrain",1996,0.546485790229488
"BHR","Bahrain",1997,0.55559873327076
"BHR","Bahrain",1998,0.564711676312032
"BHR","Bahrain",1999,0.57042741093168
"BHR","Bahrain",2000,0.576143145551328
"BHR","Bahrain",2001,0.60305887566679
"BHR","Bahrain",2002,0.629974605782253
"BHR","Bahrain",2003,0.604432368231609
"BHR","Bahrain",2004,0.609768647743998
"BHR","Bahrain",2005,0.586791523685439
"BHR","Bahrain",2006,0.549307080763095
"BHR","Bahrain",2007,0.565090572991299
"BHR","Bahrain",2008,0.563444156635732
"BHR","Bahrain",2009,0.566080778121027
"BHR","Bahrain",2010,0.547627737511965
"BHR","Bahrain",2011,0.525852682493826
"BHR","Bahrain",2012,0.520990021351404
"BHR","Bahrain",2013,0.515099253231285
"BHR","Bahrain",2014,0.534064748522594
"BHR","Bahrain",2015,0.521860966439912
"BHR","Bahrain",2016,0.51599987328968
"BHR","Bahrain",2017,0.491558353086415
"BHR","Bahrain",2018,0.494581531836325
"BHR","Bahrain",2019,0.519195518051796
"BHR","Bahrain",2020,0.523370674375931
"BHR","Bahrain",2021,0.55102304201998
"BHR","Bahrain",2022,0.562305043707109
"BGD","Bangladesh",1995,0.330907661213604
"BGD","Bangladesh",1996,0.330907661213604
"BGD","Bangladesh",1997,0.337384833160665
"BGD","Bangladesh",1998,0.343862005107726
"BGD","Bangladesh",1999,0.324917292734493
"BGD","Bangladesh",2000,0.30597258036126
"BGD","Bangladesh",2001,0.289732518534027
"BGD","Bangladesh",2002,0.273492456706793
"BGD","Bangladesh",2003,0.257253453818287
"BGD","Bangladesh",2004,0.238487277607694
"BGD","Bangladesh",2005,0.239530483388313
"BGD","Bangladesh",2006,0.260034256234013
"BGD","Bangladesh",2007,0.286860359983996
"BGD","Bangladesh",2008,0.294886822900677
"BGD","Bangladesh",2009,0.292402156998608
"BGD","Bangladesh",2010,0.298448290638508
"BGD","Bangladesh",2011,0.302194048572233
"BGD","Bangladesh",2012,0.300125521483451
"BGD","Bangladesh",2013,0.292210531959707
"BGD","Bangladesh",2014,0.32663859621353
"BGD","Bangladesh",2015,0.318212982755175
"BGD","Bangladesh",2016,0.323885097397183
"BGD","Bangladesh",2017,0.324452741573308
"BGD","Bangladesh",2018,0.332535130729915
"BGD","Bangladesh",2019,0.325710264849941
"BGD","Bangladesh",2020,0.332316991038373
"BGD","Bangladesh",2021,0.328301382673567
"BGD","Bangladesh",2022,0.317890113666009
"BRB","Barbados",1995,0.75127321151251
"BRB","Barbados",1996,0.75127321151251
"BRB","Barbados",1997,0.756424657189218
"BRB","Barbados",1998,0.761576102865927
"BRB","Barbados",1999,0.765679508404627
"BRB","Barbados",2000,0.769782913943327
"BRB","Barbados",2001,0.765759583930127
"BRB","Barbados",2002,0.761736253916928
"BRB","Barbados",2003,0.757970872068615
"BRB","Barbados",2004,0.753631379512243
"BRB","Barbados",2005,0.753835382246815
"BRB","Barbados",2006,0.727381353346806
"BRB","Barbados",2007,0.745752722854554
"BRB","Barbados",2008,0.733636332308482
"BRB","Barbados",2009,0.704813683280713
"BRB","Barbados",2010,0.710497050602688
"BRB","Barbados",2011,0.739106842080477
"BRB","Barbados",2012,0.720530005466567
"BRB","Barbados",2013,0.722798846547336
"BRB","Barbados",2014,0.691960721943706
"BRB","Barbados",2015,0.712890121663813
"BRB","Barbados",2016,0.673949968127223
"BRB","Barbados",2017,0.676735533627023
"BRB","Barbados",2018,0.663980532717456
"BRB","Barbados",2019,0.648915325895728
"BRB","Barbados",2020,0.65675002641741
"BRB","Barbados",2021,0.664041590635236
"BRB","Barbados",2022,0.666785523919765
"BLR","Belarus",1995,0.390389625886446
"BLR","Belarus",1996,0.390389625886446
"BLR","Belarus",1997,0.380422740747871
"BLR","Belarus",1998,0.370455855609296
"BLR","Belarus",1999,0.360737970445444
"BLR","Belarus",2000,0.351020085281593
"BLR","Belarus",2001,0.34892990575548
"BLR","Belarus",2002,0.346839726229367
"BLR","Belarus",2003,0.384002161660869
"BLR","Belarus",2004,0.348160240447663
"BLR","Belarus",2005,0.34791865088722
"BLR","Belarus",2006,0.335022250268954
"BLR","Belarus",2007,0.356122061790668
"BLR","Belarus",2008,0.378219025620875
"BLR","Belarus",2009,0.383193350064137
"BLR","Belarus",2010,0.350156232329855
"BLR","Belarus",2011,0.342606148954321
"BLR","Belarus",2012,0.375290207326245
"BLR","Belarus",2013,0.378415768767519
"BLR","Belarus",2014,0.401936901436878
"BLR","Belarus",2015,0.387858813153147
"BLR","Belarus",2016,0.40351744683879
"BLR","Belarus",2017,0.400118926537874
"BLR","Belarus",2018,0.424283738190947
"BLR","Belarus",2019,0.44195257647172
"BLR","Belarus",2020,0.363537856028448
"BLR","Belarus",2021,0.353817551197385
"BLR","Belarus",2022,0.308788939423497
"BEL","Belgium",1995,0.763018377568225
"BEL","Belgium",1996,0.763018377568225
"BEL","Belgium",1997,0.74718573966595
"BEL","Belgium",1998,0.731353101763676
"BEL","Belgium",1999,0.743461240270151
"BEL","Belgium",2000,0.755569378776625
"BEL","Belgium",2001,0.761968257524856
"BEL","Belgium",2002,0.768367136273088
"BEL","Belgium",2003,0.746979965371672
"BEL","Belgium",2004,0.7419539829063
"BEL","Belgium",2005,0.740209800832746
"BEL","Belgium",2006,0.739818714154121
"BEL","Belgium",2007,0.747156479193499
"BEL","Belgium",2008,0.742386719154219
"BEL","Belgium",2009,0.753468979774158
"BEL","Belgium",2010,0.754927474032261
"BEL","Belgium",2011,0.762292682832024
"BEL","Belgium",2012,0.763204570438722
"BEL","Belgium",2013,0.7699530821303
"BEL","Belgium",2014,0.752459489387872
"BEL","Belgium",2015,0.746390605687725
"BEL","Belgium",2016,0.742964333681254
"BEL","Belgium",2017,0.726733153306133
"BEL","Belgium",2018,0.729371060295923
"BEL","Belgium",2019,0.734027668756432
"BEL","Belgium",2020,0.739469188472291
"BEL","Belgium",2021,0.743774046671426
"BEL","Belgium",2022,0.741178643550268
"BLZ","Belize",1995,0.535934987355468
"BLZ","Belize",1996,0.535934987355468
"BLZ","Belize",1997,0.533561454417177
"BLZ","Belize",1998,0.531187921478886
"BLZ","Belize",1999,0.52697820300561
"BLZ","Belize",2000,0.522768484532333
"BLZ","Belize",2001,0.522018286415165
"BLZ","Belize",2002,0.521268088297998
"BLZ","Belize",2003,0.53469339786897
"BLZ","Belize",2004,0.504997867694355
"BLZ","Belize",2005,0.496110472177195
"BLZ","Belize",2006,0.473901839296787
"BLZ","Belize",2007,0.472243406201711
"BLZ","Belize",2008,0.467472529342585
"BLZ","Belize",2009,0.471640684531482
"BLZ","Belize",2010,0.473419179658646
"BLZ","Belize",2011,0.449235978337402
"BLZ","Belize",2012,0.465106110097005
"BLZ","Belize",2013,0.4666070422453
"BLZ","Belize",2014,0.432270202454846
"BLZ","Belize",2015,0.430950051978213
"BLZ","Belize",2016,0.41906492609955
"BLZ","Belize",2017,0.410510976129944
"BLZ","Belize",2018,0.417956890376277
"BLZ","Belize",2019,0.424118508444141
"BLZ","Belize",2020,0.445561488502853
"BLZ","Belize",2021,0.434613258786467
"BLZ","Belize",2022,0.44975908716873
"BEN","Benin",1995,0.509674988025574
"BEN","Benin",1996,0.509674988025574
"BEN","Benin",1997,0.500864902698051
"BEN","Benin",1998,0.492054817370528
"BEN","Benin",1999,0.485721312453116
"BEN","Benin",2000,0.479387807535704
"BEN","Benin",2001,0.464962765938875
"BEN","Benin",2002,0.450537724342046
"BEN","Benin",2003,0.446501732893803
"BEN","Benin",2004,0.427140524090886
"BEN","Benin",2005,0.413428845332498
"BEN","Benin",2006,0.443007699438824
"BEN","Benin",2007,0.441476042825608
"BEN","Benin",2008,0.435280781124487
"BEN","Benin",2009,0.43160511080223
"BEN","Benin",2010,0.422178784671575
"BEN","Benin",2011,0.428797438965313
"BEN","Benin",2012,0.420418176045912
"BEN","Benin",2013,0.423808185922531
"BEN","Benin",2014,0.410299680787866
"BEN","Benin",2015,0.410855702730162
"BEN","Benin",2016,0.411768748436101
"BEN","Benin",2017,0.412532091097475
"BEN","Benin",2018,0.41990233406375
"BEN","Benin",2019,0.409770733449729
"BEN","Benin",2020,0.419314951022769
"BEN","Benin",2021,0.42220233631141
"BEN","Benin",2022,0.433166723083821
"BTN","Bhutan",1995,0.565564585056756
"BTN","Bhutan",1996,0.565564585056756
"BTN","Bhutan",1997,0.561697653314851
"BTN","Bhutan",1998,0.557830721572946
"BTN","Bhutan",1999,0.549679882986995
"BTN","Bhutan",2000,0.541529044401042
"BTN","Bhutan",2001,0.538811056584507
"BTN","Bhutan",2002,0.536093068767973
"BTN","Bhutan",2003,0.608458414502986
"BTN","Bhutan",2004,0.569594627857933
"BTN","Bhutan",2005,0.60971210180383
"BTN","Bhutan",2006,0.587526664073189
"BTN","Bhutan",2007,0.562929484374127
"BTN","Bhutan",2008,0.5684173362735
"BTN","Bhutan",2009,0.548289352799463
"BTN","Bhutan",2010,0.538590653596846
"BTN","Bhutan",2011,0.539783769489734
"BTN","Bhutan",2012,0.549083352474023
"BTN","Bhutan",2013,0.55014747374039
"BTN","Bhutan",2014,0.593447872091408
"BTN","Bhutan",2015,0.590256579584901
"BTN","Bhutan",2016,0.603282317636119
"BTN","Bhutan",2017,0.651644806328797
"BTN","Bhutan",2018,0.648217236800585
"BTN","Bhutan",2019,0.649289075087162
"BTN","Bhutan",2020,0.650852473761796
"BTN","Bhutan",2021,0.6327022823912
"BTN","Bhutan",2022,0.64050397692199
"BOL","Bolivia, Plurinational State of",1995,0.436364017165711
"BOL","Bolivia, Plurinational State of",1996,0.436364017165711
"BOL","Bolivia, Plurinational State of",1997,0.449947216248294
"BOL","Bolivia, Plurinational State of",1998,0.463530415330876
"BOL","Bolivia, Plurinational State of",1999,0.455211598234394
"BOL","Bolivia, Plurinational State of",2000,0.446892781137911
"BOL","Bolivia, Plurinational State of",2001,0.429815414761173
"BOL","Bolivia, Plurinational State of",2002,0.412738048384435
"BOL","Bolivia, Plurinational State of",2003,0.38658004475154
"BOL","Bolivia, Plurinational State of",2004,0.382467092755873
"BOL","Bolivia, Plurinational State of",2005,0.3458056921386
"BOL","Bolivia, Plurinational State of",2006,0.356948856994132
"BOL","Bolivia, Plurinational State of",2007,0.352699847283777
"BOL","Bolivia, Plurinational State of",2008,0.35097451746482
"BOL","Bolivia, Plurinational State of",2009,0.346149913848
"BOL","Bolivia, Plurinational State of",2010,0.367883813084777
"BOL","Bolivia, Plurinational State of",2011,0.36512463547522
"BOL","Bolivia, Plurinational State of",2012,0.349375059742388
"BOL","Bolivia, Plurinational State of",2013,0.363702586548642
"BOL","Bolivia, Plurinational State of",2014,0.355842871037475
"BOL","Bolivia, Plurinational State of",2015,0.346702057598877
"BOL","Bolivia, Plurinational State of",2016,0.33545029588014
"BOL","Bolivia, Plurinational State of",2017,0.339414337218597
"BOL","Bolivia, Plurinational State of",2018,0.340893354891118
"BOL","Bolivia, Plurinational State of",2019,0.317933359166437
"BOL","Bolivia, Plurinational State of",2020,0.323001335852186
"BOL","Bolivia, Plurinational State of",2021,0.323741508347516
"BOL","Bolivia, Plurinational State of",2022,0.31503424302172
"BIH","Bosnia and Herzegovina",1995,0.404078788963419
"BIH","Bosnia and Herzegovina",1996,0.404078788963419
"BIH","Bosnia and Herzegovina",1997,0.38693723208444
"BIH","Bosnia and Herzegovina",1998,0.36979567520546
"BIH","Bosnia and Herzegovina",1999,0.375775551308328
"BIH","Bosnia and Herzegovina",2000,0.381755427411196
"BIH","Bosnia and Herzegovina",2001,0.396162001164253
"BIH","Bosnia and Herzegovina",2002,0.41056857491731
"BIH","Bosnia and Herzegovina",2003,0.415128543347943
"BIH","Bosnia and Herzegovina",2004,0.448536981870369
"BIH","Bosnia and Herzegovina",2005,0.413063103614881
"BIH","Bosnia and Herzegovina",2006,0.418301500530344
"BIH","Bosnia and Herzegovina",2007,0.41624063263621
"BIH","Bosnia and Herzegovina",2008,0.429528169416415
"BIH","Bosnia and Herzegovina",2009,0.428539765364561
"BIH","Bosnia and Herzegovina",2010,0.429617788392365
"BIH","Bosnia and Herzegovina",2011,0.428923317855939
"BIH","Bosnia and Herzegovina",2012,0.448504990292098
"BIH","Bosnia and Herzegovina",2013,0.460158239566026
"BIH","Bosnia and Herzegovina",2014,0.475564526286841
"BIH","Bosnia and Herzegovina",2015,0.438669198054322
"BIH","Bosnia and Herzegovina",2016,0.44062451850736
"BIH","Bosnia and Herzegovina",2017,0.442526440054815
"BIH","Bosnia and Herzegovina",2018,0.432046191368554
"BIH","Bosnia and Herzegovina",2019,0.429291701318255
"BIH","Bosnia and Herzegovina",2020,0.421474632289153
"BIH","Bosnia and Herzegovina",2021,0.42125143346479
"BIH","Bosnia and Herzegovina",2022,0.421099410793166
"BWA","Botswana",1995,0.65379391773219
"BWA","Botswana",1996,0.65379391773219
"BWA","Botswana",1997,0.65835423745024
"BWA","Botswana",1998,0.66291455716829
"BWA","Botswana",1999,0.664221346996448
"BWA","Botswana",2000,0.665528136824606
"BWA","Botswana",2001,0.656598706286782
"BWA","Botswana",2002,0.647669275748957
"BWA","Botswana",2003,0.69602043814151
"BWA","Botswana",2004,0.657364273327682
"BWA","Botswana",2005,0.676908431678662
"BWA","Botswana",2006,0.655195001544881
"BWA","Botswana",2007,0.662854022606726
"BWA","Botswana",2008,0.667290846758427
"BWA","Botswana",2009,0.655377414474503
"BWA","Botswana",2010,0.660444721588158
"BWA","Botswana",2011,0.661614215595098
"BWA","Botswana",2012,0.665266298932024
"BWA","Botswana",2013,0.656707098329486
"BWA","Botswana",2014,0.656806138895406
"BWA","Botswana",2015,0.642529581451928
"BWA","Botswana",2016,0.648839619743346
"BWA","Botswana",2017,0.633659322651863
"BWA","Botswana",2018,0.634494711873347
"BWA","Botswana",2019,0.634726843519348
"BWA","Botswana",2020,0.625796110891453
"BWA","Botswana",2021,0.637310922349052
"BWA","Botswana",2022,0.640250641660978
"BRA","Brazil",1995,0.495355866366773
"BRA","Brazil",1996,0.495355866366773
"BRA","Brazil",1997,0.495777704126877
"BRA","Brazil",1998,0.49619954188698
"BRA","Brazil",1999,0.503913988684532
"BRA","Brazil",2000,0.511628435482084
"BRA","Brazil",2001,0.514280569393469
"BRA","Brazil",2002,0.516932703304854
"BRA","Brazil",2003,0.499219372103075
"BRA","Brazil",2004,0.47090221331607
"BRA","Brazil",2005,0.460484243693023
"BRA","Brazil",2006,0.460749396459214
"BRA","Brazil",2007,0.46069778937771
"BRA","Brazil",2008,0.478562549795026
"BRA","Brazil",2009,0.5058352794361
"BRA","Brazil",2010,0.520257395772695
"BRA","Brazil",2011,0.521148878579967
"BRA","Brazil",2012,0.506260184276458
"BRA","Brazil",2013,0.488173421408633
"BRA","Brazil",2014,0.47413917060836
"BRA","Brazil",2015,0.443405987763111
"BRA","Brazil",2016,0.4408896354255
"BRA","Brazil",2017,0.427880731016587
"BRA","Brazil",2018,0.425410504412434
"BRA","Brazil",2019,0.430992391345809
"BRA","Brazil",2020,0.441475297138005
"BRA","Brazil",2021,0.434662421068257
"BRA","Brazil",2022,0.431826790509258
"BRN","Brunei Darussalam",1995,0.689764446737307
"BRN","Brunei Darussalam",1996,0.689764446737307
"BRN","Brunei Darussalam",1997,0.665121227986516
"BRN","Brunei Darussalam",1998,0.640478009235723
"BRN","Brunei Darussalam",1999,0.645499700854024
"BRN","Brunei Darussalam",2000,0.650521392472325
"BRN","Brunei Darussalam",2001,0.647416557372408
"BRN","Brunei Darussalam",2002,0.644311722272492
"BRN","Brunei Darussalam",2003,0.645654392458956
"BRN","Brunei Darussalam",2004,0.661207647228193
"BRN","Brunei Darussalam",2005,0.624642932376561
"BRN","Brunei Darussalam",2006,0.614088768877876
"BRN","Brunei Darussalam",2007,0.630384944037619
"BRN","Brunei Darussalam",2008,0.639649358487279
"BRN","Brunei Darussalam",2009,0.710581498823723
"BRN","Brunei Darussalam",2010,0.699276016584119
"BRN","Brunei Darussalam",2011,0.69626797302786
"BRN","Brunei Darussalam",2012,0.667652516332182
"BRN","Brunei Darussalam",2013,0.668449682195316
"BRN","Brunei Darussalam",2014,0.65842449717472
"BRN","Brunei Darussalam",2015,0.646144655333512
"BRN","Brunei Darussalam",2016,0.636856339143156
"BRN","Brunei Darussalam",2017,0.655822706391181
"BRN","Brunei Darussalam",2018,0.66202183555737
"BRN","Brunei Darussalam",2019,0.653918917211578
"BRN","Brunei Darussalam",2020,0.71392238168025
"BRN","Brunei Darussalam",2021,0.713672235868076
"BRN","Brunei Darussalam",2022,0.722513265693788
"BGR","Bulgaria",1995,0.45140307691438
"BGR","Bulgaria",1996,0.45140307691438
"BGR","Bulgaria",1997,0.483255633842243
"BGR","Bulgaria",1998,0.515108190770106
"BGR","Bulgaria",1999,0.513547196772157
"BGR","Bulgaria",2000,0.511986202774208
"BGR","Bulgaria",2001,0.523882738628246
"BGR","Bulgaria",2002,0.535779274482284
"BGR","Bulgaria",2003,0.529274406011191
"BGR","Bulgaria",2004,0.535506422625339
"BGR","Bulgaria",2005,0.536821518304255
"BGR","Bulgaria",2006,0.537970786104299
"BGR","Bulgaria",2007,0.533261565744632
"BGR","Bulgaria",2008,0.532697212931856
"BGR","Bulgaria",2009,0.536636570553484
"BGR","Bulgaria",2010,0.532968817335822
"BGR","Bulgaria",2011,0.520085696662188
"BGR","Bulgaria",2012,0.52514375274112
"BGR","Bulgaria",2013,0.510649087269177
"BGR","Bulgaria",2014,0.513111296546672
"BGR","Bulgaria",2015,0.503580773162594
"BGR","Bulgaria",2016,0.518026883311737
"BGR","Bulgaria",2017,0.531166182673806
"BGR","Bulgaria",2018,0.535285696517451
"BGR","Bulgaria",2019,0.54039240682475
"BGR","Bulgaria",2020,0.517508979831456
"BGR","Bulgaria",2021,0.521183157649245
"BGR","Bulgaria",2022,0.51430604967268
"BFA","Burkina Faso",1995,0.435199352830531
"BFA","Burkina Faso",1996,0.435199352830531
"BFA","Burkina Faso",1997,0.440908986219911
"BFA","Burkina Faso",1998,0.446618619609292
"BFA","Burkina Faso",1999,0.457396216284553
"BFA","Burkina Faso",2000,0.468173812959814
"BFA","Burkina Faso",2001,0.458980913846805
"BFA","Burkina Faso",2002,0.449788014733796
"BFA","Burkina Faso",2003,0.450319132884086
"BFA","Burkina Faso",2004,0.447507671327876
"BFA","Burkina Faso",2005,0.446241032383375
"BFA","Burkina Faso",2006,0.450129618509805
"BFA","Burkina Faso",2007,0.461467001755019
"BFA","Burkina Faso",2008,0.461229420563628
"BFA","Burkina Faso",2009,0.466723832599669
"BFA","Burkina Faso",2010,0.456707444240013
"BFA","Burkina Faso",2011,0.429152611646703
"BFA","Burkina Faso",2012,0.421989922917379
"BFA","Burkina Faso",2013,0.403502084608744
"BFA","Burkina Faso",2014,0.397824424857698
"BFA","Burkina Faso",2015,0.41121884512285
"BFA","Burkina Faso",2016,0.410554625100891
"BFA","Burkina Faso",2017,0.410147341703288
"BFA","Burkina Faso",2018,0.406425713967447
"BFA","Burkina Faso",2019,0.389729413626779
"BFA","Burkina Faso",2020,0.382088251491248
"BFA","Burkina Faso",2021,0.380148957848642
"BFA","Burkina Faso",2022,0.367671173515476
"BDI","Burundi",1995,0.221171180019639
"BDI","Burundi",1996,0.221171180019639
"BDI","Burundi",1997,0.219809998858498
"BDI","Burundi",1998,0.218448817697356
"BDI","Burundi",1999,0.22664154011388
"BDI","Burundi",2000,0.234834262530401
"BDI","Burundi",2001,0.233134501023075
"BDI","Burundi",2002,0.23143473951575
"BDI","Burundi",2003,0.222987802356311
"BDI","Burundi",2004,0.205719637498884
"BDI","Burundi",2005,0.259959314321858
"BDI","Burundi",2006,0.270237005916857
"BDI","Burundi",2007,0.262015002579742
"BDI","Burundi",2008,0.256825957880143
"BDI","Burundi",2009,0.267587683524851
"BDI","Burundi",2010,0.25026667181687
"BDI","Burundi",2011,0.247788170631435
"BDI","Burundi",2012,0.244005500780571
"BDI","Burundi",2013,0.264643324125294
"BDI","Burundi",2014,0.311589384565616
"BDI","Burundi",2015,0.249234815577359
"BDI","Burundi",2016,0.228958343755127
"BDI","Burundi",2017,0.227576732031087
"BDI","Burundi",2018,0.225310327377339
"BDI","Burundi",2019,0.22573561810375
"BDI","Burundi",2020,0.22762112005788
"BDI","Burundi",2021,0.242026433937512
"BDI","Burundi",2022,0.254126150566608
"KHM","Cambodia",1995,0.326098994062401
"KHM","Cambodia",1996,0.326098994062401
"KHM","Cambodia",1997,0.325528219543621
"KHM","Cambodia",1998,0.324957445024839
"KHM","Cambodia",1999,0.338518213485808
"KHM","Cambodia",2000,0.352078981946777
"KHM","Cambodia",2001,0.349728725137427
"KHM","Cambodia",2002,0.347378468328077
"KHM","Cambodia",2003,0.339665264018546
"KHM","Cambodia",2004,0.341537909737932
"KHM","Cambodia",2005,0.327470247273462
"KHM","Cambodia",2006,0.323491782508313
"KHM","Cambodia",2007,0.339644407796499
"KHM","Cambodia",2008,0.338324734590031
"KHM","Cambodia",2009,0.330420327430774
"KHM","Cambodia",2010,0.329353283909536
"KHM","Cambodia",2011,0.33599853149328
"KHM","Cambodia",2012,0.369813231582414
"KHM","Cambodia",2013,0.368227469689337
"KHM","Cambodia",2014,0.368607064498963
"KHM","Cambodia",2015,0.362441522796392
"KHM","Cambodia",2016,0.358702712216481
"KHM","Cambodia",2017,0.351831089586215
"KHM","Cambodia",2018,0.346633482561613
"KHM","Cambodia",2019,0.34579592216134
"KHM","Cambodia",2020,0.340046686210751
"KHM","Cambodia",2021,0.348558259615205
"KHM","Cambodia",2022,0.351537514574763
"CMR","Cameroon",1995,0.257902518312179
"CMR","Cameroon",1996,0.257902518312179
"CMR","Cameroon",1997,0.275003177761357
"CMR","Cameroon",1998,0.292103837210534
"CMR","Cameroon",1999,0.297317989823502
"CMR","Cameroon",2000,0.30253214243647
"CMR","Cameroon",2001,0.296603984252946
"CMR","Cameroon",2002,0.290675826069423
"CMR","Cameroon",2003,0.321982491031936
"CMR","Cameroon",2004,0.328715606805575
"CMR","Cameroon",2005,0.321727595039018
"CMR","Cameroon",2006,0.330080452095845
"CMR","Cameroon",2007,0.32909311838971
"CMR","Cameroon",2008,0.324119068984761
"CMR","Cameroon",2009,0.329433000036684
"CMR","Cameroon",2010,0.31836779756728
"CMR","Cameroon",2011,0.31343496860789
"CMR","Cameroon",2012,0.306382542798669
"CMR","Cameroon",2013,0.309795955745342
"CMR","Cameroon",2014,0.300294749115134
"CMR","Cameroon",2015,0.301183612765058
"CMR","Cameroon",2016,0.29669473241329
"CMR","Cameroon",2017,0.291079982702277
"CMR","Cameroon",2018,0.280641648860303
"CMR","Cameroon",2019,0.266831956759133
"CMR","Cameroon",2020,0.272997943325058
"CMR","Cameroon",2021,0.276834308771393
"CMR","Cameroon",2022,0.283289882274095
"CAN","Canada",1995,0.826633077130614
"CAN","Canada",1996,0.826633077130614
"CAN","Canada",1997,0.823485902208404
"CAN","Canada",1998,0.820338727286192
"CAN","Canada",1999,0.822428086628317
"CAN","Canada",2000,0.82451744597044
"CAN","Canada",2001,0.825294344449595
"CAN","Canada",2002,0.826071242928751
"CAN","Canada",2003,0.817338745663048
"CAN","Canada",2004,0.806592484241913
"CAN","Canada",2005,0.80388318664304
"CAN","Canada",2006,0.824590372101693
"CAN","Canada",2007,0.827746431775497
"CAN","Canada",2008,0.831214561219505
"CAN","Canada",2009,0.840860565817117
"CAN","Canada",2010,0.833171438661702
"CAN","Canada",2011,0.830077733556502
"CAN","Canada",2012,0.831162666065642
"CAN","Canada",2013,0.827355341316172
"CAN","Canada",2014,0.841775227063943
"CAN","Canada",2015,0.835826588572311
"CAN","Canada",2016,0.841317979005358
"CAN","Canada",2017,0.836781953062347
"CAN","Canada",2018,0.814911053948053
"CAN","Canada",2019,0.81355537255994
"CAN","Canada",2020,0.794093520341889
"CAN","Canada",2021,0.79467758425627
"CAN","Canada",2022,0.790734757501685
"CPV","Cape Verde",1995,0.63735493944381
"CPV","Cape Verde",1996,0.63735493944381
"CPV","Cape Verde",1997,0.632158470878746
"CPV","Cape Verde",1998,0.626962002313681
"CPV","Cape Verde",1999,0.63854967211964
"CPV","Cape Verde",2000,0.650137341925598
"CPV","Cape Verde",2001,0.606237741280422
"CPV","Cape Verde",2002,0.562338140635245
"CPV","Cape Verde",2003,0.567823969147341
"CPV","Cape Verde",2004,0.560263134889977
"CPV","Cape Verde",2005,0.56886967962518
"CPV","Cape Verde",2006,0.608955282728073
"CPV","Cape Verde",2007,0.606523501112502
"CPV","Cape Verde",2008,0.607617093621162
"CPV","Cape Verde",2009,0.612116447486452
"CPV","Cape Verde",2010,0.60426617625406
"CPV","Cape Verde",2011,0.611279052392909
"CPV","Cape Verde",2012,0.614108575295766
"CPV","Cape Verde",2013,0.605958226291952
"CPV","Cape Verde",2014,0.593646035954307
"CPV","Cape Verde",2015,0.612291635356381
"CPV","Cape Verde",2016,0.592567139342587
"CPV","Cape Verde",2017,0.59469456226694
"CPV","Cape Verde",2018,0.598945395077284
"CPV","Cape Verde",2019,0.609041274235885
"CPV","Cape Verde",2020,0.617665656190536
"CPV","Cape Verde",2021,0.6286752971321
"CPV","Cape Verde",2022,0.629659870766539
"CAF","Central African Republic",1995,0.283728247071966
"CAF","Central African Republic",1996,0.283728247071966
"CAF","Central African Republic",1997,0.28566488768154
"CAF","Central African Republic",1998,0.287601528291113
"CAF","Central African Republic",1999,0.280249668078061
"CAF","Central African Republic",2000,0.272897807865008
"CAF","Central African Republic",2001,0.274444853210337
"CAF","Central African Republic",2002,0.275991898555665
"CAF","Central African Republic",2003,0.251489797020585
"CAF","Central African Republic",2004,0.219802994625972
"CAF","Central African Republic",2005,0.229329733248706
"CAF","Central African Republic",2006,0.213673555195818
"CAF","Central African Republic",2007,0.212702912555616
"CAF","Central African Republic",2008,0.228043542560014
"CAF","Central African Republic",2009,0.236127441398028
"CAF","Central African Republic",2010,0.239344566159926
"CAF","Central African Republic",2011,0.246188250270396
"CAF","Central African Republic",2012,0.24087331490433
"CAF","Central African Republic",2013,0.199728611623243
"CAF","Central African Republic",2014,0.166452572711478
"CAF","Central African Republic",2015,0.18895809063176
"CAF","Central African Republic",2016,0.189552107468082
"CAF","Central African Republic",2017,0.186604281337
"CAF","Central African Republic",2018,0.184508693977055
"CAF","Central African Republic",2019,0.184194917287131
"CAF","Central African Republic",2020,0.17113896860867
"CAF","Central African Republic",2021,0.181351602278141
"CAF","Central African Republic",2022,0.18098667944707
"TCD","Chad",1995,0.257354767104378
"TCD","Chad",1996,0.257354767104378
"TCD","Chad",1997,0.254279540049349
"TCD","Chad",1998,0.25120431299432
"TCD","Chad",1999,0.256500066162141
"TCD","Chad",2000,0.261795819329962
"TCD","Chad",2001,0.259294490524406
"TCD","Chad",2002,0.25679316171885
"TCD","Chad",2003,0.232379062787298
"TCD","Chad",2004,0.246027714165963
"TCD","Chad",2005,0.218724226448585
"TCD","Chad",2006,0.215385438596743
"TCD","Chad",2007,0.210828677126741
"TCD","Chad",2008,0.192541344250931
"TCD","Chad",2009,0.21857672046916
"TCD","Chad",2010,0.228594448638634
"TCD","Chad",2011,0.243307423413265
"TCD","Chad",2012,0.255879077648758
"TCD","Chad",2013,0.258093631176417
"TCD","Chad",2014,0.244246015103517
"TCD","Chad",2015,0.260861657976258
"TCD","Chad",2016,0.231694696312287
"TCD","Chad",2017,0.23720271809328
"TCD","Chad",2018,0.236828295135463
"TCD","Chad",2019,0.24240984808174
"TCD","Chad",2020,0.245165756570596
"TCD","Chad",2021,0.232505082523132
"TCD","Chad",2022,0.228491548964381
"CHL","Chile",1995,0.745963156208123
"CHL","Chile",1996,0.745963156208123
"CHL","Chile",1997,0.723103121638056
"CHL","Chile",1998,0.700243087067991
"CHL","Chile",1999,0.721666848806773
"CHL","Chile",2000,0.743090610545558
"CHL","Chile",2001,0.752083624297743
"CHL","Chile",2002,0.761076638049928
"CHL","Chile",2003,0.725875479184014
"CHL","Chile",2004,0.731975664072107
"CHL","Chile",2005,0.744269935425149
"CHL","Chile",2006,0.738275656313556
"CHL","Chile",2007,0.72925128821829
"CHL","Chile",2008,0.730370110609572
"CHL","Chile",2009,0.73337936078097
"CHL","Chile",2010,0.744545571532731
"CHL","Chile",2011,0.73990931083611
"CHL","Chile",2012,0.74446974435351
"CHL","Chile",2013,0.739075261246174
"CHL","Chile",2014,0.7440369631173
"CHL","Chile",2015,0.713747453882774
"CHL","Chile",2016,0.693014974759797
"CHL","Chile",2017,0.69097186759334
"CHL","Chile",2018,0.685563263423113
"CHL","Chile",2019,0.660494425752852
"CHL","Chile",2020,0.660219287691708
"CHL","Chile",2021,0.654256120418473
"CHL","Chile",2022,0.645300802860407
"CHN","China",1995,0.442377242323197
"CHN","China",1996,0.442377242323197
"CHN","China",1997,0.435290396652112
"CHN","China",1998,0.428203550981028
"CHN","China",1999,0.433960951503903
"CHN","China",2000,0.439718352026779
"CHN","China",2001,0.420738726446764
"CHN","China",2002,0.401759100866749
"CHN","China",2003,0.408561439493062
"CHN","China",2004,0.406989657366384
"CHN","China",2005,0.404044407070397
"CHN","China",2006,0.401952415710277
"CHN","China",2007,0.405303869928474
"CHN","China",2008,0.416364417629994
"CHN","China",2009,0.41537123007862
"CHN","China",2010,0.402043221015624
"CHN","China",2011,0.411571481436868
"CHN","China",2012,0.412942824719152
"CHN","China",2013,0.416080401566702
"CHN","China",2014,0.424437233248666
"CHN","China",2015,0.423541841936564
"CHN","China",2016,0.43367111651709
"CHN","China",2017,0.453970576421816
"CHN","China",2018,0.452365029040484
"CHN","China",2019,0.445085237689022
"CHN","China",2020,0.462689377758883
"CHN","China",2021,0.465772135049199
"CHN","China",2022,0.461365093244515
"COL","Colombia",1995,0.359710757798183
"COL","Colombia",1996,0.359710757798183
"COL","Colombia",1997,0.356871633123525
"COL","Colombia",1998,0.354032508448866
"COL","Colombia",1999,0.361380496215598
"COL","Colombia",2000,0.36872848398233
"COL","Colombia",2001,0.366808454128009
"COL","Colombia",2002,0.364888424273688
"COL","Colombia",2003,0.345681631639577
"COL","Colombia",2004,0.35799105001421
"COL","Colombia",2005,0.373410282067729
"COL","Colombia",2006,0.390481439391469
"COL","Colombia",2007,0.401248462547272
"COL","Colombia",2008,0.402195734442423
"COL","Colombia",2009,0.390307817845989
"COL","Colombia",2010,0.406189102081467
"COL","Colombia",2011,0.431844799221746
"COL","Colombia",2012,0.417779673445743
"COL","Colombia",2013,0.419034475185369
"COL","Colombia",2014,0.441042479386735
"COL","Colombia",2015,0.443868415103827
"COL","Colombia",2016,0.445685827089557
"COL","Colombia",2017,0.438724932399037
"COL","Colombia",2018,0.440222536030163
"COL","Colombia",2019,0.440315576663228
"COL","Colombia",2020,0.444521742448328
"COL","Colombia",2021,0.427048692592638
"COL","Colombia",2022,0.43976081150273
"COM","Comoros",1995,0.367423271861374
"COM","Comoros",1996,0.367423271861374
"COM","Comoros",1997,0.369745193847556
"COM","Comoros",1998,0.372067115833739
"COM","Comoros",1999,0.353124701636703
"COM","Comoros",2000,0.334182287439668
"COM","Comoros",2001,0.364594620339268
"COM","Comoros",2002,0.395006953238868
"COM","Comoros",2003,0.333624440891589
"COM","Comoros",2004,0.325682778706553
"COM","Comoros",2005,0.304410099792792
"COM","Comoros",2006,0.324905016351932
"COM","Comoros",2007,0.292987686415775
"COM","Comoros",2008,0.285184165825209
"COM","Comoros",2009,0.289474125361408
"COM","Comoros",2010,0.310778290278786
"COM","Comoros",2011,0.313343448597617
"COM","Comoros",2012,0.316134198097284
"COM","Comoros",2013,0.341915860476461
"COM","Comoros",2014,0.360668088822522
"COM","Comoros",2015,0.351452467749725
"COM","Comoros",2016,0.356676112179626
"COM","Comoros",2017,0.353155054929842
"COM","Comoros",2018,0.322625045142572
"COM","Comoros",2019,0.317555724836959
"COM","Comoros",2020,0.295397960853968
"COM","Comoros",2021,0.292406007830198
"COM","Comoros",2022,0.296749355937672
"COG","Congo",1995,0.287958132595313
"COG","Congo",1996,0.287958132595313
"COG","Congo",1997,0.256307690339146
"COG","Congo",1998,0.22465724808298
"COG","Congo",1999,0.253529383835914
"COG","Congo",2000,0.282401519588846
"COG","Congo",2001,0.272678933608125
"COG","Congo",2002,0.262956347627404
"COG","Congo",2003,0.26915171588946
"COG","Congo",2004,0.28299321287836
"COG","Congo",2005,0.254550662757365
"COG","Congo",2006,0.278669975941141
"COG","Congo",2007,0.284134288928552
"COG","Congo",2008,0.283398231359869
"COG","Congo",2009,0.298292808631236
"COG","Congo",2010,0.300202835497713
"COG","Congo",2011,0.299573691148287
"COG","Congo",2012,0.287259851862431
"COG","Congo",2013,0.292029363592813
"COG","Congo",2014,0.302250512796092
"COG","Congo",2015,0.28723220437508
"COG","Congo",2016,0.292906021314051
"COG","Congo",2017,0.273356390722773
"COG","Congo",2018,0.282310947915925
"COG","Congo",2019,0.28822495137814
"COG","Congo",2020,0.28211289147269
"COG","Congo",2021,0.297300909980391
"COG","Congo",2022,0.30731656194549
"COD","Congo, the Democratic Republic o",1995,NA
"COD","Congo, the Democratic Republic o",1996,NA
"COD","Congo, the Democratic Republic o",1997,NA
"COD","Congo, the Democratic Republic o",1998,NA
"COD","Congo, the Democratic Republic o",1999,NA
"COD","Congo, the Democratic Republic o",2000,NA
"COD","Congo, the Democratic Republic o",2001,NA
"COD","Congo, the Democratic Republic o",2002,NA
"COD","Congo, the Democratic Republic o",2003,NA
"COD","Congo, the Democratic Republic o",2004,NA
"COD","Congo, the Democratic Republic o",2005,NA
"COD","Congo, the Democratic Republic o",2006,NA
"COD","Congo, the Democratic Republic o",2007,NA
"COD","Congo, the Democratic Republic o",2008,NA
"COD","Congo, the Democratic Republic o",2009,NA
"COD","Congo, the Democratic Republic o",2010,NA
"COD","Congo, the Democratic Republic o",2011,NA
"COD","Congo, the Democratic Republic o",2012,NA
"COD","Congo, the Democratic Republic o",2013,NA
"COD","Congo, the Democratic Republic o",2014,NA
"COD","Congo, the Democratic Republic o",2015,NA
"COD","Congo, the Democratic Republic o",2016,NA
"COD","Congo, the Democratic Republic o",2017,NA
"COD","Congo, the Democratic Republic o",2018,NA
"COD","Congo, the Democratic Republic o",2019,NA
"COD","Congo, the Democratic Republic o",2020,NA
"COD","Congo, the Democratic Republic o",2021,NA
"COD","Congo, the Democratic Republic o",2022,NA
"CRI","Costa Rica",1995,0.632268529494837
"CRI","Costa Rica",1996,0.632268529494837
"CRI","Costa Rica",1997,0.646780262836446
"CRI","Costa Rica",1998,0.661291996178055
"CRI","Costa Rica",1999,0.650956608417974
"CRI","Costa Rica",2000,0.640621220657894
"CRI","Costa Rica",2001,0.631716366908619
"CRI","Costa Rica",2002,0.622811513159344
"CRI","Costa Rica",2003,0.614228530135987
"CRI","Costa Rica",2004,0.597487327894969
"CRI","Costa Rica",2005,0.607474254816448
"CRI","Costa Rica",2006,0.593661623040451
"CRI","Costa Rica",2007,0.593212891829815
"CRI","Costa Rica",2008,0.596322129463104
"CRI","Costa Rica",2009,0.62264171704625
"CRI","Costa Rica",2010,0.625444647167435
"CRI","Costa Rica",2011,0.60943319904204
"CRI","Costa Rica",2012,0.62524574073199
"CRI","Costa Rica",2013,0.629231999112314
"CRI","Costa Rica",2014,0.62988649869157
"CRI","Costa Rica",2015,0.62760848118923
"CRI","Costa Rica",2016,0.61632313920855
"CRI","Costa Rica",2017,0.595197213536728
"CRI","Costa Rica",2018,0.597050677262304
"CRI","Costa Rica",2019,0.609712027749691
"CRI","Costa Rica",2020,0.620460667804975
"CRI","Costa Rica",2021,0.608781959462126
"CRI","Costa Rica",2022,0.619527960349893
"CIV","Cote d'Ivoire",1995,0.430321286129304
"CIV","Cote d'Ivoire",1996,0.430321286129304
"CIV","Cote d'Ivoire",1997,0.417836061487656
"CIV","Cote d'Ivoire",1998,0.405350836846008
"CIV","Cote d'Ivoire",1999,0.36038536476392
"CIV","Cote d'Ivoire",2000,0.31541989268183
"CIV","Cote d'Ivoire",2001,0.301427936319669
"CIV","Cote d'Ivoire",2002,0.287435979957507
"CIV","Cote d'Ivoire",2003,0.262389406529832
"CIV","Cote d'Ivoire",2004,0.218788169062207
"CIV","Cote d'Ivoire",2005,0.210237995190505
"CIV","Cote d'Ivoire",2006,0.234858399708038
"CIV","Cote d'Ivoire",2007,0.244164004209867
"CIV","Cote d'Ivoire",2008,0.243581193534802
"CIV","Cote d'Ivoire",2009,0.271420100440655
"CIV","Cote d'Ivoire",2010,0.260060271579415
"CIV","Cote d'Ivoire",2011,0.27540599266082
"CIV","Cote d'Ivoire",2012,0.307458281139255
"CIV","Cote d'Ivoire",2013,0.332310702988435
"CIV","Cote d'Ivoire",2014,0.373716567287574
"CIV","Cote d'Ivoire",2015,0.380220932771015
"CIV","Cote d'Ivoire",2016,0.377686131112195
"CIV","Cote d'Ivoire",2017,0.371553299846058
"CIV","Cote d'Ivoire",2018,0.391146620341986
"CIV","Cote d'Ivoire",2019,0.380300804844408
"CIV","Cote d'Ivoire",2020,0.374932555058718
"CIV","Cote d'Ivoire",2021,0.402864038720492
"CIV","Cote d'Ivoire",2022,0.42884382083879
"HRV","Croatia",1995,0.427622238621886
"HRV","Croatia",1996,0.427622238621886
"HRV","Croatia",1997,0.435922702053533
"HRV","Croatia",1998,0.44422316548518
"HRV","Croatia",1999,0.474534929951062
"HRV","Croatia",2000,0.504846694416944
"HRV","Croatia",2001,0.52723239834855
"HRV","Croatia",2002,0.549618102280156
"HRV","Croatia",2003,0.561887759560402
"HRV","Croatia",2004,0.573839531817878
"HRV","Croatia",2005,0.55651386765289
"HRV","Croatia",2006,0.544598798961692
"HRV","Croatia",2007,0.553870178759503
"HRV","Croatia",2008,0.545673087185489
"HRV","Croatia",2009,0.549130845482698
"HRV","Croatia",2010,0.55786561676186
"HRV","Croatia",2011,0.557901485222186
"HRV","Croatia",2012,0.551460042744756
"HRV","Croatia",2013,0.5630536871631
"HRV","Croatia",2014,0.564781234647481
"HRV","Croatia",2015,0.556925420978112
"HRV","Croatia",2016,0.567824957145942
"HRV","Croatia",2017,0.564905439123783
"HRV","Croatia",2018,0.5780595346224
"HRV","Croatia",2019,0.57915217326633
"HRV","Croatia",2020,0.568004360148909
"HRV","Croatia",2021,0.569082728494137
"HRV","Croatia",2022,0.579977650891844
"CUB","Cuba",1995,0.418432351984253
"CUB","Cuba",1996,0.418432351984253
"CUB","Cuba",1997,0.412119223810786
"CUB","Cuba",1998,0.405806095637319
"CUB","Cuba",1999,0.413503304641468
"CUB","Cuba",2000,0.421200513645619
"CUB","Cuba",2001,0.417912170125293
"CUB","Cuba",2002,0.414623826604968
"CUB","Cuba",2003,0.396199964521385
"CUB","Cuba",2004,0.396240687288231
"CUB","Cuba",2005,0.417155142322854
"CUB","Cuba",2006,0.428637108936112
"CUB","Cuba",2007,0.427666280545748
"CUB","Cuba",2008,0.425054032887668
"CUB","Cuba",2009,0.418961872027619
"CUB","Cuba",2010,0.416654300725031
"CUB","Cuba",2011,0.414816939857644
"CUB","Cuba",2012,0.416379314914523
"CUB","Cuba",2013,0.412002355548547
"CUB","Cuba",2014,0.431433247137156
"CUB","Cuba",2015,0.434477091215609
"CUB","Cuba",2016,0.449241917179846
"CUB","Cuba",2017,0.453948447207858
"CUB","Cuba",2018,0.441357935560397
"CUB","Cuba",2019,0.437966735250388
"CUB","Cuba",2020,0.428991217864278
"CUB","Cuba",2021,0.424553828178892
"CUB","Cuba",2022,0.428660014169875
"CYP","Cyprus",1995,0.699986597023897
"CYP","Cyprus",1996,0.699986597023897
"CYP","Cyprus",1997,0.688203397946654
"CYP","Cyprus",1998,0.676420198869412
"CYP","Cyprus",1999,0.683389704900941
"CYP","Cyprus",2000,0.69035921093247
"CYP","Cyprus",2001,0.68678002041473
"CYP","Cyprus",2002,0.683200829896988
"CYP","Cyprus",2003,0.698238934282923
"CYP","Cyprus",2004,0.673729557341353
"CYP","Cyprus",2005,0.679625371845709
"CYP","Cyprus",2006,0.70474232154804
"CYP","Cyprus",2007,0.707231130046271
"CYP","Cyprus",2008,0.725255278357306
"CYP","Cyprus",2009,0.697605538631693
"CYP","Cyprus",2010,0.707135606597237
"CYP","Cyprus",2011,0.691002016317818
"CYP","Cyprus",2012,0.710362348172652
"CYP","Cyprus",2013,0.693296484063895
"CYP","Cyprus",2014,0.694461566712316
"CYP","Cyprus",2015,0.682917698727058
"CYP","Cyprus",2016,0.658696527404287
"CYP","Cyprus",2017,0.66031203633418
"CYP","Cyprus",2018,0.636089108637629
"CYP","Cyprus",2019,0.645257736049334
"CYP","Cyprus",2020,0.61078070425196
"CYP","Cyprus",2021,0.613207318967166
"CYP","Cyprus",2022,0.610768957515066
"CZE","Czech Republic",1995,0.68884815858052
"CZE","Czech Republic",1996,0.68884815858052
"CZE","Czech Republic",1997,0.673845475770939
"CZE","Czech Republic",1998,0.658842792961357
"CZE","Czech Republic",1999,0.625184427144224
"CZE","Czech Republic",2000,0.591526061327092
"CZE","Czech Republic",2001,0.628258807398947
"CZE","Czech Republic",2002,0.664991553470802
"CZE","Czech Republic",2003,0.667701838523151
"CZE","Czech Republic",2004,0.639146502523316
"CZE","Czech Republic",2005,0.6671020185511
"CZE","Czech Republic",2006,0.66486268575145
"CZE","Czech Republic",2007,0.659633470893847
"CZE","Czech Republic",2008,0.671841642743213
"CZE","Czech Republic",2009,0.674831323420162
"CZE","Czech Republic",2010,0.676794803013952
"CZE","Czech Republic",2011,0.681118878110834
"CZE","Czech Republic",2012,0.667711936492269
"CZE","Czech Republic",2013,0.66973357864536
"CZE","Czech Republic",2014,0.675000928658578
"CZE","Czech Republic",2015,0.678869518709597
"CZE","Czech Republic",2016,0.672353331563815
"CZE","Czech Republic",2017,0.69141600572661
"CZE","Czech Republic",2018,0.688483218732059
"CZE","Czech Republic",2019,0.68450931973304
"CZE","Czech Republic",2020,0.684572941752864
"CZE","Czech Republic",2021,0.698278273160024
"CZE","Czech Republic",2022,0.698063466256553
"DNK","Denmark",1995,0.870198817938573
"DNK","Denmark",1996,0.870198817938573
"DNK","Denmark",1997,0.867620015579047
"DNK","Denmark",1998,0.86504121321952
"DNK","Denmark",1999,0.869379315919847
"DNK","Denmark",2000,0.873717418620173
"DNK","Denmark",2001,0.875738477939559
"DNK","Denmark",2002,0.877759537258946
"DNK","Denmark",2003,0.869676623602892
"DNK","Denmark",2004,0.868581726355647
"DNK","Denmark",2005,0.856091534909231
"DNK","Denmark",2006,0.875287754600476
"DNK","Denmark",2007,0.883641179612659
"DNK","Denmark",2008,0.873364550186756
"DNK","Denmark",2009,0.872434346160937
"DNK","Denmark",2010,0.868210660183516
"DNK","Denmark",2011,0.875367618959503
"DNK","Denmark",2012,0.859672907214481
"DNK","Denmark",2013,0.863937834578167
"DNK","Denmark",2014,0.859020005225289
"DNK","Denmark",2015,0.850310752342897
"DNK","Denmark",2016,0.835434320444518
"DNK","Denmark",2017,0.833244649592241
"DNK","Denmark",2018,0.833952170871812
"DNK","Denmark",2019,0.832446940231829
"DNK","Denmark",2020,0.847560555385714
"DNK","Denmark",2021,0.858312216138193
"DNK","Denmark",2022,0.862109788787149
"DJI","Djibouti",1995,0.348817045225483
"DJI","Djibouti",1996,0.348817045225483
"DJI","Djibouti",1997,0.340680821587601
"DJI","Djibouti",1998,0.332544597949719
"DJI","Djibouti",1999,0.354533157905143
"DJI","Djibouti",2000,0.376521717860567
"DJI","Djibouti",2001,0.374913187011112
"DJI","Djibouti",2002,0.373304656161658
"DJI","Djibouti",2003,0.346281782611779
"DJI","Djibouti",2004,0.387877290939076
"DJI","Djibouti",2005,0.337561897543104
"DJI","Djibouti",2006,0.36739873304959
"DJI","Djibouti",2007,0.389174497762414
"DJI","Djibouti",2008,0.428199370047403
"DJI","Djibouti",2009,0.435324092168969
"DJI","Djibouti",2010,0.419532034602517
"DJI","Djibouti",2011,0.416023368178131
"DJI","Djibouti",2012,0.419988693253615
"DJI","Djibouti",2013,0.401221444927539
"DJI","Djibouti",2014,0.363250183193529
"DJI","Djibouti",2015,0.359159611545031
"DJI","Djibouti",2016,0.349251614696564
"DJI","Djibouti",2017,0.351902656947219
"DJI","Djibouti",2018,0.370349503322727
"DJI","Djibouti",2019,0.349666028108436
"DJI","Djibouti",2020,0.345966748491613
"DJI","Djibouti",2021,0.337160595720746
"DJI","Djibouti",2022,0.336021452050364
"DMA","Dominica",1995,0.675240040707884
"DMA","Dominica",1996,0.675240040707884
"DMA","Dominica",1997,0.6754630250673
"DMA","Dominica",1998,0.675686009426717
"DMA","Dominica",1999,0.668331814878028
"DMA","Dominica",2000,0.660977620329338
"DMA","Dominica",2001,0.660931006598246
"DMA","Dominica",2002,0.660884392867154
"DMA","Dominica",2003,0.665607875149631
"DMA","Dominica",2004,0.659011808947759
"DMA","Dominica",2005,0.653524224829948
"DMA","Dominica",2006,0.662191407995022
"DMA","Dominica",2007,0.646670704089097
"DMA","Dominica",2008,0.644897712183231
"DMA","Dominica",2009,0.638329619176916
"DMA","Dominica",2010,0.63780477037325
"DMA","Dominica",2011,0.640622853763791
"DMA","Dominica",2012,0.633466551398745
"DMA","Dominica",2013,0.639819011201134
"DMA","Dominica",2014,0.628360272541714
"DMA","Dominica",2015,0.628797592832892
"DMA","Dominica",2016,0.620839345208871
"DMA","Dominica",2017,0.62893049402642
"DMA","Dominica",2018,0.619763375050272
"DMA","Dominica",2019,0.619227031328735
"DMA","Dominica",2020,0.642968606064492
"DMA","Dominica",2021,0.639322479743579
"DMA","Dominica",2022,0.641936579249197
"DOM","Dominican Republic",1995,0.437485674417037
"DOM","Dominican Republic",1996,0.437485674417037
"DOM","Dominican Republic",1997,0.42315847668795
"DOM","Dominican Republic",1998,0.408831278958864
"DOM","Dominican Republic",1999,0.416289149292096
"DOM","Dominican Republic",2000,0.423747019625327
"DOM","Dominican Republic",2001,0.42823695549877
"DOM","Dominican Republic",2002,0.432726891372213
"DOM","Dominican Republic",2003,0.391452762316098
"DOM","Dominican Republic",2004,0.397768376846872
"DOM","Dominican Republic",2005,0.39708387342771
"DOM","Dominican Republic",2006,0.415590358873592
"DOM","Dominican Republic",2007,0.412403107773573
"DOM","Dominican Republic",2008,0.415769845614719
"DOM","Dominican Republic",2009,0.407850916751235
"DOM","Dominican Republic",2010,0.401717117681313
"DOM","Dominican Republic",2011,0.405314629529154
"DOM","Dominican Republic",2012,0.423178906532624
"DOM","Dominican Republic",2013,0.431364165966432
"DOM","Dominican Republic",2014,0.442852185635749
"DOM","Dominican Republic",2015,0.436393291602025
"DOM","Dominican Republic",2016,0.446133061014165
"DOM","Dominican Republic",2017,0.440436939406073
"DOM","Dominican Republic",2018,0.435561297530875
"DOM","Dominican Republic",2019,0.43711360630067
"DOM","Dominican Republic",2020,0.45872674053236
"DOM","Dominican Republic",2021,0.478808556344924
"DOM","Dominican Republic",2022,0.489931843876929
"ECU","Ecuador",1995,0.392333785728579
"ECU","Ecuador",1996,0.392333785728579
"ECU","Ecuador",1997,0.406150269418435
"ECU","Ecuador",1998,0.419966753108289
"ECU","Ecuador",1999,0.398224575935425
"ECU","Ecuador",2000,0.376482398762561
"ECU","Ecuador",2001,0.361406130707733
"ECU","Ecuador",2002,0.346329862652907
"ECU","Ecuador",2003,0.344794295887293
"ECU","Ecuador",2004,0.351950069659626
"ECU","Ecuador",2005,0.346874284193412
"ECU","Ecuador",2006,0.315325870562365
"ECU","Ecuador",2007,0.317185698238226
"ECU","Ecuador",2008,0.323075082706444
"ECU","Ecuador",2009,0.30885741853542
"ECU","Ecuador",2010,0.324444300491234
"ECU","Ecuador",2011,0.332199135090863
"ECU","Ecuador",2012,0.349428845571837
"ECU","Ecuador",2013,0.38138647481811
"ECU","Ecuador",2014,0.36556214003162
"ECU","Ecuador",2015,0.353693678640266
"ECU","Ecuador",2016,0.379771031858973
"ECU","Ecuador",2017,0.376857619806009
"ECU","Ecuador",2018,0.385434840392031
"ECU","Ecuador",2019,0.396544575336688
"ECU","Ecuador",2020,0.391868612413012
"ECU","Ecuador",2021,0.403944946216184
"ECU","Ecuador",2022,0.402443554084279
"EGY","Egypt",1995,0.45007875536983
"EGY","Egypt",1996,0.45007875536983
"EGY","Egypt",1997,0.454592354247939
"EGY","Egypt",1998,0.459105953126047
"EGY","Egypt",1999,0.45881085724104
"EGY","Egypt",2000,0.458515761356033
"EGY","Egypt",2001,0.447190936213687
"EGY","Egypt",2002,0.435866111071342
"EGY","Egypt",2003,0.41551485725225
"EGY","Egypt",2004,0.405709908292068
"EGY","Egypt",2005,0.421595668312655
"EGY","Egypt",2006,0.389862478340465
"EGY","Egypt",2007,0.408201679964706
"EGY","Egypt",2008,0.419832016170558
"EGY","Egypt",2009,0.436435724708361
"EGY","Egypt",2010,0.41332586085967
"EGY","Egypt",2011,0.367972591160683
"EGY","Egypt",2012,0.361639618955819
"EGY","Egypt",2013,0.332660615435035
"EGY","Egypt",2014,0.330628668990604
"EGY","Egypt",2015,0.334110495728424
"EGY","Egypt",2016,0.338553181536588
"EGY","Egypt",2017,0.349843952475703
"EGY","Egypt",2018,0.366834887139674
"EGY","Egypt",2019,0.362200424018457
"EGY","Egypt",2020,0.360750697979991
"EGY","Egypt",2021,0.378713046011488
"EGY","Egypt",2022,0.370625466771816
"SLV","El Salvador",1995,0.390875383907042
"SLV","El Salvador",1996,0.390875383907042
"SLV","El Salvador",1997,0.407854496339032
"SLV","El Salvador",1998,0.424833608771021
"SLV","El Salvador",1999,0.428996858326937
"SLV","El Salvador",2000,0.433160107882852
"SLV","El Salvador",2001,0.432501108736896
"SLV","El Salvador",2002,0.431842109590938
"SLV","El Salvador",2003,0.432863034020193
"SLV","El Salvador",2004,0.44748135084215
"SLV","El Salvador",2005,0.433931944738695
"SLV","El Salvador",2006,0.438006491951043
"SLV","El Salvador",2007,0.446354741389549
"SLV","El Salvador",2008,0.453617930072282
"SLV","El Salvador",2009,0.46422273068006
"SLV","El Salvador",2010,0.464036008258935
"SLV","El Salvador",2011,0.475792662946245
"SLV","El Salvador",2012,0.464078648960496
"SLV","El Salvador",2013,0.460638049195866
"SLV","El Salvador",2014,0.467543138900003
"SLV","El Salvador",2015,0.448685522461276
"SLV","El Salvador",2016,0.426016098018841
"SLV","El Salvador",2017,0.408865547929744
"SLV","El Salvador",2018,0.405261953132886
"SLV","El Salvador",2019,0.421704165821837
"SLV","El Salvador",2020,0.421735667620212
"SLV","El Salvador",2021,0.405902563089005
"SLV","El Salvador",2022,0.39935381594883
"GNQ","Equatorial Guinea",1995,0.289622139054694
"GNQ","Equatorial Guinea",1996,0.289622139054694
"GNQ","Equatorial Guinea",1997,0.286438098750989
"GNQ","Equatorial Guinea",1998,0.283254058447282
"GNQ","Equatorial Guinea",1999,0.283531282681771
"GNQ","Equatorial Guinea",2000,0.28380850691626
"GNQ","Equatorial Guinea",2001,0.279415157640416
"GNQ","Equatorial Guinea",2002,0.275021808364569
"GNQ","Equatorial Guinea",2003,0.302505294212487
"GNQ","Equatorial Guinea",2004,0.284321850112197
"GNQ","Equatorial Guinea",2005,0.269981609933475
"GNQ","Equatorial Guinea",2006,0.302862272018211
"GNQ","Equatorial Guinea",2007,0.323143041552911
"GNQ","Equatorial Guinea",2008,0.327784428631866
"GNQ","Equatorial Guinea",2009,0.326695293644122
"GNQ","Equatorial Guinea",2010,0.315017417507743
"GNQ","Equatorial Guinea",2011,0.314824598607683
"GNQ","Equatorial Guinea",2012,0.31008932420523
"GNQ","Equatorial Guinea",2013,0.2978806643935
"GNQ","Equatorial Guinea",2014,0.260256151392196
"GNQ","Equatorial Guinea",2015,0.263554056963019
"GNQ","Equatorial Guinea",2016,0.258178320813967
"GNQ","Equatorial Guinea",2017,0.254852882124305
"GNQ","Equatorial Guinea",2018,0.257678688636419
"GNQ","Equatorial Guinea",2019,0.258970239323438
"GNQ","Equatorial Guinea",2020,0.262189130931114
"GNQ","Equatorial Guinea",2021,0.25743970625753
"GNQ","Equatorial Guinea",2022,0.263886786005456
"ERI","Eritrea",1995,0.40274892987003
"ERI","Eritrea",1996,0.40274892987003
"ERI","Eritrea",1997,0.403176389144278
"ERI","Eritrea",1998,0.403603848418527
"ERI","Eritrea",1999,0.40297288429907
"ERI","Eritrea",2000,0.402341920179613
"ERI","Eritrea",2001,0.402009761586251
"ERI","Eritrea",2002,0.401677602992889
"ERI","Eritrea",2003,0.353559769183214
"ERI","Eritrea",2004,0.341516143626872
"ERI","Eritrea",2005,0.31711025536796
"ERI","Eritrea",2006,0.285634396101827
"ERI","Eritrea",2007,0.270754733033259
"ERI","Eritrea",2008,0.283552697500833
"ERI","Eritrea",2009,0.271824639392696
"ERI","Eritrea",2010,0.259260013803476
"ERI","Eritrea",2011,0.258257927923007
"ERI","Eritrea",2012,0.248050275503944
"ERI","Eritrea",2013,0.236076806887625
"ERI","Eritrea",2014,0.236354563317666
"ERI","Eritrea",2015,0.210116481606148
"ERI","Eritrea",2016,0.210253119905692
"ERI","Eritrea",2017,0.213170094426544
"ERI","Eritrea",2018,0.211775404900471
"ERI","Eritrea",2019,0.202223854241837
"ERI","Eritrea",2020,0.20229681954795
"ERI","Eritrea",2021,0.193909191525128
"ERI","Eritrea",2022,0.182401663760695
"EST","Estonia",1995,0.650649001690331
"EST","Estonia",1996,0.650649001690331
"EST","Estonia",1997,0.65353151587285
"EST","Estonia",1998,0.65641403005537
"EST","Estonia",1999,0.668953848476693
"EST","Estonia",2000,0.681493666898015
"EST","Estonia",2001,0.683756309423733
"EST","Estonia",2002,0.686018951949452
"EST","Estonia",2003,0.689710591853054
"EST","Estonia",2004,0.693009401503733
"EST","Estonia",2005,0.691540498173472
"EST","Estonia",2006,0.711606701027098
"EST","Estonia",2007,0.705709362948857
"EST","Estonia",2008,0.707030076501456
"EST","Estonia",2009,0.70831913997148
"EST","Estonia",2010,0.712885966883158
"EST","Estonia",2011,0.714906978221887
"EST","Estonia",2012,0.718478825973224
"EST","Estonia",2013,0.732070431169937
"EST","Estonia",2014,0.760426322600388
"EST","Estonia",2015,0.746747511660908
"EST","Estonia",2016,0.743628459586873
"EST","Estonia",2017,0.741111421820784
"EST","Estonia",2018,0.747181399910484
"EST","Estonia",2019,0.756275589296865
"EST","Estonia",2020,0.764964174405118
"EST","Estonia",2021,0.76589405505909
"EST","Estonia",2022,0.769358355784153
"ETH","Ethiopia",1995,0.291664593887711
"ETH","Ethiopia",1996,0.291664593887711
"ETH","Ethiopia",1997,0.303690863945855
"ETH","Ethiopia",1998,0.315717134003997
"ETH","Ethiopia",1999,0.305790199581046
"ETH","Ethiopia",2000,0.295863265158095
"ETH","Ethiopia",2001,0.297940613005891
"ETH","Ethiopia",2002,0.300017960853686
"ETH","Ethiopia",2003,0.298644974580215
"ETH","Ethiopia",2004,0.30919426488409
"ETH","Ethiopia",2005,0.283701010567855
"ETH","Ethiopia",2006,0.306253236659187
"ETH","Ethiopia",2007,0.307088397446618
"ETH","Ethiopia",2008,0.310134892061991
"ETH","Ethiopia",2009,0.304056354089893
"ETH","Ethiopia",2010,0.310290734393933
"ETH","Ethiopia",2011,0.313265286206352
"ETH","Ethiopia",2012,0.31464615124053
"ETH","Ethiopia",2013,0.32467540091317
"ETH","Ethiopia",2014,0.342406977257464
"ETH","Ethiopia",2015,0.332124638934468
"ETH","Ethiopia",2016,0.327292838732147
"ETH","Ethiopia",2017,0.322279403188071
"ETH","Ethiopia",2018,0.347705211105762
"ETH","Ethiopia",2019,0.352193993989343
"ETH","Ethiopia",2020,0.336097211906475
"ETH","Ethiopia",2021,0.306629442369877
"ETH","Ethiopia",2022,0.311588569901314
"FJI","Fiji",1995,0.59318316394225
"FJI","Fiji",1996,0.59318316394225
"FJI","Fiji",1997,0.594644469451105
"FJI","Fiji",1998,0.596105774959961
"FJI","Fiji",1999,0.559111935529665
"FJI","Fiji",2000,0.522118096099367
"FJI","Fiji",2001,0.543778995772923
"FJI","Fiji",2002,0.565439895446478
"FJI","Fiji",2003,0.524006859523186
"FJI","Fiji",2004,0.502973737835484
"FJI","Fiji",2005,0.491198270567623
"FJI","Fiji",2006,0.494830869615713
"FJI","Fiji",2007,0.462882597854433
"FJI","Fiji",2008,0.442016876658949
"FJI","Fiji",2009,0.390963319743882
"FJI","Fiji",2010,0.420279050324112
"FJI","Fiji",2011,0.448076564456832
"FJI","Fiji",2012,0.447625247560158
"FJI","Fiji",2013,0.449555180964811
"FJI","Fiji",2014,0.51018818811452
"FJI","Fiji",2015,0.518869134166631
"FJI","Fiji",2016,0.544328812416466
"FJI","Fiji",2017,0.56329647491476
"FJI","Fiji",2018,0.588882255240379
"FJI","Fiji",2019,0.597679370105611
"FJI","Fiji",2020,0.570452566563583
"FJI","Fiji",2021,0.573184337193868
"FJI","Fiji",2022,0.570199718821234
"FIN","Finland",1995,0.860170096150218
"FIN","Finland",1996,0.860170096150218
"FIN","Finland",1997,0.867631835587578
"FIN","Finland",1998,0.875093575024938
"FIN","Finland",1999,0.885801225693782
"FIN","Finland",2000,0.896508876362627
"FIN","Finland",2001,0.896846292474525
"FIN","Finland",2002,0.897183708586423
"FIN","Finland",2003,0.897848924448252
"FIN","Finland",2004,0.893825982622241
"FIN","Finland",2005,0.881937425535916
"FIN","Finland",2006,0.88337597203799
"FIN","Finland",2007,0.873427298020234
"FIN","Finland",2008,0.871377506184603
"FIN","Finland",2009,0.879760136619707
"FIN","Finland",2010,0.8761772480157
"FIN","Finland",2011,0.873168112346633
"FIN","Finland",2012,0.876119789912653
"FIN","Finland",2013,0.875481258370085
"FIN","Finland",2014,0.878800495169454
"FIN","Finland",2015,0.865013346971827
"FIN","Finland",2016,0.858194644403236
"FIN","Finland",2017,0.861291312107822
"FIN","Finland",2018,0.853380131167927
"FIN","Finland",2019,0.849628367758045
"FIN","Finland",2020,0.860098331583495
"FIN","Finland",2021,0.86460837016616
"FIN","Finland",2022,0.853976951247906
"FRA","France",1995,0.736857749373651
"FRA","France",1996,0.736857749373651
"FRA","France",1997,0.727324070238636
"FRA","France",1998,0.717790391103619
"FRA","France",1999,0.722682135798274
"FRA","France",2000,0.727573880492928
"FRA","France",2001,0.722945674427161
"FRA","France",2002,0.718317468361394
"FRA","France",2003,0.71063507911483
"FRA","France",2004,0.722629143485787
"FRA","France",2005,0.728202454230225
"FRA","France",2006,0.744642953821461
"FRA","France",2007,0.745379009312689
"FRA","France",2008,0.742841840952441
"FRA","France",2009,0.737559473113387
"FRA","France",2010,0.755531304237342
"FRA","France",2011,0.743977624984226
"FRA","France",2012,0.736903236051045
"FRA","France",2013,0.722276443839643
"FRA","France",2014,0.713738024741905
"FRA","France",2015,0.700521749711769
"FRA","France",2016,0.692794388479626
"FRA","France",2017,0.709360325154555
"FRA","France",2018,0.701838299413418
"FRA","France",2019,0.7238425381963
"FRA","France",2020,0.701393438735028
"FRA","France",2021,0.712715417759924
"FRA","France",2022,0.705935513234712
"GAB","Gabon",1995,0.418856405578503
"GAB","Gabon",1996,0.418856405578503
"GAB","Gabon",1997,0.438092992095075
"GAB","Gabon",1998,0.457329578611647
"GAB","Gabon",1999,0.47371861128522
"GAB","Gabon",2000,0.490107643958792
"GAB","Gabon",2001,0.48194884954065
"GAB","Gabon",2002,0.473790055122509
"GAB","Gabon",2003,0.460387535803872
"GAB","Gabon",2004,0.427156236471338
"GAB","Gabon",2005,0.455774700865588
"GAB","Gabon",2006,0.397407173001335
"GAB","Gabon",2007,0.394514852925714
"GAB","Gabon",2008,0.387992513363739
"GAB","Gabon",2009,0.397902914896761
"GAB","Gabon",2010,0.418775035445058
"GAB","Gabon",2011,0.424976002009777
"GAB","Gabon",2012,0.42975091053932
"GAB","Gabon",2013,0.423843874701109
"GAB","Gabon",2014,0.412094495967244
"GAB","Gabon",2015,0.397238950564846
"GAB","Gabon",2016,0.388245287727728
"GAB","Gabon",2017,0.378309419028343
"GAB","Gabon",2018,0.362281358943524
"GAB","Gabon",2019,0.363333353769431
"GAB","Gabon",2020,0.371192890929459
"GAB","Gabon",2021,0.373621189608487
"GAB","Gabon",2022,0.368868011144097
"GMB","Gambia",1995,0.463883666091708
"GMB","Gambia",1996,0.463883666091708
"GMB","Gambia",1997,0.4698971063276
"GMB","Gambia",1998,0.475910546563491
"GMB","Gambia",1999,0.475336379237175
"GMB","Gambia",2000,0.47476221191086
"GMB","Gambia",2001,0.482048424354933
"GMB","Gambia",2002,0.489334636799005
"GMB","Gambia",2003,0.490408095109585
"GMB","Gambia",2004,0.434464625036731
"GMB","Gambia",2005,0.418000326566844
"GMB","Gambia",2006,0.416553511397896
"GMB","Gambia",2007,0.422981341851373
"GMB","Gambia",2008,0.418577704522206
"GMB","Gambia",2009,0.429480990199335
"GMB","Gambia",2010,0.419385074319807
"GMB","Gambia",2011,0.427747868041782
"GMB","Gambia",2012,0.422360381233052
"GMB","Gambia",2013,0.40889388780367
"GMB","Gambia",2014,0.396851731046043
"GMB","Gambia",2015,0.390704372220552
"GMB","Gambia",2016,0.366273171502421
"GMB","Gambia",2017,0.412651580087743
"GMB","Gambia",2018,0.413803999978878
"GMB","Gambia",2019,0.432412039032785
"GMB","Gambia",2020,0.431384735415772
"GMB","Gambia",2021,0.417724152098684
"GMB","Gambia",2022,0.430669787910388
"GEO","Georgia",1995,0.234890274586208
"GEO","Georgia",1996,0.234890274586208
"GEO","Georgia",1997,0.257754988528986
"GEO","Georgia",1998,0.280619702471766
"GEO","Georgia",1999,0.308185346224586
"GEO","Georgia",2000,0.335750989977405
"GEO","Georgia",2001,0.312143658621982
"GEO","Georgia",2002,0.28853632726656
"GEO","Georgia",2003,0.33351891086738
"GEO","Georgia",2004,0.380108067226207
"GEO","Georgia",2005,0.393305380256206
"GEO","Georgia",2006,0.434470520765183
"GEO","Georgia",2007,0.464866004837896
"GEO","Georgia",2008,0.467398442355023
"GEO","Georgia",2009,0.469045593845976
"GEO","Georgia",2010,0.490928048330505
"GEO","Georgia",2011,0.507075995232562
"GEO","Georgia",2012,0.528344357709719
"GEO","Georgia",2013,0.546053151926234
"GEO","Georgia",2014,0.584653783952586
"GEO","Georgia",2015,0.570238777561606
"GEO","Georgia",2016,0.588574425616719
"GEO","Georgia",2017,0.589539202995339
"GEO","Georgia",2018,0.588979522071893
"GEO","Georgia",2019,0.584984401408023
"GEO","Georgia",2020,0.578735495334474
"GEO","Georgia",2021,0.581000205267887
"GEO","Georgia",2022,0.578341206500217
"DEU","Germany",1995,0.819530567078296
"DEU","Germany",1996,0.819530567078296
"DEU","Germany",1997,0.815309852736508
"DEU","Germany",1998,0.811089138394719
"DEU","Germany",1999,0.814341115557212
"DEU","Germany",2000,0.817593092719705
"DEU","Germany",2001,0.815289178160723
"DEU","Germany",2002,0.81298526360174
"DEU","Germany",2003,0.789662203931766
"DEU","Germany",2004,0.78778118003516
"DEU","Germany",2005,0.804394389731867
"DEU","Germany",2006,0.814001384294045
"DEU","Germany",2007,0.810513480273782
"DEU","Germany",2008,0.802028459176396
"DEU","Germany",2009,0.795610861321543
"DEU","Germany",2010,0.796198407109824
"DEU","Germany",2011,0.794715347433826
"DEU","Germany",2012,0.797727100527803
"DEU","Germany",2013,0.802571987726877
"DEU","Germany",2014,0.821078192160464
"DEU","Germany",2015,0.805047579131404
"DEU","Germany",2016,0.800548580002559
"DEU","Germany",2017,0.795340673440613
"DEU","Germany",2018,0.801284482425086
"DEU","Germany",2019,0.795586013887638
"DEU","Germany",2020,0.787654853482846
"DEU","Germany",2021,0.793597954626034
"DEU","Germany",2022,0.783833089385507
"GHA","Ghana",1995,0.444047484875013
"GHA","Ghana",1996,0.444047484875013
"GHA","Ghana",1997,0.444436144102736
"GHA","Ghana",1998,0.444824803330459
"GHA","Ghana",1999,0.464901103539458
"GHA","Ghana",2000,0.484977403748457
"GHA","Ghana",2001,0.468269191187743
"GHA","Ghana",2002,0.451560978627027
"GHA","Ghana",2003,0.471998229797733
"GHA","Ghana",2004,0.462824804325637
"GHA","Ghana",2005,0.472585249833113
"GHA","Ghana",2006,0.499074173773865
"GHA","Ghana",2007,0.497604908750897
"GHA","Ghana",2008,0.487874367689043
"GHA","Ghana",2009,0.502560085772832
"GHA","Ghana",2010,0.505135032660733
"GHA","Ghana",2011,0.511580163430366
"GHA","Ghana",2012,0.506216591929044
"GHA","Ghana",2013,0.509865789107183
"GHA","Ghana",2014,0.487141489757288
"GHA","Ghana",2015,0.489183535744938
"GHA","Ghana",2016,0.472999895757147
"GHA","Ghana",2017,0.48720149631121
"GHA","Ghana",2018,0.48815056817687
"GHA","Ghana",2019,0.492585381840259
"GHA","Ghana",2020,0.491788927329131
"GHA","Ghana",2021,0.481735002543179
"GHA","Ghana",2022,0.484091511689766
"GRC","Greece",1995,0.623802208569279
"GRC","Greece",1996,0.623802208569279
"GRC","Greece",1997,0.634641524747195
"GRC","Greece",1998,0.645480840925111
"GRC","Greece",1999,0.648744172355657
"GRC","Greece",2000,0.652007503786203
"GRC","Greece",2001,0.648644376082758
"GRC","Greece",2002,0.645281248379314
"GRC","Greece",2003,0.631279956782174
"GRC","Greece",2004,0.634670442650294
"GRC","Greece",2005,0.630185746885273
"GRC","Greece",2006,0.634722892651439
"GRC","Greece",2007,0.626241091367484
"GRC","Greece",2008,0.606531562855385
"GRC","Greece",2009,0.569956007667227
"GRC","Greece",2010,0.553621022162253
"GRC","Greece",2011,0.542688753497557
"GRC","Greece",2012,0.526804892342324
"GRC","Greece",2013,0.544542714022314
"GRC","Greece",2014,0.522845856351063
"GRC","Greece",2015,0.517004154390861
"GRC","Greece",2016,0.501112610055824
"GRC","Greece",2017,0.505759372859455
"GRC","Greece",2018,0.531039251389211
"GRC","Greece",2019,0.54333479842795
"GRC","Greece",2020,0.549754347374408
"GRC","Greece",2021,0.554014276637893
"GRC","Greece",2022,0.546101129238344
"GRD","Grenada",1995,0.639516639208253
"GRD","Grenada",1996,0.639516639208253
"GRD","Grenada",1997,0.64041467698411
"GRD","Grenada",1998,0.641312714759967
"GRD","Grenada",1999,0.639561657823787
"GRD","Grenada",2000,0.637810600887606
"GRD","Grenada",2001,0.634419979512724
"GRD","Grenada",2002,0.631029358137842
"GRD","Grenada",2003,0.627675543376096
"GRD","Grenada",2004,0.611678822255974
"GRD","Grenada",2005,0.599301356041649
"GRD","Grenada",2006,0.598826655086045
"GRD","Grenada",2007,0.574134455367711
"GRD","Grenada",2008,0.557444011812049
"GRD","Grenada",2009,0.56190899995306
"GRD","Grenada",2010,0.571123082050135
"GRD","Grenada",2011,0.56396031161772
"GRD","Grenada",2012,0.570666562877952
"GRD","Grenada",2013,0.568498195719383
"GRD","Grenada",2014,0.555550583624631
"GRD","Grenada",2015,0.57980321488033
"GRD","Grenada",2016,0.610761798439718
"GRD","Grenada",2017,0.591622169668255
"GRD","Grenada",2018,0.563722371362748
"GRD","Grenada",2019,0.556589575916059
"GRD","Grenada",2020,0.57710164549428
"GRD","Grenada",2021,0.614580293628611
"GRD","Grenada",2022,0.621577123076689
"GTM","Guatemala",1995,0.338665228932654
"GTM","Guatemala",1996,0.338665228932654
"GTM","Guatemala",1997,0.351722513276866
"GTM","Guatemala",1998,0.364779797621078
"GTM","Guatemala",1999,0.364178037922818
"GTM","Guatemala",2000,0.363576278224558
"GTM","Guatemala",2001,0.36752841296574
"GTM","Guatemala",2002,0.371480547706922
"GTM","Guatemala",2003,0.355092480049799
"GTM","Guatemala",2004,0.368428346979183
"GTM","Guatemala",2005,0.350614980259237
"GTM","Guatemala",2006,0.352856695645515
"GTM","Guatemala",2007,0.35536013511287
"GTM","Guatemala",2008,0.365549642612136
"GTM","Guatemala",2009,0.371218104837626
"GTM","Guatemala",2010,0.379509697857831
"GTM","Guatemala",2011,0.378155179071088
"GTM","Guatemala",2012,0.369640808883882
"GTM","Guatemala",2013,0.368505629076966
"GTM","Guatemala",2014,0.369481493841646
"GTM","Guatemala",2015,0.366171554606127
"GTM","Guatemala",2016,0.367771216534032
"GTM","Guatemala",2017,0.357740918560754
"GTM","Guatemala",2018,0.364515531552181
"GTM","Guatemala",2019,0.354099967290577
"GTM","Guatemala",2020,0.351698972362383
"GTM","Guatemala",2021,0.34589111618725
"GTM","Guatemala",2022,0.349709077506703
"GIN","Guinea",1995,0.285960485031779
"GIN","Guinea",1996,0.285960485031779
"GIN","Guinea",1997,0.296412198660153
"GIN","Guinea",1998,0.306863912288527
"GIN","Guinea",1999,0.278797206870312
"GIN","Guinea",2000,0.250730501452096
"GIN","Guinea",2001,0.269741154702109
"GIN","Guinea",2002,0.288751807952122
"GIN","Guinea",2003,0.312423271667074
"GIN","Guinea",2004,0.29257341408284
"GIN","Guinea",2005,0.269574372835577
"GIN","Guinea",2006,0.229202150953752
"GIN","Guinea",2007,0.19439656168528
"GIN","Guinea",2008,0.208966825422411
"GIN","Guinea",2009,0.21625068214831
"GIN","Guinea",2010,0.233921702022768
"GIN","Guinea",2011,0.256907079025839
"GIN","Guinea",2012,0.266932177774771
"GIN","Guinea",2013,0.270277350630547
"GIN","Guinea",2014,0.279614669375802
"GIN","Guinea",2015,0.324369564350369
"GIN","Guinea",2016,0.325684974027207
"GIN","Guinea",2017,0.307897305987591
"GIN","Guinea",2018,0.30299368969157
"GIN","Guinea",2019,0.312243729235785
"GIN","Guinea",2020,0.309898953017056
"GIN","Guinea",2021,0.297420315187132
"GIN","Guinea",2022,0.301057354690808
"GNB","Guinea-Bissau",1995,0.24379636882566
"GNB","Guinea-Bissau",1996,0.24379636882566
"GNB","Guinea-Bissau",1997,0.224359872519333
"GNB","Guinea-Bissau",1998,0.204923376213006
"GNB","Guinea-Bissau",1999,0.261425017353875
"GNB","Guinea-Bissau",2000,0.317926658494745
"GNB","Guinea-Bissau",2001,0.315396052725179
"GNB","Guinea-Bissau",2002,0.312865446955613
"GNB","Guinea-Bissau",2003,0.31378683735567
"GNB","Guinea-Bissau",2004,0.294935283165418
"GNB","Guinea-Bissau",2005,0.292888031624311
"GNB","Guinea-Bissau",2006,0.307725020549904
"GNB","Guinea-Bissau",2007,0.291784088695251
"GNB","Guinea-Bissau",2008,0.274300198465804
"GNB","Guinea-Bissau",2009,0.278226398273257
"GNB","Guinea-Bissau",2010,0.284377862313967
"GNB","Guinea-Bissau",2011,0.280894758803074
"GNB","Guinea-Bissau",2012,0.249703315680823
"GNB","Guinea-Bissau",2013,0.243351393928292
"GNB","Guinea-Bissau",2014,0.25653100684546
"GNB","Guinea-Bissau",2015,0.26759174966686
"GNB","Guinea-Bissau",2016,0.254681489339014
"GNB","Guinea-Bissau",2017,0.25603128342992
"GNB","Guinea-Bissau",2018,0.259362054606934
"GNB","Guinea-Bissau",2019,0.264930280920803
"GNB","Guinea-Bissau",2020,0.260340619700911
"GNB","Guinea-Bissau",2021,0.279286273733771
"GNB","Guinea-Bissau",2022,0.280185510472806
"GUY","Guyana",1995,0.464016802413552
"GUY","Guyana",1996,0.464016802413552
"GUY","Guyana",1997,0.465223378691835
"GUY","Guyana",1998,0.46642995497012
"GUY","Guyana",1999,0.448110242384035
"GUY","Guyana",2000,0.42979052979795
"GUY","Guyana",2001,0.425098270248785
"GUY","Guyana",2002,0.420406010699621
"GUY","Guyana",2003,0.417682887683524
"GUY","Guyana",2004,0.40568037179765
"GUY","Guyana",2005,0.393362765701685
"GUY","Guyana",2006,0.378972553541635
"GUY","Guyana",2007,0.390890446267421
"GUY","Guyana",2008,0.385384175277962
"GUY","Guyana",2009,0.385886317656243
"GUY","Guyana",2010,0.396694432851061
"GUY","Guyana",2011,0.389201784630667
"GUY","Guyana",2012,0.380430976518451
"GUY","Guyana",2013,0.389193818349429
"GUY","Guyana",2014,0.397397944733773
"GUY","Guyana",2015,0.40550374329495
"GUY","Guyana",2016,0.443977367526968
"GUY","Guyana",2017,0.435022227956393
"GUY","Guyana",2018,0.433958860184967
"GUY","Guyana",2019,0.430870191216006
"GUY","Guyana",2020,0.438407069577917
"GUY","Guyana",2021,0.439207504079783
"GUY","Guyana",2022,0.444797339450105
"HTI","Haiti",1995,0.288832868721411
"HTI","Haiti",1996,0.288832868721411
"HTI","Haiti",1997,0.283072464152959
"HTI","Haiti",1998,0.277312059584507
"HTI","Haiti",1999,0.282625661949247
"HTI","Haiti",2000,0.287939264313986
"HTI","Haiti",2001,0.255596435843799
"HTI","Haiti",2002,0.223253607373612
"HTI","Haiti",2003,0.21304151126146
"HTI","Haiti",2004,0.174665820190503
"HTI","Haiti",2005,0.202396605052819
"HTI","Haiti",2006,0.253963146314503
"HTI","Haiti",2007,0.263423284998032
"HTI","Haiti",2008,0.271112772176373
"HTI","Haiti",2009,0.286046060765945
"HTI","Haiti",2010,0.274512568943198
"HTI","Haiti",2011,0.266515755746271
"HTI","Haiti",2012,0.284666670344096
"HTI","Haiti",2013,0.299322639056236
"HTI","Haiti",2014,0.291661174528604
"HTI","Haiti",2015,0.28247383312071
"HTI","Haiti",2016,0.280153606645055
"HTI","Haiti",2017,0.279821124102767
"HTI","Haiti",2018,0.284107698414174
"HTI","Haiti",2019,0.273504274582895
"HTI","Haiti",2020,0.267662722852079
"HTI","Haiti",2021,0.242480877326464
"HTI","Haiti",2022,0.225079910173494
"HND","Honduras",1995,0.340012406566913
"HND","Honduras",1996,0.340012406566913
"HND","Honduras",1997,0.36090584162673
"HND","Honduras",1998,0.381799276686547
"HND","Honduras",1999,0.373921252790973
"HND","Honduras",2000,0.3660432288954
"HND","Honduras",2001,0.36450187052795
"HND","Honduras",2002,0.3629605121605
"HND","Honduras",2003,0.354447062955532
"HND","Honduras",2004,0.367936109420718
"HND","Honduras",2005,0.3594103566438
"HND","Honduras",2006,0.354325027944676
"HND","Honduras",2007,0.378255451857971
"HND","Honduras",2008,0.363488346862155
"HND","Honduras",2009,0.377371845649374
"HND","Honduras",2010,0.374490846435558
"HND","Honduras",2011,0.385410906772845
"HND","Honduras",2012,0.365756971105138
"HND","Honduras",2013,0.361611192807001
"HND","Honduras",2014,0.36742647552868
"HND","Honduras",2015,0.381016897542704
"HND","Honduras",2016,0.36221702890311
"HND","Honduras",2017,0.360863645920523
"HND","Honduras",2018,0.367389582769735
"HND","Honduras",2019,0.351666701939666
"HND","Honduras",2020,0.351966924281756
"HND","Honduras",2021,0.332573283500054
"HND","Honduras",2022,0.34684365920682
"HUN","Hungary",1995,0.670647921197796
"HUN","Hungary",1996,0.670647921197796
"HUN","Hungary",1997,0.677459502106178
"HUN","Hungary",1998,0.68427108301456
"HUN","Hungary",1999,0.67993557156528
"HUN","Hungary",2000,0.675600060116001
"HUN","Hungary",2001,0.685003571560512
"HUN","Hungary",2002,0.694407083005023
"HUN","Hungary",2003,0.682365649177061
"HUN","Hungary",2004,0.675439979752426
"HUN","Hungary",2005,0.674346332278274
"HUN","Hungary",2006,0.68840671222134
"HUN","Hungary",2007,0.674493120380331
"HUN","Hungary",2008,0.662401189874628
"HUN","Hungary",2009,0.639439568862085
"HUN","Hungary",2010,0.637329153409507
"HUN","Hungary",2011,0.641309839810872
"HUN","Hungary",2012,0.62705929789818
"HUN","Hungary",2013,0.626544707650356
"HUN","Hungary",2014,0.602055183877847
"HUN","Hungary",2015,0.596652683490899
"HUN","Hungary",2016,0.583558680576431
"HUN","Hungary",2017,0.599484285509427
"HUN","Hungary",2018,0.592240690199565
"HUN","Hungary",2019,0.590534803884676
"HUN","Hungary",2020,0.589526637505643
"HUN","Hungary",2021,0.586132330978829
"HUN","Hungary",2022,0.564540057771546
"ISL","Iceland",1995,0.799536871933942
"ISL","Iceland",1996,0.799536871933942
"ISL","Iceland",1997,0.808444899750668
"ISL","Iceland",1998,0.817352927567395
"ISL","Iceland",1999,0.839358053958876
"ISL","Iceland",2000,0.861363180350357
"ISL","Iceland",2001,0.86262597636782
"ISL","Iceland",2002,0.863888772385283
"ISL","Iceland",2003,0.8704375096814
"ISL","Iceland",2004,0.862904438789956
"ISL","Iceland",2005,0.871201491001815
"ISL","Iceland",2006,0.8576540856619
"ISL","Iceland",2007,0.856947362030555
"ISL","Iceland",2008,0.844146287501979
"ISL","Iceland",2009,0.804210840030789
"ISL","Iceland",2010,0.786782986633406
"ISL","Iceland",2011,0.801811665188427
"ISL","Iceland",2012,0.801215566056913
"ISL","Iceland",2013,0.804363903227393
"ISL","Iceland",2014,0.80443840465612
"ISL","Iceland",2015,0.809833806211196
"ISL","Iceland",2016,0.805091377214042
"ISL","Iceland",2017,0.810433467009712
"ISL","Iceland",2018,0.818145884875385
"ISL","Iceland",2019,0.820168156976598
"ISL","Iceland",2020,0.814648523265749
"ISL","Iceland",2021,0.822171327639729
"ISL","Iceland",2022,0.79498240854697
"IND","India",1995,0.426425400684857
"IND","India",1996,0.426425400684857
"IND","India",1997,0.428290083853501
"IND","India",1998,0.430154767022144
"IND","India",1999,0.437639313540828
"IND","India",2000,0.445123860059512
"IND","India",2001,0.421779609216865
"IND","India",2002,0.398435358374219
"IND","India",2003,0.398000423108401
"IND","India",2004,0.405217058602259
"IND","India",2005,0.429774147620874
"IND","India",2006,0.435337735497855
"IND","India",2007,0.418889940966191
"IND","India",2008,0.419175369106348
"IND","India",2009,0.401439747566865
"IND","India",2010,0.398463458484116
"IND","India",2011,0.391797212851696
"IND","India",2012,0.390272981284657
"IND","India",2013,0.393662389438243
"IND","India",2014,0.406075969075683
"IND","India",2015,0.413281071659896
"IND","India",2016,0.42334487996008
"IND","India",2017,0.437977176064285
"IND","India",2018,0.434837540891852
"IND","India",2019,0.439802675519428
"IND","India",2020,0.439962369043422
"IND","India",2021,0.444402112815127
"IND","India",2022,0.462354244369095
"IDN","Indonesia",1995,0.377268506303016
"IDN","Indonesia",1996,0.377268506303016
"IDN","Indonesia",1997,0.341972571266368
"IDN","Indonesia",1998,0.306676636229721
"IDN","Indonesia",1999,0.311849118631994
"IDN","Indonesia",2000,0.317021601034268
"IDN","Indonesia",2001,0.302129789235098
"IDN","Indonesia",2002,0.28723797743593
"IDN","Indonesia",2003,0.270645442619039
"IDN","Indonesia",2004,0.291513843804781
"IDN","Indonesia",2005,0.31357176534294
"IDN","Indonesia",2006,0.337793829271137
"IDN","Indonesia",2007,0.36083080628373
"IDN","Indonesia",2008,0.369711915363782
"IDN","Indonesia",2009,0.373089340058003
"IDN","Indonesia",2010,0.368176733202251
"IDN","Indonesia",2011,0.380790832640987
"IDN","Indonesia",2012,0.397399355620423
"IDN","Indonesia",2013,0.409609437536187
"IDN","Indonesia",2014,0.434225782770828
"IDN","Indonesia",2015,0.417028298337184
"IDN","Indonesia",2016,0.441099139905713
"IDN","Indonesia",2017,0.447131843307149
"IDN","Indonesia",2018,0.444726221993034
"IDN","Indonesia",2019,0.437784888882931
"IDN","Indonesia",2020,0.449097484907159
"IDN","Indonesia",2021,0.455289210744967
"IDN","Indonesia",2022,0.459195644152254
"IRN","Iran, Islamic Republic of",1995,0.343904161564362
"IRN","Iran, Islamic Republic of",1996,0.343904161564362
"IRN","Iran, Islamic Republic of",1997,0.33794646111027
"IRN","Iran, Islamic Republic of",1998,0.331988760656177
"IRN","Iran, Islamic Republic of",1999,0.336640425174114
"IRN","Iran, Islamic Republic of",2000,0.341292089692051
"IRN","Iran, Islamic Republic of",2001,0.346049699776615
"IRN","Iran, Islamic Republic of",2002,0.350807309861178
"IRN","Iran, Islamic Republic of",2003,0.356560254893409
"IRN","Iran, Islamic Republic of",2004,0.352681795112943
"IRN","Iran, Islamic Republic of",2005,0.340359960324105
"IRN","Iran, Islamic Republic of",2006,0.310590320763338
"IRN","Iran, Islamic Republic of",2007,0.300580657197661
"IRN","Iran, Islamic Republic of",2008,0.290689030643347
"IRN","Iran, Islamic Republic of",2009,0.254561972090522
"IRN","Iran, Islamic Republic of",2010,0.24244164030765
"IRN","Iran, Islamic Republic of",2011,0.267538875410002
"IRN","Iran, Islamic Republic of",2012,0.283658677910679
"IRN","Iran, Islamic Republic of",2013,0.28577281278827
"IRN","Iran, Islamic Republic of",2014,0.304717222089729
"IRN","Iran, Islamic Republic of",2015,0.313443820184523
"IRN","Iran, Islamic Republic of",2016,0.3288179799237
"IRN","Iran, Islamic Republic of",2017,0.318945572103722
"IRN","Iran, Islamic Republic of",2018,0.283760517267759
"IRN","Iran, Islamic Republic of",2019,0.257685628381596
"IRN","Iran, Islamic Republic of",2020,0.248123593080441
"IRN","Iran, Islamic Republic of",2021,0.241530554692067
"IRN","Iran, Islamic Republic of",2022,0.24036472266086
"IRQ","Iraq",1995,0.148555452514678
"IRQ","Iraq",1996,0.148555452514678
"IRQ","Iraq",1997,0.158874555397034
"IRQ","Iraq",1998,0.169193658279392
"IRQ","Iraq",1999,0.168168293968973
"IRQ","Iraq",2000,0.167142929658555
"IRQ","Iraq",2001,0.173630561482734
"IRQ","Iraq",2002,0.180118193306914
"IRQ","Iraq",2003,0.177318480334001
"IRQ","Iraq",2004,0.108391502094188
"IRQ","Iraq",2005,0.146804385898993
"IRQ","Iraq",2006,0.145585794707499
"IRQ","Iraq",2007,0.143131744205565
"IRQ","Iraq",2008,0.168352121947261
"IRQ","Iraq",2009,0.198962170967812
"IRQ","Iraq",2010,0.192690446739467
"IRQ","Iraq",2011,0.22397118567249
"IRQ","Iraq",2012,0.213645845438093
"IRQ","Iraq",2013,0.207321533336451
"IRQ","Iraq",2014,0.189850289355403
"IRQ","Iraq",2015,0.189273763313207
"IRQ","Iraq",2016,0.183209126931067
"IRQ","Iraq",2017,0.180082903524034
"IRQ","Iraq",2018,0.168805931824534
"IRQ","Iraq",2019,0.16877710165291
"IRQ","Iraq",2020,0.164404795572846
"IRQ","Iraq",2021,0.184923513605985
"IRQ","Iraq",2022,0.181616098219594
"IRL","Ireland",1995,0.806828485820734
"IRL","Ireland",1996,0.806828485820734
"IRL","Ireland",1997,0.811085704980679
"IRL","Ireland",1998,0.815342924140625
"IRL","Ireland",1999,0.814548103560953
"IRL","Ireland",2000,0.81375328298128
"IRL","Ireland",2001,0.811402196437603
"IRL","Ireland",2002,0.809051109893924
"IRL","Ireland",2003,0.792729927289056
"IRL","Ireland",2004,0.777362458244731
"IRL","Ireland",2005,0.800608497530646
"IRL","Ireland",2006,0.826156005827185
"IRL","Ireland",2007,0.83095670613021
"IRL","Ireland",2008,0.831511302232696
"IRL","Ireland",2009,0.817864308833439
"IRL","Ireland",2010,0.80932136549224
"IRL","Ireland",2011,0.797195221051835
"IRL","Ireland",2012,0.788606615378608
"IRL","Ireland",2013,0.797449716194091
"IRL","Ireland",2014,0.818326872870871
"IRL","Ireland",2015,0.811349094582922
"IRL","Ireland",2016,0.790508969736166
"IRL","Ireland",2017,0.778572041981294
"IRL","Ireland",2018,0.783449645960956
"IRL","Ireland",2019,0.772276473073069
"IRL","Ireland",2020,0.776173099855384
"IRL","Ireland",2021,0.78179543856355
"IRL","Ireland",2022,0.792573557211792
"ISR","Israel",1995,0.646918616320135
"ISR","Israel",1996,0.646918616320135
"ISR","Israel",1997,0.633804480662141
"ISR","Israel",1998,0.620690345004146
"ISR","Israel",1999,0.61954141215171
"ISR","Israel",2000,0.618392479299273
"ISR","Israel",2001,0.612263760993627
"ISR","Israel",2002,0.606135042687982
"ISR","Israel",2003,0.588781979240276
"ISR","Israel",2004,0.579863540808408
"ISR","Israel",2005,0.57817757798775
"ISR","Israel",2006,0.598667933162198
"ISR","Israel",2007,0.591410654600044
"ISR","Israel",2008,0.595284449916401
"ISR","Israel",2009,0.57389842393794
"ISR","Israel",2010,0.592453372238727
"ISR","Israel",2011,0.610676480866536
"ISR","Israel",2012,0.611246479668897
"ISR","Israel",2013,0.612033962229943
"ISR","Israel",2014,0.621224973001748
"ISR","Israel",2015,0.625048252212634
"ISR","Israel",2016,0.649253970680781
"ISR","Israel",2017,0.620205102919254
"ISR","Israel",2018,0.614491156453019
"ISR","Israel",2019,0.624197847186334
"ISR","Israel",2020,0.601968704292768
"ISR","Israel",2021,0.605629867693835
"ISR","Israel",2022,0.597959833627267
"ITA","Italy",1995,0.667614600739837
"ITA","Italy",1996,0.667614600739837
"ITA","Italy",1997,0.661953934133193
"ITA","Italy",1998,0.656293267526548
"ITA","Italy",1999,0.659239963670363
"ITA","Italy",2000,0.662186659814178
"ITA","Italy",2001,0.655823575321064
"ITA","Italy",2002,0.649460490827949
"ITA","Italy",2003,0.634148603770829
"ITA","Italy",2004,0.617220770626261
"ITA","Italy",2005,0.620761919738233
"ITA","Italy",2006,0.619430280216226
"ITA","Italy",2007,0.609968068786738
"ITA","Italy",2008,0.61110331574342
"ITA","Italy",2009,0.59574630114822
"ITA","Italy",2010,0.605479042755298
"ITA","Italy",2011,0.600016900133688
"ITA","Italy",2012,0.591714141246071
"ITA","Italy",2013,0.587579671862817
"ITA","Italy",2014,0.574567105592173
"ITA","Italy",2015,0.568817708468938
"ITA","Italy",2016,0.574822533019331
"ITA","Italy",2017,0.574811650131689
"ITA","Italy",2018,0.575863573734412
"ITA","Italy",2019,0.592136476055563
"ITA","Italy",2020,0.583014970411401
"ITA","Italy",2021,0.593496295251644
"ITA","Italy",2022,0.59019003856465
"JAM","Jamaica",1995,0.511352611472351
"JAM","Jamaica",1996,0.511352611472351
"JAM","Jamaica",1997,0.511924281233201
"JAM","Jamaica",1998,0.51249595099405
"JAM","Jamaica",1999,0.507074821510739
"JAM","Jamaica",2000,0.501653692027428
"JAM","Jamaica",2001,0.480109061480452
"JAM","Jamaica",2002,0.458564430933474
"JAM","Jamaica",2003,0.446644691451316
"JAM","Jamaica",2004,0.45196048260759
"JAM","Jamaica",2005,0.457653262171578
"JAM","Jamaica",2006,0.463000084119191
"JAM","Jamaica",2007,0.467860296530227
"JAM","Jamaica",2008,0.467413877897045
"JAM","Jamaica",2009,0.45911601676792
"JAM","Jamaica",2010,0.458775609082333
"JAM","Jamaica",2011,0.482615660721941
"JAM","Jamaica",2012,0.482621339651897
"JAM","Jamaica",2013,0.485984674134763
"JAM","Jamaica",2014,0.476532496626179
"JAM","Jamaica",2015,0.480931781992334
"JAM","Jamaica",2016,0.499233166420929
"JAM","Jamaica",2017,0.498634946891784
"JAM","Jamaica",2018,0.502836713195586
"JAM","Jamaica",2019,0.501254020558079
"JAM","Jamaica",2020,0.500959110525482
"JAM","Jamaica",2021,0.507997411839981
"JAM","Jamaica",2022,0.523051083084194
"JPN","Japan",1995,0.725109052359096
"JPN","Japan",1996,0.725109052359096
"JPN","Japan",1997,0.717954614516938
"JPN","Japan",1998,0.710800176674781
"JPN","Japan",1999,0.71900582899081
"JPN","Japan",2000,0.727211481306838
"JPN","Japan",2001,0.707380980731159
"JPN","Japan",2002,0.687550480155481
"JPN","Japan",2003,0.723755243117125
"JPN","Japan",2004,0.732929409671084
"JPN","Japan",2005,0.738756578363547
"JPN","Japan",2006,0.755848852067609
"JPN","Japan",2007,0.737090221330888
"JPN","Japan",2008,0.737091621062869
"JPN","Japan",2009,0.740390209732528
"JPN","Japan",2010,0.744466667197491
"JPN","Japan",2011,0.751555532737759
"JPN","Japan",2012,0.758738279369694
"JPN","Japan",2013,0.766206437473925
"JPN","Japan",2014,0.775849217275794
"JPN","Japan",2015,0.768041826147809
"JPN","Japan",2016,0.767196958446193
"JPN","Japan",2017,0.777251788904406
"JPN","Japan",2018,0.766074819344673
"JPN","Japan",2019,0.766929039951464
"JPN","Japan",2020,0.769548370608257
"JPN","Japan",2021,0.77764458112629
"JPN","Japan",2022,0.78467040400381
"JOR","Jordan",1995,0.513016170376877
"JOR","Jordan",1996,0.513016170376877
"JOR","Jordan",1997,0.528229960800313
"JOR","Jordan",1998,0.54344375122375
"JOR","Jordan",1999,0.54017999261762
"JOR","Jordan",2000,0.536916234011491
"JOR","Jordan",2001,0.510048226717645
"JOR","Jordan",2002,0.4831802194238
"JOR","Jordan",2003,0.543552616324576
"JOR","Jordan",2004,0.537968795724219
"JOR","Jordan",2005,0.531174571914424
"JOR","Jordan",2006,0.516500267755259
"JOR","Jordan",2007,0.539198775558308
"JOR","Jordan",2008,0.544299191693337
"JOR","Jordan",2009,0.520971676951925
"JOR","Jordan",2010,0.509486096244502
"JOR","Jordan",2011,0.511021756887649
"JOR","Jordan",2012,0.512368881782813
"JOR","Jordan",2013,0.506529973038765
"JOR","Jordan",2014,0.514598273218827
"JOR","Jordan",2015,0.515314027383228
"JOR","Jordan",2016,0.510701245273601
"JOR","Jordan",2017,0.512090240447069
"JOR","Jordan",2018,0.505865193683554
"JOR","Jordan",2019,0.502976326913351
"JOR","Jordan",2020,0.514655131271897
"JOR","Jordan",2021,0.505757528678528
"JOR","Jordan",2022,0.512060955590843
"KAZ","Kazakhstan",1995,0.346433803271628
"KAZ","Kazakhstan",1996,0.346433803271628
"KAZ","Kazakhstan",1997,0.359977667401151
"KAZ","Kazakhstan",1998,0.373521531530673
"KAZ","Kazakhstan",1999,0.363317129513219
"KAZ","Kazakhstan",2000,0.353112727495766
"KAZ","Kazakhstan",2001,0.356642010655036
"KAZ","Kazakhstan",2002,0.360171293814305
"KAZ","Kazakhstan",2003,0.384641497624288
"KAZ","Kazakhstan",2004,0.362893047217057
"KAZ","Kazakhstan",2005,0.391286657068356
"KAZ","Kazakhstan",2006,0.382783443758978
"KAZ","Kazakhstan",2007,0.404947615438732
"KAZ","Kazakhstan",2008,0.412677386692171
"KAZ","Kazakhstan",2009,0.43321970395616
"KAZ","Kazakhstan",2010,0.418935483544605
"KAZ","Kazakhstan",2011,0.387149247711365
"KAZ","Kazakhstan",2012,0.374346946248086
"KAZ","Kazakhstan",2013,0.377591232413407
"KAZ","Kazakhstan",2014,0.414505565450787
"KAZ","Kazakhstan",2015,0.420609171802583
"KAZ","Kazakhstan",2016,0.42123909345477
"KAZ","Kazakhstan",2017,0.43872051327026
"KAZ","Kazakhstan",2018,0.451583832116374
"KAZ","Kazakhstan",2019,0.458801847158421
"KAZ","Kazakhstan",2020,0.451716190754408
"KAZ","Kazakhstan",2021,0.456171954748549
"KAZ","Kazakhstan",2022,0.452323003556655
"KEN","Kenya",1995,0.341633171505557
"KEN","Kenya",1996,0.341633171505557
"KEN","Kenya",1997,0.33727089838473
"KEN","Kenya",1998,0.332908625263901
"KEN","Kenya",1999,0.329271320156784
"KEN","Kenya",2000,0.325634015049667
"KEN","Kenya",2001,0.331384794027565
"KEN","Kenya",2002,0.337135573005461
"KEN","Kenya",2003,0.330755427333519
"KEN","Kenya",2004,0.347740195061563
"KEN","Kenya",2005,0.332652687029663
"KEN","Kenya",2006,0.344741548663025
"KEN","Kenya",2007,0.326331457609381
"KEN","Kenya",2008,0.317983903789935
"KEN","Kenya",2009,0.320262685303439
"KEN","Kenya",2010,0.346071641295042
"KEN","Kenya",2011,0.336473393452777
"KEN","Kenya",2012,0.325532247537605
"KEN","Kenya",2013,0.341170859834985
"KEN","Kenya",2014,0.355574197821074
"KEN","Kenya",2015,0.346395263855176
"KEN","Kenya",2016,0.351287359324656
"KEN","Kenya",2017,0.362638360555268
"KEN","Kenya",2018,0.367701799370853
"KEN","Kenya",2019,0.368607099298529
"KEN","Kenya",2020,0.354470456343616
"KEN","Kenya",2021,0.371933911146074
"KEN","Kenya",2022,0.383269607735583
"KIR","Kiribati",1995,0.609178447997145
"KIR","Kiribati",1996,0.609178447997145
"KIR","Kiribati",1997,0.610832573911328
"KIR","Kiribati",1998,0.61248669982551
"KIR","Kiribati",1999,0.61158322303341
"KIR","Kiribati",2000,0.61067974624131
"KIR","Kiribati",2001,0.610538158375034
"KIR","Kiribati",2002,0.610396570508758
"KIR","Kiribati",2003,0.610364077524035
"KIR","Kiribati",2004,0.598553482897924
"KIR","Kiribati",2005,0.566869676066416
"KIR","Kiribati",2006,0.559151563117903
"KIR","Kiribati",2007,0.553750035709252
"KIR","Kiribati",2008,0.523676682127859
"KIR","Kiribati",2009,0.501334238160166
"KIR","Kiribati",2010,0.497336364827243
"KIR","Kiribati",2011,0.501193776610079
"KIR","Kiribati",2012,0.502309431811842
"KIR","Kiribati",2013,0.500264840396674
"KIR","Kiribati",2014,0.501994463581194
"KIR","Kiribati",2015,0.50079558043676
"KIR","Kiribati",2016,0.529597283339487
"KIR","Kiribati",2017,0.552113680182978
"KIR","Kiribati",2018,0.560630363957591
"KIR","Kiribati",2019,0.58914968614399
"KIR","Kiribati",2020,0.607338182321338
"KIR","Kiribati",2021,0.591722889345473
"KIR","Kiribati",2022,0.581369658852814
"PRK","Korea, Democratic People's Repub",1995,0.236938388397978
"PRK","Korea, Democratic People's Repub",1996,0.236938388397978
"PRK","Korea, Democratic People's Repub",1997,0.243610691980628
"PRK","Korea, Democratic People's Repub",1998,0.250282995563277
"PRK","Korea, Democratic People's Repub",1999,0.259090605989691
"PRK","Korea, Democratic People's Repub",2000,0.267898216416106
"PRK","Korea, Democratic People's Repub",2001,0.280635373484018
"PRK","Korea, Democratic People's Repub",2002,0.293372530551932
"PRK","Korea, Democratic People's Repub",2003,0.269721790184747
"PRK","Korea, Democratic People's Repub",2004,0.257102603158437
"PRK","Korea, Democratic People's Repub",2005,0.260339755430564
"PRK","Korea, Democratic People's Repub",2006,0.236785960623347
"PRK","Korea, Democratic People's Repub",2007,0.261742768686583
"PRK","Korea, Democratic People's Repub",2008,0.268509183331567
"PRK","Korea, Democratic People's Repub",2009,0.242339702183592
"PRK","Korea, Democratic People's Repub",2010,0.226628155346821
"PRK","Korea, Democratic People's Repub",2011,0.226002710268825
"PRK","Korea, Democratic People's Repub",2012,0.235999273428823
"PRK","Korea, Democratic People's Repub",2013,0.216153309904954
"PRK","Korea, Democratic People's Repub",2014,0.190560277820083
"PRK","Korea, Democratic People's Repub",2015,0.181311899751532
"PRK","Korea, Democratic People's Repub",2016,0.190098612444361
"PRK","Korea, Democratic People's Repub",2017,0.192462627008451
"PRK","Korea, Democratic People's Repub",2018,0.197436303656582
"PRK","Korea, Democratic People's Repub",2019,0.19595971728106
"PRK","Korea, Democratic People's Repub",2020,0.191580340704738
"PRK","Korea, Democratic People's Repub",2021,0.192082697508724
"PRK","Korea, Democratic People's Repub",2022,0.192023363528569
"KOR","Korea, Republic of",1995,0.609793305598446
"KOR","Korea, Republic of",1996,0.609793305598446
"KOR","Korea, Republic of",1997,0.602551786618257
"KOR","Korea, Republic of",1998,0.595310267638068
"KOR","Korea, Republic of",1999,0.599464097766819
"KOR","Korea, Republic of",2000,0.603617927895569
"KOR","Korea, Republic of",2001,0.613381461732611
"KOR","Korea, Republic of",2002,0.623144995569652
"KOR","Korea, Republic of",2003,0.619037490939249
"KOR","Korea, Republic of",2004,0.626389155275588
"KOR","Korea, Republic of",2005,0.644805509941323
"KOR","Korea, Republic of",2006,0.614523169029874
"KOR","Korea, Republic of",2007,0.654499022816176
"KOR","Korea, Republic of",2008,0.622964557904114
"KOR","Korea, Republic of",2009,0.639409291562284
"KOR","Korea, Republic of",2010,0.63571321026577
"KOR","Korea, Republic of",2011,0.646714741806378
"KOR","Korea, Republic of",2012,0.633392624621718
"KOR","Korea, Republic of",2013,0.64294232960982
"KOR","Korea, Republic of",2014,0.641867424488462
"KOR","Korea, Republic of",2015,0.627227179391428
"KOR","Korea, Republic of",2016,0.642945898069972
"KOR","Korea, Republic of",2017,0.653921677961012
"KOR","Korea, Republic of",2018,0.675645585626333
"KOR","Korea, Republic of",2019,0.675456414179882
"KOR","Korea, Republic of",2020,0.67560451927548
"KOR","Korea, Republic of",2021,0.67936233555909
"KOR","Korea, Republic of",2022,0.683059910638284
"KWT","Kuwait",1995,0.5819995461697
"KWT","Kuwait",1996,0.5819995461697
"KWT","Kuwait",1997,0.581458398174747
"KWT","Kuwait",1998,0.580917250179793
"KWT","Kuwait",1999,0.586236198546803
"KWT","Kuwait",2000,0.591555146913812
"KWT","Kuwait",2001,0.594623554244471
"KWT","Kuwait",2002,0.59769196157513
"KWT","Kuwait",2003,0.604513588095463
"KWT","Kuwait",2004,0.613846621547673
"KWT","Kuwait",2005,0.591070021160407
"KWT","Kuwait",2006,0.585012791914238
"KWT","Kuwait",2007,0.591744031915006
"KWT","Kuwait",2008,0.584603871338297
"KWT","Kuwait",2009,0.570928372505045
"KWT","Kuwait",2010,0.575359592736035
"KWT","Kuwait",2011,0.550705397592322
"KWT","Kuwait",2012,0.515397157110254
"KWT","Kuwait",2013,0.512161296294944
"KWT","Kuwait",2014,0.48827016986723
"KWT","Kuwait",2015,0.467414000097381
"KWT","Kuwait",2016,0.478626834070938
"KWT","Kuwait",2017,0.479256132441992
"KWT","Kuwait",2018,0.497549306386569
"KWT","Kuwait",2019,0.512462474759183
"KWT","Kuwait",2020,0.535311953226266
"KWT","Kuwait",2021,0.530010517756326
"KWT","Kuwait",2022,0.545727511278128
"KGZ","Kyrgyzstan",1995,0.387146873303094
"KGZ","Kyrgyzstan",1996,0.387146873303094
"KGZ","Kyrgyzstan",1997,0.386438578442915
"KGZ","Kyrgyzstan",1998,0.385730283582737
"KGZ","Kyrgyzstan",1999,0.383008088706442
"KGZ","Kyrgyzstan",2000,0.380285893830149
"KGZ","Kyrgyzstan",2001,0.372950330944656
"KGZ","Kyrgyzstan",2002,0.365614768059163
"KGZ","Kyrgyzstan",2003,0.338082723672329
"KGZ","Kyrgyzstan",2004,0.329936116842958
"KGZ","Kyrgyzstan",2005,0.273725904967817
"KGZ","Kyrgyzstan",2006,0.269200590741059
"KGZ","Kyrgyzstan",2007,0.297616375718655
"KGZ","Kyrgyzstan",2008,0.321670028519917
"KGZ","Kyrgyzstan",2009,0.318107604377952
"KGZ","Kyrgyzstan",2010,0.314621993635701
"KGZ","Kyrgyzstan",2011,0.314310432692531
"KGZ","Kyrgyzstan",2012,0.324026412179438
"KGZ","Kyrgyzstan",2013,0.325273613691966
"KGZ","Kyrgyzstan",2014,0.334392028911551
"KGZ","Kyrgyzstan",2015,0.320144122849124
"KGZ","Kyrgyzstan",2016,0.340319968745227
"KGZ","Kyrgyzstan",2017,0.359300622747002
"KGZ","Kyrgyzstan",2018,0.35893137390546
"KGZ","Kyrgyzstan",2019,0.371222068333976
"KGZ","Kyrgyzstan",2020,0.348494961943909
"KGZ","Kyrgyzstan",2021,0.331061120788928
"KGZ","Kyrgyzstan",2022,0.32025958598211
"LAO","Lao People's Democratic Republic",1995,0.373621826205753
"LAO","Lao People's Democratic Republic",1996,0.373621826205753
"LAO","Lao People's Democratic Republic",1997,0.36149626491696
"LAO","Lao People's Democratic Republic",1998,0.349370703628168
"LAO","Lao People's Democratic Republic",1999,0.334290425788649
"LAO","Lao People's Democratic Republic",2000,0.319210147949128
"LAO","Lao People's Democratic Republic",2001,0.328528272897443
"LAO","Lao People's Democratic Republic",2002,0.337846397845757
"LAO","Lao People's Democratic Republic",2003,0.264549720803991
"LAO","Lao People's Democratic Republic",2004,0.283590050658774
"LAO","Lao People's Democratic Republic",2005,0.28138807534838
"LAO","Lao People's Democratic Republic",2006,0.308710229415362
"LAO","Lao People's Democratic Republic",2007,0.315176444925402
"LAO","Lao People's Democratic Republic",2008,0.334381994550104
"LAO","Lao People's Democratic Republic",2009,0.318891756555858
"LAO","Lao People's Democratic Republic",2010,0.323131209583427
"LAO","Lao People's Democratic Republic",2011,0.333396544624086
"LAO","Lao People's Democratic Republic",2012,0.361403309508345
"LAO","Lao People's Democratic Republic",2013,0.369057531353939
"LAO","Lao People's Democratic Republic",2014,0.393813781209861
"LAO","Lao People's Democratic Republic",2015,0.388965681119707
"LAO","Lao People's Democratic Republic",2016,0.390740842859436
"LAO","Lao People's Democratic Republic",2017,0.381879421533295
"LAO","Lao People's Democratic Republic",2018,0.379155268306494
"LAO","Lao People's Democratic Republic",2019,0.378086974440275
"LAO","Lao People's Democratic Republic",2020,0.384886530555343
"LAO","Lao People's Democratic Republic",2021,0.394559177355701
"LAO","Lao People's Democratic Republic",2022,0.392754146731947
"LVA","Latvia",1995,0.56597327798993
"LVA","Latvia",1996,0.56597327798993
"LVA","Latvia",1997,0.565529490900518
"LVA","Latvia",1998,0.565085703811105
"LVA","Latvia",1999,0.56234201801013
"LVA","Latvia",2000,0.559598332209155
"LVA","Latvia",2001,0.581002174469592
"LVA","Latvia",2002,0.602406016730029
"LVA","Latvia",2003,0.6350429636761
"LVA","Latvia",2004,0.609632942098564
"LVA","Latvia",2005,0.629401268057602
"LVA","Latvia",2006,0.635279760320812
"LVA","Latvia",2007,0.62824143868665
"LVA","Latvia",2008,0.610193210620117
"LVA","Latvia",2009,0.613262690094838
"LVA","Latvia",2010,0.619833700926149
"LVA","Latvia",2011,0.615636824364789
"LVA","Latvia",2012,0.623732556755617
"LVA","Latvia",2013,0.634974213378837
"LVA","Latvia",2014,0.647260684494628
"LVA","Latvia",2015,0.636777460853834
"LVA","Latvia",2016,0.643544254036262
"LVA","Latvia",2017,0.651363188033712
"LVA","Latvia",2018,0.637820259669059
"LVA","Latvia",2019,0.654829651118345
"LVA","Latvia",2020,0.665661523171877
"LVA","Latvia",2021,0.679461316781767
"LVA","Latvia",2022,0.666005321154234
"LBN","Lebanon",1995,0.40134159506922
"LBN","Lebanon",1996,0.40134159506922
"LBN","Lebanon",1997,0.399446773834658
"LBN","Lebanon",1998,0.397551952600096
"LBN","Lebanon",1999,0.410909081503646
"LBN","Lebanon",2000,0.424266210407197
"LBN","Lebanon",2001,0.426443154702838
"LBN","Lebanon",2002,0.428620098998479
"LBN","Lebanon",2003,0.422795278472481
"LBN","Lebanon",2004,0.422735542576274
"LBN","Lebanon",2005,0.408233561799583
"LBN","Lebanon",2006,0.324039026123908
"LBN","Lebanon",2007,0.307734474154385
"LBN","Lebanon",2008,0.325584364126564
"LBN","Lebanon",2009,0.349664667915689
"LBN","Lebanon",2010,0.349114143332047
"LBN","Lebanon",2011,0.346275505766478
"LBN","Lebanon",2012,0.339626453122161
"LBN","Lebanon",2013,0.33641172680294
"LBN","Lebanon",2014,0.319199807439196
"LBN","Lebanon",2015,0.319582623624247
"LBN","Lebanon",2016,0.315383669611274
"LBN","Lebanon",2017,0.314880705287898
"LBN","Lebanon",2018,0.306390969861079
"LBN","Lebanon",2019,0.29481281798469
"LBN","Lebanon",2020,0.28209424672946
"LBN","Lebanon",2021,0.268270463365183
"LBN","Lebanon",2022,0.263781715416428
"LSO","Lesotho",1995,0.507676822573148
"LSO","Lesotho",1996,0.507676822573148
"LSO","Lesotho",1997,0.495896006142668
"LSO","Lesotho",1998,0.484115189712188
"LSO","Lesotho",1999,0.488881844946478
"LSO","Lesotho",2000,0.493648500180769
"LSO","Lesotho",2001,0.48241489576812
"LSO","Lesotho",2002,0.471181291355472
"LSO","Lesotho",2003,0.472739575296162
"LSO","Lesotho",2004,0.475840284798998
"LSO","Lesotho",2005,0.464572141115952
"LSO","Lesotho",2006,0.452734053002271
"LSO","Lesotho",2007,0.43117773682107
"LSO","Lesotho",2008,0.451639743071242
"LSO","Lesotho",2009,0.483000225148788
"LSO","Lesotho",2010,0.486952661065926
"LSO","Lesotho",2011,0.482786004452486
"LSO","Lesotho",2012,0.481223753395361
"LSO","Lesotho",2013,0.504195788192615
"LSO","Lesotho",2014,0.46705346141242
"LSO","Lesotho",2015,0.457358422240197
"LSO","Lesotho",2016,0.456763629947437
"LSO","Lesotho",2017,0.456813151093743
"LSO","Lesotho",2018,0.440731186182651
"LSO","Lesotho",2019,0.425727456829007
"LSO","Lesotho",2020,0.426077999682323
"LSO","Lesotho",2021,0.414434148688906
"LSO","Lesotho",2022,0.421434190241079
"LBR","Liberia",1995,0.125860222088119
"LBR","Liberia",1996,0.125860222088119
"LBR","Liberia",1997,0.14452309539169
"LBR","Liberia",1998,0.16318596869526
"LBR","Liberia",1999,0.16995594848071
"LBR","Liberia",2000,0.17672592826616
"LBR","Liberia",2001,0.182836456831636
"LBR","Liberia",2002,0.188946985397112
"LBR","Liberia",2003,0.186959183591973
"LBR","Liberia",2004,0.198332619739845
"LBR","Liberia",2005,0.231148233916
"LBR","Liberia",2006,0.293350455281526
"LBR","Liberia",2007,0.321593408824225
"LBR","Liberia",2008,0.284089631227794
"LBR","Liberia",2009,0.313499085469047
"LBR","Liberia",2010,0.349682425525293
"LBR","Liberia",2011,0.34449573489814
"LBR","Liberia",2012,0.350823095544657
"LBR","Liberia",2013,0.351404348999974
"LBR","Liberia",2014,0.347837591261207
"LBR","Liberia",2015,0.340850600669837
"LBR","Liberia",2016,0.344625654614559
"LBR","Liberia",2017,0.352506581400141
"LBR","Liberia",2018,0.345104732453816
"LBR","Liberia",2019,0.335453821187672
"LBR","Liberia",2020,0.334291458432695
"LBR","Liberia",2021,0.34187819402964
"LBR","Liberia",2022,0.342845129726876
"LBY","Libyan Arab Jamahiriya",1995,0.265472421392204
"LBY","Libyan Arab Jamahiriya",1996,0.265472421392204
"LBY","Libyan Arab Jamahiriya",1997,0.266033501597328
"LBY","Libyan Arab Jamahiriya",1998,0.266594581802452
"LBY","Libyan Arab Jamahiriya",1999,0.285248807064096
"LBY","Libyan Arab Jamahiriya",2000,0.30390303232574
"LBY","Libyan Arab Jamahiriya",2001,0.30563828531932
"LBY","Libyan Arab Jamahiriya",2002,0.3073735383129
"LBY","Libyan Arab Jamahiriya",2003,0.336920261839266
"LBY","Libyan Arab Jamahiriya",2004,0.352783918867039
"LBY","Libyan Arab Jamahiriya",2005,0.343960857804269
"LBY","Libyan Arab Jamahiriya",2006,0.329576940399253
"LBY","Libyan Arab Jamahiriya",2007,0.372105160503705
"LBY","Libyan Arab Jamahiriya",2008,0.386374532519534
"LBY","Libyan Arab Jamahiriya",2009,0.363312778772566
"LBY","Libyan Arab Jamahiriya",2010,0.316911625422035
"LBY","Libyan Arab Jamahiriya",2011,0.252325749347147
"LBY","Libyan Arab Jamahiriya",2012,0.229847567177013
"LBY","Libyan Arab Jamahiriya",2013,0.191707978443224
"LBY","Libyan Arab Jamahiriya",2014,0.141390843281517
"LBY","Libyan Arab Jamahiriya",2015,0.131206867181418
"LBY","Libyan Arab Jamahiriya",2016,0.120573652323878
"LBY","Libyan Arab Jamahiriya",2017,0.122495730444236
"LBY","Libyan Arab Jamahiriya",2018,0.116767580643844
"LBY","Libyan Arab Jamahiriya",2019,0.100702880786808
"LBY","Libyan Arab Jamahiriya",2020,0.102881145689312
"LBY","Libyan Arab Jamahiriya",2021,0.125777660852723
"LBY","Libyan Arab Jamahiriya",2022,0.127927330542284
"LIE","Liechtenstein",1995,0.774923825452481
"LIE","Liechtenstein",1996,0.774923825452481
"LIE","Liechtenstein",1997,0.775265157236108
"LIE","Liechtenstein",1998,0.775606489019736
"LIE","Liechtenstein",1999,0.774637321764229
"LIE","Liechtenstein",2000,0.773668154508721
"LIE","Liechtenstein",2001,0.780843668032404
"LIE","Liechtenstein",2002,0.788019181556087
"LIE","Liechtenstein",2003,0.786389283583409
"LIE","Liechtenstein",2004,0.775426582087087
"LIE","Liechtenstein",2005,0.761750211957532
"LIE","Liechtenstein",2006,0.751036895450834
"LIE","Liechtenstein",2007,0.759057455791723
"LIE","Liechtenstein",2008,0.766323676927356
"LIE","Liechtenstein",2009,0.819547774099854
"LIE","Liechtenstein",2010,0.829242756787322
"LIE","Liechtenstein",2011,0.823246172853359
"LIE","Liechtenstein",2012,0.820229221790206
"LIE","Liechtenstein",2013,0.822991670034067
"LIE","Liechtenstein",2014,0.840269875562443
"LIE","Liechtenstein",2015,0.828624512103188
"LIE","Liechtenstein",2016,0.826951022480813
"LIE","Liechtenstein",2017,0.833528129301247
"LIE","Liechtenstein",2018,0.832973621346846
"LIE","Liechtenstein",2019,0.837460973255366
"LIE","Liechtenstein",2020,0.851150621720729
"LIE","Liechtenstein",2021,0.825920069595248
"LIE","Liechtenstein",2022,0.836629004192666
"LTU","Lithuania",1995,0.624370749163848
"LTU","Lithuania",1996,0.624370749163848
"LTU","Lithuania",1997,0.617425889351417
"LTU","Lithuania",1998,0.610481029538985
"LTU","Lithuania",1999,0.599245694320344
"LTU","Lithuania",2000,0.588010359101703
"LTU","Lithuania",2001,0.606744893036442
"LTU","Lithuania",2002,0.62547942697118
"LTU","Lithuania",2003,0.642887546008938
"LTU","Lithuania",2004,0.636306443512269
"LTU","Lithuania",2005,0.628325692203224
"LTU","Lithuania",2006,0.631495104977994
"LTU","Lithuania",2007,0.62698841877435
"LTU","Lithuania",2008,0.62596811575901
"LTU","Lithuania",2009,0.624967804876756
"LTU","Lithuania",2010,0.640021649467295
"LTU","Lithuania",2011,0.633028003794864
"LTU","Lithuania",2012,0.655059315996928
"LTU","Lithuania",2013,0.665316511644733
"LTU","Lithuania",2014,0.670839949598023
"LTU","Lithuania",2015,0.678570965118362
"LTU","Lithuania",2016,0.680798210933412
"LTU","Lithuania",2017,0.668884719446509
"LTU","Lithuania",2018,0.659850034102183
"LTU","Lithuania",2019,0.67887462506846
"LTU","Lithuania",2020,0.686728155037055
"LTU","Lithuania",2021,0.700112544311633
"LTU","Lithuania",2022,0.689634132688354
"LUX","Luxembourg",1995,0.844775286863392
"LUX","Luxembourg",1996,0.844775286863392
"LUX","Luxembourg",1997,0.837733878600562
"LUX","Luxembourg",1998,0.830692470337733
"LUX","Luxembourg",1999,0.848356568795418
"LUX","Luxembourg",2000,0.866020667253103
"LUX","Luxembourg",2001,0.869195764768181
"LUX","Luxembourg",2002,0.872370862283258
"LUX","Luxembourg",2003,0.836897307419715
"LUX","Luxembourg",2004,0.842494623461285
"LUX","Luxembourg",2005,0.824624555505155
"LUX","Luxembourg",2006,0.83584521760908
"LUX","Luxembourg",2007,0.850644582229686
"LUX","Luxembourg",2008,0.849699128024584
"LUX","Luxembourg",2009,0.848181577754619
"LUX","Luxembourg",2010,0.855675313687726
"LUX","Luxembourg",2011,0.864233545751595
"LUX","Luxembourg",2012,0.856155051067979
"LUX","Luxembourg",2013,0.85771325341755
"LUX","Luxembourg",2014,0.854310944010136
"LUX","Luxembourg",2015,0.853375150042017
"LUX","Luxembourg",2016,0.849570610862903
"LUX","Luxembourg",2017,0.836930775655115
"LUX","Luxembourg",2018,0.851313476609193
"LUX","Luxembourg",2019,0.848059858501196
"LUX","Luxembourg",2020,0.847070663118598
"LUX","Luxembourg",2021,0.839642217721263
"LUX","Luxembourg",2022,0.833924005929456
"MKD","Macedonia",1995,0.413882741963576
"MKD","Macedonia",1996,0.413882741963576
"MKD","Macedonia",1997,0.407213960571435
"MKD","Macedonia",1998,0.400545179179293
"MKD","Macedonia",1999,0.398733933947056
"MKD","Macedonia",2000,0.396922688714819
"MKD","Macedonia",2001,0.385323195363354
"MKD","Macedonia",2002,0.37372370201189
"MKD","Macedonia",2003,0.388774969483427
"MKD","Macedonia",2004,0.425267295069163
"MKD","Macedonia",2005,0.398277050893751
"MKD","Macedonia",2006,0.416263619460432
"MKD","Macedonia",2007,0.442573385120504
"MKD","Macedonia",2008,0.467484265473228
"MKD","Macedonia",2009,0.476204760834407
"MKD","Macedonia",2010,0.471454875555471
"MKD","Macedonia",2011,0.466889228908403
"MKD","Macedonia",2012,0.478771678166245
"MKD","Macedonia",2013,0.481966040814402
"MKD","Macedonia",2014,0.529489263659321
"MKD","Macedonia",2015,0.480508926959971
"MKD","Macedonia",2016,0.471949623960518
"MKD","Macedonia",2017,0.478974395303366
"MKD","Macedonia",2018,0.480910399179103
"MKD","Macedonia",2019,0.483142817436957
"MKD","Macedonia",2020,0.494985799690749
"MKD","Macedonia",2021,0.498475730399236
"MKD","Macedonia",2022,0.506344321076456
"MDG","Madagascar",1995,0.425151829464955
"MDG","Madagascar",1996,0.425151829464955
"MDG","Madagascar",1997,0.422950938775571
"MDG","Madagascar",1998,0.420750048086187
"MDG","Madagascar",1999,0.433574698843984
"MDG","Madagascar",2000,0.44639934960178
"MDG","Madagascar",2001,0.45696138923694
"MDG","Madagascar",2002,0.4675234288721
"MDG","Madagascar",2003,0.488263960677212
"MDG","Madagascar",2004,0.461589640590521
"MDG","Madagascar",2005,0.466367967568654
"MDG","Madagascar",2006,0.465221229986335
"MDG","Madagascar",2007,0.461977032081556
"MDG","Madagascar",2008,0.425775329259837
"MDG","Madagascar",2009,0.388778069347417
"MDG","Madagascar",2010,0.362951486013949
"MDG","Madagascar",2011,0.372664179785688
"MDG","Madagascar",2012,0.366485812817746
"MDG","Madagascar",2013,0.352025475134617
"MDG","Madagascar",2014,0.358085542565104
"MDG","Madagascar",2015,0.358493035891281
"MDG","Madagascar",2016,0.358496156867351
"MDG","Madagascar",2017,0.347718982352829
"MDG","Madagascar",2018,0.338603762631522
"MDG","Madagascar",2019,0.339351141790255
"MDG","Madagascar",2020,0.338847952846003
"MDG","Madagascar",2021,0.339192550974171
"MDG","Madagascar",2022,0.334684669543388
"MWI","Malawi",1995,0.431549132394924
"MWI","Malawi",1996,0.431549132394924
"MWI","Malawi",1997,0.444610400443634
"MWI","Malawi",1998,0.457671668492344
"MWI","Malawi",1999,0.449515186727204
"MWI","Malawi",2000,0.441358704962065
"MWI","Malawi",2001,0.419793131050642
"MWI","Malawi",2002,0.39822755713922
"MWI","Malawi",2003,0.427040362574595
"MWI","Malawi",2004,0.424242634081573
"MWI","Malawi",2005,0.434299616253693
"MWI","Malawi",2006,0.435928300635828
"MWI","Malawi",2007,0.442715664170368
"MWI","Malawi",2008,0.441252316316611
"MWI","Malawi",2009,0.451152309788115
"MWI","Malawi",2010,0.437637904759946
"MWI","Malawi",2011,0.429030376374578
"MWI","Malawi",2012,0.427496901371353
"MWI","Malawi",2013,0.416047879510498
"MWI","Malawi",2014,0.407128238905507
"MWI","Malawi",2015,0.39898593124108
"MWI","Malawi",2016,0.389064637531445
"MWI","Malawi",2017,0.39335927668408
"MWI","Malawi",2018,0.383892873879851
"MWI","Malawi",2019,0.390691720080447
"MWI","Malawi",2020,0.421918135851691
"MWI","Malawi",2021,0.426964463444487
"MWI","Malawi",2022,0.413113745762694
"MYS","Malaysia",1995,0.613213775048246
"MYS","Malaysia",1996,0.613213775048246
"MYS","Malaysia",1997,0.591636529018702
"MYS","Malaysia",1998,0.570059282989158
"MYS","Malaysia",1999,0.564227972434612
"MYS","Malaysia",2000,0.558396661880066
"MYS","Malaysia",2001,0.571530760166094
"MYS","Malaysia",2002,0.584664858452122
"MYS","Malaysia",2003,0.593405381208555
"MYS","Malaysia",2004,0.581098990737507
"MYS","Malaysia",2005,0.589041478599345
"MYS","Malaysia",2006,0.575462881011165
"MYS","Malaysia",2007,0.563071628102925
"MYS","Malaysia",2008,0.527988306098977
"MYS","Malaysia",2009,0.526703387699381
"MYS","Malaysia",2010,0.56123808285959
"MYS","Malaysia",2011,0.553671788403251
"MYS","Malaysia",2012,0.556495907202575
"MYS","Malaysia",2013,0.568449794749731
"MYS","Malaysia",2014,0.601771579662058
"MYS","Malaysia",2015,0.578209549540209
"MYS","Malaysia",2016,0.561259920817827
"MYS","Malaysia",2017,0.558867538699225
"MYS","Malaysia",2018,0.584612767331023
"MYS","Malaysia",2019,0.573118344873987
"MYS","Malaysia",2020,0.581814155194107
"MYS","Malaysia",2021,0.574698527122807
"MYS","Malaysia",2022,0.582025499540469
"MDV","Maldives",1995,0.573256925014738
"MDV","Maldives",1996,0.573256925014738
"MDV","Maldives",1997,0.574093444112315
"MDV","Maldives",1998,0.574929963209892
"MDV","Maldives",1999,0.587895108596155
"MDV","Maldives",2000,0.600860253982417
"MDV","Maldives",2001,0.593798646073374
"MDV","Maldives",2002,0.586737038164331
"MDV","Maldives",2003,0.591979109663622
"MDV","Maldives",2004,0.492052313415329
"MDV","Maldives",2005,0.542473102122963
"MDV","Maldives",2006,0.518599364939149
"MDV","Maldives",2007,0.452677321833866
"MDV","Maldives",2008,0.421031233155291
"MDV","Maldives",2009,0.427596043565169
"MDV","Maldives",2010,0.429333614818537
"MDV","Maldives",2011,0.414290226019981
"MDV","Maldives",2012,0.399713574052838
"MDV","Maldives",2013,0.405621606934824
"MDV","Maldives",2014,0.466347340817505
"MDV","Maldives",2015,0.441996803346997
"MDV","Maldives",2016,0.438192181403246
"MDV","Maldives",2017,0.412880070842822
"MDV","Maldives",2018,0.401766651581947
"MDV","Maldives",2019,0.440670983489635
"MDV","Maldives",2020,0.454204969644265
"MDV","Maldives",2021,0.463779652281054
"MDV","Maldives",2022,0.473914182871259
"MLI","Mali",1995,0.43226923731791
"MLI","Mali",1996,0.43226923731791
"MLI","Mali",1997,0.437185448571526
"MLI","Mali",1998,0.442101659825142
"MLI","Mali",1999,0.437924451148212
"MLI","Mali",2000,0.433747242471281
"MLI","Mali",2001,0.43515986968505
"MLI","Mali",2002,0.436572496898819
"MLI","Mali",2003,0.443332302853241
"MLI","Mali",2004,0.447027841404102
"MLI","Mali",2005,0.446305365858219
"MLI","Mali",2006,0.455603293442412
"MLI","Mali",2007,0.45930366364635
"MLI","Mali",2008,0.443624539619999
"MLI","Mali",2009,0.421709823689321
"MLI","Mali",2010,0.409478023533893
"MLI","Mali",2011,0.389848772107411
"MLI","Mali",2012,0.313097355367066
"MLI","Mali",2013,0.320166729792632
"MLI","Mali",2014,0.322712799270062
"MLI","Mali",2015,0.321058257774953
"MLI","Mali",2016,0.322987695743061
"MLI","Mali",2017,0.312485158785146
"MLI","Mali",2018,0.301824987535001
"MLI","Mali",2019,0.293072112680922
"MLI","Mali",2020,0.283759012998616
"MLI","Mali",2021,0.274213508817666
"MLI","Mali",2022,0.264503470098304
"MLT","Malta",1995,0.686391140500044
"MLT","Malta",1996,0.686391140500044
"MLT","Malta",1997,0.6961579593675
"MLT","Malta",1998,0.705924778234956
"MLT","Malta",1999,0.725392960174451
"MLT","Malta",2000,0.744861142113946
"MLT","Malta",2001,0.742642456602334
"MLT","Malta",2002,0.740423771090722
"MLT","Malta",2003,0.754064298250096
"MLT","Malta",2004,0.726830731068993
"MLT","Malta",2005,0.730516654477085
"MLT","Malta",2006,0.744379342019772
"MLT","Malta",2007,0.751071574396673
"MLT","Malta",2008,0.752464238369419
"MLT","Malta",2009,0.739928931891334
"MLT","Malta",2010,0.741202522053915
"MLT","Malta",2011,0.720432618358421
"MLT","Malta",2012,0.732936906350474
"MLT","Malta",2013,0.732178968545268
"MLT","Malta",2014,0.711173141199634
"MLT","Malta",2015,0.708662381455312
"MLT","Malta",2016,0.69153113113219
"MLT","Malta",2017,0.713382266202373
"MLT","Malta",2018,0.704147225165322
"MLT","Malta",2019,0.649525251096568
"MLT","Malta",2020,0.668107836183404
"MLT","Malta",2021,0.637926309616922
"MLT","Malta",2022,0.62722330447421
"MHL","Marshall Islands",1995,0.5096711345038
"MHL","Marshall Islands",1996,0.5096711345038
"MHL","Marshall Islands",1997,0.510676458113907
"MHL","Marshall Islands",1998,0.511681781724014
"MHL","Marshall Islands",1999,0.536258143495901
"MHL","Marshall Islands",2000,0.560834505267788
"MHL","Marshall Islands",2001,0.560692917401512
"MHL","Marshall Islands",2002,0.560551329535236
"MHL","Marshall Islands",2003,0.560518836550513
"MHL","Marshall Islands",2004,0.558546003475481
"MHL","Marshall Islands",2005,0.539829920385906
"MHL","Marshall Islands",2006,0.49375848553666
"MHL","Marshall Islands",2007,0.499698120893084
"MHL","Marshall Islands",2008,0.488846885172234
"MHL","Marshall Islands",2009,0.478048652242022
"MHL","Marshall Islands",2010,0.469151189178867
"MHL","Marshall Islands",2011,0.488574672963976
"MHL","Marshall Islands",2012,0.486225803914936
"MHL","Marshall Islands",2013,0.504235335157811
"MHL","Marshall Islands",2014,0.484377886490754
"MHL","Marshall Islands",2015,0.533912518511883
"MHL","Marshall Islands",2016,0.5403886604741
"MHL","Marshall Islands",2017,0.558276612736613
"MHL","Marshall Islands",2018,0.533719996522344
"MHL","Marshall Islands",2019,0.560353305408807
"MHL","Marshall Islands",2020,0.567342168994153
"MHL","Marshall Islands",2021,0.571953602754952
"MHL","Marshall Islands",2022,0.585849489333613
"MRT","Mauritania",1995,0.441448393410709
"MRT","Mauritania",1996,0.441448393410709
"MRT","Mauritania",1997,0.442149872387769
"MRT","Mauritania",1998,0.442851351364828
"MRT","Mauritania",1999,0.448144733705356
"MRT","Mauritania",2000,0.453438116045884
"MRT","Mauritania",2001,0.47596690259273
"MRT","Mauritania",2002,0.498495689139575
"MRT","Mauritania",2003,0.462219222349255
"MRT","Mauritania",2004,0.429386518890243
"MRT","Mauritania",2005,0.407475296780452
"MRT","Mauritania",2006,0.40766819039366
"MRT","Mauritania",2007,0.398073171701465
"MRT","Mauritania",2008,0.338780633972992
"MRT","Mauritania",2009,0.353970901520772
"MRT","Mauritania",2010,0.32908537794275
"MRT","Mauritania",2011,0.329482693205832
"MRT","Mauritania",2012,0.329340420729329
"MRT","Mauritania",2013,0.327074613864917
"MRT","Mauritania",2014,0.339098791222019
"MRT","Mauritania",2015,0.331827567017756
"MRT","Mauritania",2016,0.350460851064926
"MRT","Mauritania",2017,0.359496492376196
"MRT","Mauritania",2018,0.350696053566378
"MRT","Mauritania",2019,0.357324734430718
"MRT","Mauritania",2020,0.351160936972297
"MRT","Mauritania",2021,0.342848016787692
"MRT","Mauritania",2022,0.34947261313961
"MUS","Mauritius",1995,0.589248803615227
"MUS","Mauritius",1996,0.589248803615227
"MUS","Mauritius",1997,0.601024581448533
"MUS","Mauritius",1998,0.612800359281838
"MUS","Mauritius",1999,0.611868807404742
"MUS","Mauritius",2000,0.610937255527646
"MUS","Mauritius",2001,0.622096322291589
"MUS","Mauritius",2002,0.633255389055532
"MUS","Mauritius",2003,0.623443552338651
"MUS","Mauritius",2004,0.616446640051672
"MUS","Mauritius",2005,0.625628944192814
"MUS","Mauritius",2006,0.615367655597412
"MUS","Mauritius",2007,0.625135310185843
"MUS","Mauritius",2008,0.648634034973258
"MUS","Mauritius",2009,0.640917104083569
"MUS","Mauritius",2010,0.640731548725019
"MUS","Mauritius",2011,0.653496180233604
"MUS","Mauritius",2012,0.654869380261754
"MUS","Mauritius",2013,0.64898147731875
"MUS","Mauritius",2014,0.655060519269162
"MUS","Mauritius",2015,0.655263334470295
"MUS","Mauritius",2016,0.639283815537518
"MUS","Mauritius",2017,0.637395486510177
"MUS","Mauritius",2018,0.636446074399014
"MUS","Mauritius",2019,0.633249794665196
"MUS","Mauritius",2020,0.667338143127238
"MUS","Mauritius",2021,0.662369737724383
"MUS","Mauritius",2022,0.658882816605044
"MEX","Mexico",1995,0.403754250154097
"MEX","Mexico",1996,0.403754250154097
"MEX","Mexico",1997,0.423313029527898
"MEX","Mexico",1998,0.4428718089017
"MEX","Mexico",1999,0.461082806037124
"MEX","Mexico",2000,0.479293803172549
"MEX","Mexico",2001,0.48456157103323
"MEX","Mexico",2002,0.489829338893912
"MEX","Mexico",2003,0.481312249763654
"MEX","Mexico",2004,0.470774285278425
"MEX","Mexico",2005,0.45238024968847
"MEX","Mexico",2006,0.45005783319104
"MEX","Mexico",2007,0.442731296335998
"MEX","Mexico",2008,0.43141532059287
"MEX","Mexico",2009,0.432765411461914
"MEX","Mexico",2010,0.426285295483488
"MEX","Mexico",2011,0.428292121701669
"MEX","Mexico",2012,0.440287628868391
"MEX","Mexico",2013,0.431195216197827
"MEX","Mexico",2014,0.414853939743065
"MEX","Mexico",2015,0.407971899004536
"MEX","Mexico",2016,0.40742545987071
"MEX","Mexico",2017,0.393030035698086
"MEX","Mexico",2018,0.391311123964663
"MEX","Mexico",2019,0.381428079662783
"MEX","Mexico",2020,0.382774284745477
"MEX","Mexico",2021,0.361876759071851
"MEX","Mexico",2022,0.364341194066577
"FSM","Micronesia, Federated States of",1995,0.609827746755687
"FSM","Micronesia, Federated States of",1996,0.609827746755687
"FSM","Micronesia, Federated States of",1997,0.611481872669869
"FSM","Micronesia, Federated States of",1998,0.613135998584052
"FSM","Micronesia, Federated States of",1999,0.612232521791952
"FSM","Micronesia, Federated States of",2000,0.611329044999852
"FSM","Micronesia, Federated States of",2001,0.611187457133576
"FSM","Micronesia, Federated States of",2002,0.6110458692673
"FSM","Micronesia, Federated States of",2003,0.611013376282576
"FSM","Micronesia, Federated States of",2004,0.635904678387972
"FSM","Micronesia, Federated States of",2005,0.618618870290625
"FSM","Micronesia, Federated States of",2006,0.622025448355009
"FSM","Micronesia, Federated States of",2007,0.58317610516787
"FSM","Micronesia, Federated States of",2008,0.539012473978242
"FSM","Micronesia, Federated States of",2009,0.528698462455774
"FSM","Micronesia, Federated States of",2010,0.508924869825358
"FSM","Micronesia, Federated States of",2011,0.482171999492386
"FSM","Micronesia, Federated States of",2012,0.49898260300714
"FSM","Micronesia, Federated States of",2013,0.498412178364217
"FSM","Micronesia, Federated States of",2014,0.527056945454751
"FSM","Micronesia, Federated States of",2015,0.521460090376792
"FSM","Micronesia, Federated States of",2016,0.539684548626474
"FSM","Micronesia, Federated States of",2017,0.549759403358279
"FSM","Micronesia, Federated States of",2018,0.553346942284322
"FSM","Micronesia, Federated States of",2019,0.546749452988535
"FSM","Micronesia, Federated States of",2020,0.565740622052689
"FSM","Micronesia, Federated States of",2021,0.576558134459125
"FSM","Micronesia, Federated States of",2022,0.587960339745291
"MDA","Moldova, Republic of",1995,0.468269367607196
"MDA","Moldova, Republic of",1996,0.468269367607196
"MDA","Moldova, Republic of",1997,0.47789140251699
"MDA","Moldova, Republic of",1998,0.487513437426783
"MDA","Moldova, Republic of",1999,0.452815351568106
"MDA","Moldova, Republic of",2000,0.41811726570943
"MDA","Moldova, Republic of",2001,0.403241593766789
"MDA","Moldova, Republic of",2002,0.388365921824148
"MDA","Moldova, Republic of",2003,0.398889997061748
"MDA","Moldova, Republic of",2004,0.393631559802322
"MDA","Moldova, Republic of",2005,0.406161431124225
"MDA","Moldova, Republic of",2006,0.406638953722737
"MDA","Moldova, Republic of",2007,0.424606883650082
"MDA","Moldova, Republic of",2008,0.42336213040548
"MDA","Moldova, Republic of",2009,0.40825640753847
"MDA","Moldova, Republic of",2010,0.423023055332712
"MDA","Moldova, Republic of",2011,0.442923066174684
"MDA","Moldova, Republic of",2012,0.447257837987198
"MDA","Moldova, Republic of",2013,0.43655853551834
"MDA","Moldova, Republic of",2014,0.435057031780203
"MDA","Moldova, Republic of",2015,0.412032379550996
"MDA","Moldova, Republic of",2016,0.401247704609707
"MDA","Moldova, Republic of",2017,0.417478218480454
"MDA","Moldova, Republic of",2018,0.419064891859513
"MDA","Moldova, Republic of",2019,0.423993037156902
"MDA","Moldova, Republic of",2020,0.429571736442266
"MDA","Moldova, Republic of",2021,0.449015872058153
"MDA","Moldova, Republic of",2022,0.444739149419209
"MCO","Monaco",1995,0.754762848833654
"MCO","Monaco",1996,0.754762848833654
"MCO","Monaco",1997,0.756416974747836
"MCO","Monaco",1998,0.758071100662019
"MCO","Monaco",1999,0.757167623869919
"MCO","Monaco",2000,0.756264147077819
"MCO","Monaco",2001,0.756122559211543
"MCO","Monaco",2002,0.755980971345267
"MCO","Monaco",2003,0.755948478360544
"MCO","Monaco",2004,0.753145977126936
"MCO","Monaco",2005,0.747151298684345
"MCO","Monaco",2006,0.756398378529716
"MCO","Monaco",2007,0.752398029602742
"MCO","Monaco",2008,0.753270400585388
"MCO","Monaco",2009,0.753097172009076
"MCO","Monaco",2010,0.749515366634038
"MCO","Monaco",2011,0.755691645683713
"MCO","Monaco",2012,0.755314077465802
"MCO","Monaco",2013,0.75577543557631
"MCO","Monaco",2014,0.768694910888495
"MCO","Monaco",2015,0.795569142439113
"MCO","Monaco",2016,0.794015209023254
"MCO","Monaco",2017,0.807743288907754
"MCO","Monaco",2018,0.806654188368134
"MCO","Monaco",2019,0.807070650949413
"MCO","Monaco",2020,0.758895841768405
"MCO","Monaco",2021,0.761787575779369
"MCO","Monaco",2022,0.769215661141593
"MNG","Mongolia",1995,0.542021726029524
"MNG","Mongolia",1996,0.542021726029524
"MNG","Mongolia",1997,0.534831209192633
"MNG","Mongolia",1998,0.527640692355742
"MNG","Mongolia",1999,0.520643245679727
"MNG","Mongolia",2000,0.513645799003712
"MNG","Mongolia",2001,0.537193761798076
"MNG","Mongolia",2002,0.560741724592441
"MNG","Mongolia",2003,0.517733288434161
"MNG","Mongolia",2004,0.504280930910426
"MNG","Mongolia",2005,0.470138103373211
"MNG","Mongolia",2006,0.46474182916628
"MNG","Mongolia",2007,0.464849749979144
"MNG","Mongolia",2008,0.453341022288189
"MNG","Mongolia",2009,0.456534634227526
"MNG","Mongolia",2010,0.455009012755558
"MNG","Mongolia",2011,0.463522815516722
"MNG","Mongolia",2012,0.462924499856782
"MNG","Mongolia",2013,0.46156795159651
"MNG","Mongolia",2014,0.479102019400238
"MNG","Mongolia",2015,0.465647177588022
"MNG","Mongolia",2016,0.49071368561781
"MNG","Mongolia",2017,0.486749578736415
"MNG","Mongolia",2018,0.49887083266356
"MNG","Mongolia",2019,0.49059393168811
"MNG","Mongolia",2020,0.486062473860933
"MNG","Mongolia",2021,0.475896894662557
"MNG","Mongolia",2022,0.470280623968227
"MNE","Montenegro",1995,0.487278868097551
"MNE","Montenegro",1996,0.487278868097551
"MNE","Montenegro",1997,0.487278868097551
"MNE","Montenegro",1998,0.487278868097551
"MNE","Montenegro",1999,0.495142157959858
"MNE","Montenegro",2000,0.503005447822165
"MNE","Montenegro",2001,0.50255578291957
"MNE","Montenegro",2002,0.502106118016975
"MNE","Montenegro",2003,0.465357548820734
"MNE","Montenegro",2004,0.460191579800249
"MNE","Montenegro",2005,0.470473464312327
"MNE","Montenegro",2006,0.444519591351508
"MNE","Montenegro",2007,0.469070007987589
"MNE","Montenegro",2008,0.513564489631607
"MNE","Montenegro",2009,0.525356842223744
"MNE","Montenegro",2010,0.509220991053481
"MNE","Montenegro",2011,0.510787519170279
"MNE","Montenegro",2012,0.519204105335761
"MNE","Montenegro",2013,0.51033752615344
"MNE","Montenegro",2014,0.516663604216051
"MNE","Montenegro",2015,0.509975533674933
"MNE","Montenegro",2016,0.514078293119981
"MNE","Montenegro",2017,0.50525632033499
"MNE","Montenegro",2018,0.522523522949986
"MNE","Montenegro",2019,0.522179190864628
"MNE","Montenegro",2020,0.516143223266879
"MNE","Montenegro",2021,0.514156203547271
"MNE","Montenegro",2022,0.513577431882122
"MAR","Morocco",1995,0.492820558401807
"MAR","Morocco",1996,0.492820558401807
"MAR","Morocco",1997,0.510869399738206
"MAR","Morocco",1998,0.528918241074605
"MAR","Morocco",1999,0.509295914256512
"MAR","Morocco",2000,0.48967358743842
"MAR","Morocco",2001,0.480262671551039
"MAR","Morocco",2002,0.470851755663659
"MAR","Morocco",2003,0.446617174431665
"MAR","Morocco",2004,0.460187812153893
"MAR","Morocco",2005,0.418884463851879
"MAR","Morocco",2006,0.428802888057463
"MAR","Morocco",2007,0.431491697755974
"MAR","Morocco",2008,0.425852897797036
"MAR","Morocco",2009,0.446499986243804
"MAR","Morocco",2010,0.455990369726368
"MAR","Morocco",2011,0.43702910225239
"MAR","Morocco",2012,0.433746631621089
"MAR","Morocco",2013,0.435217837900276
"MAR","Morocco",2014,0.457641594768427
"MAR","Morocco",2015,0.457118731451618
"MAR","Morocco",2016,0.456448541017389
"MAR","Morocco",2017,0.452914638352104
"MAR","Morocco",2018,0.445488778195374
"MAR","Morocco",2019,0.448725485233745
"MAR","Morocco",2020,0.451386899958355
"MAR","Morocco",2021,0.441970635846163
"MAR","Morocco",2022,0.453875962787009
"MOZ","Mozambique",1995,0.410322301017532
"MOZ","Mozambique",1996,0.410322301017532
"MOZ","Mozambique",1997,0.419011333669818
"MOZ","Mozambique",1998,0.427700366322105
"MOZ","Mozambique",1999,0.423474164051248
"MOZ","Mozambique",2000,0.419247961780391
"MOZ","Mozambique",2001,0.42216636124334
"MOZ","Mozambique",2002,0.42508476070629
"MOZ","Mozambique",2003,0.410755415862535
"MOZ","Mozambique",2004,0.409216813929927
"MOZ","Mozambique",2005,0.408999360923829
"MOZ","Mozambique",2006,0.427503859847557
"MOZ","Mozambique",2007,0.426612267379517
"MOZ","Mozambique",2008,0.434963927048289
"MOZ","Mozambique",2009,0.453285820423944
"MOZ","Mozambique",2010,0.447612924266782
"MOZ","Mozambique",2011,0.436024723354509
"MOZ","Mozambique",2012,0.433785112297629
"MOZ","Mozambique",2013,0.396828860981126
"MOZ","Mozambique",2014,0.387929859660881
"MOZ","Mozambique",2015,0.364667484965526
"MOZ","Mozambique",2016,0.313234472447737
"MOZ","Mozambique",2017,0.325645850301531
"MOZ","Mozambique",2018,0.327974150499731
"MOZ","Mozambique",2019,0.32928866583849
"MOZ","Mozambique",2020,0.312105629464303
"MOZ","Mozambique",2021,0.310384121587595
"MOZ","Mozambique",2022,0.312570507378704
"MMR","Myanmar",1995,0.201036740798937
"MMR","Myanmar",1996,0.201036740798937
"MMR","Myanmar",1997,0.199640597886557
"MMR","Myanmar",1998,0.198244454974176
"MMR","Myanmar",1999,0.190065232019248
"MMR","Myanmar",2000,0.18188600906432
"MMR","Myanmar",2001,0.181108648601121
"MMR","Myanmar",2002,0.180331288137924
"MMR","Myanmar",2003,0.18360028254522
"MMR","Myanmar",2004,0.163390947838307
"MMR","Myanmar",2005,0.184315044837225
"MMR","Myanmar",2006,0.186136401066042
"MMR","Myanmar",2007,0.174182214464121
"MMR","Myanmar",2008,0.176989490604291
"MMR","Myanmar",2009,0.165051478437099
"MMR","Myanmar",2010,0.163355822284137
"MMR","Myanmar",2011,0.187908521576724
"MMR","Myanmar",2012,0.242596192368813
"MMR","Myanmar",2013,0.259938409616507
"MMR","Myanmar",2014,0.276703947163578
"MMR","Myanmar",2015,0.279304869105523
"MMR","Myanmar",2016,0.343064392021756
"MMR","Myanmar",2017,0.332762217165991
"MMR","Myanmar",2018,0.32406793796867
"MMR","Myanmar",2019,0.317577941799062
"MMR","Myanmar",2020,0.308587487998951
"MMR","Myanmar",2021,0.224810318945328
"MMR","Myanmar",2022,0.204615176664017
"NAM","Namibia",1995,0.615626615880089
"NAM","Namibia",1996,0.615626615880089
"NAM","Namibia",1997,0.606828366020058
"NAM","Namibia",1998,0.598030116160028
"NAM","Namibia",1999,0.577824199470803
"NAM","Namibia",2000,0.557618282781578
"NAM","Namibia",2001,0.557660981744299
"NAM","Namibia",2002,0.557703680707019
"NAM","Namibia",2003,0.558909872267931
"NAM","Namibia",2004,0.54769281187293
"NAM","Namibia",2005,0.541541591005524
"NAM","Namibia",2006,0.565383682096033
"NAM","Namibia",2007,0.574082407353395
"NAM","Namibia",2008,0.630831574373828
"NAM","Namibia",2009,0.581981977292151
"NAM","Namibia",2010,0.577819171721794
"NAM","Namibia",2011,0.569916533580126
"NAM","Namibia",2012,0.58538002842687
"NAM","Namibia",2013,0.584690760514648
"NAM","Namibia",2014,0.557327072370307
"NAM","Namibia",2015,0.562711016945069
"NAM","Namibia",2016,0.570508515691867
"NAM","Namibia",2017,0.551698077074333
"NAM","Namibia",2018,0.565448001376349
"NAM","Namibia",2019,0.561629014954386
"NAM","Namibia",2020,0.557411564042589
"NAM","Namibia",2021,0.553528493151962
"NAM","Namibia",2022,0.557601914711712
"NRU","Nauru",1995,0.537190007681624
"NRU","Nauru",1996,0.537190007681624
"NRU","Nauru",1997,0.538844133595806
"NRU","Nauru",1998,0.540498259509989
"NRU","Nauru",1999,0.539594782717888
"NRU","Nauru",2000,0.538691305925788
"NRU","Nauru",2001,0.538549718059512
"NRU","Nauru",2002,0.538408130193236
"NRU","Nauru",2003,0.538375637208513
"NRU","Nauru",2004,0.536402804133481
"NRU","Nauru",2005,0.531328478162894
"NRU","Nauru",2006,0.540241336479981
"NRU","Nauru",2007,0.518661153502907
"NRU","Nauru",2008,0.501638024613066
"NRU","Nauru",2009,0.512094913445749
"NRU","Nauru",2010,0.535967138928356
"NRU","Nauru",2011,0.518838835368116
"NRU","Nauru",2012,0.521772107412007
"NRU","Nauru",2013,0.47234667876618
"NRU","Nauru",2014,0.389788689602984
"NRU","Nauru",2015,0.507719559909366
"NRU","Nauru",2016,0.526393864039373
"NRU","Nauru",2017,0.531190198556014
"NRU","Nauru",2018,0.562335924553156
"NRU","Nauru",2019,0.5531647741602
"NRU","Nauru",2020,0.560777112893628
"NRU","Nauru",2021,0.563607250977199
"NRU","Nauru",2022,0.574435398767088
"NPL","Nepal",1995,0.442169384098628
"NPL","Nepal",1996,0.442169384098628
"NPL","Nepal",1997,0.428373886726
"NPL","Nepal",1998,0.414578389353371
"NPL","Nepal",1999,0.395609962774429
"NPL","Nepal",2000,0.376641536195486
"NPL","Nepal",2001,0.361829303633356
"NPL","Nepal",2002,0.347017071071226
"NPL","Nepal",2003,0.336455419453583
"NPL","Nepal",2004,0.292180912479993
"NPL","Nepal",2005,0.302477199132065
"NPL","Nepal",2006,0.324418354406552
"NPL","Nepal",2007,0.317943567381586
"NPL","Nepal",2008,0.311378740649128
"NPL","Nepal",2009,0.31362151267533
"NPL","Nepal",2010,0.309236192611108
"NPL","Nepal",2011,0.315804640885871
"NPL","Nepal",2012,0.319852863739236
"NPL","Nepal",2013,0.33620240719682
"NPL","Nepal",2014,0.36331119322068
"NPL","Nepal",2015,0.349383771863399
"NPL","Nepal",2016,0.339310087644817
"NPL","Nepal",2017,0.361645739041527
"NPL","Nepal",2018,0.376709193891993
"NPL","Nepal",2019,0.379341741072973
"NPL","Nepal",2020,0.398471238708054
"NPL","Nepal",2021,0.406256633685135
"NPL","Nepal",2022,0.40648253859193
"NLD","Netherlands",1995,0.861925977978859
"NLD","Netherlands",1996,0.861925977978859
"NLD","Netherlands",1997,0.865321942047937
"NLD","Netherlands",1998,0.868717906117015
"NLD","Netherlands",1999,0.877704886700014
"NLD","Netherlands",2000,0.886691867283013
"NLD","Netherlands",2001,0.868868527103503
"NLD","Netherlands",2002,0.851045186923993
"NLD","Netherlands",2003,0.835925378437902
"NLD","Netherlands",2004,0.832247079977185
"NLD","Netherlands",2005,0.825385859994688
"NLD","Netherlands",2006,0.828547379811001
"NLD","Netherlands",2007,0.835883211098131
"NLD","Netherlands",2008,0.834034385299986
"NLD","Netherlands",2009,0.837719819446216
"NLD","Netherlands",2010,0.837393533562399
"NLD","Netherlands",2011,0.848124002346075
"NLD","Netherlands",2012,0.850858496751721
"NLD","Netherlands",2013,0.84415929564923
"NLD","Netherlands",2014,0.844075858498937
"NLD","Netherlands",2015,0.829035092472287
"NLD","Netherlands",2016,0.835577067962075
"NLD","Netherlands",2017,0.828882581430347
"NLD","Netherlands",2018,0.832220742718375
"NLD","Netherlands",2019,0.821662166317272
"NLD","Netherlands",2020,0.823366764731643
"NLD","Netherlands",2021,0.82537994663452
"NLD","Netherlands",2022,0.809435072085111
"NZL","New Zealand",1995,0.866167716128403
"NZL","New Zealand",1996,0.866167716128403
"NZL","New Zealand",1997,0.868114159961458
"NZL","New Zealand",1998,0.870060603794512
"NZL","New Zealand",1999,0.863613640669147
"NZL","New Zealand",2000,0.857166677543783
"NZL","New Zealand",2001,0.85575758400938
"NZL","New Zealand",2002,0.854348490474979
"NZL","New Zealand",2003,0.857147798882345
"NZL","New Zealand",2004,0.879531202414483
"NZL","New Zealand",2005,0.853486782208319
"NZL","New Zealand",2006,0.861748102193136
"NZL","New Zealand",2007,0.863586130952523
"NZL","New Zealand",2008,0.864283030578072
"NZL","New Zealand",2009,0.869824493494611
"NZL","New Zealand",2010,0.870459759817946
"NZL","New Zealand",2011,0.883400175859235
"NZL","New Zealand",2012,0.877246849610485
"NZL","New Zealand",2013,0.880821774761129
"NZL","New Zealand",2014,0.889325979427417
"NZL","New Zealand",2015,0.886690642293501
"NZL","New Zealand",2016,0.889711461579987
"NZL","New Zealand",2017,0.891121564256738
"NZL","New Zealand",2018,0.879093988365242
"NZL","New Zealand",2019,0.868775073506429
"NZL","New Zealand",2020,0.870141293074811
"NZL","New Zealand",2021,0.863719897047956
"NZL","New Zealand",2022,0.860404660972447
"NIC","Nicaragua",1995,0.400155201606536
"NIC","Nicaragua",1996,0.400155201606536
"NIC","Nicaragua",1997,0.392301796623615
"NIC","Nicaragua",1998,0.384448391640695
"NIC","Nicaragua",1999,0.385404291632945
"NIC","Nicaragua",2000,0.386360191625195
"NIC","Nicaragua",2001,0.399730198072775
"NIC","Nicaragua",2002,0.413100204520356
"NIC","Nicaragua",2003,0.404365945774148
"NIC","Nicaragua",2004,0.405954904633876
"NIC","Nicaragua",2005,0.399905697094784
"NIC","Nicaragua",2006,0.393885094754218
"NIC","Nicaragua",2007,0.391817208376604
"NIC","Nicaragua",2008,0.387833265453972
"NIC","Nicaragua",2009,0.387018099017928
"NIC","Nicaragua",2010,0.381135420228349
"NIC","Nicaragua",2011,0.395007974221008
"NIC","Nicaragua",2012,0.390841029831424
"NIC","Nicaragua",2013,0.400645813647626
"NIC","Nicaragua",2014,0.394094365653542
"NIC","Nicaragua",2015,0.388174846345143
"NIC","Nicaragua",2016,0.388045349291783
"NIC","Nicaragua",2017,0.381323827266532
"NIC","Nicaragua",2018,0.313226372911255
"NIC","Nicaragua",2019,0.30577201983627
"NIC","Nicaragua",2020,0.316584335989338
"NIC","Nicaragua",2021,0.300489378940164
"NIC","Nicaragua",2022,0.303555606515584
"NER","Niger",1995,0.372617398491
"NER","Niger",1996,0.372617398491
"NER","Niger",1997,0.36456380042485
"NER","Niger",1998,0.356510202358701
"NER","Niger",1999,0.366974727497416
"NER","Niger",2000,0.377439252636131
"NER","Niger",2001,0.37266980598856
"NER","Niger",2002,0.367900359340988
"NER","Niger",2003,0.389493510282448
"NER","Niger",2004,0.363675638216788
"NER","Niger",2005,0.38377582459444
"NER","Niger",2006,0.3866492751424
"NER","Niger",2007,0.380910966764651
"NER","Niger",2008,0.374891957485622
"NER","Niger",2009,0.367416298490004
"NER","Niger",2010,0.36193533635049
"NER","Niger",2011,0.378748232458649
"NER","Niger",2012,0.352782202604519
"NER","Niger",2013,0.348172921919246
"NER","Niger",2014,0.342852166480559
"NER","Niger",2015,0.35003821793997
"NER","Niger",2016,0.347195667719214
"NER","Niger",2017,0.337772472893852
"NER","Niger",2018,0.346160216996938
"NER","Niger",2019,0.345697613653512
"NER","Niger",2020,0.324371963335899
"NER","Niger",2021,0.343831108915127
"NER","Niger",2022,0.345672542304655
"NGA","Nigeria",1995,0.277077279940088
"NGA","Nigeria",1996,0.277077279940088
"NGA","Nigeria",1997,0.291584831932945
"NGA","Nigeria",1998,0.306092383925802
"NGA","Nigeria",1999,0.284584484102778
"NGA","Nigeria",2000,0.263076584279753
"NGA","Nigeria",2001,0.238557947765245
"NGA","Nigeria",2002,0.214039311250739
"NGA","Nigeria",2003,0.215132261814235
"NGA","Nigeria",2004,0.212466606019949
"NGA","Nigeria",2005,0.256857633926976
"NGA","Nigeria",2006,0.250199498543919
"NGA","Nigeria",2007,0.257788045669351
"NGA","Nigeria",2008,0.278967721513375
"NGA","Nigeria",2009,0.262074643997793
"NGA","Nigeria",2010,0.252901034455622
"NGA","Nigeria",2011,0.257122789163107
"NGA","Nigeria",2012,0.255011743930498
"NGA","Nigeria",2013,0.25305427564168
"NGA","Nigeria",2014,0.243449518253078
"NGA","Nigeria",2015,0.264317334476272
"NGA","Nigeria",2016,0.263874788046172
"NGA","Nigeria",2017,0.263895706158049
"NGA","Nigeria",2018,0.261115207031687
"NGA","Nigeria",2019,0.26224537242429
"NGA","Nigeria",2020,0.264252185923313
"NGA","Nigeria",2021,0.272386991858731
"NGA","Nigeria",2022,0.259423339036918
"NOR","Norway",1995,0.858069687992974
"NOR","Norway",1996,0.858069687992974
"NOR","Norway",1997,0.855950396730087
"NOR","Norway",1998,0.8538311054672
"NOR","Norway",1999,0.844386813240072
"NOR","Norway",2000,0.834942521012943
"NOR","Norway",2001,0.839559920785834
"NOR","Norway",2002,0.844177320558724
"NOR","Norway",2003,0.82672252740214
"NOR","Norway",2004,0.83123354877845
"NOR","Norway",2005,0.840015025977767
"NOR","Norway",2006,0.835133661958924
"NOR","Norway",2007,0.825970116520921
"NOR","Norway",2008,0.830355981071632
"NOR","Norway",2009,0.835745565378774
"NOR","Norway",2010,0.846582473960937
"NOR","Norway",2011,0.853828998596545
"NOR","Norway",2012,0.860566970991553
"NOR","Norway",2013,0.87066452844602
"NOR","Norway",2014,0.858796556630934
"NOR","Norway",2015,0.853924326854176
"NOR","Norway",2016,0.858048359430057
"NOR","Norway",2017,0.864227943934439
"NOR","Norway",2018,0.850987169822537
"NOR","Norway",2019,0.852576862044045
"NOR","Norway",2020,0.852232040468347
"NOR","Norway",2021,0.844578941442845
"NOR","Norway",2022,0.819699685563922
"OMN","Oman",1995,0.595276784879533
"OMN","Oman",1996,0.595276784879533
"OMN","Oman",1997,0.597019738602432
"OMN","Oman",1998,0.59876269232533
"OMN","Oman",1999,0.611225193221429
"OMN","Oman",2000,0.623687694117527
"OMN","Oman",2001,0.63689839661692
"OMN","Oman",2002,0.650109099116311
"OMN","Oman",2003,0.636318961927071
"OMN","Oman",2004,0.645092813382619
"OMN","Oman",2005,0.60733943153225
"OMN","Oman",2006,0.60222286051036
"OMN","Oman",2007,0.612510457728519
"OMN","Oman",2008,0.63422913626334
"OMN","Oman",2009,0.609605097821345
"OMN","Oman",2010,0.594221121535121
"OMN","Oman",2011,0.566893682171018
"OMN","Oman",2012,0.580708017683868
"OMN","Oman",2013,0.577962716193073
"OMN","Oman",2014,0.609231029373802
"OMN","Oman",2015,0.594116112731113
"OMN","Oman",2016,0.600371430223839
"OMN","Oman",2017,0.586804779661524
"OMN","Oman",2018,0.57153624308582
"OMN","Oman",2019,0.591273910849576
"OMN","Oman",2020,0.58301219040837
"OMN","Oman",2021,0.558807499641648
"OMN","Oman",2022,0.573982254951604
"PAK","Pakistan",1995,0.327584962768494
"PAK","Pakistan",1996,0.327584962768494
"PAK","Pakistan",1997,0.324104181749019
"PAK","Pakistan",1998,0.320623400729544
"PAK","Pakistan",1999,0.318363372214734
"PAK","Pakistan",2000,0.316103343699924
"PAK","Pakistan",2001,0.301838422041277
"PAK","Pakistan",2002,0.28757350038263
"PAK","Pakistan",2003,0.303120736143951
"PAK","Pakistan",2004,0.265537175376624
"PAK","Pakistan",2005,0.290322847992935
"PAK","Pakistan",2006,0.302195001523481
"PAK","Pakistan",2007,0.28028071971684
"PAK","Pakistan",2008,0.262395462906205
"PAK","Pakistan",2009,0.256478710372337
"PAK","Pakistan",2010,0.257840520618175
"PAK","Pakistan",2011,0.242433538574519
"PAK","Pakistan",2012,0.24644823956878
"PAK","Pakistan",2013,0.257920467965917
"PAK","Pakistan",2014,0.279693678386102
"PAK","Pakistan",2015,0.277803085524738
"PAK","Pakistan",2016,0.271150663130307
"PAK","Pakistan",2017,0.286568520184708
"PAK","Pakistan",2018,0.292510564247086
"PAK","Pakistan",2019,0.286952375678208
"PAK","Pakistan",2020,0.302959161626135
"PAK","Pakistan",2021,0.311870216514298
"PAK","Pakistan",2022,0.29730117512712
"PLW","Palau",1995,0.538815926789628
"PLW","Palau",1996,0.538815926789628
"PLW","Palau",1997,0.54047005270381
"PLW","Palau",1998,0.542124178617992
"PLW","Palau",1999,0.541220701825892
"PLW","Palau",2000,0.540317225033792
"PLW","Palau",2001,0.540175637167516
"PLW","Palau",2002,0.54003404930124
"PLW","Palau",2003,0.540001556316517
"PLW","Palau",2004,0.538028723241485
"PLW","Palau",2005,0.532954397270897
"PLW","Palau",2006,0.541867255587984
"PLW","Palau",2007,0.538665849407422
"PLW","Palau",2008,0.530167092094321
"PLW","Palau",2009,0.537434976365278
"PLW","Palau",2010,0.529295121585257
"PLW","Palau",2011,0.51615542499824
"PLW","Palau",2012,0.516200928868385
"PLW","Palau",2013,0.505099636685329
"PLW","Palau",2014,0.490122184835994
"PLW","Palau",2015,0.608326152529645
"PLW","Palau",2016,0.624128993147379
"PLW","Palau",2017,0.63288352699883
"PLW","Palau",2018,0.637372247412917
"PLW","Palau",2019,0.644487054052391
"PLW","Palau",2020,0.647545766492406
"PLW","Palau",2021,0.648723076885298
"PLW","Palau",2022,0.652657752649997
"PAN","Panama",1995,0.519711720830282
"PAN","Panama",1996,0.519711720830282
"PAN","Panama",1997,0.532022649414628
"PAN","Panama",1998,0.544333577998974
"PAN","Panama",1999,0.529847043538822
"PAN","Panama",2000,0.515360509078669
"PAN","Panama",2001,0.517290632708713
"PAN","Panama",2002,0.519220756338757
"PAN","Panama",2003,0.492412068289108
"PAN","Panama",2004,0.496057556334568
"PAN","Panama",2005,0.475888402862873
"PAN","Panama",2006,0.486238261059222
"PAN","Panama",2007,0.491063641499442
"PAN","Panama",2008,0.517053872955412
"PAN","Panama",2009,0.500929747237576
"PAN","Panama",2010,0.496039859754597
"PAN","Panama",2011,0.508328559795641
"PAN","Panama",2012,0.484041927994815
"PAN","Panama",2013,0.483925514358508
"PAN","Panama",2014,0.510353654719424
"PAN","Panama",2015,0.508622781756858
"PAN","Panama",2016,0.511291930076908
"PAN","Panama",2017,0.504696809566778
"PAN","Panama",2018,0.489207237303731
"PAN","Panama",2019,0.487126726121094
"PAN","Panama",2020,0.480693764058632
"PAN","Panama",2021,0.476993993237479
"PAN","Panama",2022,0.467117998787419
"PNG","Papua New Guinea",1995,0.39253201799947
"PNG","Papua New Guinea",1996,0.39253201799947
"PNG","Papua New Guinea",1997,0.402419666079257
"PNG","Papua New Guinea",1998,0.412307314159044
"PNG","Papua New Guinea",1999,0.403358107757157
"PNG","Papua New Guinea",2000,0.39440890135527
"PNG","Papua New Guinea",2001,0.37600517376955
"PNG","Papua New Guinea",2002,0.35760144618383
"PNG","Papua New Guinea",2003,0.35300684048717
"PNG","Papua New Guinea",2004,0.344013450642698
"PNG","Papua New Guinea",2005,0.297389355503233
"PNG","Papua New Guinea",2006,0.320234406381219
"PNG","Papua New Guinea",2007,0.333373405856689
"PNG","Papua New Guinea",2008,0.329171061953837
"PNG","Papua New Guinea",2009,0.323291722729325
"PNG","Papua New Guinea",2010,0.333650125587549
"PNG","Papua New Guinea",2011,0.344382262220715
"PNG","Papua New Guinea",2012,0.356002230182075
"PNG","Papua New Guinea",2013,0.352535921384846
"PNG","Papua New Guinea",2014,0.379688003446335
"PNG","Papua New Guinea",2015,0.3586630699868
"PNG","Papua New Guinea",2016,0.359906783950358
"PNG","Papua New Guinea",2017,0.346656631655797
"PNG","Papua New Guinea",2018,0.360289507672961
"PNG","Papua New Guinea",2019,0.348017861867298
"PNG","Papua New Guinea",2020,0.370953625733097
"PNG","Papua New Guinea",2021,0.35509422911675
"PNG","Papua New Guinea",2022,0.37190999411222
"PRY","Paraguay",1995,0.35837226629768
"PRY","Paraguay",1996,0.35837226629768
"PRY","Paraguay",1997,0.342098019206058
"PRY","Paraguay",1998,0.325823772114434
"PRY","Paraguay",1999,0.311395399549785
"PRY","Paraguay",2000,0.296967026985136
"PRY","Paraguay",2001,0.292243361273344
"PRY","Paraguay",2002,0.287519695561552
"PRY","Paraguay",2003,0.297963120530725
"PRY","Paraguay",2004,0.310328793102261
"PRY","Paraguay",2005,0.306071129230142
"PRY","Paraguay",2006,0.319522688196574
"PRY","Paraguay",2007,0.324461155079356
"PRY","Paraguay",2008,0.345487496245791
"PRY","Paraguay",2009,0.356416791094645
"PRY","Paraguay",2010,0.366902957876242
"PRY","Paraguay",2011,0.376934996999521
"PRY","Paraguay",2012,0.363019071129279
"PRY","Paraguay",2013,0.360383714342452
"PRY","Paraguay",2014,0.400419959157115
"PRY","Paraguay",2015,0.403325196421795
"PRY","Paraguay",2016,0.418817494488775
"PRY","Paraguay",2017,0.413746851647088
"PRY","Paraguay",2018,0.414359892743925
"PRY","Paraguay",2019,0.415342230485923
"PRY","Paraguay",2020,0.425614614040198
"PRY","Paraguay",2021,0.403910290184706
"PRY","Paraguay",2022,0.403632183286515
"PER","Peru",1995,0.423874208570177
"PER","Peru",1996,0.423874208570177
"PER","Peru",1997,0.435383165934435
"PER","Peru",1998,0.446892123298694
"PER","Peru",1999,0.432261941398956
"PER","Peru",2000,0.417631759499217
"PER","Peru",2001,0.41555547391747
"PER","Peru",2002,0.413479188335723
"PER","Peru",2003,0.42004330231615
"PER","Peru",2004,0.416606961600625
"PER","Peru",2005,0.405029187050981
"PER","Peru",2006,0.422346593507496
"PER","Peru",2007,0.428080746678241
"PER","Peru",2008,0.431922583931762
"PER","Peru",2009,0.41980946405449
"PER","Peru",2010,0.436231098743527
"PER","Peru",2011,0.446959020023542
"PER","Peru",2012,0.432968776748852
"PER","Peru",2013,0.432969711214243
"PER","Peru",2014,0.441866493402219
"PER","Peru",2015,0.447576262762014
"PER","Peru",2016,0.467437202265434
"PER","Peru",2017,0.450233604639973
"PER","Peru",2018,0.450021996200271
"PER","Peru",2019,0.465930251816177
"PER","Peru",2020,0.461053734649552
"PER","Peru",2021,0.426403792016468
"PER","Peru",2022,0.419805590224629
"PHL","Philippines",1995,0.46528103471764
"PHL","Philippines",1996,0.46528103471764
"PHL","Philippines",1997,0.473858259760249
"PHL","Philippines",1998,0.482435484802859
"PHL","Philippines",1999,0.438305848924748
"PHL","Philippines",2000,0.394176213046637
"PHL","Philippines",2001,0.400834942732915
"PHL","Philippines",2002,0.407493672419193
"PHL","Philippines",2003,0.366104693659055
"PHL","Philippines",2004,0.338939662617811
"PHL","Philippines",2005,0.386303671115727
"PHL","Philippines",2006,0.351073888830636
"PHL","Philippines",2007,0.359399177045148
"PHL","Philippines",2008,0.349983326807453
"PHL","Philippines",2009,0.348786789517846
"PHL","Philippines",2010,0.348418364824578
"PHL","Philippines",2011,0.370079441028686
"PHL","Philippines",2012,0.394431322508118
"PHL","Philippines",2013,0.411832143306888
"PHL","Philippines",2014,0.43190605451491
"PHL","Philippines",2015,0.41998601251585
"PHL","Philippines",2016,0.397519262801725
"PHL","Philippines",2017,0.403627404887081
"PHL","Philippines",2018,0.39559402542384
"PHL","Philippines",2019,0.404214321852467
"PHL","Philippines",2020,0.412983892929809
"PHL","Philippines",2021,0.399750632425258
"PHL","Philippines",2022,0.418068771706197
"POL","Poland",1995,0.65218184541206
"POL","Poland",1996,0.65218184541206
"POL","Poland",1997,0.652755502230232
"POL","Poland",1998,0.653329159048402
"POL","Poland",1999,0.637369021631305
"POL","Poland",2000,0.621408884214207
"POL","Poland",2001,0.621316324228931
"POL","Poland",2002,0.621223764243656
"POL","Poland",2003,0.609592419231522
"POL","Poland",2004,0.572907202419384
"POL","Poland",2005,0.595346091347201
"POL","Poland",2006,0.585693987903072
"POL","Poland",2007,0.606016007801569
"POL","Poland",2008,0.636240917491153
"POL","Poland",2009,0.647619828345039
"POL","Poland",2010,0.66111752811245
"POL","Poland",2011,0.667128850150748
"POL","Poland",2012,0.674750178798888
"POL","Poland",2013,0.674527788186137
"POL","Poland",2014,0.673114589068471
"POL","Poland",2015,0.665942476064023
"POL","Poland",2016,0.64123657166875
"POL","Poland",2017,0.623752185413482
"POL","Poland",2018,0.620435799367971
"POL","Poland",2019,0.630355122607685
"POL","Poland",2020,0.626596692414977
"POL","Poland",2021,0.616918137714384
"POL","Poland",2022,0.609491760641021
"PRT","Portugal",1995,0.759875732825225
"PRT","Portugal",1996,0.759875732825225
"PRT","Portugal",1997,0.753874187824753
"PRT","Portugal",1998,0.747872642824282
"PRT","Portugal",1999,0.740249838904084
"PRT","Portugal",2000,0.732627034983886
"PRT","Portugal",2001,0.746303172815538
"PRT","Portugal",2002,0.759979310647189
"PRT","Portugal",2003,0.745190371244228
"PRT","Portugal",2004,0.727952069837051
"PRT","Portugal",2005,0.730425056279662
"PRT","Portugal",2006,0.701789422114481
"PRT","Portugal",2007,0.699481854260674
"PRT","Portugal",2008,0.709706444299524
"PRT","Portugal",2009,0.699426584729566
"PRT","Portugal",2010,0.680062040943346
"PRT","Portugal",2011,0.67595200791955
"PRT","Portugal",2012,0.682005126273589
"PRT","Portugal",2013,0.677358587081529
"PRT","Portugal",2014,0.681067097989155
"PRT","Portugal",2015,0.69312236450729
"PRT","Portugal",2016,0.685239181912467
"PRT","Portugal",2017,0.695524557087272
"PRT","Portugal",2018,0.694201043014366
"PRT","Portugal",2019,0.692013154599318
"PRT","Portugal",2020,0.684449663053434
"PRT","Portugal",2021,0.675344706489932
"PRT","Portugal",2022,0.673577356053858
"QAT","Qatar",1995,0.521580430013711
"QAT","Qatar",1996,0.521580430013711
"QAT","Qatar",1997,0.553706868787867
"QAT","Qatar",1998,0.585833307562023
"QAT","Qatar",1999,0.594911057981595
"QAT","Qatar",2000,0.603988808401168
"QAT","Qatar",2001,0.609419548487966
"QAT","Qatar",2002,0.614850288574765
"QAT","Qatar",2003,0.612795924884421
"QAT","Qatar",2004,0.60393328382609
"QAT","Qatar",2005,0.628111412212583
"QAT","Qatar",2006,0.641039184622191
"QAT","Qatar",2007,0.626965707842966
"QAT","Qatar",2008,0.66861260900453
"QAT","Qatar",2009,0.722520740938618
"QAT","Qatar",2010,0.703375318984801
"QAT","Qatar",2011,0.67170764568613
"QAT","Qatar",2012,0.701519724382605
"QAT","Qatar",2013,0.70124328336437
"QAT","Qatar",2014,0.67133658026448
"QAT","Qatar",2015,0.663016657368892
"QAT","Qatar",2016,0.661301371899309
"QAT","Qatar",2017,0.6243409210819
"QAT","Qatar",2018,0.633625382478904
"QAT","Qatar",2019,0.646415080113422
"QAT","Qatar",2020,0.664065446280241
"QAT","Qatar",2021,0.669739601478635
"QAT","Qatar",2022,0.677864074784305
"ROU","Romania",1995,NA
"ROU","Romania",1996,NA
"ROU","Romania",1997,NA
"ROU","Romania",1998,NA
"ROU","Romania",1999,NA
"ROU","Romania",2000,NA
"ROU","Romania",2001,NA
"ROU","Romania",2002,NA
"ROU","Romania",2003,NA
"ROU","Romania",2004,NA
"ROU","Romania",2005,NA
"ROU","Romania",2006,NA
"ROU","Romania",2007,NA
"ROU","Romania",2008,NA
"ROU","Romania",2009,NA
"ROU","Romania",2010,NA
"ROU","Romania",2011,NA
"ROU","Romania",2012,NA
"ROU","Romania",2013,NA
"ROU","Romania",2014,NA
"ROU","Romania",2015,NA
"ROU","Romania",2016,NA
"ROU","Romania",2017,NA
"ROU","Romania",2018,NA
"ROU","Romania",2019,NA
"ROU","Romania",2020,NA
"ROU","Romania",2021,NA
"ROU","Romania",2022,NA
"RUS","Russian Federation",1995,0.330658226015022
"RUS","Russian Federation",1996,0.330658226015022
"RUS","Russian Federation",1997,0.331965290821028
"RUS","Russian Federation",1998,0.333272355627035
"RUS","Russian Federation",1999,0.320967013240816
"RUS","Russian Federation",2000,0.308661670854598
"RUS","Russian Federation",2001,0.33503015332068
"RUS","Russian Federation",2002,0.361398635786761
"RUS","Russian Federation",2003,0.351435806604139
"RUS","Russian Federation",2004,0.339656527432972
"RUS","Russian Federation",2005,0.345464110877408
"RUS","Russian Federation",2006,0.341275037658164
"RUS","Russian Federation",2007,0.34440613726119
"RUS","Russian Federation",2008,0.338271548350199
"RUS","Russian Federation",2009,0.340964052634482
"RUS","Russian Federation",2010,0.34455158758696
"RUS","Russian Federation",2011,0.345348446417983
"RUS","Russian Federation",2012,0.347259411500549
"RUS","Russian Federation",2013,0.353807817756841
"RUS","Russian Federation",2014,0.350896369904192
"RUS","Russian Federation",2015,0.333063879364174
"RUS","Russian Federation",2016,0.349829224101308
"RUS","Russian Federation",2017,0.354398169231195
"RUS","Russian Federation",2018,0.36030746505114
"RUS","Russian Federation",2019,0.36975723895699
"RUS","Russian Federation",2020,0.356506753861602
"RUS","Russian Federation",2021,0.348481485341674
"RUS","Russian Federation",2022,0.291091473782069
"RWA","Rwanda",1995,0.239795664740905
"RWA","Rwanda",1996,0.239795664740905
"RWA","Rwanda",1997,0.236768582138769
"RWA","Rwanda",1998,0.233741499536631
"RWA","Rwanda",1999,0.243050617663559
"RWA","Rwanda",2000,0.252359735790486
"RWA","Rwanda",2001,0.271446223382392
"RWA","Rwanda",2002,0.290532710974298
"RWA","Rwanda",2003,0.330841244744964
"RWA","Rwanda",2004,0.351885641250602
"RWA","Rwanda",2005,0.330999541410078
"RWA","Rwanda",2006,0.393826380555286
"RWA","Rwanda",2007,0.424368426805132
"RWA","Rwanda",2008,0.444773103516293
"RWA","Rwanda",2009,0.445218939270607
"RWA","Rwanda",2010,0.483343465689745
"RWA","Rwanda",2011,0.491490326135026
"RWA","Rwanda",2012,0.505896639612978
"RWA","Rwanda",2013,0.524641843811925
"RWA","Rwanda",2014,0.545960778815377
"RWA","Rwanda",2015,0.545853225070011
"RWA","Rwanda",2016,0.540205747536703
"RWA","Rwanda",2017,0.550368710910497
"RWA","Rwanda",2018,0.544404703311366
"RWA","Rwanda",2019,0.537175533496826
"RWA","Rwanda",2020,0.539317010155109
"RWA","Rwanda",2021,0.549676623640485
"RWA","Rwanda",2022,0.551011495722321
"KNA","Saint Kitts and Nevis",1995,0.60899132321468
"KNA","Saint Kitts and Nevis",1996,0.60899132321468
"KNA","Saint Kitts and Nevis",1997,0.610645449128862
"KNA","Saint Kitts and Nevis",1998,0.612299575043044
"KNA","Saint Kitts and Nevis",1999,0.611396098250945
"KNA","Saint Kitts and Nevis",2000,0.610492621458844
"KNA","Saint Kitts and Nevis",2001,0.610351033592568
"KNA","Saint Kitts and Nevis",2002,0.610209445726293
"KNA","Saint Kitts and Nevis",2003,0.610176952741569
"KNA","Saint Kitts and Nevis",2004,0.620136467221432
"KNA","Saint Kitts and Nevis",2005,0.733556259635102
"KNA","Saint Kitts and Nevis",2006,0.727411568108443
"KNA","Saint Kitts and Nevis",2007,0.6986752359857
"KNA","Saint Kitts and Nevis",2008,0.71871320611234
"KNA","Saint Kitts and Nevis",2009,0.730882960481906
"KNA","Saint Kitts and Nevis",2010,0.726016015181237
"KNA","Saint Kitts and Nevis",2011,0.720142230540452
"KNA","Saint Kitts and Nevis",2012,0.717889365888796
"KNA","Saint Kitts and Nevis",2013,0.716741969151734
"KNA","Saint Kitts and Nevis",2014,0.52273158289402
"KNA","Saint Kitts and Nevis",2015,0.611286987299253
"KNA","Saint Kitts and Nevis",2016,0.612432424350978
"KNA","Saint Kitts and Nevis",2017,0.606844511543682
"KNA","Saint Kitts and Nevis",2018,0.605125620759469
"KNA","Saint Kitts and Nevis",2019,0.597763128382411
"KNA","Saint Kitts and Nevis",2020,0.610902313248264
"KNA","Saint Kitts and Nevis",2021,0.615438093031873
"KNA","Saint Kitts and Nevis",2022,0.618790773490609
"LCA","Saint Lucia",1995,0.609929441150246
"LCA","Saint Lucia",1996,0.609929441150246
"LCA","Saint Lucia",1997,0.596842996746228
"LCA","Saint Lucia",1998,0.583756552342211
"LCA","Saint Lucia",1999,0.601637382859357
"LCA","Saint Lucia",2000,0.619518213376502
"LCA","Saint Lucia",2001,0.600869069289029
"LCA","Saint Lucia",2002,0.582219925201555
"LCA","Saint Lucia",2003,0.616888120816742
"LCA","Saint Lucia",2004,0.617526651861336
"LCA","Saint Lucia",2005,0.718506453413477
"LCA","Saint Lucia",2006,0.704348106755766
"LCA","Saint Lucia",2007,0.675744298936103
"LCA","Saint Lucia",2008,0.671248947529691
"LCA","Saint Lucia",2009,0.67653418598382
"LCA","Saint Lucia",2010,0.669234320508601
"LCA","Saint Lucia",2011,0.675516217195495
"LCA","Saint Lucia",2012,0.651782944360855
"LCA","Saint Lucia",2013,0.653247411069628
"LCA","Saint Lucia",2014,0.609573017456337
"LCA","Saint Lucia",2015,0.623350156108163
"LCA","Saint Lucia",2016,0.622126858780789
"LCA","Saint Lucia",2017,0.623771198301511
"LCA","Saint Lucia",2018,0.624814487718063
"LCA","Saint Lucia",2019,0.617022298861054
"LCA","Saint Lucia",2020,0.621221547380013
"LCA","Saint Lucia",2021,0.618692889895938
"LCA","Saint Lucia",2022,0.627077051958264
"VCT","Saint Vincent and the Grenadines",1995,0.609299276412853
"VCT","Saint Vincent and the Grenadines",1996,0.609299276412853
"VCT","Saint Vincent and the Grenadines",1997,0.612639547117441
"VCT","Saint Vincent and the Grenadines",1998,0.615979817822029
"VCT","Saint Vincent and the Grenadines",1999,0.61743393323057
"VCT","Saint Vincent and the Grenadines",2000,0.61888804863911
"VCT","Saint Vincent and the Grenadines",2001,0.600238904551636
"VCT","Saint Vincent and the Grenadines",2002,0.581589760464162
"VCT","Saint Vincent and the Grenadines",2003,0.598833640464963
"VCT","Saint Vincent and the Grenadines",2004,0.611743940371057
"VCT","Saint Vincent and the Grenadines",2005,0.715882327477308
"VCT","Saint Vincent and the Grenadines",2006,0.69065820149366
"VCT","Saint Vincent and the Grenadines",2007,0.662731889815931
"VCT","Saint Vincent and the Grenadines",2008,0.670389589016719
"VCT","Saint Vincent and the Grenadines",2009,0.66859624019787
"VCT","Saint Vincent and the Grenadines",2010,0.65688979395541
"VCT","Saint Vincent and the Grenadines",2011,0.665970524677468
"VCT","Saint Vincent and the Grenadines",2012,0.663302799883689
"VCT","Saint Vincent and the Grenadines",2013,0.657137650537615
"VCT","Saint Vincent and the Grenadines",2014,0.6248480570233
"VCT","Saint Vincent and the Grenadines",2015,0.626353542885613
"VCT","Saint Vincent and the Grenadines",2016,0.618009972682148
"VCT","Saint Vincent and the Grenadines",2017,0.614318347514352
"VCT","Saint Vincent and the Grenadines",2018,0.617227125460099
"VCT","Saint Vincent and the Grenadines",2019,0.622303874054934
"VCT","Saint Vincent and the Grenadines",2020,0.63882612144714
"VCT","Saint Vincent and the Grenadines",2021,0.63691768624091
"VCT","Saint Vincent and the Grenadines",2022,0.63945287986735
"WSM","Samoa",1995,0.605542744682153
"WSM","Samoa",1996,0.605542744682153
"WSM","Samoa",1997,0.60680306436858
"WSM","Samoa",1998,0.608063384055007
"WSM","Samoa",1999,0.606098277757916
"WSM","Samoa",2000,0.604133171460823
"WSM","Samoa",2001,0.605002542815003
"WSM","Samoa",2002,0.605871914169181
"WSM","Samoa",2003,0.610968948900944
"WSM","Samoa",2004,0.586449643200304
"WSM","Samoa",2005,0.615490343724413
"WSM","Samoa",2006,0.613150726748341
"WSM","Samoa",2007,0.605437345288937
"WSM","Samoa",2008,0.591101027070236
"WSM","Samoa",2009,0.573072087980149
"WSM","Samoa",2010,0.564857444492075
"WSM","Samoa",2011,0.571776984636321
"WSM","Samoa",2012,0.571906669781921
"WSM","Samoa",2013,0.578610353473597
"WSM","Samoa",2014,0.599961217142202
"WSM","Samoa",2015,0.602193411496073
"WSM","Samoa",2016,0.605734189607002
"WSM","Samoa",2017,0.632719477504919
"WSM","Samoa",2018,0.625943461803472
"WSM","Samoa",2019,0.633658304098031
"WSM","Samoa",2020,0.631648314983196
"WSM","Samoa",2021,0.616346878135496
"WSM","Samoa",2022,0.613297964719031
"SMR","San Marino",1995,0.684425754215217
"SMR","San Marino",1996,0.684425754215217
"SMR","San Marino",1997,0.686079880129399
"SMR","San Marino",1998,0.687734006043582
"SMR","San Marino",1999,0.686830529251482
"SMR","San Marino",2000,0.685927052459381
"SMR","San Marino",2001,0.685785464593106
"SMR","San Marino",2002,0.68564387672683
"SMR","San Marino",2003,0.685611383742107
"SMR","San Marino",2004,0.683638550667074
"SMR","San Marino",2005,0.678564224696487
"SMR","San Marino",2006,0.687477083013574
"SMR","San Marino",2007,0.684275676833012
"SMR","San Marino",2008,0.682202443105094
"SMR","San Marino",2009,0.700297253652562
"SMR","San Marino",2010,0.700243766864026
"SMR","San Marino",2011,0.686188679612403
"SMR","San Marino",2012,0.684041049776736
"SMR","San Marino",2013,0.685346774820502
"SMR","San Marino",2014,0.696905795736603
"SMR","San Marino",2015,0.727428020149288
"SMR","San Marino",2016,0.726936679353448
"SMR","San Marino",2017,0.72775725858495
"SMR","San Marino",2018,0.727064959723636
"SMR","San Marino",2019,0.71891514730593
"SMR","San Marino",2020,0.73097274895242
"SMR","San Marino",2021,0.73329675674597
"SMR","San Marino",2022,0.739977592778178
"STP","Sao Tome and Principe",1995,0.551361545204411
"STP","Sao Tome and Principe",1996,0.551361545204411
"STP","Sao Tome and Principe",1997,0.552106955788686
"STP","Sao Tome and Principe",1998,0.552852366372961
"STP","Sao Tome and Principe",1999,0.550843713692474
"STP","Sao Tome and Principe",2000,0.548835061011986
"STP","Sao Tome and Principe",2001,0.532755962643292
"STP","Sao Tome and Principe",2002,0.516676864274596
"STP","Sao Tome and Principe",2003,0.469755390507041
"STP","Sao Tome and Principe",2004,0.442776186020642
"STP","Sao Tome and Principe",2005,0.424292330080821
"STP","Sao Tome and Principe",2006,0.442526119511619
"STP","Sao Tome and Principe",2007,0.439621546851614
"STP","Sao Tome and Principe",2008,0.431961984840944
"STP","Sao Tome and Principe",2009,0.425184312570129
"STP","Sao Tome and Principe",2010,0.417586619547795
"STP","Sao Tome and Principe",2011,0.422014553567845
"STP","Sao Tome and Principe",2012,0.416618204301273
"STP","Sao Tome and Principe",2013,0.419322661675222
"STP","Sao Tome and Principe",2014,0.430739492888677
"STP","Sao Tome and Principe",2015,0.42462735490688
"STP","Sao Tome and Principe",2016,0.429825614876516
"STP","Sao Tome and Principe",2017,0.438847135929548
"STP","Sao Tome and Principe",2018,0.453091346885067
"STP","Sao Tome and Principe",2019,0.449440723954881
"STP","Sao Tome and Principe",2020,0.447230754371454
"STP","Sao Tome and Principe",2021,0.458017605210338
"STP","Sao Tome and Principe",2022,0.470420743226307
"SAU","Saudi Arabia",1995,0.474997127707937
"SAU","Saudi Arabia",1996,0.474997127707937
"SAU","Saudi Arabia",1997,0.47745051058864
"SAU","Saudi Arabia",1998,0.479903893469343
"SAU","Saudi Arabia",1999,0.483228784797
"SAU","Saudi Arabia",2000,0.486553676124658
"SAU","Saudi Arabia",2001,0.497400820075003
"SAU","Saudi Arabia",2002,0.508247964025348
"SAU","Saudi Arabia",2003,0.507949418782524
"SAU","Saudi Arabia",2004,0.459572678577146
"SAU","Saudi Arabia",2005,0.490252601217696
"SAU","Saudi Arabia",2006,0.466737044367439
"SAU","Saudi Arabia",2007,0.476517792988337
"SAU","Saudi Arabia",2008,0.49618969607586
"SAU","Saudi Arabia",2009,0.489943697550277
"SAU","Saudi Arabia",2010,0.509798962447534
"SAU","Saudi Arabia",2011,0.467732841754536
"SAU","Saudi Arabia",2012,0.49087178732578
"SAU","Saudi Arabia",2013,0.4935001802439
"SAU","Saudi Arabia",2014,0.500797452433853
"SAU","Saudi Arabia",2015,0.48109667430706
"SAU","Saudi Arabia",2016,0.511914382938738
"SAU","Saudi Arabia",2017,0.496159435007878
"SAU","Saudi Arabia",2018,0.493973824381072
"SAU","Saudi Arabia",2019,0.492244929418092
"SAU","Saudi Arabia",2020,0.510949625400655
"SAU","Saudi Arabia",2021,0.519173560960641
"SAU","Saudi Arabia",2022,0.542086898849243
"SEN","Senegal",1995,0.452734958222768
"SEN","Senegal",1996,0.452734958222768
"SEN","Senegal",1997,0.450224014827173
"SEN","Senegal",1998,0.447713071431579
"SEN","Senegal",1999,0.45672918368496
"SEN","Senegal",2000,0.465745295938341
"SEN","Senegal",2001,0.480671758805908
"SEN","Senegal",2002,0.495598221673474
"SEN","Senegal",2003,0.465457259396034
"SEN","Senegal",2004,0.489748718214502
"SEN","Senegal",2005,0.478947613213498
"SEN","Senegal",2006,0.440232749314906
"SEN","Senegal",2007,0.430272907016221
"SEN","Senegal",2008,0.436028930859023
"SEN","Senegal",2009,0.431083418891467
"SEN","Senegal",2010,0.412080103608146
"SEN","Senegal",2011,0.426602379236156
"SEN","Senegal",2012,0.463407661513392
"SEN","Senegal",2013,0.473483092477085
"SEN","Senegal",2014,0.480343060962447
"SEN","Senegal",2015,0.47988577498213
"SEN","Senegal",2016,0.474612822619823
"SEN","Senegal",2017,0.475318710111106
"SEN","Senegal",2018,0.476553544333767
"SEN","Senegal",2019,0.484285857479844
"SEN","Senegal",2020,0.465355325821847
"SEN","Senegal",2021,0.461176348634626
"SEN","Senegal",2022,0.466353579035325
"SRB","Serbia",1995,0.2946169007973
"SRB","Serbia",1996,0.2946169007973
"SRB","Serbia",1997,0.26654752650221
"SRB","Serbia",1998,0.23847815220712
"SRB","Serbia",1999,0.249123595060539
"SRB","Serbia",2000,0.259769037913959
"SRB","Serbia",2001,0.306193501479002
"SRB","Serbia",2002,0.352617965044046
"SRB","Serbia",2003,0.374004440242961
"SRB","Serbia",2004,0.392593864929547
"SRB","Serbia",2005,0.368549638215844
"SRB","Serbia",2006,0.410459929778406
"SRB","Serbia",2007,0.412644691160288
"SRB","Serbia",2008,0.41813647834775
"SRB","Serbia",2009,0.431006338723969
"SRB","Serbia",2010,0.441305366391086
"SRB","Serbia",2011,0.456004123796903
"SRB","Serbia",2012,0.452453344437716
"SRB","Serbia",2013,0.4623268309222
"SRB","Serbia",2014,0.500230728717946
"SRB","Serbia",2015,0.497012340807018
"SRB","Serbia",2016,0.4809154989403
"SRB","Serbia",2017,0.469587935501237
"SRB","Serbia",2018,0.476189983379786
"SRB","Serbia",2019,0.47070467163378
"SRB","Serbia",2020,0.466844751892343
"SRB","Serbia",2021,0.468261275951224
"SRB","Serbia",2022,0.469739645766662
"SYC","Seychelles",1995,0.623401806700135
"SYC","Seychelles",1996,0.623401806700135
"SYC","Seychelles",1997,0.625187276800368
"SYC","Seychelles",1998,0.626972746900601
"SYC","Seychelles",1999,0.633919705859311
"SYC","Seychelles",2000,0.640866664818021
"SYC","Seychelles",2001,0.638819978771771
"SYC","Seychelles",2002,0.63677329272552
"SYC","Seychelles",2003,0.64683516953493
"SYC","Seychelles",2004,0.57860867171191
"SYC","Seychelles",2005,0.605954677208028
"SYC","Seychelles",2006,0.578520160074075
"SYC","Seychelles",2007,0.571359420532684
"SYC","Seychelles",2008,0.581950191169263
"SYC","Seychelles",2009,0.566436688619928
"SYC","Seychelles",2010,0.575597915603651
"SYC","Seychelles",2011,0.573254591584839
"SYC","Seychelles",2012,0.563879100961761
"SYC","Seychelles",2013,0.574982690228722
"SYC","Seychelles",2014,0.54993474218566
"SYC","Seychelles",2015,0.620100170694747
"SYC","Seychelles",2016,0.605866544369765
"SYC","Seychelles",2017,0.593376388437469
"SYC","Seychelles",2018,0.595387342201474
"SYC","Seychelles",2019,0.61187111184459
"SYC","Seychelles",2020,0.624931005255417
"SYC","Seychelles",2021,0.641405890255311
"SYC","Seychelles",2022,0.671152544590033
"SLE","Sierra Leone",1995,0.242084117626272
"SLE","Sierra Leone",1996,0.242084117626272
"SLE","Sierra Leone",1997,0.235322330183516
"SLE","Sierra Leone",1998,0.22856054274076
"SLE","Sierra Leone",1999,0.23347657469094
"SLE","Sierra Leone",2000,0.23839260664112
"SLE","Sierra Leone",2001,0.266340599061916
"SLE","Sierra Leone",2002,0.294288591482712
"SLE","Sierra Leone",2003,0.287280507266349
"SLE","Sierra Leone",2004,0.318833637444953
"SLE","Sierra Leone",2005,0.308004812977781
"SLE","Sierra Leone",2006,0.324848765771245
"SLE","Sierra Leone",2007,0.343840998091882
"SLE","Sierra Leone",2008,0.340797936242226
"SLE","Sierra Leone",2009,0.350745571670537
"SLE","Sierra Leone",2010,0.362922946624094
"SLE","Sierra Leone",2011,0.36693487160801
"SLE","Sierra Leone",2012,0.35729662016581
"SLE","Sierra Leone",2013,0.363929335950525
"SLE","Sierra Leone",2014,0.356497412700688
"SLE","Sierra Leone",2015,0.361212185525019
"SLE","Sierra Leone",2016,0.360230828513506
"SLE","Sierra Leone",2017,0.379730375415818
"SLE","Sierra Leone",2018,0.384337722613963
"SLE","Sierra Leone",2019,0.387699807229345
"SLE","Sierra Leone",2020,0.382605201022217
"SLE","Sierra Leone",2021,0.381972497003762
"SLE","Sierra Leone",2022,0.372949358437787
"SGP","Singapore",1995,0.840001063234898
"SGP","Singapore",1996,0.840001063234898
"SGP","Singapore",1997,0.833959729030594
"SGP","Singapore",1998,0.827918394826287
"SGP","Singapore",1999,0.833554472247213
"SGP","Singapore",2000,0.839190549668138
"SGP","Singapore",2001,0.843271072203501
"SGP","Singapore",2002,0.847351594738864
"SGP","Singapore",2003,0.828477571434886
"SGP","Singapore",2004,0.849191803083136
"SGP","Singapore",2005,0.84552163232926
"SGP","Singapore",2006,0.845043424323968
"SGP","Singapore",2007,0.848892641246144
"SGP","Singapore",2008,0.859171601797528
"SGP","Singapore",2009,0.844264177460881
"SGP","Singapore",2010,0.84512978019806
"SGP","Singapore",2011,0.844185649273205
"SGP","Singapore",2012,0.864278773018138
"SGP","Singapore",2013,0.860898705491766
"SGP","Singapore",2014,0.871726503816141
"SGP","Singapore",2015,0.874834221064906
"SGP","Singapore",2016,0.878293843962342
"SGP","Singapore",2017,0.883032286624229
"SGP","Singapore",2018,0.881629938381675
"SGP","Singapore",2019,0.884673222977114
"SGP","Singapore",2020,0.885180333193353
"SGP","Singapore",2021,0.88688658940613
"SGP","Singapore",2022,0.882432401127189
"SVK","Slovakia",1995,0.593649777608692
"SVK","Slovakia",1996,0.593649777608692
"SVK","Slovakia",1997,0.591392428585774
"SVK","Slovakia",1998,0.589135079562856
"SVK","Slovakia",1999,0.588009386747914
"SVK","Slovakia",2000,0.586883693932972
"SVK","Slovakia",2001,0.592686653687859
"SVK","Slovakia",2002,0.598489613442744
"SVK","Slovakia",2003,0.620591767662532
"SVK","Slovakia",2004,0.623524863994076
"SVK","Slovakia",2005,0.646646383844797
"SVK","Slovakia",2006,0.635183036620056
"SVK","Slovakia",2007,0.63311126337268
"SVK","Slovakia",2008,0.645995475819923
"SVK","Slovakia",2009,0.635160785840788
"SVK","Slovakia",2010,0.638877809713907
"SVK","Slovakia",2011,0.636161411837357
"SVK","Slovakia",2012,0.62838196501308
"SVK","Slovakia",2013,0.621865486798113
"SVK","Slovakia",2014,0.621569881918712
"SVK","Slovakia",2015,0.606925958335921
"SVK","Slovakia",2016,0.61418118586651
"SVK","Slovakia",2017,0.611992835347777
"SVK","Slovakia",2018,0.609853190528412
"SVK","Slovakia",2019,0.615647390052946
"SVK","Slovakia",2020,0.623862196862011
"SVK","Slovakia",2021,0.617199680615646
"SVK","Slovakia",2022,0.606207281128946
"SVN","Slovenia",1995,0.729135870373928
"SVN","Slovenia",1996,0.729135870373928
"SVN","Slovenia",1997,0.730705680511823
"SVN","Slovenia",1998,0.732275490649718
"SVN","Slovenia",1999,0.700475674117746
"SVN","Slovenia",2000,0.668675857585775
"SVN","Slovenia",2001,0.67848626581266
"SVN","Slovenia",2002,0.688296674039544
"SVN","Slovenia",2003,0.69024271706845
"SVN","Slovenia",2004,0.693794488459286
"SVN","Slovenia",2005,0.688164453174613
"SVN","Slovenia",2006,0.691431651366904
"SVN","Slovenia",2007,0.693550502984777
"SVN","Slovenia",2008,0.697060220448059
"SVN","Slovenia",2009,0.700666814850176
"SVN","Slovenia",2010,0.678993607061019
"SVN","Slovenia",2011,0.683635259233981
"SVN","Slovenia",2012,0.670761348245794
"SVN","Slovenia",2013,0.661421734017061
"SVN","Slovenia",2014,0.666873483068283
"SVN","Slovenia",2015,0.661951744104885
"SVN","Slovenia",2016,0.672120587728392
"SVN","Slovenia",2017,0.660765723891563
"SVN","Slovenia",2018,0.670817709805171
"SVN","Slovenia",2019,0.690395746263645
"SVN","Slovenia",2020,0.673207018560826
"SVN","Slovenia",2021,0.664487439747022
"SVN","Slovenia",2022,0.658863968456342
"SLB","Solomon Islands",1995,0.555579603474921
"SLB","Solomon Islands",1996,0.555579603474921
"SLB","Solomon Islands",1997,0.557673764884907
"SLB","Solomon Islands",1998,0.559767926294894
"SLB","Solomon Islands",1999,0.510824286567779
"SLB","Solomon Islands",2000,0.461880646840665
"SLB","Solomon Islands",2001,0.457801124811969
"SLB","Solomon Islands",2002,0.453721602783274
"SLB","Solomon Islands",2003,0.493236467864869
"SLB","Solomon Islands",2004,0.413407662139407
"SLB","Solomon Islands",2005,0.418192110007515
"SLB","Solomon Islands",2006,0.408990365893116
"SLB","Solomon Islands",2007,0.395805171354906
"SLB","Solomon Islands",2008,0.400472883071262
"SLB","Solomon Islands",2009,0.401649885730359
"SLB","Solomon Islands",2010,0.406068595508514
"SLB","Solomon Islands",2011,0.417761900739843
"SLB","Solomon Islands",2012,0.412024209683664
"SLB","Solomon Islands",2013,0.411909464509941
"SLB","Solomon Islands",2014,0.428489099343978
"SLB","Solomon Islands",2015,0.437585489214798
"SLB","Solomon Islands",2016,0.439859689874884
"SLB","Solomon Islands",2017,0.466009632068378
"SLB","Solomon Islands",2018,0.46353900905997
"SLB","Solomon Islands",2019,0.473842860342262
"SLB","Solomon Islands",2020,0.487293807391223
"SLB","Solomon Islands",2021,0.456189303605134
"SLB","Solomon Islands",2022,0.458056907494022
"SOM","Somalia",1995,0.0992153004915942
"SOM","Somalia",1996,0.0992153004915942
"SOM","Somalia",1997,0.114504494922913
"SOM","Somalia",1998,0.129793689354232
"SOM","Somalia",1999,0.133784134046068
"SOM","Somalia",2000,0.137774578737905
"SOM","Somalia",2001,0.140561582048138
"SOM","Somalia",2002,0.143348585358372
"SOM","Somalia",2003,0.10554634224981
"SOM","Somalia",2004,0.0484512366978993
"SOM","Somalia",2005,0.0707609533866703
"SOM","Somalia",2006,0.0459868721687269
"SOM","Somalia",2007,0.0240374841463792
"SOM","Somalia",2008,0.00139489167182502
"SOM","Somalia",2009,0.018193010952768
"SOM","Somalia",2010,0.0361501235686568
"SOM","Somalia",2011,0.0406041301789476
"SOM","Somalia",2012,0.0584216710892152
"SOM","Somalia",2013,0.0650159837363493
"SOM","Somalia",2014,0.0800625295925654
"SOM","Somalia",2015,0.0880506340089631
"SOM","Somalia",2016,0.0820733842861892
"SOM","Somalia",2017,0.0869807772259481
"SOM","Somalia",2018,0.0864680181987111
"SOM","Somalia",2019,0.0771204052706346
"SOM","Somalia",2020,0.0837176799871154
"SOM","Somalia",2021,0.0786888177068674
"SOM","Somalia",2022,0.0859128638295028
"ZAF","South Africa",1995,0.557826560199566
"ZAF","South Africa",1996,0.557826560199566
"ZAF","South Africa",1997,0.553066403805154
"ZAF","South Africa",1998,0.54830624741074
"ZAF","South Africa",1999,0.553206117647797
"ZAF","South Africa",2000,0.558105987884854
"ZAF","South Africa",2001,0.553073671675977
"ZAF","South Africa",2002,0.5480413554671
"ZAF","South Africa",2003,0.546998721846713
"ZAF","South Africa",2004,0.553893183426492
"ZAF","South Africa",2005,0.557849437560478
"ZAF","South Africa",2006,0.571842594264304
"ZAF","South Africa",2007,0.552314280500057
"ZAF","South Africa",2008,0.545951972087587
"ZAF","South Africa",2009,0.530264481066991
"ZAF","South Africa",2010,0.53153670423113
"ZAF","South Africa",2011,0.531441543303732
"ZAF","South Africa",2012,0.514386759547345
"ZAF","South Africa",2013,0.517758055917217
"ZAF","South Africa",2014,0.507766620718568
"ZAF","South Africa",2015,0.499768343536622
"ZAF","South Africa",2016,0.504908998853027
"ZAF","South Africa",2017,0.481862632472343
"ZAF","South Africa",2018,0.471223590577029
"ZAF","South Africa",2019,0.479596634157293
"ZAF","South Africa",2020,0.477107108905782
"ZAF","South Africa",2021,0.466815576847205
"ZAF","South Africa",2022,0.444536105599588
"ESP","Spain",1995,0.703723622268018
"ESP","Spain",1996,0.703723622268018
"ESP","Spain",1997,0.706459354916487
"ESP","Spain",1998,0.709195087564955
"ESP","Spain",1999,0.718964382012057
"ESP","Spain",2000,0.728733676459158
"ESP","Spain",2001,0.725815004951544
"ESP","Spain",2002,0.72289633344393
"ESP","Spain",2003,0.70355159089074
"ESP","Spain",2004,0.695313441040008
"ESP","Spain",2005,0.706280405765814
"ESP","Spain",2006,0.676667664131558
"ESP","Spain",2007,0.669153426804048
"ESP","Spain",2008,0.673746544446554
"ESP","Spain",2009,0.657970041329699
"ESP","Spain",2010,0.669353583906196
"ESP","Spain",2011,0.67991375943456
"ESP","Spain",2012,0.666063214229421
"ESP","Spain",2013,0.652525390100736
"ESP","Spain",2014,0.636705542925468
"ESP","Spain",2015,0.631562067059514
"ESP","Spain",2016,0.649027757199377
"ESP","Spain",2017,0.639508538619395
"ESP","Spain",2018,0.643768446319894
"ESP","Spain",2019,0.653091457529064
"ESP","Spain",2020,0.640499796692085
"ESP","Spain",2021,0.646121497970117
"ESP","Spain",2022,0.631742497747612
"LKA","Sri Lanka",1995,0.433569319952487
"LKA","Sri Lanka",1996,0.433569319952487
"LKA","Sri Lanka",1997,0.439012835970694
"LKA","Sri Lanka",1998,0.4444563519889
"LKA","Sri Lanka",1999,0.434491650015613
"LKA","Sri Lanka",2000,0.424526948042324
"LKA","Sri Lanka",2001,0.451812984913262
"LKA","Sri Lanka",2002,0.479099021784198
"LKA","Sri Lanka",2003,0.464453416985828
"LKA","Sri Lanka",2004,0.455335217885413
"LKA","Sri Lanka",2005,0.41989448478966
"LKA","Sri Lanka",2006,0.42506997744525
"LKA","Sri Lanka",2007,0.410223101187455
"LKA","Sri Lanka",2008,0.393138525932166
"LKA","Sri Lanka",2009,0.402119262898248
"LKA","Sri Lanka",2010,0.419387032624599
"LKA","Sri Lanka",2011,0.435791405062226
"LKA","Sri Lanka",2012,0.445599766539401
"LKA","Sri Lanka",2013,0.441845075058518
"LKA","Sri Lanka",2014,0.455394261586124
"LKA","Sri Lanka",2015,0.482751802530265
"LKA","Sri Lanka",2016,0.481563498013964
"LKA","Sri Lanka",2017,0.464071771800231
"LKA","Sri Lanka",2018,0.465116031405175
"LKA","Sri Lanka",2019,0.465867469770632
"LKA","Sri Lanka",2020,0.467781884823271
"LKA","Sri Lanka",2021,0.44707318817543
"LKA","Sri Lanka",2022,0.411186384406805
"SDN","Sudan",1995,0.172948298584639
"SDN","Sudan",1996,0.172948298584639
"SDN","Sudan",1997,0.183614145821559
"SDN","Sudan",1998,0.19427999305848
"SDN","Sudan",1999,0.196311729453097
"SDN","Sudan",2000,0.198343465847714
"SDN","Sudan",2001,0.216632638406344
"SDN","Sudan",2002,0.234921810964973
"SDN","Sudan",2003,0.203194013765381
"SDN","Sudan",2004,0.229343239128862
"SDN","Sudan",2005,0.187922404271131
"SDN","Sudan",2006,0.214456263690276
"SDN","Sudan",2007,0.188969244023418
"SDN","Sudan",2008,0.170868124205336
"SDN","Sudan",2009,0.196694967046647
"SDN","Sudan",2010,0.186479625204992
"SDN","Sudan",2011,0.195304811218832
"SDN","Sudan",2012,0.184254683171348
"SDN","Sudan",2013,0.186760676399188
"SDN","Sudan",2014,0.187452984322093
"SDN","Sudan",2015,0.188188240063345
"SDN","Sudan",2016,0.175632356682037
"SDN","Sudan",2017,0.193899677103159
"SDN","Sudan",2018,0.202729164933563
"SDN","Sudan",2019,0.207838416456136
"SDN","Sudan",2020,0.217807297752559
"SDN","Sudan",2021,0.210106787714914
"SDN","Sudan",2022,0.195431670034165
"SUR","Suriname",1995,0.50089113129409
"SUR","Suriname",1996,0.50089113129409
"SUR","Suriname",1997,0.508472694245205
"SUR","Suriname",1998,0.51605425719632
"SUR","Suriname",1999,0.511468266297135
"SUR","Suriname",2000,0.50688227539795
"SUR","Suriname",2001,0.50271588487706
"SUR","Suriname",2002,0.498549494356171
"SUR","Suriname",2003,0.509433154362618
"SUR","Suriname",2004,0.489234073430703
"SUR","Suriname",2005,0.492206099357239
"SUR","Suriname",2006,0.458479455913176
"SUR","Suriname",2007,0.459204600488953
"SUR","Suriname",2008,0.466581423805606
"SUR","Suriname",2009,0.457083350483811
"SUR","Suriname",2010,0.450699531295638
"SUR","Suriname",2011,0.459762335843611
"SUR","Suriname",2012,0.459388353586439
"SUR","Suriname",2013,0.467182897489075
"SUR","Suriname",2014,0.448982004295965
"SUR","Suriname",2015,0.455415691361117
"SUR","Suriname",2016,0.449040542433669
"SUR","Suriname",2017,0.459464087353979
"SUR","Suriname",2018,0.453400667689938
"SUR","Suriname",2019,0.442950985210729
"SUR","Suriname",2020,0.447825509754937
"SUR","Suriname",2021,0.451180429033096
"SUR","Suriname",2022,0.450537755767359
"SWZ","Swaziland",1995,0.458763020344539
"SWZ","Swaziland",1996,0.458763020344539
"SWZ","Swaziland",1997,0.461235517673817
"SWZ","Swaziland",1998,0.463708015003094
"SWZ","Swaziland",1999,0.460195352739225
"SWZ","Swaziland",2000,0.456682690475355
"SWZ","Swaziland",2001,0.454786105055406
"SWZ","Swaziland",2002,0.452889519635456
"SWZ","Swaziland",2003,0.456676025859471
"SWZ","Swaziland",2004,0.422264171892607
"SWZ","Swaziland",2005,0.404748635777514
"SWZ","Swaziland",2006,0.440540676294453
"SWZ","Swaziland",2007,0.439208490549094
"SWZ","Swaziland",2008,0.453204911846053
"SWZ","Swaziland",2009,0.458986563722112
"SWZ","Swaziland",2010,0.453733889943441
"SWZ","Swaziland",2011,0.42455509056188
"SWZ","Swaziland",2012,0.43041810139409
"SWZ","Swaziland",2013,0.43896257521645
"SWZ","Swaziland",2014,0.439682139413601
"SWZ","Swaziland",2015,0.440578253294137
"SWZ","Swaziland",2016,0.435820300901536
"SWZ","Swaziland",2017,0.459845993915578
"SWZ","Swaziland",2018,0.43393761785893
"SWZ","Swaziland",2019,0.421628054170942
"SWZ","Swaziland",2020,0.434387528988155
"SWZ","Swaziland",2021,0.388816604147703
"SWZ","Swaziland",2022,0.387794697027713
"SWE","Sweden",1995,0.843370543842888
"SWE","Sweden",1996,0.843370543842888
"SWE","Sweden",1997,0.837055294870434
"SWE","Sweden",1998,0.830740045897979
"SWE","Sweden",1999,0.837983633565748
"SWE","Sweden",2000,0.845227221233517
"SWE","Sweden",2001,0.853292360221545
"SWE","Sweden",2002,0.861357499209575
"SWE","Sweden",2003,0.855754562243832
"SWE","Sweden",2004,0.858000209263117
"SWE","Sweden",2005,0.837993726484904
"SWE","Sweden",2006,0.845714182956172
"SWE","Sweden",2007,0.85609356183516
"SWE","Sweden",2008,0.85309686356426
"SWE","Sweden",2009,0.855621780131011
"SWE","Sweden",2010,0.853661336714786
"SWE","Sweden",2011,0.867646930666684
"SWE","Sweden",2012,0.872222673003044
"SWE","Sweden",2013,0.869074291121133
"SWE","Sweden",2014,0.855755537980249
"SWE","Sweden",2015,0.85270407711019
"SWE","Sweden",2016,0.853406936647274
"SWE","Sweden",2017,0.842418583543237
"SWE","Sweden",2018,0.841068435753784
"SWE","Sweden",2019,0.842767160428259
"SWE","Sweden",2020,0.835384158161926
"SWE","Sweden",2021,0.836397395288302
"SWE","Sweden",2022,0.825793634747529
"CHE","Switzerland",1995,0.851056262835519
"CHE","Switzerland",1996,0.851056262835519
"CHE","Switzerland",1997,0.854525559645709
"CHE","Switzerland",1998,0.857994856455899
"CHE","Switzerland",1999,0.865072597656777
"CHE","Switzerland",2000,0.872150338857655
"CHE","Switzerland",2001,0.869548589806318
"CHE","Switzerland",2002,0.866946840754981
"CHE","Switzerland",2003,0.848124541168236
"CHE","Switzerland",2004,0.842781926528128
"CHE","Switzerland",2005,0.839387863175747
"CHE","Switzerland",2006,0.839129845733221
"CHE","Switzerland",2007,0.849568923736146
"CHE","Switzerland",2008,0.841944403540991
"CHE","Switzerland",2009,0.8391727819609
"CHE","Switzerland",2010,0.841172078884371
"CHE","Switzerland",2011,0.839319392653066
"CHE","Switzerland",2012,0.85685165556928
"CHE","Switzerland",2013,0.853011728593594
"CHE","Switzerland",2014,0.872877941124804
"CHE","Switzerland",2015,0.85906728450751
"CHE","Switzerland",2016,0.857086513085697
"CHE","Switzerland",2017,0.852994067965053
"CHE","Switzerland",2018,0.853559699893224
"CHE","Switzerland",2019,0.843679315630395
"CHE","Switzerland",2020,0.836179032856419
"CHE","Switzerland",2021,0.834940564121487
"CHE","Switzerland",2022,0.833890265949668
"SYR","Syrian Arab Republic",1995,0.356602690901432
"SYR","Syrian Arab Republic",1996,0.356602690901432
"SYR","Syrian Arab Republic",1997,0.358110827994259
"SYR","Syrian Arab Republic",1998,0.359618965087086
"SYR","Syrian Arab Republic",1999,0.354468913391119
"SYR","Syrian Arab Republic",2000,0.34931886169515
"SYR","Syrian Arab Republic",2001,0.381139601586872
"SYR","Syrian Arab Republic",2002,0.412960341478593
"SYR","Syrian Arab Republic",2003,0.382820384281975
"SYR","Syrian Arab Republic",2004,0.364142331881287
"SYR","Syrian Arab Republic",2005,0.355284939854805
"SYR","Syrian Arab Republic",2006,0.323780107450992
"SYR","Syrian Arab Republic",2007,0.32248286339829
"SYR","Syrian Arab Republic",2008,0.334352438031399
"SYR","Syrian Arab Republic",2009,0.345942563654409
"SYR","Syrian Arab Republic",2010,0.332653328892981
"SYR","Syrian Arab Republic",2011,0.266960719911464
"SYR","Syrian Arab Republic",2012,0.185489481001091
"SYR","Syrian Arab Republic",2013,0.168522141773821
"SYR","Syrian Arab Republic",2014,0.144167407418821
"SYR","Syrian Arab Republic",2015,0.131534710092184
"SYR","Syrian Arab Republic",2016,0.10433056401409
"SYR","Syrian Arab Republic",2017,0.104108539865304
"SYR","Syrian Arab Republic",2018,0.101728729009837
"SYR","Syrian Arab Republic",2019,0.0959363894972922
"SYR","Syrian Arab Republic",2020,0.089589563074635
"SYR","Syrian Arab Republic",2021,0.100606543178823
"SYR","Syrian Arab Republic",2022,0.0878157395746082
"TJK","Tajikistan",1995,0.181659673613251
"TJK","Tajikistan",1996,0.181659673613251
"TJK","Tajikistan",1997,0.1923666275403
"TJK","Tajikistan",1998,0.203073581467349
"TJK","Tajikistan",1999,0.218109580172391
"TJK","Tajikistan",2000,0.233145578877432
"TJK","Tajikistan",2001,0.2528150308516
"TJK","Tajikistan",2002,0.272484482825769
"TJK","Tajikistan",2003,0.282570423523138
"TJK","Tajikistan",2004,0.256474429839797
"TJK","Tajikistan",2005,0.264786537511347
"TJK","Tajikistan",2006,0.269771906158024
"TJK","Tajikistan",2007,0.290259768681131
"TJK","Tajikistan",2008,0.281253553321489
"TJK","Tajikistan",2009,0.272641333044262
"TJK","Tajikistan",2010,0.273510162897382
"TJK","Tajikistan",2011,0.278402556013875
"TJK","Tajikistan",2012,0.265787262286239
"TJK","Tajikistan",2013,0.262485366208701
"TJK","Tajikistan",2014,0.306237704393402
"TJK","Tajikistan",2015,0.292764448843686
"TJK","Tajikistan",2016,0.289083431756597
"TJK","Tajikistan",2017,0.273437340424909
"TJK","Tajikistan",2018,0.26940061667222
"TJK","Tajikistan",2019,0.288664898785862
"TJK","Tajikistan",2020,0.2889547118028
"TJK","Tajikistan",2021,0.27876141125927
"TJK","Tajikistan",2022,0.268843137232873
"TZA","Tanzania, United Republic of",1995,0.403799561057126
"TZA","Tanzania, United Republic of",1996,0.403799561057126
"TZA","Tanzania, United Republic of",1997,0.407223572324041
"TZA","Tanzania, United Republic of",1998,0.410647583590956
"TZA","Tanzania, United Republic of",1999,0.399319097828411
"TZA","Tanzania, United Republic of",2000,0.387990612065866
"TZA","Tanzania, United Republic of",2001,0.390714336499779
"TZA","Tanzania, United Republic of",2002,0.393438060933692
"TZA","Tanzania, United Republic of",2003,0.377686940642856
"TZA","Tanzania, United Republic of",2004,0.397083488874808
"TZA","Tanzania, United Republic of",2005,0.403720829741734
"TZA","Tanzania, United Republic of",2006,0.431649462001194
"TZA","Tanzania, United Republic of",2007,0.424965385375713
"TZA","Tanzania, United Republic of",2008,0.424010209190754
"TZA","Tanzania, United Republic of",2009,0.433373314088608
"TZA","Tanzania, United Republic of",2010,0.424840433139951
"TZA","Tanzania, United Republic of",2011,0.418918327417022
"TZA","Tanzania, United Republic of",2012,0.413716172656268
"TZA","Tanzania, United Republic of",2013,0.409375526039716
"TZA","Tanzania, United Republic of",2014,0.39506628568171
"TZA","Tanzania, United Republic of",2015,0.402577988723967
"TZA","Tanzania, United Republic of",2016,0.409047545134451
"TZA","Tanzania, United Republic of",2017,0.396392034283846
"TZA","Tanzania, United Republic of",2018,0.390002294660917
"TZA","Tanzania, United Republic of",2019,0.399890675315752
"TZA","Tanzania, United Republic of",2020,0.393584872100487
"TZA","Tanzania, United Republic of",2021,0.405886832598561
"TZA","Tanzania, United Republic of",2022,0.421458976593492
"THA","Thailand",1995,0.530822525141386
"THA","Thailand",1996,0.530822525141386
"THA","Thailand",1997,0.541523384347923
"THA","Thailand",1998,0.55222424355446
"THA","Thailand",1999,0.556588948595315
"THA","Thailand",2000,0.56095365363617
"THA","Thailand",2001,0.545653361731557
"THA","Thailand",2002,0.530353069826945
"THA","Thailand",2003,0.509902086279807
"THA","Thailand",2004,0.47111392418357
"THA","Thailand",2005,0.474997865585101
"THA","Thailand",2006,0.437775761848472
"THA","Thailand",2007,0.428828728629088
"THA","Thailand",2008,0.419863714767977
"THA","Thailand",2009,0.415071365617627
"THA","Thailand",2010,0.410997630010009
"THA","Thailand",2011,0.426310923968205
"THA","Thailand",2012,0.425336345831303
"THA","Thailand",2013,0.423993256689628
"THA","Thailand",2014,0.433410923846125
"THA","Thailand",2015,0.427905946911632
"THA","Thailand",2016,0.434821227669229
"THA","Thailand",2017,0.445134177934012
"THA","Thailand",2018,0.439078303882322
"THA","Thailand",2019,0.457181875625229
"THA","Thailand",2020,0.458042402719309
"THA","Thailand",2021,0.45901308377936
"THA","Thailand",2022,0.471181152338257
"TLS","Timor-Leste",1995,NA
"TLS","Timor-Leste",1996,NA
"TLS","Timor-Leste",1997,NA
"TLS","Timor-Leste",1998,NA
"TLS","Timor-Leste",1999,NA
"TLS","Timor-Leste",2000,NA
"TLS","Timor-Leste",2001,NA
"TLS","Timor-Leste",2002,NA
"TLS","Timor-Leste",2003,NA
"TLS","Timor-Leste",2004,NA
"TLS","Timor-Leste",2005,NA
"TLS","Timor-Leste",2006,NA
"TLS","Timor-Leste",2007,NA
"TLS","Timor-Leste",2008,NA
"TLS","Timor-Leste",2009,NA
"TLS","Timor-Leste",2010,NA
"TLS","Timor-Leste",2011,NA
"TLS","Timor-Leste",2012,NA
"TLS","Timor-Leste",2013,NA
"TLS","Timor-Leste",2014,NA
"TLS","Timor-Leste",2015,NA
"TLS","Timor-Leste",2016,NA
"TLS","Timor-Leste",2017,NA
"TLS","Timor-Leste",2018,NA
"TLS","Timor-Leste",2019,NA
"TLS","Timor-Leste",2020,NA
"TLS","Timor-Leste",2021,NA
"TLS","Timor-Leste",2022,NA
"TGO","Togo",1995,0.38227787946496
"TGO","Togo",1996,0.38227787946496
"TGO","Togo",1997,0.369725642451971
"TGO","Togo",1998,0.357173405438982
"TGO","Togo",1999,0.365328095907207
"TGO","Togo",2000,0.373482786375433
"TGO","Togo",2001,0.377434123324466
"TGO","Togo",2002,0.381385460273499
"TGO","Togo",2003,0.361310288531137
"TGO","Togo",2004,0.337403963391089
"TGO","Togo",2005,0.296013471962833
"TGO","Togo",2006,0.327023201696579
"TGO","Togo",2007,0.336148006489079
"TGO","Togo",2008,0.349694944164292
"TGO","Togo",2009,0.348245227035849
"TGO","Togo",2010,0.348958363239092
"TGO","Togo",2011,0.341803563965962
"TGO","Togo",2012,0.338700005923134
"TGO","Togo",2013,0.332547813272131
"TGO","Togo",2014,0.35924247947392
"TGO","Togo",2015,0.365762472933602
"TGO","Togo",2016,0.380576418867328
"TGO","Togo",2017,0.344968303733887
"TGO","Togo",2018,0.355632374394119
"TGO","Togo",2019,0.354202097373622
"TGO","Togo",2020,0.355831006876386
"TGO","Togo",2021,0.371650625152987
"TGO","Togo",2022,0.378925754866397
"TON","Tonga",1995,0.54858236449547
"TON","Tonga",1996,0.54858236449547
"TON","Tonga",1997,0.550236490409653
"TON","Tonga",1998,0.551890616323835
"TON","Tonga",1999,0.550987139531735
"TON","Tonga",2000,0.550083662739635
"TON","Tonga",2001,0.549942074873359
"TON","Tonga",2002,0.549800487007083
"TON","Tonga",2003,0.500280817532011
"TON","Tonga",2004,0.517630681526489
"TON","Tonga",2005,0.455445014155366
"TON","Tonga",2006,0.439323573791049
"TON","Tonga",2007,0.442672954444862
"TON","Tonga",2008,0.441206808638072
"TON","Tonga",2009,0.440609254286331
"TON","Tonga",2010,0.490616648065424
"TON","Tonga",2011,0.494911431310145
"TON","Tonga",2012,0.4903919386322
"TON","Tonga",2013,0.495885742827503
"TON","Tonga",2014,0.493873352121992
"TON","Tonga",2015,0.481319086887865
"TON","Tonga",2016,0.508175375262619
"TON","Tonga",2017,0.520214230059992
"TON","Tonga",2018,0.536904569959292
"TON","Tonga",2019,0.536507274979842
"TON","Tonga",2020,0.534634059949813
"TON","Tonga",2021,0.529367581055506
"TON","Tonga",2022,0.537877558790671
"TTO","Trinidad and Tobago",1995,0.621816355922171
"TTO","Trinidad and Tobago",1996,0.621816355922171
"TTO","Trinidad and Tobago",1997,0.622088873483429
"TTO","Trinidad and Tobago",1998,0.622361391044685
"TTO","Trinidad and Tobago",1999,0.603067902856938
"TTO","Trinidad and Tobago",2000,0.583774414669191
"TTO","Trinidad and Tobago",2001,0.570480561274097
"TTO","Trinidad and Tobago",2002,0.557186707879003
"TTO","Trinidad and Tobago",2003,0.539940714070949
"TTO","Trinidad and Tobago",2004,0.531100061415015
"TTO","Trinidad and Tobago",2005,0.527210942484855
"TTO","Trinidad and Tobago",2006,0.506816005702485
"TTO","Trinidad and Tobago",2007,0.516368251519161
"TTO","Trinidad and Tobago",2008,0.514427815122269
"TTO","Trinidad and Tobago",2009,0.511080139206334
"TTO","Trinidad and Tobago",2010,0.50500175561417
"TTO","Trinidad and Tobago",2011,0.517483564189386
"TTO","Trinidad and Tobago",2012,0.500128449276285
"TTO","Trinidad and Tobago",2013,0.492067332108544
"TTO","Trinidad and Tobago",2014,0.488128220461735
"TTO","Trinidad and Tobago",2015,0.488435209363684
"TTO","Trinidad and Tobago",2016,0.485245309663185
"TTO","Trinidad and Tobago",2017,0.48514087848745
"TTO","Trinidad and Tobago",2018,0.475440849715214
"TTO","Trinidad and Tobago",2019,0.473042407344678
"TTO","Trinidad and Tobago",2020,0.480484329762978
"TTO","Trinidad and Tobago",2021,0.482737119266504
"TTO","Trinidad and Tobago",2022,0.483829395389301
"TUN","Tunisia",1995,0.474905209521397
"TUN","Tunisia",1996,0.474905209521397
"TUN","Tunisia",1997,0.477245490027176
"TUN","Tunisia",1998,0.479585770532954
"TUN","Tunisia",1999,0.48123420574789
"TUN","Tunisia",2000,0.482882640962826
"TUN","Tunisia",2001,0.497686781178322
"TUN","Tunisia",2002,0.512490921393818
"TUN","Tunisia",2003,0.513187167975406
"TUN","Tunisia",2004,0.509098752976966
"TUN","Tunisia",2005,0.494788848274884
"TUN","Tunisia",2006,0.525447403490664
"TUN","Tunisia",2007,0.509961577595686
"TUN","Tunisia",2008,0.505209354421244
"TUN","Tunisia",2009,0.505771324324612
"TUN","Tunisia",2010,0.49017585424335
"TUN","Tunisia",2011,0.463004317074714
"TUN","Tunisia",2012,0.4491564027927
"TUN","Tunisia",2013,0.438068000346348
"TUN","Tunisia",2014,0.444285924675001
"TUN","Tunisia",2015,0.434940538874414
"TUN","Tunisia",2016,0.422379174907188
"TUN","Tunisia",2017,0.435635867181528
"TUN","Tunisia",2018,0.436392977031209
"TUN","Tunisia",2019,0.441541353482323
"TUN","Tunisia",2020,0.46189610357703
"TUN","Tunisia",2021,0.437879533230085
"TUN","Tunisia",2022,0.437377515090272
"TUR","Turkey",1995,0.437840965704275
"TUR","Turkey",1996,0.437840965704275
"TUR","Turkey",1997,0.439919161855482
"TUR","Turkey",1998,0.441997358006689
"TUR","Turkey",1999,0.451806355431048
"TUR","Turkey",2000,0.461615352855406
"TUR","Turkey",2001,0.447592862647889
"TUR","Turkey",2002,0.433570372440372
"TUR","Turkey",2003,0.463025969573023
"TUR","Turkey",2004,0.460964100962017
"TUR","Turkey",2005,0.493369902038772
"TUR","Turkey",2006,0.492049514966001
"TUR","Turkey",2007,0.487955746245821
"TUR","Turkey",2008,0.487833076237311
"TUR","Turkey",2009,0.479585238661317
"TUR","Turkey",2010,0.48222785538987
"TUR","Turkey",2011,0.483310739165835
"TUR","Turkey",2012,0.479496308841306
"TUR","Turkey",2013,0.476408710467266
"TUR","Turkey",2014,0.465459414940003
"TUR","Turkey",2015,0.430743437250921
"TUR","Turkey",2016,0.3972072072307
"TUR","Turkey",2017,0.399889974734937
"TUR","Turkey",2018,0.407049748557001
"TUR","Turkey",2019,0.406105827624382
"TUR","Turkey",2020,0.410343565723243
"TUR","Turkey",2021,0.403626732218841
"TUR","Turkey",2022,0.395955620652505
"TKM","Turkmenistan",1995,0.321553308144939
"TKM","Turkmenistan",1996,0.321553308144939
"TKM","Turkmenistan",1997,0.307473360022917
"TKM","Turkmenistan",1998,0.293393411900895
"TKM","Turkmenistan",1999,0.289580231791332
"TKM","Turkmenistan",2000,0.28576705168177
"TKM","Turkmenistan",2001,0.288934089096724
"TKM","Turkmenistan",2002,0.292101126511677
"TKM","Turkmenistan",2003,0.294945755952698
"TKM","Turkmenistan",2004,0.253029861111241
"TKM","Turkmenistan",2005,0.260080995232047
"TKM","Turkmenistan",2006,0.227236277878852
"TKM","Turkmenistan",2007,0.256860084363178
"TKM","Turkmenistan",2008,0.276187215226731
"TKM","Turkmenistan",2009,0.271892763064182
"TKM","Turkmenistan",2010,0.259556313837347
"TKM","Turkmenistan",2011,0.257155156664583
"TKM","Turkmenistan",2012,0.272498626745939
"TKM","Turkmenistan",2013,0.266526888348111
"TKM","Turkmenistan",2014,0.267778383983675
"TKM","Turkmenistan",2015,0.25409990506271
"TKM","Turkmenistan",2016,0.235779996664586
"TKM","Turkmenistan",2017,0.246332838212938
"TKM","Turkmenistan",2018,0.251157294235445
"TKM","Turkmenistan",2019,0.244681621450218
"TKM","Turkmenistan",2020,0.240593924052489
"TKM","Turkmenistan",2021,0.23295850824452
"TKM","Turkmenistan",2022,0.239608862087702
"TUV","Tuvalu",1995,0.633689316826223
"TUV","Tuvalu",1996,0.633689316826223
"TUV","Tuvalu",1997,0.635343442740405
"TUV","Tuvalu",1998,0.636997568654588
"TUV","Tuvalu",1999,0.636094091862488
"TUV","Tuvalu",2000,0.635190615070387
"TUV","Tuvalu",2001,0.635049027204112
"TUV","Tuvalu",2002,0.634907439337836
"TUV","Tuvalu",2003,0.634874946353112
"TUV","Tuvalu",2004,0.635732537656899
"TUV","Tuvalu",2005,0.596423972337234
"TUV","Tuvalu",2006,0.571215477183568
"TUV","Tuvalu",2007,0.554167656946423
"TUV","Tuvalu",2008,0.541108015635201
"TUV","Tuvalu",2009,0.5497094766148
"TUV","Tuvalu",2010,0.540104448489256
"TUV","Tuvalu",2011,0.533345432631564
"TUV","Tuvalu",2012,0.504313742689573
"TUV","Tuvalu",2013,0.499117359194187
"TUV","Tuvalu",2014,0.541171942433436
"TUV","Tuvalu",2015,0.550364279672892
"TUV","Tuvalu",2016,0.563970399715669
"TUV","Tuvalu",2017,0.551079799981151
"TUV","Tuvalu",2018,0.571820623313323
"TUV","Tuvalu",2019,0.582407892982284
"TUV","Tuvalu",2020,0.598654605458931
"TUV","Tuvalu",2021,0.615697278882657
"TUV","Tuvalu",2022,0.623311852617849
"UGA","Uganda",1995,0.364964765136275
"UGA","Uganda",1996,0.364964765136275
"UGA","Uganda",1997,0.368542424235619
"UGA","Uganda",1998,0.372120083334964
"UGA","Uganda",1999,0.355160899613535
"UGA","Uganda",2000,0.338201715892106
"UGA","Uganda",2001,0.339377822727723
"UGA","Uganda",2002,0.34055392956334
"UGA","Uganda",2003,0.345544159421607
"UGA","Uganda",2004,0.359679610713443
"UGA","Uganda",2005,0.3533805439134
"UGA","Uganda",2006,0.379379256099118
"UGA","Uganda",2007,0.385308433689433
"UGA","Uganda",2008,0.386597338052506
"UGA","Uganda",2009,0.377452567960487
"UGA","Uganda",2010,0.376592772016392
"UGA","Uganda",2011,0.37994923979279
"UGA","Uganda",2012,0.376733527947854
"UGA","Uganda",2013,0.374695097418905
"UGA","Uganda",2014,0.366523335071787
"UGA","Uganda",2015,0.369259573702668
"UGA","Uganda",2016,0.382059160595675
"UGA","Uganda",2017,0.387484573561461
"UGA","Uganda",2018,0.381611912226078
"UGA","Uganda",2019,0.367207763028293
"UGA","Uganda",2020,0.364959432780552
"UGA","Uganda",2021,0.360249022779843
"UGA","Uganda",2022,0.364470022783844
"UKR","Ukraine",1995,0.370621333745237
"UKR","Ukraine",1996,0.370621333745237
"UKR","Ukraine",1997,0.355997741178462
"UKR","Ukraine",1998,0.341374148611686
"UKR","Ukraine",1999,0.344148930354091
"UKR","Ukraine",2000,0.346923712096496
"UKR","Ukraine",2001,0.350685157980647
"UKR","Ukraine",2002,0.354446603864798
"UKR","Ukraine",2003,0.363048835044297
"UKR","Ukraine",2004,0.370302663696917
"UKR","Ukraine",2005,0.382513625698835
"UKR","Ukraine",2006,0.391726130444622
"UKR","Ukraine",2007,0.405513301476866
"UKR","Ukraine",2008,0.39433410292924
"UKR","Ukraine",2009,0.361235212684036
"UKR","Ukraine",2010,0.379452342234113
"UKR","Ukraine",2011,0.36695652416997
"UKR","Ukraine",2012,0.366351759001586
"UKR","Ukraine",2013,0.330642803153093
"UKR","Ukraine",2014,0.286585118873942
"UKR","Ukraine",2015,0.284675595398392
"UKR","Ukraine",2016,0.312233413116877
"UKR","Ukraine",2017,0.323060581901722
"UKR","Ukraine",2018,0.318695509119638
"UKR","Ukraine",2019,0.347446820531947
"UKR","Ukraine",2020,0.356109834476282
"UKR","Ukraine",2021,0.360661599979395
"UKR","Ukraine",2022,0.318298383844436
"ARE","United Arab Emirates",1995,0.611507074793041
"ARE","United Arab Emirates",1996,0.611507074793041
"ARE","United Arab Emirates",1997,0.608559023212293
"ARE","United Arab Emirates",1998,0.605610971631545
"ARE","United Arab Emirates",1999,0.611002879581264
"ARE","United Arab Emirates",2000,0.616394787530984
"ARE","United Arab Emirates",2001,0.655349840698916
"ARE","United Arab Emirates",2002,0.694304893866847
"ARE","United Arab Emirates",2003,0.650835213789054
"ARE","United Arab Emirates",2004,0.655523166004335
"ARE","United Arab Emirates",2005,0.648186795711955
"ARE","United Arab Emirates",2006,0.639045593758809
"ARE","United Arab Emirates",2007,0.645618085787845
"ARE","United Arab Emirates",2008,0.642300433046924
"ARE","United Arab Emirates",2009,0.63536423433254
"ARE","United Arab Emirates",2010,0.619233569136751
"ARE","United Arab Emirates",2011,0.6494775460711
"ARE","United Arab Emirates",2012,0.665215322099775
"ARE","United Arab Emirates",2013,0.682386730990315
"ARE","United Arab Emirates",2014,0.685065236265508
"ARE","United Arab Emirates",2015,0.678306007297137
"ARE","United Arab Emirates",2016,0.678618557768113
"ARE","United Arab Emirates",2017,0.678298603274301
"ARE","United Arab Emirates",2018,0.679581388043507
"ARE","United Arab Emirates",2019,0.680144159405917
"ARE","United Arab Emirates",2020,0.686131473549199
"ARE","United Arab Emirates",2021,0.683078882831932
"ARE","United Arab Emirates",2022,0.691066900689115
"GBR","United Kingdom",1995,0.838290766907379
"GBR","United Kingdom",1996,0.838290766907379
"GBR","United Kingdom",1997,0.840690290078967
"GBR","United Kingdom",1998,0.843089813250555
"GBR","United Kingdom",1999,0.840069448148707
"GBR","United Kingdom",2000,0.837049083046859
"GBR","United Kingdom",2001,0.824498345383087
"GBR","United Kingdom",2002,0.811947607719316
"GBR","United Kingdom",2003,0.791329592745406
"GBR","United Kingdom",2004,0.782532996990387
"GBR","United Kingdom",2005,0.772666956497317
"GBR","United Kingdom",2006,0.811525170583637
"GBR","United Kingdom",2007,0.803502820798112
"GBR","United Kingdom",2008,0.791051713786131
"GBR","United Kingdom",2009,0.764140165476534
"GBR","United Kingdom",2010,0.785051443873068
"GBR","United Kingdom",2011,0.773281657467574
"GBR","United Kingdom",2012,0.781264147705494
"GBR","United Kingdom",2013,0.792086374684914
"GBR","United Kingdom",2014,0.802631298008388
"GBR","United Kingdom",2015,0.806969039816664
"GBR","United Kingdom",2016,0.790723943447574
"GBR","United Kingdom",2017,0.787998380850499
"GBR","United Kingdom",2018,0.775718071303882
"GBR","United Kingdom",2019,0.782345144913683
"GBR","United Kingdom",2020,0.763159710882553
"GBR","United Kingdom",2021,0.758092075609637
"GBR","United Kingdom",2022,0.764083470052241
"USA","United States",1995,0.785276797208664
"USA","United States",1996,0.785276797208664
"USA","United States",1997,0.785521673857483
"USA","United States",1998,0.785766550506301
"USA","United States",1999,0.793768513028279
"USA","United States",2000,0.801770475550257
"USA","United States",2001,0.787638491112981
"USA","United States",2002,0.773506506675706
"USA","United States",2003,0.757641264861782
"USA","United States",2004,0.743149544479143
"USA","United States",2005,0.742538948560956
"USA","United States",2006,0.760082364556163
"USA","United States",2007,0.750542503950061
"USA","United States",2008,0.765760500111177
"USA","United States",2009,0.742770968911078
"USA","United States",2010,0.745371526382695
"USA","United States",2011,0.750355632632964
"USA","United States",2012,0.753696859818265
"USA","United States",2013,0.743415961843136
"USA","United States",2014,0.748201668174141
"USA","United States",2015,0.747038700780198
"USA","United States",2016,0.74649741007465
"USA","United States",2017,0.74963106242281
"USA","United States",2018,0.745452493217167
"USA","United States",2019,0.711150814596239
"USA","United States",2020,0.687615238104892
"USA","United States",2021,0.699814517349408
"USA","United States",2022,0.702016578143316
"URY","Uruguay",1995,0.662863222210513
"URY","Uruguay",1996,0.662863222210513
"URY","Uruguay",1997,0.667508045472459
"URY","Uruguay",1998,0.672152868734404
"URY","Uruguay",1999,0.666808027553462
"URY","Uruguay",2000,0.66146318637252
"URY","Uruguay",2001,0.657364303845351
"URY","Uruguay",2002,0.653265421318182
"URY","Uruguay",2003,0.643760290787642
"URY","Uruguay",2004,0.616256320765699
"URY","Uruguay",2005,0.64103535474922
"URY","Uruguay",2006,0.65273957186101
"URY","Uruguay",2007,0.660085210164739
"URY","Uruguay",2008,0.665689642246456
"URY","Uruguay",2009,0.670151358811983
"URY","Uruguay",2010,0.680576777217543
"URY","Uruguay",2011,0.683593774556206
"URY","Uruguay",2012,0.671756392506924
"URY","Uruguay",2013,0.680885948847531
"URY","Uruguay",2014,0.697907914896735
"URY","Uruguay",2015,0.685076616338872
"URY","Uruguay",2016,0.68312124889089
"URY","Uruguay",2017,0.678191192107747
"URY","Uruguay",2018,0.674506864024444
"URY","Uruguay",2019,0.675151186910744
"URY","Uruguay",2020,0.69190688564339
"URY","Uruguay",2021,0.708245912897105
"URY","Uruguay",2022,0.714914712968599
"UZB","Uzbekistan",1995,0.265045011765917
"UZB","Uzbekistan",1996,0.265045011765917
"UZB","Uzbekistan",1997,0.255377522408791
"UZB","Uzbekistan",1998,0.245710033051665
"UZB","Uzbekistan",1999,0.229863610392611
"UZB","Uzbekistan",2000,0.214017187733558
"UZB","Uzbekistan",2001,0.234873848038494
"UZB","Uzbekistan",2002,0.255730508343429
"UZB","Uzbekistan",2003,0.261965489394538
"UZB","Uzbekistan",2004,0.234173525075772
"UZB","Uzbekistan",2005,0.199690114040958
"UZB","Uzbekistan",2006,0.214958655385411
"UZB","Uzbekistan",2007,0.249434128366584
"UZB","Uzbekistan",2008,0.263977119620047
"UZB","Uzbekistan",2009,0.250044809578567
"UZB","Uzbekistan",2010,0.250331907035734
"UZB","Uzbekistan",2011,0.248137631731501
"UZB","Uzbekistan",2012,0.26246034571415
"UZB","Uzbekistan",2013,0.265835045549356
"UZB","Uzbekistan",2014,0.280391685645668
"UZB","Uzbekistan",2015,0.272683700764264
"UZB","Uzbekistan",2016,0.284748780568745
"UZB","Uzbekistan",2017,0.303372821488078
"UZB","Uzbekistan",2018,0.316533781435935
"UZB","Uzbekistan",2019,0.323861148702176
"UZB","Uzbekistan",2020,0.317586907079781
"UZB","Uzbekistan",2021,0.368848975821753
"UZB","Uzbekistan",2022,0.380983133063143
"VUT","Vanuatu",1995,0.578175634458589
"VUT","Vanuatu",1996,0.578175634458589
"VUT","Vanuatu",1997,0.580762320108197
"VUT","Vanuatu",1998,0.583349005757806
"VUT","Vanuatu",1999,0.599230627597995
"VUT","Vanuatu",2000,0.615112249438184
"VUT","Vanuatu",2001,0.613823580949496
"VUT","Vanuatu",2002,0.612534912460808
"VUT","Vanuatu",2003,0.598059462544336
"VUT","Vanuatu",2004,0.546825079593767
"VUT","Vanuatu",2005,0.616334488806844
"VUT","Vanuatu",2006,0.599227832788414
"VUT","Vanuatu",2007,0.57779640847065
"VUT","Vanuatu",2008,0.564186611275089
"VUT","Vanuatu",2009,0.560943437541658
"VUT","Vanuatu",2010,0.548549718401264
"VUT","Vanuatu",2011,0.548345406500318
"VUT","Vanuatu",2012,0.553240789394817
"VUT","Vanuatu",2013,0.560296424828167
"VUT","Vanuatu",2014,0.55213141329754
"VUT","Vanuatu",2015,0.504510343934992
"VUT","Vanuatu",2016,0.523310429656924
"VUT","Vanuatu",2017,0.542680543391498
"VUT","Vanuatu",2018,0.523808525751698
"VUT","Vanuatu",2019,0.518163052534959
"VUT","Vanuatu",2020,0.526235377528589
"VUT","Vanuatu",2021,0.555243433848653
"VUT","Vanuatu",2022,0.552600783362829
"VEN","Venezuela, Bolivarian Republic o",1995,0.375318332818983
"VEN","Venezuela, Bolivarian Republic o",1996,0.375318332818983
"VEN","Venezuela, Bolivarian Republic o",1997,0.375252103510734
"VEN","Venezuela, Bolivarian Republic o",1998,0.375185874202486
"VEN","Venezuela, Bolivarian Republic o",1999,0.37473769426548
"VEN","Venezuela, Bolivarian Republic o",2000,0.374289514328474
"VEN","Venezuela, Bolivarian Republic o",2001,0.334427849267786
"VEN","Venezuela, Bolivarian Republic o",2002,0.294566184207098
"VEN","Venezuela, Bolivarian Republic o",2003,0.27019637001471
"VEN","Venezuela, Bolivarian Republic o",2004,0.271613851570101
"VEN","Venezuela, Bolivarian Republic o",2005,0.27314099871415
"VEN","Venezuela, Bolivarian Republic o",2006,0.258907592580129
"VEN","Venezuela, Bolivarian Republic o",2007,0.238389220339372
"VEN","Venezuela, Bolivarian Republic o",2008,0.231651682854499
"VEN","Venezuela, Bolivarian Republic o",2009,0.22275888582244
"VEN","Venezuela, Bolivarian Republic o",2010,0.219316457006022
"VEN","Venezuela, Bolivarian Republic o",2011,0.236424016477534
"VEN","Venezuela, Bolivarian Republic o",2012,0.229896367948246
"VEN","Venezuela, Bolivarian Republic o",2013,0.21727998739427
"VEN","Venezuela, Bolivarian Republic o",2014,0.205433483330889
"VEN","Venezuela, Bolivarian Republic o",2015,0.185970032658743
"VEN","Venezuela, Bolivarian Republic o",2016,0.16932874988431
"VEN","Venezuela, Bolivarian Republic o",2017,0.159545426312435
"VEN","Venezuela, Bolivarian Republic o",2018,0.12765535028156
"VEN","Venezuela, Bolivarian Republic o",2019,0.119187662001215
"VEN","Venezuela, Bolivarian Republic o",2020,0.11794144144883
"VEN","Venezuela, Bolivarian Republic o",2021,0.123715802432745
"VEN","Venezuela, Bolivarian Republic o",2022,0.143992385998803
"VNM","Viet Nam",1995,0.443078608879184
"VNM","Viet Nam",1996,0.443078608879184
"VNM","Viet Nam",1997,0.44036009938556
"VNM","Viet Nam",1998,0.437641589891937
"VNM","Viet Nam",1999,0.437510036498353
"VNM","Viet Nam",2000,0.437378483104771
"VNM","Viet Nam",2001,0.425591374241668
"VNM","Viet Nam",2002,0.413804265378565
"VNM","Viet Nam",2003,0.416535268043792
"VNM","Viet Nam",2004,0.407887603250426
"VNM","Viet Nam",2005,0.435678908879366
"VNM","Viet Nam",2006,0.42013401218794
"VNM","Viet Nam",2007,0.424348108733177
"VNM","Viet Nam",2008,0.414333764686657
"VNM","Viet Nam",2009,0.425057502088919
"VNM","Viet Nam",2010,0.41292495947244
"VNM","Viet Nam",2011,0.41814737172456
"VNM","Viet Nam",2012,0.42232091341864
"VNM","Viet Nam",2013,0.42757162960801
"VNM","Viet Nam",2014,0.428505107163405
"VNM","Viet Nam",2015,0.436092234531696
"VNM","Viet Nam",2016,0.462098843131686
"VNM","Viet Nam",2017,0.455676946293022
"VNM","Viet Nam",2018,0.45399079021533
"VNM","Viet Nam",2019,0.451418444722664
"VNM","Viet Nam",2020,0.458018900125015
"VNM","Viet Nam",2021,0.45090737898286
"VNM","Viet Nam",2022,0.455269598642058
"YEM","Yemen",1995,0.313507724617203
"YEM","Yemen",1996,0.313507724617203
"YEM","Yemen",1997,0.304430849275595
"YEM","Yemen",1998,0.295353973933988
"YEM","Yemen",1999,0.292850126158109
"YEM","Yemen",2000,0.29034627838223
"YEM","Yemen",2001,0.28222347651619
"YEM","Yemen",2002,0.27410067465015
"YEM","Yemen",2003,0.280310931801678
"YEM","Yemen",2004,0.268441845991133
"YEM","Yemen",2005,0.285216700064856
"YEM","Yemen",2006,0.309590606655005
"YEM","Yemen",2007,0.30692637988487
"YEM","Yemen",2008,0.285477482759399
"YEM","Yemen",2009,0.254737631482584
"YEM","Yemen",2010,0.245292156662183
"YEM","Yemen",2011,0.221205563128032
"YEM","Yemen",2012,0.227929594149548
"YEM","Yemen",2013,0.232974339971992
"YEM","Yemen",2014,0.193770676285274
"YEM","Yemen",2015,0.18017766922307
"YEM","Yemen",2016,0.128578298946
"YEM","Yemen",2017,0.122518625240736
"YEM","Yemen",2018,0.108182315644225
"YEM","Yemen",2019,0.112287012262279
"YEM","Yemen",2020,0.110703106888864
"YEM","Yemen",2021,0.105693500353081
"YEM","Yemen",2022,0.113292668550055
"ZMB","Zambia",1995,0.396950811229325
"ZMB","Zambia",1996,0.396950811229325
"ZMB","Zambia",1997,0.410969766727605
"ZMB","Zambia",1998,0.424988722225885
"ZMB","Zambia",1999,0.416664675350702
"ZMB","Zambia",2000,0.408340628475519
"ZMB","Zambia",2001,0.400138313952241
"ZMB","Zambia",2002,0.391935999428964
"ZMB","Zambia",2003,0.424173161203239
"ZMB","Zambia",2004,0.420891611697078
"ZMB","Zambia",2005,0.410586373310762
"ZMB","Zambia",2006,0.426639187388936
"ZMB","Zambia",2007,0.440835486504024
"ZMB","Zambia",2008,0.455027478894665
"ZMB","Zambia",2009,0.449256365461036
"ZMB","Zambia",2010,0.444169697268542
"ZMB","Zambia",2011,0.454921344064861
"ZMB","Zambia",2012,0.474162828332705
"ZMB","Zambia",2013,0.465414765485645
"ZMB","Zambia",2014,0.451434230740161
"ZMB","Zambia",2015,0.450769310271689
"ZMB","Zambia",2016,0.441298572549956
"ZMB","Zambia",2017,0.433414187980064
"ZMB","Zambia",2018,0.423006517779656
"ZMB","Zambia",2019,0.4047165851104
"ZMB","Zambia",2020,0.388453732156188
"ZMB","Zambia",2021,0.402653674221353
"ZMB","Zambia",2022,0.424455206938096
"ZWE","Zimbabwe",1995,0.388184166211733
"ZWE","Zimbabwe",1996,0.388184166211733
"ZWE","Zimbabwe",1997,0.374875428160095
"ZWE","Zimbabwe",1998,0.361566690108456
"ZWE","Zimbabwe",1999,0.302729417158941
"ZWE","Zimbabwe",2000,0.243892144209426
"ZWE","Zimbabwe",2001,0.223445496261888
"ZWE","Zimbabwe",2002,0.202998848314349
"ZWE","Zimbabwe",2003,0.216255793502434
"ZWE","Zimbabwe",2004,0.197548271627366
"ZWE","Zimbabwe",2005,0.172937864552926
"ZWE","Zimbabwe",2006,0.20133650415149
"ZWE","Zimbabwe",2007,0.182065298420491
"ZWE","Zimbabwe",2008,0.182248299814735
"ZWE","Zimbabwe",2009,0.179018510281802
"ZWE","Zimbabwe",2010,0.186360178632141
"ZWE","Zimbabwe",2011,0.197752938044513
"ZWE","Zimbabwe",2012,0.216485590208737
"ZWE","Zimbabwe",2013,0.222105742247338
"ZWE","Zimbabwe",2014,0.226226658402303
"ZWE","Zimbabwe",2015,0.250889608530945
"ZWE","Zimbabwe",2016,0.249168660165566
"ZWE","Zimbabwe",2017,0.249985491049446
"ZWE","Zimbabwe",2018,0.260503690545681
"ZWE","Zimbabwe",2019,0.250892907173989
"ZWE","Zimbabwe",2020,0.246519035562889
"ZWE","Zimbabwe",2021,0.257692959098657
"ZWE","Zimbabwe",2022,0.260644222489791
