"ISO3","Name","Year","Value: ecos_02"
"AFG","Afghanistan",1995,0
"AFG","Afghanistan",1996,0
"AFG","Afghanistan",1997,0
"AFG","Afghanistan",1998,0
"AFG","Afghanistan",1999,0
"AFG","Afghanistan",2000,0
"AFG","Afghanistan",2001,0
"AFG","Afghanistan",2002,0
"AFG","Afghanistan",2003,0
"AFG","Afghanistan",2004,0
"AFG","Afghanistan",2005,0
"AFG","Afghanistan",2006,0
"AFG","Afghanistan",2007,0
"AFG","Afghanistan",2008,0
"AFG","Afghanistan",2009,0
"AFG","Afghanistan",2010,0
"AFG","Afghanistan",2011,0
"AFG","Afghanistan",2012,0
"AFG","Afghanistan",2013,0
"AFG","Afghanistan",2014,0
"AFG","Afghanistan",2015,0
"AFG","Afghanistan",2016,0
"AFG","Afghanistan",2017,0
"AFG","Afghanistan",2018,0
"AFG","Afghanistan",2019,0
"AFG","Afghanistan",2020,0
"AFG","Afghanistan",2021,0
"AFG","Afghanistan",2022,0
"ALB","Albania",1995,0.301151158321792
"ALB","Albania",1996,0.301151158321792
"ALB","Albania",1997,0.301151158321792
"ALB","Albania",1998,0.301151158321792
"ALB","Albania",1999,0.301151158321792
"ALB","Albania",2000,0.301151158321792
"ALB","Albania",2001,0.301151158321792
"ALB","Albania",2002,0.301151158321792
"ALB","Albania",2003,0.301151158321792
"ALB","Albania",2004,0.301151158321792
"ALB","Albania",2005,0.301151158321792
"ALB","Albania",2006,0.301151158321792
"ALB","Albania",2007,0.301151158321792
"ALB","Albania",2008,0.301151158321792
"ALB","Albania",2009,0.301151158321792
"ALB","Albania",2010,0.301151158321792
"ALB","Albania",2011,0.301151158321792
"ALB","Albania",2012,0.301151158321792
"ALB","Albania",2013,0.301151158321792
"ALB","Albania",2014,0.301151158321792
"ALB","Albania",2015,0.301151158321792
"ALB","Albania",2016,0.301151158321792
"ALB","Albania",2017,0.301151158321792
"ALB","Albania",2018,0.301151158321792
"ALB","Albania",2019,0.301151158321792
"ALB","Albania",2020,0.301151158321792
"ALB","Albania",2021,0.301151158321792
"ALB","Albania",2022,0.301151158321792
"DZA","Algeria",1995,0.432216514187083
"DZA","Algeria",1996,0.432216514187083
"DZA","Algeria",1997,0.432216514187083
"DZA","Algeria",1998,0.432216514187083
"DZA","Algeria",1999,0.432216514187083
"DZA","Algeria",2000,0.432216514187083
"DZA","Algeria",2001,0.432216514187083
"DZA","Algeria",2002,0.432216514187083
"DZA","Algeria",2003,0.432216514187083
"DZA","Algeria",2004,0.432216514187083
"DZA","Algeria",2005,0.432216514187083
"DZA","Algeria",2006,0.432216514187083
"DZA","Algeria",2007,0.432216514187083
"DZA","Algeria",2008,0.432216514187083
"DZA","Algeria",2009,0.432216514187083
"DZA","Algeria",2010,0.432216514187083
"DZA","Algeria",2011,0.432216514187083
"DZA","Algeria",2012,0.432216514187083
"DZA","Algeria",2013,0.432216514187083
"DZA","Algeria",2014,0.432216514187083
"DZA","Algeria",2015,0.432216514187083
"DZA","Algeria",2016,0.432216514187083
"DZA","Algeria",2017,0.432216514187083
"DZA","Algeria",2018,0.432216514187083
"DZA","Algeria",2019,0.432216514187083
"DZA","Algeria",2020,0.432216514187083
"DZA","Algeria",2021,0.432216514187083
"DZA","Algeria",2022,0.432216514187083
"AND","Andorra",1995,0
"AND","Andorra",1996,0
"AND","Andorra",1997,0
"AND","Andorra",1998,0
"AND","Andorra",1999,0
"AND","Andorra",2000,0
"AND","Andorra",2001,0
"AND","Andorra",2002,0
"AND","Andorra",2003,0
"AND","Andorra",2004,0
"AND","Andorra",2005,0
"AND","Andorra",2006,0
"AND","Andorra",2007,0
"AND","Andorra",2008,0
"AND","Andorra",2009,0
"AND","Andorra",2010,0
"AND","Andorra",2011,0
"AND","Andorra",2012,0
"AND","Andorra",2013,0
"AND","Andorra",2014,0
"AND","Andorra",2015,0
"AND","Andorra",2016,0
"AND","Andorra",2017,0
"AND","Andorra",2018,0
"AND","Andorra",2019,0
"AND","Andorra",2020,0
"AND","Andorra",2021,0
"AND","Andorra",2022,0
"AGO","Angola",1995,0.554453745585369
"AGO","Angola",1996,0.554453745585369
"AGO","Angola",1997,0.554453745585369
"AGO","Angola",1998,0.554453745585369
"AGO","Angola",1999,0.554453745585369
"AGO","Angola",2000,0.554453745585369
"AGO","Angola",2001,0.554453745585369
"AGO","Angola",2002,0.554453745585369
"AGO","Angola",2003,0.554453745585369
"AGO","Angola",2004,0.554453745585369
"AGO","Angola",2005,0.554453745585369
"AGO","Angola",2006,0.554453745585369
"AGO","Angola",2007,0.554453745585369
"AGO","Angola",2008,0.554453745585369
"AGO","Angola",2009,0.554453745585369
"AGO","Angola",2010,0.554453745585369
"AGO","Angola",2011,0.554453745585369
"AGO","Angola",2012,0.554453745585369
"AGO","Angola",2013,0.554453745585369
"AGO","Angola",2014,0.554453745585369
"AGO","Angola",2015,0.554453745585369
"AGO","Angola",2016,0.554453745585369
"AGO","Angola",2017,0.554453745585369
"AGO","Angola",2018,0.554453745585369
"AGO","Angola",2019,0.554453745585369
"AGO","Angola",2020,0.554453745585369
"AGO","Angola",2021,0.554453745585369
"AGO","Angola",2022,0.554453745585369
"ATG","Antigua and Barbuda",1995,0.467525600878719
"ATG","Antigua and Barbuda",1996,0.467525600878719
"ATG","Antigua and Barbuda",1997,0.467525600878719
"ATG","Antigua and Barbuda",1998,0.467525600878719
"ATG","Antigua and Barbuda",1999,0.467525600878719
"ATG","Antigua and Barbuda",2000,0.467525600878719
"ATG","Antigua and Barbuda",2001,0.467525600878719
"ATG","Antigua and Barbuda",2002,0.467525600878719
"ATG","Antigua and Barbuda",2003,0.467525600878719
"ATG","Antigua and Barbuda",2004,0.467525600878719
"ATG","Antigua and Barbuda",2005,0.467525600878719
"ATG","Antigua and Barbuda",2006,0.467525600878719
"ATG","Antigua and Barbuda",2007,0.467525600878719
"ATG","Antigua and Barbuda",2008,0.467525600878719
"ATG","Antigua and Barbuda",2009,0.467525600878719
"ATG","Antigua and Barbuda",2010,0.467525600878719
"ATG","Antigua and Barbuda",2011,0.467525600878719
"ATG","Antigua and Barbuda",2012,0.467525600878719
"ATG","Antigua and Barbuda",2013,0.467525600878719
"ATG","Antigua and Barbuda",2014,0.467525600878719
"ATG","Antigua and Barbuda",2015,0.467525600878719
"ATG","Antigua and Barbuda",2016,0.467525600878719
"ATG","Antigua and Barbuda",2017,0.467525600878719
"ATG","Antigua and Barbuda",2018,0.467525600878719
"ATG","Antigua and Barbuda",2019,0.467525600878719
"ATG","Antigua and Barbuda",2020,0.467525600878719
"ATG","Antigua and Barbuda",2021,0.467525600878719
"ATG","Antigua and Barbuda",2022,0.467525600878719
"ARG","Argentina",1995,1
"ARG","Argentina",1996,1
"ARG","Argentina",1997,1
"ARG","Argentina",1998,1
"ARG","Argentina",1999,1
"ARG","Argentina",2000,1
"ARG","Argentina",2001,1
"ARG","Argentina",2002,1
"ARG","Argentina",2003,1
"ARG","Argentina",2004,1
"ARG","Argentina",2005,1
"ARG","Argentina",2006,1
"ARG","Argentina",2007,1
"ARG","Argentina",2008,1
"ARG","Argentina",2009,1
"ARG","Argentina",2010,1
"ARG","Argentina",2011,1
"ARG","Argentina",2012,1
"ARG","Argentina",2013,1
"ARG","Argentina",2014,1
"ARG","Argentina",2015,1
"ARG","Argentina",2016,1
"ARG","Argentina",2017,1
"ARG","Argentina",2018,1
"ARG","Argentina",2019,1
"ARG","Argentina",2020,1
"ARG","Argentina",2021,1
"ARG","Argentina",2022,1
"ARM","Armenia",1995,0
"ARM","Armenia",1996,0
"ARM","Armenia",1997,0
"ARM","Armenia",1998,0
"ARM","Armenia",1999,0
"ARM","Armenia",2000,0
"ARM","Armenia",2001,0
"ARM","Armenia",2002,0
"ARM","Armenia",2003,0
"ARM","Armenia",2004,0
"ARM","Armenia",2005,0
"ARM","Armenia",2006,0
"ARM","Armenia",2007,0
"ARM","Armenia",2008,0
"ARM","Armenia",2009,0
"ARM","Armenia",2010,0
"ARM","Armenia",2011,0
"ARM","Armenia",2012,0
"ARM","Armenia",2013,0
"ARM","Armenia",2014,0
"ARM","Armenia",2015,0
"ARM","Armenia",2016,0
"ARM","Armenia",2017,0
"ARM","Armenia",2018,0
"ARM","Armenia",2019,0
"ARM","Armenia",2020,0
"ARM","Armenia",2021,0
"ARM","Armenia",2022,0
"AUS","Australia",1995,1
"AUS","Australia",1996,1
"AUS","Australia",1997,1
"AUS","Australia",1998,1
"AUS","Australia",1999,1
"AUS","Australia",2000,1
"AUS","Australia",2001,1
"AUS","Australia",2002,1
"AUS","Australia",2003,1
"AUS","Australia",2004,1
"AUS","Australia",2005,1
"AUS","Australia",2006,1
"AUS","Australia",2007,1
"AUS","Australia",2008,1
"AUS","Australia",2009,1
"AUS","Australia",2010,1
"AUS","Australia",2011,1
"AUS","Australia",2012,1
"AUS","Australia",2013,1
"AUS","Australia",2014,1
"AUS","Australia",2015,1
"AUS","Australia",2016,1
"AUS","Australia",2017,1
"AUS","Australia",2018,1
"AUS","Australia",2019,1
"AUS","Australia",2020,1
"AUS","Australia",2021,1
"AUS","Australia",2022,1
"AUT","Austria",1995,0
"AUT","Austria",1996,0
"AUT","Austria",1997,0
"AUT","Austria",1998,0
"AUT","Austria",1999,0
"AUT","Austria",2000,0
"AUT","Austria",2001,0
"AUT","Austria",2002,0
"AUT","Austria",2003,0
"AUT","Austria",2004,0
"AUT","Austria",2005,0
"AUT","Austria",2006,0
"AUT","Austria",2007,0
"AUT","Austria",2008,0
"AUT","Austria",2009,0
"AUT","Austria",2010,0
"AUT","Austria",2011,0
"AUT","Austria",2012,0
"AUT","Austria",2013,0
"AUT","Austria",2014,0
"AUT","Austria",2015,0
"AUT","Austria",2016,0
"AUT","Austria",2017,0
"AUT","Austria",2018,0
"AUT","Austria",2019,0
"AUT","Austria",2020,0
"AUT","Austria",2021,0
"AUT","Austria",2022,0
"AZE","Azerbaijan",1995,0
"AZE","Azerbaijan",1996,0
"AZE","Azerbaijan",1997,0
"AZE","Azerbaijan",1998,0
"AZE","Azerbaijan",1999,0
"AZE","Azerbaijan",2000,0
"AZE","Azerbaijan",2001,0
"AZE","Azerbaijan",2002,0
"AZE","Azerbaijan",2003,0
"AZE","Azerbaijan",2004,0
"AZE","Azerbaijan",2005,0
"AZE","Azerbaijan",2006,0
"AZE","Azerbaijan",2007,0
"AZE","Azerbaijan",2008,0
"AZE","Azerbaijan",2009,0
"AZE","Azerbaijan",2010,0
"AZE","Azerbaijan",2011,0
"AZE","Azerbaijan",2012,0
"AZE","Azerbaijan",2013,0
"AZE","Azerbaijan",2014,0
"AZE","Azerbaijan",2015,0
"AZE","Azerbaijan",2016,0
"AZE","Azerbaijan",2017,0
"AZE","Azerbaijan",2018,0
"AZE","Azerbaijan",2019,0
"AZE","Azerbaijan",2020,0
"AZE","Azerbaijan",2021,0
"AZE","Azerbaijan",2022,0
"BHS","Bahamas",1995,0.496750285970286
"BHS","Bahamas",1996,0.496750285970286
"BHS","Bahamas",1997,0.496750285970286
"BHS","Bahamas",1998,0.496750285970286
"BHS","Bahamas",1999,0.496750285970286
"BHS","Bahamas",2000,0.496750285970286
"BHS","Bahamas",2001,0.496750285970286
"BHS","Bahamas",2002,0.496750285970286
"BHS","Bahamas",2003,0.496750285970286
"BHS","Bahamas",2004,0.496750285970286
"BHS","Bahamas",2005,0.496750285970286
"BHS","Bahamas",2006,0.496750285970286
"BHS","Bahamas",2007,0.496750285970286
"BHS","Bahamas",2008,0.496750285970286
"BHS","Bahamas",2009,0.496750285970286
"BHS","Bahamas",2010,0.496750285970286
"BHS","Bahamas",2011,0.496750285970286
"BHS","Bahamas",2012,0.496750285970286
"BHS","Bahamas",2013,0.496750285970286
"BHS","Bahamas",2014,0.496750285970286
"BHS","Bahamas",2015,0.496750285970286
"BHS","Bahamas",2016,0.496750285970286
"BHS","Bahamas",2017,0.496750285970286
"BHS","Bahamas",2018,0.496750285970286
"BHS","Bahamas",2019,0.496750285970286
"BHS","Bahamas",2020,0.496750285970286
"BHS","Bahamas",2021,0.496750285970286
"BHS","Bahamas",2022,0.496750285970286
"BHR","Bahrain",1995,0.288369480432355
"BHR","Bahrain",1996,0.288369480432355
"BHR","Bahrain",1997,0.288369480432355
"BHR","Bahrain",1998,0.288369480432355
"BHR","Bahrain",1999,0.288369480432355
"BHR","Bahrain",2000,0.288369480432355
"BHR","Bahrain",2001,0.288369480432355
"BHR","Bahrain",2002,0.288369480432355
"BHR","Bahrain",2003,0.288369480432355
"BHR","Bahrain",2004,0.288369480432355
"BHR","Bahrain",2005,0.288369480432355
"BHR","Bahrain",2006,0.288369480432355
"BHR","Bahrain",2007,0.288369480432355
"BHR","Bahrain",2008,0.288369480432355
"BHR","Bahrain",2009,0.288369480432355
"BHR","Bahrain",2010,0.288369480432355
"BHR","Bahrain",2011,0.288369480432355
"BHR","Bahrain",2012,0.288369480432355
"BHR","Bahrain",2013,0.288369480432355
"BHR","Bahrain",2014,0.288369480432355
"BHR","Bahrain",2015,0.288369480432355
"BHR","Bahrain",2016,0.288369480432355
"BHR","Bahrain",2017,0.288369480432355
"BHR","Bahrain",2018,0.288369480432355
"BHR","Bahrain",2019,0.288369480432355
"BHR","Bahrain",2020,0.288369480432355
"BHR","Bahrain",2021,0.288369480432355
"BHR","Bahrain",2022,0.288369480432355
"BGD","Bangladesh",1995,0.303971064127842
"BGD","Bangladesh",1996,0.303971064127842
"BGD","Bangladesh",1997,0.303971064127842
"BGD","Bangladesh",1998,0.303971064127842
"BGD","Bangladesh",1999,0.303971064127842
"BGD","Bangladesh",2000,0.303971064127842
"BGD","Bangladesh",2001,0.303971064127842
"BGD","Bangladesh",2002,0.303971064127842
"BGD","Bangladesh",2003,0.303971064127842
"BGD","Bangladesh",2004,0.303971064127842
"BGD","Bangladesh",2005,0.303971064127842
"BGD","Bangladesh",2006,0.303971064127842
"BGD","Bangladesh",2007,0.303971064127842
"BGD","Bangladesh",2008,0.303971064127842
"BGD","Bangladesh",2009,0.303971064127842
"BGD","Bangladesh",2010,0.303971064127842
"BGD","Bangladesh",2011,0.303971064127842
"BGD","Bangladesh",2012,0.303971064127842
"BGD","Bangladesh",2013,0.303971064127842
"BGD","Bangladesh",2014,0.303971064127842
"BGD","Bangladesh",2015,0.303971064127842
"BGD","Bangladesh",2016,0.303971064127842
"BGD","Bangladesh",2017,0.303971064127842
"BGD","Bangladesh",2018,0.303971064127842
"BGD","Bangladesh",2019,0.303971064127842
"BGD","Bangladesh",2020,0.303971064127842
"BGD","Bangladesh",2021,0.303971064127842
"BGD","Bangladesh",2022,0.303971064127842
"BRB","Barbados",1995,0.358123489133129
"BRB","Barbados",1996,0.358123489133129
"BRB","Barbados",1997,0.358123489133129
"BRB","Barbados",1998,0.358123489133129
"BRB","Barbados",1999,0.358123489133129
"BRB","Barbados",2000,0.358123489133129
"BRB","Barbados",2001,0.358123489133129
"BRB","Barbados",2002,0.358123489133129
"BRB","Barbados",2003,0.358123489133129
"BRB","Barbados",2004,0.358123489133129
"BRB","Barbados",2005,0.358123489133129
"BRB","Barbados",2006,0.358123489133129
"BRB","Barbados",2007,0.358123489133129
"BRB","Barbados",2008,0.358123489133129
"BRB","Barbados",2009,0.358123489133129
"BRB","Barbados",2010,0.358123489133129
"BRB","Barbados",2011,0.358123489133129
"BRB","Barbados",2012,0.358123489133129
"BRB","Barbados",2013,0.358123489133129
"BRB","Barbados",2014,0.358123489133129
"BRB","Barbados",2015,0.358123489133129
"BRB","Barbados",2016,0.358123489133129
"BRB","Barbados",2017,0.358123489133129
"BRB","Barbados",2018,0.358123489133129
"BRB","Barbados",2019,0.358123489133129
"BRB","Barbados",2020,0.358123489133129
"BRB","Barbados",2021,0.358123489133129
"BRB","Barbados",2022,0.358123489133129
"BLR","Belarus",1995,0
"BLR","Belarus",1996,0
"BLR","Belarus",1997,0
"BLR","Belarus",1998,0
"BLR","Belarus",1999,0
"BLR","Belarus",2000,0
"BLR","Belarus",2001,0
"BLR","Belarus",2002,0
"BLR","Belarus",2003,0
"BLR","Belarus",2004,0
"BLR","Belarus",2005,0
"BLR","Belarus",2006,0
"BLR","Belarus",2007,0
"BLR","Belarus",2008,0
"BLR","Belarus",2009,0
"BLR","Belarus",2010,0
"BLR","Belarus",2011,0
"BLR","Belarus",2012,0
"BLR","Belarus",2013,0
"BLR","Belarus",2014,0
"BLR","Belarus",2015,0
"BLR","Belarus",2016,0
"BLR","Belarus",2017,0
"BLR","Belarus",2018,0
"BLR","Belarus",2019,0
"BLR","Belarus",2020,0
"BLR","Belarus",2021,0
"BLR","Belarus",2022,0
"BEL","Belgium",1995,0.334293010954424
"BEL","Belgium",1996,0.334293010954424
"BEL","Belgium",1997,0.334293010954424
"BEL","Belgium",1998,0.334293010954424
"BEL","Belgium",1999,0.334293010954424
"BEL","Belgium",2000,0.334293010954424
"BEL","Belgium",2001,0.334293010954424
"BEL","Belgium",2002,0.334293010954424
"BEL","Belgium",2003,0.334293010954424
"BEL","Belgium",2004,0.334293010954424
"BEL","Belgium",2005,0.334293010954424
"BEL","Belgium",2006,0.334293010954424
"BEL","Belgium",2007,0.334293010954424
"BEL","Belgium",2008,0.334293010954424
"BEL","Belgium",2009,0.334293010954424
"BEL","Belgium",2010,0.334293010954424
"BEL","Belgium",2011,0.334293010954424
"BEL","Belgium",2012,0.334293010954424
"BEL","Belgium",2013,0.334293010954424
"BEL","Belgium",2014,0.334293010954424
"BEL","Belgium",2015,0.334293010954424
"BEL","Belgium",2016,0.334293010954424
"BEL","Belgium",2017,0.334293010954424
"BEL","Belgium",2018,0.334293010954424
"BEL","Belgium",2019,0.334293010954424
"BEL","Belgium",2020,0.334293010954424
"BEL","Belgium",2021,0.334293010954424
"BEL","Belgium",2022,0.334293010954424
"BLZ","Belize",1995,0.405602516083697
"BLZ","Belize",1996,0.405602516083697
"BLZ","Belize",1997,0.405602516083697
"BLZ","Belize",1998,0.405602516083697
"BLZ","Belize",1999,0.405602516083697
"BLZ","Belize",2000,0.405602516083697
"BLZ","Belize",2001,0.405602516083697
"BLZ","Belize",2002,0.405602516083697
"BLZ","Belize",2003,0.405602516083697
"BLZ","Belize",2004,0.405602516083697
"BLZ","Belize",2005,0.405602516083697
"BLZ","Belize",2006,0.405602516083697
"BLZ","Belize",2007,0.405602516083697
"BLZ","Belize",2008,0.405602516083697
"BLZ","Belize",2009,0.405602516083697
"BLZ","Belize",2010,0.405602516083697
"BLZ","Belize",2011,0.405602516083697
"BLZ","Belize",2012,0.405602516083697
"BLZ","Belize",2013,0.405602516083697
"BLZ","Belize",2014,0.405602516083697
"BLZ","Belize",2015,0.405602516083697
"BLZ","Belize",2016,0.405602516083697
"BLZ","Belize",2017,0.405602516083697
"BLZ","Belize",2018,0.405602516083697
"BLZ","Belize",2019,0.405602516083697
"BLZ","Belize",2020,0.405602516083697
"BLZ","Belize",2021,0.405602516083697
"BLZ","Belize",2022,0.405602516083697
"BEN","Benin",1995,0.295158858483937
"BEN","Benin",1996,0.295158858483937
"BEN","Benin",1997,0.295158858483937
"BEN","Benin",1998,0.295158858483937
"BEN","Benin",1999,0.295158858483937
"BEN","Benin",2000,0.295158858483937
"BEN","Benin",2001,0.295158858483937
"BEN","Benin",2002,0.295158858483937
"BEN","Benin",2003,0.295158858483937
"BEN","Benin",2004,0.295158858483937
"BEN","Benin",2005,0.295158858483937
"BEN","Benin",2006,0.295158858483937
"BEN","Benin",2007,0.295158858483937
"BEN","Benin",2008,0.295158858483937
"BEN","Benin",2009,0.295158858483937
"BEN","Benin",2010,0.295158858483937
"BEN","Benin",2011,0.295158858483937
"BEN","Benin",2012,0.295158858483937
"BEN","Benin",2013,0.295158858483937
"BEN","Benin",2014,0.295158858483937
"BEN","Benin",2015,0.295158858483937
"BEN","Benin",2016,0.295158858483937
"BEN","Benin",2017,0.295158858483937
"BEN","Benin",2018,0.295158858483937
"BEN","Benin",2019,0.295158858483937
"BEN","Benin",2020,0.295158858483937
"BEN","Benin",2021,0.295158858483937
"BEN","Benin",2022,0.295158858483937
"BTN","Bhutan",1995,0
"BTN","Bhutan",1996,0
"BTN","Bhutan",1997,0
"BTN","Bhutan",1998,0
"BTN","Bhutan",1999,0
"BTN","Bhutan",2000,0
"BTN","Bhutan",2001,0
"BTN","Bhutan",2002,0
"BTN","Bhutan",2003,0
"BTN","Bhutan",2004,0
"BTN","Bhutan",2005,0
"BTN","Bhutan",2006,0
"BTN","Bhutan",2007,0
"BTN","Bhutan",2008,0
"BTN","Bhutan",2009,0
"BTN","Bhutan",2010,0
"BTN","Bhutan",2011,0
"BTN","Bhutan",2012,0
"BTN","Bhutan",2013,0
"BTN","Bhutan",2014,0
"BTN","Bhutan",2015,0
"BTN","Bhutan",2016,0
"BTN","Bhutan",2017,0
"BTN","Bhutan",2018,0
"BTN","Bhutan",2019,0
"BTN","Bhutan",2020,0
"BTN","Bhutan",2021,0
"BTN","Bhutan",2022,0
"BOL","Bolivia, Plurinational State of",1995,0
"BOL","Bolivia, Plurinational State of",1996,0
"BOL","Bolivia, Plurinational State of",1997,0
"BOL","Bolivia, Plurinational State of",1998,0
"BOL","Bolivia, Plurinational State of",1999,0
"BOL","Bolivia, Plurinational State of",2000,0
"BOL","Bolivia, Plurinational State of",2001,0
"BOL","Bolivia, Plurinational State of",2002,0
"BOL","Bolivia, Plurinational State of",2003,0
"BOL","Bolivia, Plurinational State of",2004,0
"BOL","Bolivia, Plurinational State of",2005,0
"BOL","Bolivia, Plurinational State of",2006,0
"BOL","Bolivia, Plurinational State of",2007,0
"BOL","Bolivia, Plurinational State of",2008,0
"BOL","Bolivia, Plurinational State of",2009,0
"BOL","Bolivia, Plurinational State of",2010,0
"BOL","Bolivia, Plurinational State of",2011,0
"BOL","Bolivia, Plurinational State of",2012,0
"BOL","Bolivia, Plurinational State of",2013,0
"BOL","Bolivia, Plurinational State of",2014,0
"BOL","Bolivia, Plurinational State of",2015,0
"BOL","Bolivia, Plurinational State of",2016,0
"BOL","Bolivia, Plurinational State of",2017,0
"BOL","Bolivia, Plurinational State of",2018,0
"BOL","Bolivia, Plurinational State of",2019,0
"BOL","Bolivia, Plurinational State of",2020,0
"BOL","Bolivia, Plurinational State of",2021,0
"BOL","Bolivia, Plurinational State of",2022,0
"BIH","Bosnia and Herzegovina",1995,0.227336712672065
"BIH","Bosnia and Herzegovina",1996,0.227336712672065
"BIH","Bosnia and Herzegovina",1997,0.227336712672065
"BIH","Bosnia and Herzegovina",1998,0.227336712672065
"BIH","Bosnia and Herzegovina",1999,0.227336712672065
"BIH","Bosnia and Herzegovina",2000,0.227336712672065
"BIH","Bosnia and Herzegovina",2001,0.227336712672065
"BIH","Bosnia and Herzegovina",2002,0.227336712672065
"BIH","Bosnia and Herzegovina",2003,0.227336712672065
"BIH","Bosnia and Herzegovina",2004,0.227336712672065
"BIH","Bosnia and Herzegovina",2005,0.227336712672065
"BIH","Bosnia and Herzegovina",2006,0.227336712672065
"BIH","Bosnia and Herzegovina",2007,0.227336712672065
"BIH","Bosnia and Herzegovina",2008,0.227336712672065
"BIH","Bosnia and Herzegovina",2009,0.227336712672065
"BIH","Bosnia and Herzegovina",2010,0.227336712672065
"BIH","Bosnia and Herzegovina",2011,0.227336712672065
"BIH","Bosnia and Herzegovina",2012,0.227336712672065
"BIH","Bosnia and Herzegovina",2013,0.227336712672065
"BIH","Bosnia and Herzegovina",2014,0.227336712672065
"BIH","Bosnia and Herzegovina",2015,0.227336712672065
"BIH","Bosnia and Herzegovina",2016,0.227336712672065
"BIH","Bosnia and Herzegovina",2017,0.227336712672065
"BIH","Bosnia and Herzegovina",2018,0.227336712672065
"BIH","Bosnia and Herzegovina",2019,0.227336712672065
"BIH","Bosnia and Herzegovina",2020,0.227336712672065
"BIH","Bosnia and Herzegovina",2021,0.227336712672065
"BIH","Bosnia and Herzegovina",2022,0.227336712672065
"BWA","Botswana",1995,0
"BWA","Botswana",1996,0
"BWA","Botswana",1997,0
"BWA","Botswana",1998,0
"BWA","Botswana",1999,0
"BWA","Botswana",2000,0
"BWA","Botswana",2001,0
"BWA","Botswana",2002,0
"BWA","Botswana",2003,0
"BWA","Botswana",2004,0
"BWA","Botswana",2005,0
"BWA","Botswana",2006,0
"BWA","Botswana",2007,0
"BWA","Botswana",2008,0
"BWA","Botswana",2009,0
"BWA","Botswana",2010,0
"BWA","Botswana",2011,0
"BWA","Botswana",2012,0
"BWA","Botswana",2013,0
"BWA","Botswana",2014,0
"BWA","Botswana",2015,0
"BWA","Botswana",2016,0
"BWA","Botswana",2017,0
"BWA","Botswana",2018,0
"BWA","Botswana",2019,0
"BWA","Botswana",2020,0
"BWA","Botswana",2021,0
"BWA","Botswana",2022,0
"BRA","Brazil",1995,1
"BRA","Brazil",1996,1
"BRA","Brazil",1997,1
"BRA","Brazil",1998,1
"BRA","Brazil",1999,1
"BRA","Brazil",2000,1
"BRA","Brazil",2001,1
"BRA","Brazil",2002,1
"BRA","Brazil",2003,1
"BRA","Brazil",2004,1
"BRA","Brazil",2005,1
"BRA","Brazil",2006,1
"BRA","Brazil",2007,1
"BRA","Brazil",2008,1
"BRA","Brazil",2009,1
"BRA","Brazil",2010,1
"BRA","Brazil",2011,1
"BRA","Brazil",2012,1
"BRA","Brazil",2013,1
"BRA","Brazil",2014,1
"BRA","Brazil",2015,1
"BRA","Brazil",2016,1
"BRA","Brazil",2017,1
"BRA","Brazil",2018,1
"BRA","Brazil",2019,1
"BRA","Brazil",2020,1
"BRA","Brazil",2021,1
"BRA","Brazil",2022,1
"BRN","Brunei Darussalam",1995,0.393957896987022
"BRN","Brunei Darussalam",1996,0.393957896987022
"BRN","Brunei Darussalam",1997,0.393957896987022
"BRN","Brunei Darussalam",1998,0.393957896987022
"BRN","Brunei Darussalam",1999,0.393957896987022
"BRN","Brunei Darussalam",2000,0.393957896987022
"BRN","Brunei Darussalam",2001,0.393957896987022
"BRN","Brunei Darussalam",2002,0.393957896987022
"BRN","Brunei Darussalam",2003,0.393957896987022
"BRN","Brunei Darussalam",2004,0.393957896987022
"BRN","Brunei Darussalam",2005,0.393957896987022
"BRN","Brunei Darussalam",2006,0.393957896987022
"BRN","Brunei Darussalam",2007,0.393957896987022
"BRN","Brunei Darussalam",2008,0.393957896987022
"BRN","Brunei Darussalam",2009,0.393957896987022
"BRN","Brunei Darussalam",2010,0.393957896987022
"BRN","Brunei Darussalam",2011,0.393957896987022
"BRN","Brunei Darussalam",2012,0.393957896987022
"BRN","Brunei Darussalam",2013,0.393957896987022
"BRN","Brunei Darussalam",2014,0.393957896987022
"BRN","Brunei Darussalam",2015,0.393957896987022
"BRN","Brunei Darussalam",2016,0.393957896987022
"BRN","Brunei Darussalam",2017,0.393957896987022
"BRN","Brunei Darussalam",2018,0.393957896987022
"BRN","Brunei Darussalam",2019,0.393957896987022
"BRN","Brunei Darussalam",2020,0.393957896987022
"BRN","Brunei Darussalam",2021,0.393957896987022
"BRN","Brunei Darussalam",2022,0.393957896987022
"BGR","Bulgaria",1995,0.678091833416339
"BGR","Bulgaria",1996,0.678091833416339
"BGR","Bulgaria",1997,0.678091833416339
"BGR","Bulgaria",1998,0.678091833416339
"BGR","Bulgaria",1999,0.678091833416339
"BGR","Bulgaria",2000,0.678091833416339
"BGR","Bulgaria",2001,0.678091833416339
"BGR","Bulgaria",2002,0.678091833416339
"BGR","Bulgaria",2003,0.678091833416339
"BGR","Bulgaria",2004,0.678091833416339
"BGR","Bulgaria",2005,0.678091833416339
"BGR","Bulgaria",2006,0.678091833416339
"BGR","Bulgaria",2007,0.678091833416339
"BGR","Bulgaria",2008,0.678091833416339
"BGR","Bulgaria",2009,0.678091833416339
"BGR","Bulgaria",2010,0.678091833416339
"BGR","Bulgaria",2011,0.678091833416339
"BGR","Bulgaria",2012,0.678091833416339
"BGR","Bulgaria",2013,0.678091833416339
"BGR","Bulgaria",2014,0.678091833416339
"BGR","Bulgaria",2015,0.678091833416339
"BGR","Bulgaria",2016,0.678091833416339
"BGR","Bulgaria",2017,0.678091833416339
"BGR","Bulgaria",2018,0.678091833416339
"BGR","Bulgaria",2019,0.678091833416339
"BGR","Bulgaria",2020,0.678091833416339
"BGR","Bulgaria",2021,0.678091833416339
"BGR","Bulgaria",2022,0.678091833416339
"BFA","Burkina Faso",1995,0
"BFA","Burkina Faso",1996,0
"BFA","Burkina Faso",1997,0
"BFA","Burkina Faso",1998,0
"BFA","Burkina Faso",1999,0
"BFA","Burkina Faso",2000,0
"BFA","Burkina Faso",2001,0
"BFA","Burkina Faso",2002,0
"BFA","Burkina Faso",2003,0
"BFA","Burkina Faso",2004,0
"BFA","Burkina Faso",2005,0
"BFA","Burkina Faso",2006,0
"BFA","Burkina Faso",2007,0
"BFA","Burkina Faso",2008,0
"BFA","Burkina Faso",2009,0
"BFA","Burkina Faso",2010,0
"BFA","Burkina Faso",2011,0
"BFA","Burkina Faso",2012,0
"BFA","Burkina Faso",2013,0
"BFA","Burkina Faso",2014,0
"BFA","Burkina Faso",2015,0
"BFA","Burkina Faso",2016,0
"BFA","Burkina Faso",2017,0
"BFA","Burkina Faso",2018,0
"BFA","Burkina Faso",2019,0
"BFA","Burkina Faso",2020,0
"BFA","Burkina Faso",2021,0
"BFA","Burkina Faso",2022,0
"BDI","Burundi",1995,0
"BDI","Burundi",1996,0
"BDI","Burundi",1997,0
"BDI","Burundi",1998,0
"BDI","Burundi",1999,0
"BDI","Burundi",2000,0
"BDI","Burundi",2001,0
"BDI","Burundi",2002,0
"BDI","Burundi",2003,0
"BDI","Burundi",2004,0
"BDI","Burundi",2005,0
"BDI","Burundi",2006,0
"BDI","Burundi",2007,0
"BDI","Burundi",2008,0
"BDI","Burundi",2009,0
"BDI","Burundi",2010,0
"BDI","Burundi",2011,0
"BDI","Burundi",2012,0
"BDI","Burundi",2013,0
"BDI","Burundi",2014,0
"BDI","Burundi",2015,0
"BDI","Burundi",2016,0
"BDI","Burundi",2017,0
"BDI","Burundi",2018,0
"BDI","Burundi",2019,0
"BDI","Burundi",2020,0
"BDI","Burundi",2021,0
"BDI","Burundi",2022,0
"KHM","Cambodia",1995,0.131082411747182
"KHM","Cambodia",1996,0.131082411747182
"KHM","Cambodia",1997,0.131082411747182
"KHM","Cambodia",1998,0.131082411747182
"KHM","Cambodia",1999,0.131082411747182
"KHM","Cambodia",2000,0.131082411747182
"KHM","Cambodia",2001,0.131082411747182
"KHM","Cambodia",2002,0.131082411747182
"KHM","Cambodia",2003,0.131082411747182
"KHM","Cambodia",2004,0.131082411747182
"KHM","Cambodia",2005,0.131082411747182
"KHM","Cambodia",2006,0.131082411747182
"KHM","Cambodia",2007,0.131082411747182
"KHM","Cambodia",2008,0.131082411747182
"KHM","Cambodia",2009,0.131082411747182
"KHM","Cambodia",2010,0.131082411747182
"KHM","Cambodia",2011,0.131082411747182
"KHM","Cambodia",2012,0.131082411747182
"KHM","Cambodia",2013,0.131082411747182
"KHM","Cambodia",2014,0.131082411747182
"KHM","Cambodia",2015,0.131082411747182
"KHM","Cambodia",2016,0.131082411747182
"KHM","Cambodia",2017,0.131082411747182
"KHM","Cambodia",2018,0.131082411747182
"KHM","Cambodia",2019,0.131082411747182
"KHM","Cambodia",2020,0.131082411747182
"KHM","Cambodia",2021,0.131082411747182
"KHM","Cambodia",2022,0.131082411747182
"CMR","Cameroon",1995,0.202603409811908
"CMR","Cameroon",1996,0.202603409811908
"CMR","Cameroon",1997,0.202603409811908
"CMR","Cameroon",1998,0.202603409811908
"CMR","Cameroon",1999,0.202603409811908
"CMR","Cameroon",2000,0.202603409811908
"CMR","Cameroon",2001,0.202603409811908
"CMR","Cameroon",2002,0.202603409811908
"CMR","Cameroon",2003,0.202603409811908
"CMR","Cameroon",2004,0.202603409811908
"CMR","Cameroon",2005,0.202603409811908
"CMR","Cameroon",2006,0.202603409811908
"CMR","Cameroon",2007,0.202603409811908
"CMR","Cameroon",2008,0.202603409811908
"CMR","Cameroon",2009,0.202603409811908
"CMR","Cameroon",2010,0.202603409811908
"CMR","Cameroon",2011,0.202603409811908
"CMR","Cameroon",2012,0.202603409811908
"CMR","Cameroon",2013,0.202603409811908
"CMR","Cameroon",2014,0.202603409811908
"CMR","Cameroon",2015,0.202603409811908
"CMR","Cameroon",2016,0.202603409811908
"CMR","Cameroon",2017,0.202603409811908
"CMR","Cameroon",2018,0.202603409811908
"CMR","Cameroon",2019,0.202603409811908
"CMR","Cameroon",2020,0.202603409811908
"CMR","Cameroon",2021,0.202603409811908
"CMR","Cameroon",2022,0.202603409811908
"CAN","Canada",1995,1
"CAN","Canada",1996,1
"CAN","Canada",1997,1
"CAN","Canada",1998,1
"CAN","Canada",1999,1
"CAN","Canada",2000,1
"CAN","Canada",2001,1
"CAN","Canada",2002,1
"CAN","Canada",2003,1
"CAN","Canada",2004,1
"CAN","Canada",2005,1
"CAN","Canada",2006,1
"CAN","Canada",2007,1
"CAN","Canada",2008,1
"CAN","Canada",2009,1
"CAN","Canada",2010,1
"CAN","Canada",2011,1
"CAN","Canada",2012,1
"CAN","Canada",2013,1
"CAN","Canada",2014,1
"CAN","Canada",2015,1
"CAN","Canada",2016,1
"CAN","Canada",2017,1
"CAN","Canada",2018,1
"CAN","Canada",2019,1
"CAN","Canada",2020,1
"CAN","Canada",2021,1
"CAN","Canada",2022,1
"CPV","Cape Verde",1995,0.487429815046017
"CPV","Cape Verde",1996,0.487429815046017
"CPV","Cape Verde",1997,0.487429815046017
"CPV","Cape Verde",1998,0.487429815046017
"CPV","Cape Verde",1999,0.487429815046017
"CPV","Cape Verde",2000,0.487429815046017
"CPV","Cape Verde",2001,0.487429815046017
"CPV","Cape Verde",2002,0.487429815046017
"CPV","Cape Verde",2003,0.487429815046017
"CPV","Cape Verde",2004,0.487429815046017
"CPV","Cape Verde",2005,0.487429815046017
"CPV","Cape Verde",2006,0.487429815046017
"CPV","Cape Verde",2007,0.487429815046017
"CPV","Cape Verde",2008,0.487429815046017
"CPV","Cape Verde",2009,0.487429815046017
"CPV","Cape Verde",2010,0.487429815046017
"CPV","Cape Verde",2011,0.487429815046017
"CPV","Cape Verde",2012,0.487429815046017
"CPV","Cape Verde",2013,0.487429815046017
"CPV","Cape Verde",2014,0.487429815046017
"CPV","Cape Verde",2015,0.487429815046017
"CPV","Cape Verde",2016,0.487429815046017
"CPV","Cape Verde",2017,0.487429815046017
"CPV","Cape Verde",2018,0.487429815046017
"CPV","Cape Verde",2019,0.487429815046017
"CPV","Cape Verde",2020,0.487429815046017
"CPV","Cape Verde",2021,0.487429815046017
"CPV","Cape Verde",2022,0.487429815046017
"CAF","Central African Republic",1995,0
"CAF","Central African Republic",1996,0
"CAF","Central African Republic",1997,0
"CAF","Central African Republic",1998,0
"CAF","Central African Republic",1999,0
"CAF","Central African Republic",2000,0
"CAF","Central African Republic",2001,0
"CAF","Central African Republic",2002,0
"CAF","Central African Republic",2003,0
"CAF","Central African Republic",2004,0
"CAF","Central African Republic",2005,0
"CAF","Central African Republic",2006,0
"CAF","Central African Republic",2007,0
"CAF","Central African Republic",2008,0
"CAF","Central African Republic",2009,0
"CAF","Central African Republic",2010,0
"CAF","Central African Republic",2011,0
"CAF","Central African Republic",2012,0
"CAF","Central African Republic",2013,0
"CAF","Central African Republic",2014,0
"CAF","Central African Republic",2015,0
"CAF","Central African Republic",2016,0
"CAF","Central African Republic",2017,0
"CAF","Central African Republic",2018,0
"CAF","Central African Republic",2019,0
"CAF","Central African Republic",2020,0
"CAF","Central African Republic",2021,0
"CAF","Central African Republic",2022,0
"TCD","Chad",1995,0
"TCD","Chad",1996,0
"TCD","Chad",1997,0
"TCD","Chad",1998,0
"TCD","Chad",1999,0
"TCD","Chad",2000,0
"TCD","Chad",2001,0
"TCD","Chad",2002,0
"TCD","Chad",2003,0
"TCD","Chad",2004,0
"TCD","Chad",2005,0
"TCD","Chad",2006,0
"TCD","Chad",2007,0
"TCD","Chad",2008,0
"TCD","Chad",2009,0
"TCD","Chad",2010,0
"TCD","Chad",2011,0
"TCD","Chad",2012,0
"TCD","Chad",2013,0
"TCD","Chad",2014,0
"TCD","Chad",2015,0
"TCD","Chad",2016,0
"TCD","Chad",2017,0
"TCD","Chad",2018,0
"TCD","Chad",2019,0
"TCD","Chad",2020,0
"TCD","Chad",2021,0
"TCD","Chad",2022,0
"CHL","Chile",1995,0.70880038023246
"CHL","Chile",1996,0.70880038023246
"CHL","Chile",1997,0.70880038023246
"CHL","Chile",1998,0.70880038023246
"CHL","Chile",1999,0.70880038023246
"CHL","Chile",2000,0.70880038023246
"CHL","Chile",2001,0.70880038023246
"CHL","Chile",2002,0.70880038023246
"CHL","Chile",2003,0.70880038023246
"CHL","Chile",2004,0.70880038023246
"CHL","Chile",2005,0.70880038023246
"CHL","Chile",2006,0.70880038023246
"CHL","Chile",2007,0.70880038023246
"CHL","Chile",2008,0.70880038023246
"CHL","Chile",2009,0.70880038023246
"CHL","Chile",2010,0.70880038023246
"CHL","Chile",2011,0.70880038023246
"CHL","Chile",2012,0.70880038023246
"CHL","Chile",2013,0.70880038023246
"CHL","Chile",2014,0.70880038023246
"CHL","Chile",2015,0.70880038023246
"CHL","Chile",2016,0.70880038023246
"CHL","Chile",2017,0.70880038023246
"CHL","Chile",2018,0.70880038023246
"CHL","Chile",2019,0.70880038023246
"CHL","Chile",2020,0.70880038023246
"CHL","Chile",2021,0.70880038023246
"CHL","Chile",2022,0.70880038023246
"CHN","China",1995,0.702841055099595
"CHN","China",1996,0.702841055099595
"CHN","China",1997,0.702841055099595
"CHN","China",1998,0.702841055099595
"CHN","China",1999,0.702841055099595
"CHN","China",2000,0.702841055099595
"CHN","China",2001,0.702841055099595
"CHN","China",2002,0.702841055099595
"CHN","China",2003,0.702841055099595
"CHN","China",2004,0.702841055099595
"CHN","China",2005,0.702841055099595
"CHN","China",2006,0.702841055099595
"CHN","China",2007,0.702841055099595
"CHN","China",2008,0.702841055099595
"CHN","China",2009,0.702841055099595
"CHN","China",2010,0.702841055099595
"CHN","China",2011,0.702841055099595
"CHN","China",2012,0.702841055099595
"CHN","China",2013,0.702841055099595
"CHN","China",2014,0.702841055099595
"CHN","China",2015,0.702841055099595
"CHN","China",2016,0.702841055099595
"CHN","China",2017,0.702841055099595
"CHN","China",2018,0.702841055099595
"CHN","China",2019,0.702841055099595
"CHN","China",2020,0.702841055099595
"CHN","China",2021,0.702841055099595
"CHN","China",2022,0.702841055099595
"COL","Colombia",1995,0.942743404490473
"COL","Colombia",1996,0.942743404490473
"COL","Colombia",1997,0.942743404490473
"COL","Colombia",1998,0.942743404490473
"COL","Colombia",1999,0.942743404490473
"COL","Colombia",2000,0.942743404490473
"COL","Colombia",2001,0.942743404490473
"COL","Colombia",2002,0.942743404490473
"COL","Colombia",2003,0.942743404490473
"COL","Colombia",2004,0.942743404490473
"COL","Colombia",2005,0.942743404490473
"COL","Colombia",2006,0.942743404490473
"COL","Colombia",2007,0.942743404490473
"COL","Colombia",2008,0.942743404490473
"COL","Colombia",2009,0.942743404490473
"COL","Colombia",2010,0.942743404490473
"COL","Colombia",2011,0.942743404490473
"COL","Colombia",2012,0.942743404490473
"COL","Colombia",2013,0.942743404490473
"COL","Colombia",2014,0.942743404490473
"COL","Colombia",2015,0.942743404490473
"COL","Colombia",2016,0.942743404490473
"COL","Colombia",2017,0.942743404490473
"COL","Colombia",2018,0.942743404490473
"COL","Colombia",2019,0.942743404490473
"COL","Colombia",2020,0.942743404490473
"COL","Colombia",2021,0.942743404490473
"COL","Colombia",2022,0.942743404490473
"COM","Comoros",1995,0.358067773252284
"COM","Comoros",1996,0.358067773252284
"COM","Comoros",1997,0.358067773252284
"COM","Comoros",1998,0.358067773252284
"COM","Comoros",1999,0.358067773252284
"COM","Comoros",2000,0.358067773252284
"COM","Comoros",2001,0.358067773252284
"COM","Comoros",2002,0.358067773252284
"COM","Comoros",2003,0.358067773252284
"COM","Comoros",2004,0.358067773252284
"COM","Comoros",2005,0.358067773252284
"COM","Comoros",2006,0.358067773252284
"COM","Comoros",2007,0.358067773252284
"COM","Comoros",2008,0.358067773252284
"COM","Comoros",2009,0.358067773252284
"COM","Comoros",2010,0.358067773252284
"COM","Comoros",2011,0.358067773252284
"COM","Comoros",2012,0.358067773252284
"COM","Comoros",2013,0.358067773252284
"COM","Comoros",2014,0.358067773252284
"COM","Comoros",2015,0.358067773252284
"COM","Comoros",2016,0.358067773252284
"COM","Comoros",2017,0.358067773252284
"COM","Comoros",2018,0.358067773252284
"COM","Comoros",2019,0.358067773252284
"COM","Comoros",2020,0.358067773252284
"COM","Comoros",2021,0.358067773252284
"COM","Comoros",2022,0.358067773252284
"COG","Congo",1995,0.212916533062259
"COG","Congo",1996,0.212916533062259
"COG","Congo",1997,0.212916533062259
"COG","Congo",1998,0.212916533062259
"COG","Congo",1999,0.212916533062259
"COG","Congo",2000,0.212916533062259
"COG","Congo",2001,0.212916533062259
"COG","Congo",2002,0.212916533062259
"COG","Congo",2003,0.212916533062259
"COG","Congo",2004,0.212916533062259
"COG","Congo",2005,0.212916533062259
"COG","Congo",2006,0.212916533062259
"COG","Congo",2007,0.212916533062259
"COG","Congo",2008,0.212916533062259
"COG","Congo",2009,0.212916533062259
"COG","Congo",2010,0.212916533062259
"COG","Congo",2011,0.212916533062259
"COG","Congo",2012,0.212916533062259
"COG","Congo",2013,0.212916533062259
"COG","Congo",2014,0.212916533062259
"COG","Congo",2015,0.212916533062259
"COG","Congo",2016,0.212916533062259
"COG","Congo",2017,0.212916533062259
"COG","Congo",2018,0.212916533062259
"COG","Congo",2019,0.212916533062259
"COG","Congo",2020,0.212916533062259
"COG","Congo",2021,0.212916533062259
"COG","Congo",2022,0.212916533062259
"COD","Congo, the Democratic Republic o",1995,0.176844479920679
"COD","Congo, the Democratic Republic o",1996,0.176844479920679
"COD","Congo, the Democratic Republic o",1997,0.176844479920679
"COD","Congo, the Democratic Republic o",1998,0.176844479920679
"COD","Congo, the Democratic Republic o",1999,0.176844479920679
"COD","Congo, the Democratic Republic o",2000,0.176844479920679
"COD","Congo, the Democratic Republic o",2001,0.176844479920679
"COD","Congo, the Democratic Republic o",2002,0.176844479920679
"COD","Congo, the Democratic Republic o",2003,0.176844479920679
"COD","Congo, the Democratic Republic o",2004,0.176844479920679
"COD","Congo, the Democratic Republic o",2005,0.176844479920679
"COD","Congo, the Democratic Republic o",2006,0.176844479920679
"COD","Congo, the Democratic Republic o",2007,0.176844479920679
"COD","Congo, the Democratic Republic o",2008,0.176844479920679
"COD","Congo, the Democratic Republic o",2009,0.176844479920679
"COD","Congo, the Democratic Republic o",2010,0.176844479920679
"COD","Congo, the Democratic Republic o",2011,0.176844479920679
"COD","Congo, the Democratic Republic o",2012,0.176844479920679
"COD","Congo, the Democratic Republic o",2013,0.176844479920679
"COD","Congo, the Democratic Republic o",2014,0.176844479920679
"COD","Congo, the Democratic Republic o",2015,0.176844479920679
"COD","Congo, the Democratic Republic o",2016,0.176844479920679
"COD","Congo, the Democratic Republic o",2017,0.176844479920679
"COD","Congo, the Democratic Republic o",2018,0.176844479920679
"COD","Congo, the Democratic Republic o",2019,0.176844479920679
"COD","Congo, the Democratic Republic o",2020,0.176844479920679
"COD","Congo, the Democratic Republic o",2021,0.176844479920679
"COD","Congo, the Democratic Republic o",2022,0.176844479920679
"CRI","Costa Rica",1995,0.809418712803964
"CRI","Costa Rica",1996,0.809418712803964
"CRI","Costa Rica",1997,0.809418712803964
"CRI","Costa Rica",1998,0.809418712803964
"CRI","Costa Rica",1999,0.809418712803964
"CRI","Costa Rica",2000,0.809418712803964
"CRI","Costa Rica",2001,0.809418712803964
"CRI","Costa Rica",2002,0.809418712803964
"CRI","Costa Rica",2003,0.809418712803964
"CRI","Costa Rica",2004,0.809418712803964
"CRI","Costa Rica",2005,0.809418712803964
"CRI","Costa Rica",2006,0.809418712803964
"CRI","Costa Rica",2007,0.809418712803964
"CRI","Costa Rica",2008,0.809418712803964
"CRI","Costa Rica",2009,0.809418712803964
"CRI","Costa Rica",2010,0.809418712803964
"CRI","Costa Rica",2011,0.809418712803964
"CRI","Costa Rica",2012,0.809418712803964
"CRI","Costa Rica",2013,0.809418712803964
"CRI","Costa Rica",2014,0.809418712803964
"CRI","Costa Rica",2015,0.809418712803964
"CRI","Costa Rica",2016,0.809418712803964
"CRI","Costa Rica",2017,0.809418712803964
"CRI","Costa Rica",2018,0.809418712803964
"CRI","Costa Rica",2019,0.809418712803964
"CRI","Costa Rica",2020,0.809418712803964
"CRI","Costa Rica",2021,0.809418712803964
"CRI","Costa Rica",2022,0.809418712803964
"CIV","Cote d'Ivoire",1995,0.311546149805222
"CIV","Cote d'Ivoire",1996,0.311546149805222
"CIV","Cote d'Ivoire",1997,0.311546149805222
"CIV","Cote d'Ivoire",1998,0.311546149805222
"CIV","Cote d'Ivoire",1999,0.311546149805222
"CIV","Cote d'Ivoire",2000,0.311546149805222
"CIV","Cote d'Ivoire",2001,0.311546149805222
"CIV","Cote d'Ivoire",2002,0.311546149805222
"CIV","Cote d'Ivoire",2003,0.311546149805222
"CIV","Cote d'Ivoire",2004,0.311546149805222
"CIV","Cote d'Ivoire",2005,0.311546149805222
"CIV","Cote d'Ivoire",2006,0.311546149805222
"CIV","Cote d'Ivoire",2007,0.311546149805222
"CIV","Cote d'Ivoire",2008,0.311546149805222
"CIV","Cote d'Ivoire",2009,0.311546149805222
"CIV","Cote d'Ivoire",2010,0.311546149805222
"CIV","Cote d'Ivoire",2011,0.311546149805222
"CIV","Cote d'Ivoire",2012,0.311546149805222
"CIV","Cote d'Ivoire",2013,0.311546149805222
"CIV","Cote d'Ivoire",2014,0.311546149805222
"CIV","Cote d'Ivoire",2015,0.311546149805222
"CIV","Cote d'Ivoire",2016,0.311546149805222
"CIV","Cote d'Ivoire",2017,0.311546149805222
"CIV","Cote d'Ivoire",2018,0.311546149805222
"CIV","Cote d'Ivoire",2019,0.311546149805222
"CIV","Cote d'Ivoire",2020,0.311546149805222
"CIV","Cote d'Ivoire",2021,0.311546149805222
"CIV","Cote d'Ivoire",2022,0.311546149805222
"HRV","Croatia",1995,0.484216486897672
"HRV","Croatia",1996,0.484216486897672
"HRV","Croatia",1997,0.484216486897672
"HRV","Croatia",1998,0.484216486897672
"HRV","Croatia",1999,0.484216486897672
"HRV","Croatia",2000,0.484216486897672
"HRV","Croatia",2001,0.484216486897672
"HRV","Croatia",2002,0.484216486897672
"HRV","Croatia",2003,0.484216486897672
"HRV","Croatia",2004,0.484216486897672
"HRV","Croatia",2005,0.484216486897672
"HRV","Croatia",2006,0.484216486897672
"HRV","Croatia",2007,0.484216486897672
"HRV","Croatia",2008,0.484216486897672
"HRV","Croatia",2009,0.484216486897672
"HRV","Croatia",2010,0.484216486897672
"HRV","Croatia",2011,0.484216486897672
"HRV","Croatia",2012,0.484216486897672
"HRV","Croatia",2013,0.484216486897672
"HRV","Croatia",2014,0.484216486897672
"HRV","Croatia",2015,0.484216486897672
"HRV","Croatia",2016,0.484216486897672
"HRV","Croatia",2017,0.484216486897672
"HRV","Croatia",2018,0.484216486897672
"HRV","Croatia",2019,0.484216486897672
"HRV","Croatia",2020,0.484216486897672
"HRV","Croatia",2021,0.484216486897672
"HRV","Croatia",2022,0.484216486897672
"CUB","Cuba",1995,0.61600160097878
"CUB","Cuba",1996,0.61600160097878
"CUB","Cuba",1997,0.61600160097878
"CUB","Cuba",1998,0.61600160097878
"CUB","Cuba",1999,0.61600160097878
"CUB","Cuba",2000,0.61600160097878
"CUB","Cuba",2001,0.61600160097878
"CUB","Cuba",2002,0.61600160097878
"CUB","Cuba",2003,0.61600160097878
"CUB","Cuba",2004,0.61600160097878
"CUB","Cuba",2005,0.61600160097878
"CUB","Cuba",2006,0.61600160097878
"CUB","Cuba",2007,0.61600160097878
"CUB","Cuba",2008,0.61600160097878
"CUB","Cuba",2009,0.61600160097878
"CUB","Cuba",2010,0.61600160097878
"CUB","Cuba",2011,0.61600160097878
"CUB","Cuba",2012,0.61600160097878
"CUB","Cuba",2013,0.61600160097878
"CUB","Cuba",2014,0.61600160097878
"CUB","Cuba",2015,0.61600160097878
"CUB","Cuba",2016,0.61600160097878
"CUB","Cuba",2017,0.61600160097878
"CUB","Cuba",2018,0.61600160097878
"CUB","Cuba",2019,0.61600160097878
"CUB","Cuba",2020,0.61600160097878
"CUB","Cuba",2021,0.61600160097878
"CUB","Cuba",2022,0.61600160097878
"CYP","Cyprus",1995,0.564606543545941
"CYP","Cyprus",1996,0.564606543545941
"CYP","Cyprus",1997,0.564606543545941
"CYP","Cyprus",1998,0.564606543545941
"CYP","Cyprus",1999,0.564606543545941
"CYP","Cyprus",2000,0.564606543545941
"CYP","Cyprus",2001,0.564606543545941
"CYP","Cyprus",2002,0.564606543545941
"CYP","Cyprus",2003,0.564606543545941
"CYP","Cyprus",2004,0.564606543545941
"CYP","Cyprus",2005,0.564606543545941
"CYP","Cyprus",2006,0.564606543545941
"CYP","Cyprus",2007,0.564606543545941
"CYP","Cyprus",2008,0.564606543545941
"CYP","Cyprus",2009,0.564606543545941
"CYP","Cyprus",2010,0.564606543545941
"CYP","Cyprus",2011,0.564606543545941
"CYP","Cyprus",2012,0.564606543545941
"CYP","Cyprus",2013,0.564606543545941
"CYP","Cyprus",2014,0.564606543545941
"CYP","Cyprus",2015,0.564606543545941
"CYP","Cyprus",2016,0.564606543545941
"CYP","Cyprus",2017,0.564606543545941
"CYP","Cyprus",2018,0.564606543545941
"CYP","Cyprus",2019,0.564606543545941
"CYP","Cyprus",2020,0.564606543545941
"CYP","Cyprus",2021,0.564606543545941
"CYP","Cyprus",2022,0.564606543545941
"CZE","Czech Republic",1995,0
"CZE","Czech Republic",1996,0
"CZE","Czech Republic",1997,0
"CZE","Czech Republic",1998,0
"CZE","Czech Republic",1999,0
"CZE","Czech Republic",2000,0
"CZE","Czech Republic",2001,0
"CZE","Czech Republic",2002,0
"CZE","Czech Republic",2003,0
"CZE","Czech Republic",2004,0
"CZE","Czech Republic",2005,0
"CZE","Czech Republic",2006,0
"CZE","Czech Republic",2007,0
"CZE","Czech Republic",2008,0
"CZE","Czech Republic",2009,0
"CZE","Czech Republic",2010,0
"CZE","Czech Republic",2011,0
"CZE","Czech Republic",2012,0
"CZE","Czech Republic",2013,0
"CZE","Czech Republic",2014,0
"CZE","Czech Republic",2015,0
"CZE","Czech Republic",2016,0
"CZE","Czech Republic",2017,0
"CZE","Czech Republic",2018,0
"CZE","Czech Republic",2019,0
"CZE","Czech Republic",2020,0
"CZE","Czech Republic",2021,0
"CZE","Czech Republic",2022,0
"DNK","Denmark",1995,0.371298589364862
"DNK","Denmark",1996,0.371298589364862
"DNK","Denmark",1997,0.371298589364862
"DNK","Denmark",1998,0.371298589364862
"DNK","Denmark",1999,0.371298589364862
"DNK","Denmark",2000,0.371298589364862
"DNK","Denmark",2001,0.371298589364862
"DNK","Denmark",2002,0.371298589364862
"DNK","Denmark",2003,0.371298589364862
"DNK","Denmark",2004,0.371298589364862
"DNK","Denmark",2005,0.371298589364862
"DNK","Denmark",2006,0.371298589364862
"DNK","Denmark",2007,0.371298589364862
"DNK","Denmark",2008,0.371298589364862
"DNK","Denmark",2009,0.371298589364862
"DNK","Denmark",2010,0.371298589364862
"DNK","Denmark",2011,0.371298589364862
"DNK","Denmark",2012,0.371298589364862
"DNK","Denmark",2013,0.371298589364862
"DNK","Denmark",2014,0.371298589364862
"DNK","Denmark",2015,0.371298589364862
"DNK","Denmark",2016,0.371298589364862
"DNK","Denmark",2017,0.371298589364862
"DNK","Denmark",2018,0.371298589364862
"DNK","Denmark",2019,0.371298589364862
"DNK","Denmark",2020,0.371298589364862
"DNK","Denmark",2021,0.371298589364862
"DNK","Denmark",2022,0.371298589364862
"DJI","Djibouti",1995,0.19132833482288
"DJI","Djibouti",1996,0.19132833482288
"DJI","Djibouti",1997,0.19132833482288
"DJI","Djibouti",1998,0.19132833482288
"DJI","Djibouti",1999,0.19132833482288
"DJI","Djibouti",2000,0.19132833482288
"DJI","Djibouti",2001,0.19132833482288
"DJI","Djibouti",2002,0.19132833482288
"DJI","Djibouti",2003,0.19132833482288
"DJI","Djibouti",2004,0.19132833482288
"DJI","Djibouti",2005,0.19132833482288
"DJI","Djibouti",2006,0.19132833482288
"DJI","Djibouti",2007,0.19132833482288
"DJI","Djibouti",2008,0.19132833482288
"DJI","Djibouti",2009,0.19132833482288
"DJI","Djibouti",2010,0.19132833482288
"DJI","Djibouti",2011,0.19132833482288
"DJI","Djibouti",2012,0.19132833482288
"DJI","Djibouti",2013,0.19132833482288
"DJI","Djibouti",2014,0.19132833482288
"DJI","Djibouti",2015,0.19132833482288
"DJI","Djibouti",2016,0.19132833482288
"DJI","Djibouti",2017,0.19132833482288
"DJI","Djibouti",2018,0.19132833482288
"DJI","Djibouti",2019,0.19132833482288
"DJI","Djibouti",2020,0.19132833482288
"DJI","Djibouti",2021,0.19132833482288
"DJI","Djibouti",2022,0.19132833482288
"DMA","Dominica",1995,0.356311017417467
"DMA","Dominica",1996,0.356311017417467
"DMA","Dominica",1997,0.356311017417467
"DMA","Dominica",1998,0.356311017417467
"DMA","Dominica",1999,0.356311017417467
"DMA","Dominica",2000,0.356311017417467
"DMA","Dominica",2001,0.356311017417467
"DMA","Dominica",2002,0.356311017417467
"DMA","Dominica",2003,0.356311017417467
"DMA","Dominica",2004,0.356311017417467
"DMA","Dominica",2005,0.356311017417467
"DMA","Dominica",2006,0.356311017417467
"DMA","Dominica",2007,0.356311017417467
"DMA","Dominica",2008,0.356311017417467
"DMA","Dominica",2009,0.356311017417467
"DMA","Dominica",2010,0.356311017417467
"DMA","Dominica",2011,0.356311017417467
"DMA","Dominica",2012,0.356311017417467
"DMA","Dominica",2013,0.356311017417467
"DMA","Dominica",2014,0.356311017417467
"DMA","Dominica",2015,0.356311017417467
"DMA","Dominica",2016,0.356311017417467
"DMA","Dominica",2017,0.356311017417467
"DMA","Dominica",2018,0.356311017417467
"DMA","Dominica",2019,0.356311017417467
"DMA","Dominica",2020,0.356311017417467
"DMA","Dominica",2021,0.356311017417467
"DMA","Dominica",2022,0.356311017417467
"DOM","Dominican Republic",1995,0.460751004591443
"DOM","Dominican Republic",1996,0.460751004591443
"DOM","Dominican Republic",1997,0.460751004591443
"DOM","Dominican Republic",1998,0.460751004591443
"DOM","Dominican Republic",1999,0.460751004591443
"DOM","Dominican Republic",2000,0.460751004591443
"DOM","Dominican Republic",2001,0.460751004591443
"DOM","Dominican Republic",2002,0.460751004591443
"DOM","Dominican Republic",2003,0.460751004591443
"DOM","Dominican Republic",2004,0.460751004591443
"DOM","Dominican Republic",2005,0.460751004591443
"DOM","Dominican Republic",2006,0.460751004591443
"DOM","Dominican Republic",2007,0.460751004591443
"DOM","Dominican Republic",2008,0.460751004591443
"DOM","Dominican Republic",2009,0.460751004591443
"DOM","Dominican Republic",2010,0.460751004591443
"DOM","Dominican Republic",2011,0.460751004591443
"DOM","Dominican Republic",2012,0.460751004591443
"DOM","Dominican Republic",2013,0.460751004591443
"DOM","Dominican Republic",2014,0.460751004591443
"DOM","Dominican Republic",2015,0.460751004591443
"DOM","Dominican Republic",2016,0.460751004591443
"DOM","Dominican Republic",2017,0.460751004591443
"DOM","Dominican Republic",2018,0.460751004591443
"DOM","Dominican Republic",2019,0.460751004591443
"DOM","Dominican Republic",2020,0.460751004591443
"DOM","Dominican Republic",2021,0.460751004591443
"DOM","Dominican Republic",2022,0.460751004591443
"ECU","Ecuador",1995,0.857933600314738
"ECU","Ecuador",1996,0.857933600314738
"ECU","Ecuador",1997,0.857933600314738
"ECU","Ecuador",1998,0.857933600314738
"ECU","Ecuador",1999,0.857933600314738
"ECU","Ecuador",2000,0.857933600314738
"ECU","Ecuador",2001,0.857933600314738
"ECU","Ecuador",2002,0.857933600314738
"ECU","Ecuador",2003,0.857933600314738
"ECU","Ecuador",2004,0.857933600314738
"ECU","Ecuador",2005,0.857933600314738
"ECU","Ecuador",2006,0.857933600314738
"ECU","Ecuador",2007,0.857933600314738
"ECU","Ecuador",2008,0.857933600314738
"ECU","Ecuador",2009,0.857933600314738
"ECU","Ecuador",2010,0.857933600314738
"ECU","Ecuador",2011,0.857933600314738
"ECU","Ecuador",2012,0.857933600314738
"ECU","Ecuador",2013,0.857933600314738
"ECU","Ecuador",2014,0.857933600314738
"ECU","Ecuador",2015,0.857933600314738
"ECU","Ecuador",2016,0.857933600314738
"ECU","Ecuador",2017,0.857933600314738
"ECU","Ecuador",2018,0.857933600314738
"ECU","Ecuador",2019,0.857933600314738
"ECU","Ecuador",2020,0.857933600314738
"ECU","Ecuador",2021,0.857933600314738
"ECU","Ecuador",2022,0.857933600314738
"EGY","Egypt",1995,0.526452535754814
"EGY","Egypt",1996,0.526452535754814
"EGY","Egypt",1997,0.526452535754814
"EGY","Egypt",1998,0.526452535754814
"EGY","Egypt",1999,0.526452535754814
"EGY","Egypt",2000,0.526452535754814
"EGY","Egypt",2001,0.526452535754814
"EGY","Egypt",2002,0.526452535754814
"EGY","Egypt",2003,0.526452535754814
"EGY","Egypt",2004,0.526452535754814
"EGY","Egypt",2005,0.526452535754814
"EGY","Egypt",2006,0.526452535754814
"EGY","Egypt",2007,0.526452535754814
"EGY","Egypt",2008,0.526452535754814
"EGY","Egypt",2009,0.526452535754814
"EGY","Egypt",2010,0.526452535754814
"EGY","Egypt",2011,0.526452535754814
"EGY","Egypt",2012,0.526452535754814
"EGY","Egypt",2013,0.526452535754814
"EGY","Egypt",2014,0.526452535754814
"EGY","Egypt",2015,0.526452535754814
"EGY","Egypt",2016,0.526452535754814
"EGY","Egypt",2017,0.526452535754814
"EGY","Egypt",2018,0.526452535754814
"EGY","Egypt",2019,0.526452535754814
"EGY","Egypt",2020,0.526452535754814
"EGY","Egypt",2021,0.526452535754814
"EGY","Egypt",2022,0.526452535754814
"SLV","El Salvador",1995,0.861260634342359
"SLV","El Salvador",1996,0.861260634342359
"SLV","El Salvador",1997,0.861260634342359
"SLV","El Salvador",1998,0.861260634342359
"SLV","El Salvador",1999,0.861260634342359
"SLV","El Salvador",2000,0.861260634342359
"SLV","El Salvador",2001,0.861260634342359
"SLV","El Salvador",2002,0.861260634342359
"SLV","El Salvador",2003,0.861260634342359
"SLV","El Salvador",2004,0.861260634342359
"SLV","El Salvador",2005,0.861260634342359
"SLV","El Salvador",2006,0.861260634342359
"SLV","El Salvador",2007,0.861260634342359
"SLV","El Salvador",2008,0.861260634342359
"SLV","El Salvador",2009,0.861260634342359
"SLV","El Salvador",2010,0.861260634342359
"SLV","El Salvador",2011,0.861260634342359
"SLV","El Salvador",2012,0.861260634342359
"SLV","El Salvador",2013,0.861260634342359
"SLV","El Salvador",2014,0.861260634342359
"SLV","El Salvador",2015,0.861260634342359
"SLV","El Salvador",2016,0.861260634342359
"SLV","El Salvador",2017,0.861260634342359
"SLV","El Salvador",2018,0.861260634342359
"SLV","El Salvador",2019,0.861260634342359
"SLV","El Salvador",2020,0.861260634342359
"SLV","El Salvador",2021,0.861260634342359
"SLV","El Salvador",2022,0.861260634342359
"GNQ","Equatorial Guinea",1995,0.32250853362624
"GNQ","Equatorial Guinea",1996,0.32250853362624
"GNQ","Equatorial Guinea",1997,0.32250853362624
"GNQ","Equatorial Guinea",1998,0.32250853362624
"GNQ","Equatorial Guinea",1999,0.32250853362624
"GNQ","Equatorial Guinea",2000,0.32250853362624
"GNQ","Equatorial Guinea",2001,0.32250853362624
"GNQ","Equatorial Guinea",2002,0.32250853362624
"GNQ","Equatorial Guinea",2003,0.32250853362624
"GNQ","Equatorial Guinea",2004,0.32250853362624
"GNQ","Equatorial Guinea",2005,0.32250853362624
"GNQ","Equatorial Guinea",2006,0.32250853362624
"GNQ","Equatorial Guinea",2007,0.32250853362624
"GNQ","Equatorial Guinea",2008,0.32250853362624
"GNQ","Equatorial Guinea",2009,0.32250853362624
"GNQ","Equatorial Guinea",2010,0.32250853362624
"GNQ","Equatorial Guinea",2011,0.32250853362624
"GNQ","Equatorial Guinea",2012,0.32250853362624
"GNQ","Equatorial Guinea",2013,0.32250853362624
"GNQ","Equatorial Guinea",2014,0.32250853362624
"GNQ","Equatorial Guinea",2015,0.32250853362624
"GNQ","Equatorial Guinea",2016,0.32250853362624
"GNQ","Equatorial Guinea",2017,0.32250853362624
"GNQ","Equatorial Guinea",2018,0.32250853362624
"GNQ","Equatorial Guinea",2019,0.32250853362624
"GNQ","Equatorial Guinea",2020,0.32250853362624
"GNQ","Equatorial Guinea",2021,0.32250853362624
"GNQ","Equatorial Guinea",2022,0.32250853362624
"ERI","Eritrea",1995,0.230821797871881
"ERI","Eritrea",1996,0.230821797871881
"ERI","Eritrea",1997,0.230821797871881
"ERI","Eritrea",1998,0.230821797871881
"ERI","Eritrea",1999,0.230821797871881
"ERI","Eritrea",2000,0.230821797871881
"ERI","Eritrea",2001,0.230821797871881
"ERI","Eritrea",2002,0.230821797871881
"ERI","Eritrea",2003,0.230821797871881
"ERI","Eritrea",2004,0.230821797871881
"ERI","Eritrea",2005,0.230821797871881
"ERI","Eritrea",2006,0.230821797871881
"ERI","Eritrea",2007,0.230821797871881
"ERI","Eritrea",2008,0.230821797871881
"ERI","Eritrea",2009,0.230821797871881
"ERI","Eritrea",2010,0.230821797871881
"ERI","Eritrea",2011,0.230821797871881
"ERI","Eritrea",2012,0.230821797871881
"ERI","Eritrea",2013,0.230821797871881
"ERI","Eritrea",2014,0.230821797871881
"ERI","Eritrea",2015,0.230821797871881
"ERI","Eritrea",2016,0.230821797871881
"ERI","Eritrea",2017,0.230821797871881
"ERI","Eritrea",2018,0.230821797871881
"ERI","Eritrea",2019,0.230821797871881
"ERI","Eritrea",2020,0.230821797871881
"ERI","Eritrea",2021,0.230821797871881
"ERI","Eritrea",2022,0.230821797871881
"EST","Estonia",1995,0.5831815359845
"EST","Estonia",1996,0.5831815359845
"EST","Estonia",1997,0.5831815359845
"EST","Estonia",1998,0.5831815359845
"EST","Estonia",1999,0.5831815359845
"EST","Estonia",2000,0.5831815359845
"EST","Estonia",2001,0.5831815359845
"EST","Estonia",2002,0.5831815359845
"EST","Estonia",2003,0.5831815359845
"EST","Estonia",2004,0.5831815359845
"EST","Estonia",2005,0.5831815359845
"EST","Estonia",2006,0.5831815359845
"EST","Estonia",2007,0.5831815359845
"EST","Estonia",2008,0.5831815359845
"EST","Estonia",2009,0.5831815359845
"EST","Estonia",2010,0.5831815359845
"EST","Estonia",2011,0.5831815359845
"EST","Estonia",2012,0.5831815359845
"EST","Estonia",2013,0.5831815359845
"EST","Estonia",2014,0.5831815359845
"EST","Estonia",2015,0.5831815359845
"EST","Estonia",2016,0.5831815359845
"EST","Estonia",2017,0.5831815359845
"EST","Estonia",2018,0.5831815359845
"EST","Estonia",2019,0.5831815359845
"EST","Estonia",2020,0.5831815359845
"EST","Estonia",2021,0.5831815359845
"EST","Estonia",2022,0.5831815359845
"ETH","Ethiopia",1995,0
"ETH","Ethiopia",1996,0
"ETH","Ethiopia",1997,0
"ETH","Ethiopia",1998,0
"ETH","Ethiopia",1999,0
"ETH","Ethiopia",2000,0
"ETH","Ethiopia",2001,0
"ETH","Ethiopia",2002,0
"ETH","Ethiopia",2003,0
"ETH","Ethiopia",2004,0
"ETH","Ethiopia",2005,0
"ETH","Ethiopia",2006,0
"ETH","Ethiopia",2007,0
"ETH","Ethiopia",2008,0
"ETH","Ethiopia",2009,0
"ETH","Ethiopia",2010,0
"ETH","Ethiopia",2011,0
"ETH","Ethiopia",2012,0
"ETH","Ethiopia",2013,0
"ETH","Ethiopia",2014,0
"ETH","Ethiopia",2015,0
"ETH","Ethiopia",2016,0
"ETH","Ethiopia",2017,0
"ETH","Ethiopia",2018,0
"ETH","Ethiopia",2019,0
"ETH","Ethiopia",2020,0
"ETH","Ethiopia",2021,0
"ETH","Ethiopia",2022,0
"FJI","Fiji",1995,0.804814761752071
"FJI","Fiji",1996,0.804814761752071
"FJI","Fiji",1997,0.804814761752071
"FJI","Fiji",1998,0.804814761752071
"FJI","Fiji",1999,0.804814761752071
"FJI","Fiji",2000,0.804814761752071
"FJI","Fiji",2001,0.804814761752071
"FJI","Fiji",2002,0.804814761752071
"FJI","Fiji",2003,0.804814761752071
"FJI","Fiji",2004,0.804814761752071
"FJI","Fiji",2005,0.804814761752071
"FJI","Fiji",2006,0.804814761752071
"FJI","Fiji",2007,0.804814761752071
"FJI","Fiji",2008,0.804814761752071
"FJI","Fiji",2009,0.804814761752071
"FJI","Fiji",2010,0.804814761752071
"FJI","Fiji",2011,0.804814761752071
"FJI","Fiji",2012,0.804814761752071
"FJI","Fiji",2013,0.804814761752071
"FJI","Fiji",2014,0.804814761752071
"FJI","Fiji",2015,0.804814761752071
"FJI","Fiji",2016,0.804814761752071
"FJI","Fiji",2017,0.804814761752071
"FJI","Fiji",2018,0.804814761752071
"FJI","Fiji",2019,0.804814761752071
"FJI","Fiji",2020,0.804814761752071
"FJI","Fiji",2021,0.804814761752071
"FJI","Fiji",2022,0.804814761752071
"FIN","Finland",1995,1
"FIN","Finland",1996,1
"FIN","Finland",1997,1
"FIN","Finland",1998,1
"FIN","Finland",1999,1
"FIN","Finland",2000,1
"FIN","Finland",2001,1
"FIN","Finland",2002,1
"FIN","Finland",2003,1
"FIN","Finland",2004,1
"FIN","Finland",2005,1
"FIN","Finland",2006,1
"FIN","Finland",2007,1
"FIN","Finland",2008,1
"FIN","Finland",2009,1
"FIN","Finland",2010,1
"FIN","Finland",2011,1
"FIN","Finland",2012,1
"FIN","Finland",2013,1
"FIN","Finland",2014,1
"FIN","Finland",2015,1
"FIN","Finland",2016,1
"FIN","Finland",2017,1
"FIN","Finland",2018,1
"FIN","Finland",2019,1
"FIN","Finland",2020,1
"FIN","Finland",2021,1
"FIN","Finland",2022,1
"FRA","France",1995,0.542886446486602
"FRA","France",1996,0.542886446486602
"FRA","France",1997,0.542886446486602
"FRA","France",1998,0.542886446486602
"FRA","France",1999,0.542886446486602
"FRA","France",2000,0.542886446486602
"FRA","France",2001,0.542886446486602
"FRA","France",2002,0.542886446486602
"FRA","France",2003,0.542886446486602
"FRA","France",2004,0.542886446486602
"FRA","France",2005,0.542886446486602
"FRA","France",2006,0.542886446486602
"FRA","France",2007,0.542886446486602
"FRA","France",2008,0.542886446486602
"FRA","France",2009,0.542886446486602
"FRA","France",2010,0.542886446486602
"FRA","France",2011,0.542886446486602
"FRA","France",2012,0.542886446486602
"FRA","France",2013,0.542886446486602
"FRA","France",2014,0.542886446486602
"FRA","France",2015,0.542886446486602
"FRA","France",2016,0.542886446486602
"FRA","France",2017,0.542886446486602
"FRA","France",2018,0.542886446486602
"FRA","France",2019,0.542886446486602
"FRA","France",2020,0.542886446486602
"FRA","France",2021,0.542886446486602
"FRA","France",2022,0.542886446486602
"GAB","Gabon",1995,0.250553179102679
"GAB","Gabon",1996,0.250553179102679
"GAB","Gabon",1997,0.250553179102679
"GAB","Gabon",1998,0.250553179102679
"GAB","Gabon",1999,0.250553179102679
"GAB","Gabon",2000,0.250553179102679
"GAB","Gabon",2001,0.250553179102679
"GAB","Gabon",2002,0.250553179102679
"GAB","Gabon",2003,0.250553179102679
"GAB","Gabon",2004,0.250553179102679
"GAB","Gabon",2005,0.250553179102679
"GAB","Gabon",2006,0.250553179102679
"GAB","Gabon",2007,0.250553179102679
"GAB","Gabon",2008,0.250553179102679
"GAB","Gabon",2009,0.250553179102679
"GAB","Gabon",2010,0.250553179102679
"GAB","Gabon",2011,0.250553179102679
"GAB","Gabon",2012,0.250553179102679
"GAB","Gabon",2013,0.250553179102679
"GAB","Gabon",2014,0.250553179102679
"GAB","Gabon",2015,0.250553179102679
"GAB","Gabon",2016,0.250553179102679
"GAB","Gabon",2017,0.250553179102679
"GAB","Gabon",2018,0.250553179102679
"GAB","Gabon",2019,0.250553179102679
"GAB","Gabon",2020,0.250553179102679
"GAB","Gabon",2021,0.250553179102679
"GAB","Gabon",2022,0.250553179102679
"GMB","Gambia",1995,0.285226649929161
"GMB","Gambia",1996,0.285226649929161
"GMB","Gambia",1997,0.285226649929161
"GMB","Gambia",1998,0.285226649929161
"GMB","Gambia",1999,0.285226649929161
"GMB","Gambia",2000,0.285226649929161
"GMB","Gambia",2001,0.285226649929161
"GMB","Gambia",2002,0.285226649929161
"GMB","Gambia",2003,0.285226649929161
"GMB","Gambia",2004,0.285226649929161
"GMB","Gambia",2005,0.285226649929161
"GMB","Gambia",2006,0.285226649929161
"GMB","Gambia",2007,0.285226649929161
"GMB","Gambia",2008,0.285226649929161
"GMB","Gambia",2009,0.285226649929161
"GMB","Gambia",2010,0.285226649929161
"GMB","Gambia",2011,0.285226649929161
"GMB","Gambia",2012,0.285226649929161
"GMB","Gambia",2013,0.285226649929161
"GMB","Gambia",2014,0.285226649929161
"GMB","Gambia",2015,0.285226649929161
"GMB","Gambia",2016,0.285226649929161
"GMB","Gambia",2017,0.285226649929161
"GMB","Gambia",2018,0.285226649929161
"GMB","Gambia",2019,0.285226649929161
"GMB","Gambia",2020,0.285226649929161
"GMB","Gambia",2021,0.285226649929161
"GMB","Gambia",2022,0.285226649929161
"GEO","Georgia",1995,0.500092101762214
"GEO","Georgia",1996,0.500092101762214
"GEO","Georgia",1997,0.500092101762214
"GEO","Georgia",1998,0.500092101762214
"GEO","Georgia",1999,0.500092101762214
"GEO","Georgia",2000,0.500092101762214
"GEO","Georgia",2001,0.500092101762214
"GEO","Georgia",2002,0.500092101762214
"GEO","Georgia",2003,0.500092101762214
"GEO","Georgia",2004,0.500092101762214
"GEO","Georgia",2005,0.500092101762214
"GEO","Georgia",2006,0.500092101762214
"GEO","Georgia",2007,0.500092101762214
"GEO","Georgia",2008,0.500092101762214
"GEO","Georgia",2009,0.500092101762214
"GEO","Georgia",2010,0.500092101762214
"GEO","Georgia",2011,0.500092101762214
"GEO","Georgia",2012,0.500092101762214
"GEO","Georgia",2013,0.500092101762214
"GEO","Georgia",2014,0.500092101762214
"GEO","Georgia",2015,0.500092101762214
"GEO","Georgia",2016,0.500092101762214
"GEO","Georgia",2017,0.500092101762214
"GEO","Georgia",2018,0.500092101762214
"GEO","Georgia",2019,0.500092101762214
"GEO","Georgia",2020,0.500092101762214
"GEO","Georgia",2021,0.500092101762214
"GEO","Georgia",2022,0.500092101762214
"DEU","Germany",1995,0.444781013847102
"DEU","Germany",1996,0.444781013847102
"DEU","Germany",1997,0.444781013847102
"DEU","Germany",1998,0.444781013847102
"DEU","Germany",1999,0.444781013847102
"DEU","Germany",2000,0.444781013847102
"DEU","Germany",2001,0.444781013847102
"DEU","Germany",2002,0.444781013847102
"DEU","Germany",2003,0.444781013847102
"DEU","Germany",2004,0.444781013847102
"DEU","Germany",2005,0.444781013847102
"DEU","Germany",2006,0.444781013847102
"DEU","Germany",2007,0.444781013847102
"DEU","Germany",2008,0.444781013847102
"DEU","Germany",2009,0.444781013847102
"DEU","Germany",2010,0.444781013847102
"DEU","Germany",2011,0.444781013847102
"DEU","Germany",2012,0.444781013847102
"DEU","Germany",2013,0.444781013847102
"DEU","Germany",2014,0.444781013847102
"DEU","Germany",2015,0.444781013847102
"DEU","Germany",2016,0.444781013847102
"DEU","Germany",2017,0.444781013847102
"DEU","Germany",2018,0.444781013847102
"DEU","Germany",2019,0.444781013847102
"DEU","Germany",2020,0.444781013847102
"DEU","Germany",2021,0.444781013847102
"DEU","Germany",2022,0.444781013847102
"GHA","Ghana",1995,0.317344012589515
"GHA","Ghana",1996,0.317344012589515
"GHA","Ghana",1997,0.317344012589515
"GHA","Ghana",1998,0.317344012589515
"GHA","Ghana",1999,0.317344012589515
"GHA","Ghana",2000,0.317344012589515
"GHA","Ghana",2001,0.317344012589515
"GHA","Ghana",2002,0.317344012589515
"GHA","Ghana",2003,0.317344012589515
"GHA","Ghana",2004,0.317344012589515
"GHA","Ghana",2005,0.317344012589515
"GHA","Ghana",2006,0.317344012589515
"GHA","Ghana",2007,0.317344012589515
"GHA","Ghana",2008,0.317344012589515
"GHA","Ghana",2009,0.317344012589515
"GHA","Ghana",2010,0.317344012589515
"GHA","Ghana",2011,0.317344012589515
"GHA","Ghana",2012,0.317344012589515
"GHA","Ghana",2013,0.317344012589515
"GHA","Ghana",2014,0.317344012589515
"GHA","Ghana",2015,0.317344012589515
"GHA","Ghana",2016,0.317344012589515
"GHA","Ghana",2017,0.317344012589515
"GHA","Ghana",2018,0.317344012589515
"GHA","Ghana",2019,0.317344012589515
"GHA","Ghana",2020,0.317344012589515
"GHA","Ghana",2021,0.317344012589515
"GHA","Ghana",2022,0.317344012589515
"GRC","Greece",1995,0.639473905637765
"GRC","Greece",1996,0.639473905637765
"GRC","Greece",1997,0.639473905637765
"GRC","Greece",1998,0.639473905637765
"GRC","Greece",1999,0.639473905637765
"GRC","Greece",2000,0.639473905637765
"GRC","Greece",2001,0.639473905637765
"GRC","Greece",2002,0.639473905637765
"GRC","Greece",2003,0.639473905637765
"GRC","Greece",2004,0.639473905637765
"GRC","Greece",2005,0.639473905637765
"GRC","Greece",2006,0.639473905637765
"GRC","Greece",2007,0.639473905637765
"GRC","Greece",2008,0.639473905637765
"GRC","Greece",2009,0.639473905637765
"GRC","Greece",2010,0.639473905637765
"GRC","Greece",2011,0.639473905637765
"GRC","Greece",2012,0.639473905637765
"GRC","Greece",2013,0.639473905637765
"GRC","Greece",2014,0.639473905637765
"GRC","Greece",2015,0.639473905637765
"GRC","Greece",2016,0.639473905637765
"GRC","Greece",2017,0.639473905637765
"GRC","Greece",2018,0.639473905637765
"GRC","Greece",2019,0.639473905637765
"GRC","Greece",2020,0.639473905637765
"GRC","Greece",2021,0.639473905637765
"GRC","Greece",2022,0.639473905637765
"GRD","Grenada",1995,0.238105796498314
"GRD","Grenada",1996,0.238105796498314
"GRD","Grenada",1997,0.238105796498314
"GRD","Grenada",1998,0.238105796498314
"GRD","Grenada",1999,0.238105796498314
"GRD","Grenada",2000,0.238105796498314
"GRD","Grenada",2001,0.238105796498314
"GRD","Grenada",2002,0.238105796498314
"GRD","Grenada",2003,0.238105796498314
"GRD","Grenada",2004,0.238105796498314
"GRD","Grenada",2005,0.238105796498314
"GRD","Grenada",2006,0.238105796498314
"GRD","Grenada",2007,0.238105796498314
"GRD","Grenada",2008,0.238105796498314
"GRD","Grenada",2009,0.238105796498314
"GRD","Grenada",2010,0.238105796498314
"GRD","Grenada",2011,0.238105796498314
"GRD","Grenada",2012,0.238105796498314
"GRD","Grenada",2013,0.238105796498314
"GRD","Grenada",2014,0.238105796498314
"GRD","Grenada",2015,0.238105796498314
"GRD","Grenada",2016,0.238105796498314
"GRD","Grenada",2017,0.238105796498314
"GRD","Grenada",2018,0.238105796498314
"GRD","Grenada",2019,0.238105796498314
"GRD","Grenada",2020,0.238105796498314
"GRD","Grenada",2021,0.238105796498314
"GRD","Grenada",2022,0.238105796498314
"GTM","Guatemala",1995,1
"GTM","Guatemala",1996,1
"GTM","Guatemala",1997,1
"GTM","Guatemala",1998,1
"GTM","Guatemala",1999,1
"GTM","Guatemala",2000,1
"GTM","Guatemala",2001,1
"GTM","Guatemala",2002,1
"GTM","Guatemala",2003,1
"GTM","Guatemala",2004,1
"GTM","Guatemala",2005,1
"GTM","Guatemala",2006,1
"GTM","Guatemala",2007,1
"GTM","Guatemala",2008,1
"GTM","Guatemala",2009,1
"GTM","Guatemala",2010,1
"GTM","Guatemala",2011,1
"GTM","Guatemala",2012,1
"GTM","Guatemala",2013,1
"GTM","Guatemala",2014,1
"GTM","Guatemala",2015,1
"GTM","Guatemala",2016,1
"GTM","Guatemala",2017,1
"GTM","Guatemala",2018,1
"GTM","Guatemala",2019,1
"GTM","Guatemala",2020,1
"GTM","Guatemala",2021,1
"GTM","Guatemala",2022,1
"GIN","Guinea",1995,0.308829716349314
"GIN","Guinea",1996,0.308829716349314
"GIN","Guinea",1997,0.308829716349314
"GIN","Guinea",1998,0.308829716349314
"GIN","Guinea",1999,0.308829716349314
"GIN","Guinea",2000,0.308829716349314
"GIN","Guinea",2001,0.308829716349314
"GIN","Guinea",2002,0.308829716349314
"GIN","Guinea",2003,0.308829716349314
"GIN","Guinea",2004,0.308829716349314
"GIN","Guinea",2005,0.308829716349314
"GIN","Guinea",2006,0.308829716349314
"GIN","Guinea",2007,0.308829716349314
"GIN","Guinea",2008,0.308829716349314
"GIN","Guinea",2009,0.308829716349314
"GIN","Guinea",2010,0.308829716349314
"GIN","Guinea",2011,0.308829716349314
"GIN","Guinea",2012,0.308829716349314
"GIN","Guinea",2013,0.308829716349314
"GIN","Guinea",2014,0.308829716349314
"GIN","Guinea",2015,0.308829716349314
"GIN","Guinea",2016,0.308829716349314
"GIN","Guinea",2017,0.308829716349314
"GIN","Guinea",2018,0.308829716349314
"GIN","Guinea",2019,0.308829716349314
"GIN","Guinea",2020,0.308829716349314
"GIN","Guinea",2021,0.308829716349314
"GIN","Guinea",2022,0.308829716349314
"GNB","Guinea-Bissau",1995,0.370784638790533
"GNB","Guinea-Bissau",1996,0.370784638790533
"GNB","Guinea-Bissau",1997,0.370784638790533
"GNB","Guinea-Bissau",1998,0.370784638790533
"GNB","Guinea-Bissau",1999,0.370784638790533
"GNB","Guinea-Bissau",2000,0.370784638790533
"GNB","Guinea-Bissau",2001,0.370784638790533
"GNB","Guinea-Bissau",2002,0.370784638790533
"GNB","Guinea-Bissau",2003,0.370784638790533
"GNB","Guinea-Bissau",2004,0.370784638790533
"GNB","Guinea-Bissau",2005,0.370784638790533
"GNB","Guinea-Bissau",2006,0.370784638790533
"GNB","Guinea-Bissau",2007,0.370784638790533
"GNB","Guinea-Bissau",2008,0.370784638790533
"GNB","Guinea-Bissau",2009,0.370784638790533
"GNB","Guinea-Bissau",2010,0.370784638790533
"GNB","Guinea-Bissau",2011,0.370784638790533
"GNB","Guinea-Bissau",2012,0.370784638790533
"GNB","Guinea-Bissau",2013,0.370784638790533
"GNB","Guinea-Bissau",2014,0.370784638790533
"GNB","Guinea-Bissau",2015,0.370784638790533
"GNB","Guinea-Bissau",2016,0.370784638790533
"GNB","Guinea-Bissau",2017,0.370784638790533
"GNB","Guinea-Bissau",2018,0.370784638790533
"GNB","Guinea-Bissau",2019,0.370784638790533
"GNB","Guinea-Bissau",2020,0.370784638790533
"GNB","Guinea-Bissau",2021,0.370784638790533
"GNB","Guinea-Bissau",2022,0.370784638790533
"GUY","Guyana",1995,0.337587070277056
"GUY","Guyana",1996,0.337587070277056
"GUY","Guyana",1997,0.337587070277056
"GUY","Guyana",1998,0.337587070277056
"GUY","Guyana",1999,0.337587070277056
"GUY","Guyana",2000,0.337587070277056
"GUY","Guyana",2001,0.337587070277056
"GUY","Guyana",2002,0.337587070277056
"GUY","Guyana",2003,0.337587070277056
"GUY","Guyana",2004,0.337587070277056
"GUY","Guyana",2005,0.337587070277056
"GUY","Guyana",2006,0.337587070277056
"GUY","Guyana",2007,0.337587070277056
"GUY","Guyana",2008,0.337587070277056
"GUY","Guyana",2009,0.337587070277056
"GUY","Guyana",2010,0.337587070277056
"GUY","Guyana",2011,0.337587070277056
"GUY","Guyana",2012,0.337587070277056
"GUY","Guyana",2013,0.337587070277056
"GUY","Guyana",2014,0.337587070277056
"GUY","Guyana",2015,0.337587070277056
"GUY","Guyana",2016,0.337587070277056
"GUY","Guyana",2017,0.337587070277056
"GUY","Guyana",2018,0.337587070277056
"GUY","Guyana",2019,0.337587070277056
"GUY","Guyana",2020,0.337587070277056
"GUY","Guyana",2021,0.337587070277056
"GUY","Guyana",2022,0.337587070277056
"HTI","Haiti",1995,0.407322886037145
"HTI","Haiti",1996,0.407322886037145
"HTI","Haiti",1997,0.407322886037145
"HTI","Haiti",1998,0.407322886037145
"HTI","Haiti",1999,0.407322886037145
"HTI","Haiti",2000,0.407322886037145
"HTI","Haiti",2001,0.407322886037145
"HTI","Haiti",2002,0.407322886037145
"HTI","Haiti",2003,0.407322886037145
"HTI","Haiti",2004,0.407322886037145
"HTI","Haiti",2005,0.407322886037145
"HTI","Haiti",2006,0.407322886037145
"HTI","Haiti",2007,0.407322886037145
"HTI","Haiti",2008,0.407322886037145
"HTI","Haiti",2009,0.407322886037145
"HTI","Haiti",2010,0.407322886037145
"HTI","Haiti",2011,0.407322886037145
"HTI","Haiti",2012,0.407322886037145
"HTI","Haiti",2013,0.407322886037145
"HTI","Haiti",2014,0.407322886037145
"HTI","Haiti",2015,0.407322886037145
"HTI","Haiti",2016,0.407322886037145
"HTI","Haiti",2017,0.407322886037145
"HTI","Haiti",2018,0.407322886037145
"HTI","Haiti",2019,0.407322886037145
"HTI","Haiti",2020,0.407322886037145
"HTI","Haiti",2021,0.407322886037145
"HTI","Haiti",2022,0.407322886037145
"HND","Honduras",1995,0.394548030500465
"HND","Honduras",1996,0.394548030500465
"HND","Honduras",1997,0.394548030500465
"HND","Honduras",1998,0.394548030500465
"HND","Honduras",1999,0.394548030500465
"HND","Honduras",2000,0.394548030500465
"HND","Honduras",2001,0.394548030500465
"HND","Honduras",2002,0.394548030500465
"HND","Honduras",2003,0.394548030500465
"HND","Honduras",2004,0.394548030500465
"HND","Honduras",2005,0.394548030500465
"HND","Honduras",2006,0.394548030500465
"HND","Honduras",2007,0.394548030500465
"HND","Honduras",2008,0.394548030500465
"HND","Honduras",2009,0.394548030500465
"HND","Honduras",2010,0.394548030500465
"HND","Honduras",2011,0.394548030500465
"HND","Honduras",2012,0.394548030500465
"HND","Honduras",2013,0.394548030500465
"HND","Honduras",2014,0.394548030500465
"HND","Honduras",2015,0.394548030500465
"HND","Honduras",2016,0.394548030500465
"HND","Honduras",2017,0.394548030500465
"HND","Honduras",2018,0.394548030500465
"HND","Honduras",2019,0.394548030500465
"HND","Honduras",2020,0.394548030500465
"HND","Honduras",2021,0.394548030500465
"HND","Honduras",2022,0.394548030500465
"HUN","Hungary",1995,0
"HUN","Hungary",1996,0
"HUN","Hungary",1997,0
"HUN","Hungary",1998,0
"HUN","Hungary",1999,0
"HUN","Hungary",2000,0
"HUN","Hungary",2001,0
"HUN","Hungary",2002,0
"HUN","Hungary",2003,0
"HUN","Hungary",2004,0
"HUN","Hungary",2005,0
"HUN","Hungary",2006,0
"HUN","Hungary",2007,0
"HUN","Hungary",2008,0
"HUN","Hungary",2009,0
"HUN","Hungary",2010,0
"HUN","Hungary",2011,0
"HUN","Hungary",2012,0
"HUN","Hungary",2013,0
"HUN","Hungary",2014,0
"HUN","Hungary",2015,0
"HUN","Hungary",2016,0
"HUN","Hungary",2017,0
"HUN","Hungary",2018,0
"HUN","Hungary",2019,0
"HUN","Hungary",2020,0
"HUN","Hungary",2021,0
"HUN","Hungary",2022,0
"ISL","Iceland",1995,1
"ISL","Iceland",1996,1
"ISL","Iceland",1997,1
"ISL","Iceland",1998,1
"ISL","Iceland",1999,1
"ISL","Iceland",2000,1
"ISL","Iceland",2001,1
"ISL","Iceland",2002,1
"ISL","Iceland",2003,1
"ISL","Iceland",2004,1
"ISL","Iceland",2005,1
"ISL","Iceland",2006,1
"ISL","Iceland",2007,1
"ISL","Iceland",2008,1
"ISL","Iceland",2009,1
"ISL","Iceland",2010,1
"ISL","Iceland",2011,1
"ISL","Iceland",2012,1
"ISL","Iceland",2013,1
"ISL","Iceland",2014,1
"ISL","Iceland",2015,1
"ISL","Iceland",2016,1
"ISL","Iceland",2017,1
"ISL","Iceland",2018,1
"ISL","Iceland",2019,1
"ISL","Iceland",2020,1
"ISL","Iceland",2021,1
"ISL","Iceland",2022,1
"IND","India",1995,0.767032572186177
"IND","India",1996,0.767032572186177
"IND","India",1997,0.767032572186177
"IND","India",1998,0.767032572186177
"IND","India",1999,0.767032572186177
"IND","India",2000,0.767032572186177
"IND","India",2001,0.767032572186177
"IND","India",2002,0.767032572186177
"IND","India",2003,0.767032572186177
"IND","India",2004,0.767032572186177
"IND","India",2005,0.767032572186177
"IND","India",2006,0.767032572186177
"IND","India",2007,0.767032572186177
"IND","India",2008,0.767032572186177
"IND","India",2009,0.767032572186177
"IND","India",2010,0.767032572186177
"IND","India",2011,0.767032572186177
"IND","India",2012,0.767032572186177
"IND","India",2013,0.767032572186177
"IND","India",2014,0.767032572186177
"IND","India",2015,0.767032572186177
"IND","India",2016,0.767032572186177
"IND","India",2017,0.767032572186177
"IND","India",2018,0.767032572186177
"IND","India",2019,0.767032572186177
"IND","India",2020,0.767032572186177
"IND","India",2021,0.767032572186177
"IND","India",2022,0.767032572186177
"IDN","Indonesia",1995,0.675871157594075
"IDN","Indonesia",1996,0.675871157594075
"IDN","Indonesia",1997,0.675871157594075
"IDN","Indonesia",1998,0.675871157594075
"IDN","Indonesia",1999,0.675871157594075
"IDN","Indonesia",2000,0.675871157594075
"IDN","Indonesia",2001,0.675871157594075
"IDN","Indonesia",2002,0.675871157594075
"IDN","Indonesia",2003,0.675871157594075
"IDN","Indonesia",2004,0.675871157594075
"IDN","Indonesia",2005,0.675871157594075
"IDN","Indonesia",2006,0.675871157594075
"IDN","Indonesia",2007,0.675871157594075
"IDN","Indonesia",2008,0.675871157594075
"IDN","Indonesia",2009,0.675871157594075
"IDN","Indonesia",2010,0.675871157594075
"IDN","Indonesia",2011,0.675871157594075
"IDN","Indonesia",2012,0.675871157594075
"IDN","Indonesia",2013,0.675871157594075
"IDN","Indonesia",2014,0.675871157594075
"IDN","Indonesia",2015,0.675871157594075
"IDN","Indonesia",2016,0.675871157594075
"IDN","Indonesia",2017,0.675871157594075
"IDN","Indonesia",2018,0.675871157594075
"IDN","Indonesia",2019,0.675871157594075
"IDN","Indonesia",2020,0.675871157594075
"IDN","Indonesia",2021,0.675871157594075
"IDN","Indonesia",2022,0.675871157594075
"IRN","Iran, Islamic Republic of",1995,0.360785343766985
"IRN","Iran, Islamic Republic of",1996,0.360785343766985
"IRN","Iran, Islamic Republic of",1997,0.360785343766985
"IRN","Iran, Islamic Republic of",1998,0.360785343766985
"IRN","Iran, Islamic Republic of",1999,0.360785343766985
"IRN","Iran, Islamic Republic of",2000,0.360785343766985
"IRN","Iran, Islamic Republic of",2001,0.360785343766985
"IRN","Iran, Islamic Republic of",2002,0.360785343766985
"IRN","Iran, Islamic Republic of",2003,0.360785343766985
"IRN","Iran, Islamic Republic of",2004,0.360785343766985
"IRN","Iran, Islamic Republic of",2005,0.360785343766985
"IRN","Iran, Islamic Republic of",2006,0.360785343766985
"IRN","Iran, Islamic Republic of",2007,0.360785343766985
"IRN","Iran, Islamic Republic of",2008,0.360785343766985
"IRN","Iran, Islamic Republic of",2009,0.360785343766985
"IRN","Iran, Islamic Republic of",2010,0.360785343766985
"IRN","Iran, Islamic Republic of",2011,0.360785343766985
"IRN","Iran, Islamic Republic of",2012,0.360785343766985
"IRN","Iran, Islamic Republic of",2013,0.360785343766985
"IRN","Iran, Islamic Republic of",2014,0.360785343766985
"IRN","Iran, Islamic Republic of",2015,0.360785343766985
"IRN","Iran, Islamic Republic of",2016,0.360785343766985
"IRN","Iran, Islamic Republic of",2017,0.360785343766985
"IRN","Iran, Islamic Republic of",2018,0.360785343766985
"IRN","Iran, Islamic Republic of",2019,0.360785343766985
"IRN","Iran, Islamic Republic of",2020,0.360785343766985
"IRN","Iran, Islamic Republic of",2021,0.360785343766985
"IRN","Iran, Islamic Republic of",2022,0.360785343766985
"IRQ","Iraq",1995,0.32270638185618
"IRQ","Iraq",1996,0.32270638185618
"IRQ","Iraq",1997,0.32270638185618
"IRQ","Iraq",1998,0.32270638185618
"IRQ","Iraq",1999,0.32270638185618
"IRQ","Iraq",2000,0.32270638185618
"IRQ","Iraq",2001,0.32270638185618
"IRQ","Iraq",2002,0.32270638185618
"IRQ","Iraq",2003,0.32270638185618
"IRQ","Iraq",2004,0.32270638185618
"IRQ","Iraq",2005,0.32270638185618
"IRQ","Iraq",2006,0.32270638185618
"IRQ","Iraq",2007,0.32270638185618
"IRQ","Iraq",2008,0.32270638185618
"IRQ","Iraq",2009,0.32270638185618
"IRQ","Iraq",2010,0.32270638185618
"IRQ","Iraq",2011,0.32270638185618
"IRQ","Iraq",2012,0.32270638185618
"IRQ","Iraq",2013,0.32270638185618
"IRQ","Iraq",2014,0.32270638185618
"IRQ","Iraq",2015,0.32270638185618
"IRQ","Iraq",2016,0.32270638185618
"IRQ","Iraq",2017,0.32270638185618
"IRQ","Iraq",2018,0.32270638185618
"IRQ","Iraq",2019,0.32270638185618
"IRQ","Iraq",2020,0.32270638185618
"IRQ","Iraq",2021,0.32270638185618
"IRQ","Iraq",2022,0.32270638185618
"IRL","Ireland",1995,0.710720872533435
"IRL","Ireland",1996,0.710720872533435
"IRL","Ireland",1997,0.710720872533435
"IRL","Ireland",1998,0.710720872533435
"IRL","Ireland",1999,0.710720872533435
"IRL","Ireland",2000,0.710720872533435
"IRL","Ireland",2001,0.710720872533435
"IRL","Ireland",2002,0.710720872533435
"IRL","Ireland",2003,0.710720872533435
"IRL","Ireland",2004,0.710720872533435
"IRL","Ireland",2005,0.710720872533435
"IRL","Ireland",2006,0.710720872533435
"IRL","Ireland",2007,0.710720872533435
"IRL","Ireland",2008,0.710720872533435
"IRL","Ireland",2009,0.710720872533435
"IRL","Ireland",2010,0.710720872533435
"IRL","Ireland",2011,0.710720872533435
"IRL","Ireland",2012,0.710720872533435
"IRL","Ireland",2013,0.710720872533435
"IRL","Ireland",2014,0.710720872533435
"IRL","Ireland",2015,0.710720872533435
"IRL","Ireland",2016,0.710720872533435
"IRL","Ireland",2017,0.710720872533435
"IRL","Ireland",2018,0.710720872533435
"IRL","Ireland",2019,0.710720872533435
"IRL","Ireland",2020,0.710720872533435
"IRL","Ireland",2021,0.710720872533435
"IRL","Ireland",2022,0.710720872533435
"ISR","Israel",1995,0.458274490540808
"ISR","Israel",1996,0.458274490540808
"ISR","Israel",1997,0.458274490540808
"ISR","Israel",1998,0.458274490540808
"ISR","Israel",1999,0.458274490540808
"ISR","Israel",2000,0.458274490540808
"ISR","Israel",2001,0.458274490540808
"ISR","Israel",2002,0.458274490540808
"ISR","Israel",2003,0.458274490540808
"ISR","Israel",2004,0.458274490540808
"ISR","Israel",2005,0.458274490540808
"ISR","Israel",2006,0.458274490540808
"ISR","Israel",2007,0.458274490540808
"ISR","Israel",2008,0.458274490540808
"ISR","Israel",2009,0.458274490540808
"ISR","Israel",2010,0.458274490540808
"ISR","Israel",2011,0.458274490540808
"ISR","Israel",2012,0.458274490540808
"ISR","Israel",2013,0.458274490540808
"ISR","Israel",2014,0.458274490540808
"ISR","Israel",2015,0.458274490540808
"ISR","Israel",2016,0.458274490540808
"ISR","Israel",2017,0.458274490540808
"ISR","Israel",2018,0.458274490540808
"ISR","Israel",2019,0.458274490540808
"ISR","Israel",2020,0.458274490540808
"ISR","Israel",2021,0.458274490540808
"ISR","Israel",2022,0.458274490540808
"ITA","Italy",1995,0.673177465314021
"ITA","Italy",1996,0.673177465314021
"ITA","Italy",1997,0.673177465314021
"ITA","Italy",1998,0.673177465314021
"ITA","Italy",1999,0.673177465314021
"ITA","Italy",2000,0.673177465314021
"ITA","Italy",2001,0.673177465314021
"ITA","Italy",2002,0.673177465314021
"ITA","Italy",2003,0.673177465314021
"ITA","Italy",2004,0.673177465314021
"ITA","Italy",2005,0.673177465314021
"ITA","Italy",2006,0.673177465314021
"ITA","Italy",2007,0.673177465314021
"ITA","Italy",2008,0.673177465314021
"ITA","Italy",2009,0.673177465314021
"ITA","Italy",2010,0.673177465314021
"ITA","Italy",2011,0.673177465314021
"ITA","Italy",2012,0.673177465314021
"ITA","Italy",2013,0.673177465314021
"ITA","Italy",2014,0.673177465314021
"ITA","Italy",2015,0.673177465314021
"ITA","Italy",2016,0.673177465314021
"ITA","Italy",2017,0.673177465314021
"ITA","Italy",2018,0.673177465314021
"ITA","Italy",2019,0.673177465314021
"ITA","Italy",2020,0.673177465314021
"ITA","Italy",2021,0.673177465314021
"ITA","Italy",2022,0.673177465314021
"JAM","Jamaica",1995,0.521046958254023
"JAM","Jamaica",1996,0.521046958254023
"JAM","Jamaica",1997,0.521046958254023
"JAM","Jamaica",1998,0.521046958254023
"JAM","Jamaica",1999,0.521046958254023
"JAM","Jamaica",2000,0.521046958254023
"JAM","Jamaica",2001,0.521046958254023
"JAM","Jamaica",2002,0.521046958254023
"JAM","Jamaica",2003,0.521046958254023
"JAM","Jamaica",2004,0.521046958254023
"JAM","Jamaica",2005,0.521046958254023
"JAM","Jamaica",2006,0.521046958254023
"JAM","Jamaica",2007,0.521046958254023
"JAM","Jamaica",2008,0.521046958254023
"JAM","Jamaica",2009,0.521046958254023
"JAM","Jamaica",2010,0.521046958254023
"JAM","Jamaica",2011,0.521046958254023
"JAM","Jamaica",2012,0.521046958254023
"JAM","Jamaica",2013,0.521046958254023
"JAM","Jamaica",2014,0.521046958254023
"JAM","Jamaica",2015,0.521046958254023
"JAM","Jamaica",2016,0.521046958254023
"JAM","Jamaica",2017,0.521046958254023
"JAM","Jamaica",2018,0.521046958254023
"JAM","Jamaica",2019,0.521046958254023
"JAM","Jamaica",2020,0.521046958254023
"JAM","Jamaica",2021,0.521046958254023
"JAM","Jamaica",2022,0.521046958254023
"JPN","Japan",1995,1
"JPN","Japan",1996,1
"JPN","Japan",1997,1
"JPN","Japan",1998,1
"JPN","Japan",1999,1
"JPN","Japan",2000,1
"JPN","Japan",2001,1
"JPN","Japan",2002,1
"JPN","Japan",2003,1
"JPN","Japan",2004,1
"JPN","Japan",2005,1
"JPN","Japan",2006,1
"JPN","Japan",2007,1
"JPN","Japan",2008,1
"JPN","Japan",2009,1
"JPN","Japan",2010,1
"JPN","Japan",2011,1
"JPN","Japan",2012,1
"JPN","Japan",2013,1
"JPN","Japan",2014,1
"JPN","Japan",2015,1
"JPN","Japan",2016,1
"JPN","Japan",2017,1
"JPN","Japan",2018,1
"JPN","Japan",2019,1
"JPN","Japan",2020,1
"JPN","Japan",2021,1
"JPN","Japan",2022,1
"JOR","Jordan",1995,0.0481083889923612
"JOR","Jordan",1996,0.0481083889923612
"JOR","Jordan",1997,0.0481083889923612
"JOR","Jordan",1998,0.0481083889923612
"JOR","Jordan",1999,0.0481083889923612
"JOR","Jordan",2000,0.0481083889923612
"JOR","Jordan",2001,0.0481083889923612
"JOR","Jordan",2002,0.0481083889923612
"JOR","Jordan",2003,0.0481083889923612
"JOR","Jordan",2004,0.0481083889923612
"JOR","Jordan",2005,0.0481083889923612
"JOR","Jordan",2006,0.0481083889923612
"JOR","Jordan",2007,0.0481083889923612
"JOR","Jordan",2008,0.0481083889923612
"JOR","Jordan",2009,0.0481083889923612
"JOR","Jordan",2010,0.0481083889923612
"JOR","Jordan",2011,0.0481083889923612
"JOR","Jordan",2012,0.0481083889923612
"JOR","Jordan",2013,0.0481083889923612
"JOR","Jordan",2014,0.0481083889923612
"JOR","Jordan",2015,0.0481083889923612
"JOR","Jordan",2016,0.0481083889923612
"JOR","Jordan",2017,0.0481083889923612
"JOR","Jordan",2018,0.0481083889923612
"JOR","Jordan",2019,0.0481083889923612
"JOR","Jordan",2020,0.0481083889923612
"JOR","Jordan",2021,0.0481083889923612
"JOR","Jordan",2022,0.0481083889923612
"KAZ","Kazakhstan",1995,0
"KAZ","Kazakhstan",1996,0
"KAZ","Kazakhstan",1997,0
"KAZ","Kazakhstan",1998,0
"KAZ","Kazakhstan",1999,0
"KAZ","Kazakhstan",2000,0
"KAZ","Kazakhstan",2001,0
"KAZ","Kazakhstan",2002,0
"KAZ","Kazakhstan",2003,0
"KAZ","Kazakhstan",2004,0
"KAZ","Kazakhstan",2005,0
"KAZ","Kazakhstan",2006,0
"KAZ","Kazakhstan",2007,0
"KAZ","Kazakhstan",2008,0
"KAZ","Kazakhstan",2009,0
"KAZ","Kazakhstan",2010,0
"KAZ","Kazakhstan",2011,0
"KAZ","Kazakhstan",2012,0
"KAZ","Kazakhstan",2013,0
"KAZ","Kazakhstan",2014,0
"KAZ","Kazakhstan",2015,0
"KAZ","Kazakhstan",2016,0
"KAZ","Kazakhstan",2017,0
"KAZ","Kazakhstan",2018,0
"KAZ","Kazakhstan",2019,0
"KAZ","Kazakhstan",2020,0
"KAZ","Kazakhstan",2021,0
"KAZ","Kazakhstan",2022,0
"KEN","Kenya",1995,0.282880897639693
"KEN","Kenya",1996,0.282880897639693
"KEN","Kenya",1997,0.282880897639693
"KEN","Kenya",1998,0.282880897639693
"KEN","Kenya",1999,0.282880897639693
"KEN","Kenya",2000,0.282880897639693
"KEN","Kenya",2001,0.282880897639693
"KEN","Kenya",2002,0.282880897639693
"KEN","Kenya",2003,0.282880897639693
"KEN","Kenya",2004,0.282880897639693
"KEN","Kenya",2005,0.282880897639693
"KEN","Kenya",2006,0.282880897639693
"KEN","Kenya",2007,0.282880897639693
"KEN","Kenya",2008,0.282880897639693
"KEN","Kenya",2009,0.282880897639693
"KEN","Kenya",2010,0.282880897639693
"KEN","Kenya",2011,0.282880897639693
"KEN","Kenya",2012,0.282880897639693
"KEN","Kenya",2013,0.282880897639693
"KEN","Kenya",2014,0.282880897639693
"KEN","Kenya",2015,0.282880897639693
"KEN","Kenya",2016,0.282880897639693
"KEN","Kenya",2017,0.282880897639693
"KEN","Kenya",2018,0.282880897639693
"KEN","Kenya",2019,0.282880897639693
"KEN","Kenya",2020,0.282880897639693
"KEN","Kenya",2021,0.282880897639693
"KEN","Kenya",2022,0.282880897639693
"KIR","Kiribati",1995,1
"KIR","Kiribati",1996,1
"KIR","Kiribati",1997,1
"KIR","Kiribati",1998,1
"KIR","Kiribati",1999,1
"KIR","Kiribati",2000,1
"KIR","Kiribati",2001,1
"KIR","Kiribati",2002,1
"KIR","Kiribati",2003,1
"KIR","Kiribati",2004,1
"KIR","Kiribati",2005,1
"KIR","Kiribati",2006,1
"KIR","Kiribati",2007,1
"KIR","Kiribati",2008,1
"KIR","Kiribati",2009,1
"KIR","Kiribati",2010,1
"KIR","Kiribati",2011,1
"KIR","Kiribati",2012,1
"KIR","Kiribati",2013,1
"KIR","Kiribati",2014,1
"KIR","Kiribati",2015,1
"KIR","Kiribati",2016,1
"KIR","Kiribati",2017,1
"KIR","Kiribati",2018,1
"KIR","Kiribati",2019,1
"KIR","Kiribati",2020,1
"KIR","Kiribati",2021,1
"KIR","Kiribati",2022,1
"PRK","Korea, Democratic People's Repub",1995,0.90247105616843
"PRK","Korea, Democratic People's Repub",1996,0.90247105616843
"PRK","Korea, Democratic People's Repub",1997,0.90247105616843
"PRK","Korea, Democratic People's Repub",1998,0.90247105616843
"PRK","Korea, Democratic People's Repub",1999,0.90247105616843
"PRK","Korea, Democratic People's Repub",2000,0.90247105616843
"PRK","Korea, Democratic People's Repub",2001,0.90247105616843
"PRK","Korea, Democratic People's Repub",2002,0.90247105616843
"PRK","Korea, Democratic People's Repub",2003,0.90247105616843
"PRK","Korea, Democratic People's Repub",2004,0.90247105616843
"PRK","Korea, Democratic People's Repub",2005,0.90247105616843
"PRK","Korea, Democratic People's Repub",2006,0.90247105616843
"PRK","Korea, Democratic People's Repub",2007,0.90247105616843
"PRK","Korea, Democratic People's Repub",2008,0.90247105616843
"PRK","Korea, Democratic People's Repub",2009,0.90247105616843
"PRK","Korea, Democratic People's Repub",2010,0.90247105616843
"PRK","Korea, Democratic People's Repub",2011,0.90247105616843
"PRK","Korea, Democratic People's Repub",2012,0.90247105616843
"PRK","Korea, Democratic People's Repub",2013,0.90247105616843
"PRK","Korea, Democratic People's Repub",2014,0.90247105616843
"PRK","Korea, Democratic People's Repub",2015,0.90247105616843
"PRK","Korea, Democratic People's Repub",2016,0.90247105616843
"PRK","Korea, Democratic People's Repub",2017,0.90247105616843
"PRK","Korea, Democratic People's Repub",2018,0.90247105616843
"PRK","Korea, Democratic People's Repub",2019,0.90247105616843
"PRK","Korea, Democratic People's Repub",2020,0.90247105616843
"PRK","Korea, Democratic People's Repub",2021,0.90247105616843
"PRK","Korea, Democratic People's Repub",2022,0.90247105616843
"KOR","Korea, Republic of",1995,0.884122338429631
"KOR","Korea, Republic of",1996,0.884122338429631
"KOR","Korea, Republic of",1997,0.884122338429631
"KOR","Korea, Republic of",1998,0.884122338429631
"KOR","Korea, Republic of",1999,0.884122338429631
"KOR","Korea, Republic of",2000,0.884122338429631
"KOR","Korea, Republic of",2001,0.884122338429631
"KOR","Korea, Republic of",2002,0.884122338429631
"KOR","Korea, Republic of",2003,0.884122338429631
"KOR","Korea, Republic of",2004,0.884122338429631
"KOR","Korea, Republic of",2005,0.884122338429631
"KOR","Korea, Republic of",2006,0.884122338429631
"KOR","Korea, Republic of",2007,0.884122338429631
"KOR","Korea, Republic of",2008,0.884122338429631
"KOR","Korea, Republic of",2009,0.884122338429631
"KOR","Korea, Republic of",2010,0.884122338429631
"KOR","Korea, Republic of",2011,0.884122338429631
"KOR","Korea, Republic of",2012,0.884122338429631
"KOR","Korea, Republic of",2013,0.884122338429631
"KOR","Korea, Republic of",2014,0.884122338429631
"KOR","Korea, Republic of",2015,0.884122338429631
"KOR","Korea, Republic of",2016,0.884122338429631
"KOR","Korea, Republic of",2017,0.884122338429631
"KOR","Korea, Republic of",2018,0.884122338429631
"KOR","Korea, Republic of",2019,0.884122338429631
"KOR","Korea, Republic of",2020,0.884122338429631
"KOR","Korea, Republic of",2021,0.884122338429631
"KOR","Korea, Republic of",2022,0.884122338429631
"KWT","Kuwait",1995,0.308756944586577
"KWT","Kuwait",1996,0.308756944586577
"KWT","Kuwait",1997,0.308756944586577
"KWT","Kuwait",1998,0.308756944586577
"KWT","Kuwait",1999,0.308756944586577
"KWT","Kuwait",2000,0.308756944586577
"KWT","Kuwait",2001,0.308756944586577
"KWT","Kuwait",2002,0.308756944586577
"KWT","Kuwait",2003,0.308756944586577
"KWT","Kuwait",2004,0.308756944586577
"KWT","Kuwait",2005,0.308756944586577
"KWT","Kuwait",2006,0.308756944586577
"KWT","Kuwait",2007,0.308756944586577
"KWT","Kuwait",2008,0.308756944586577
"KWT","Kuwait",2009,0.308756944586577
"KWT","Kuwait",2010,0.308756944586577
"KWT","Kuwait",2011,0.308756944586577
"KWT","Kuwait",2012,0.308756944586577
"KWT","Kuwait",2013,0.308756944586577
"KWT","Kuwait",2014,0.308756944586577
"KWT","Kuwait",2015,0.308756944586577
"KWT","Kuwait",2016,0.308756944586577
"KWT","Kuwait",2017,0.308756944586577
"KWT","Kuwait",2018,0.308756944586577
"KWT","Kuwait",2019,0.308756944586577
"KWT","Kuwait",2020,0.308756944586577
"KWT","Kuwait",2021,0.308756944586577
"KWT","Kuwait",2022,0.308756944586577
"KGZ","Kyrgyzstan",1995,0
"KGZ","Kyrgyzstan",1996,0
"KGZ","Kyrgyzstan",1997,0
"KGZ","Kyrgyzstan",1998,0
"KGZ","Kyrgyzstan",1999,0
"KGZ","Kyrgyzstan",2000,0
"KGZ","Kyrgyzstan",2001,0
"KGZ","Kyrgyzstan",2002,0
"KGZ","Kyrgyzstan",2003,0
"KGZ","Kyrgyzstan",2004,0
"KGZ","Kyrgyzstan",2005,0
"KGZ","Kyrgyzstan",2006,0
"KGZ","Kyrgyzstan",2007,0
"KGZ","Kyrgyzstan",2008,0
"KGZ","Kyrgyzstan",2009,0
"KGZ","Kyrgyzstan",2010,0
"KGZ","Kyrgyzstan",2011,0
"KGZ","Kyrgyzstan",2012,0
"KGZ","Kyrgyzstan",2013,0
"KGZ","Kyrgyzstan",2014,0
"KGZ","Kyrgyzstan",2015,0
"KGZ","Kyrgyzstan",2016,0
"KGZ","Kyrgyzstan",2017,0
"KGZ","Kyrgyzstan",2018,0
"KGZ","Kyrgyzstan",2019,0
"KGZ","Kyrgyzstan",2020,0
"KGZ","Kyrgyzstan",2021,0
"KGZ","Kyrgyzstan",2022,0
"LAO","Lao People's Democratic Republic",1995,0
"LAO","Lao People's Democratic Republic",1996,0
"LAO","Lao People's Democratic Republic",1997,0
"LAO","Lao People's Democratic Republic",1998,0
"LAO","Lao People's Democratic Republic",1999,0
"LAO","Lao People's Democratic Republic",2000,0
"LAO","Lao People's Democratic Republic",2001,0
"LAO","Lao People's Democratic Republic",2002,0
"LAO","Lao People's Democratic Republic",2003,0
"LAO","Lao People's Democratic Republic",2004,0
"LAO","Lao People's Democratic Republic",2005,0
"LAO","Lao People's Democratic Republic",2006,0
"LAO","Lao People's Democratic Republic",2007,0
"LAO","Lao People's Democratic Republic",2008,0
"LAO","Lao People's Democratic Republic",2009,0
"LAO","Lao People's Democratic Republic",2010,0
"LAO","Lao People's Democratic Republic",2011,0
"LAO","Lao People's Democratic Republic",2012,0
"LAO","Lao People's Democratic Republic",2013,0
"LAO","Lao People's Democratic Republic",2014,0
"LAO","Lao People's Democratic Republic",2015,0
"LAO","Lao People's Democratic Republic",2016,0
"LAO","Lao People's Democratic Republic",2017,0
"LAO","Lao People's Democratic Republic",2018,0
"LAO","Lao People's Democratic Republic",2019,0
"LAO","Lao People's Democratic Republic",2020,0
"LAO","Lao People's Democratic Republic",2021,0
"LAO","Lao People's Democratic Republic",2022,0
"LVA","Latvia",1995,0.541127416534199
"LVA","Latvia",1996,0.541127416534199
"LVA","Latvia",1997,0.541127416534199
"LVA","Latvia",1998,0.541127416534199
"LVA","Latvia",1999,0.541127416534199
"LVA","Latvia",2000,0.541127416534199
"LVA","Latvia",2001,0.541127416534199
"LVA","Latvia",2002,0.541127416534199
"LVA","Latvia",2003,0.541127416534199
"LVA","Latvia",2004,0.541127416534199
"LVA","Latvia",2005,0.541127416534199
"LVA","Latvia",2006,0.541127416534199
"LVA","Latvia",2007,0.541127416534199
"LVA","Latvia",2008,0.541127416534199
"LVA","Latvia",2009,0.541127416534199
"LVA","Latvia",2010,0.541127416534199
"LVA","Latvia",2011,0.541127416534199
"LVA","Latvia",2012,0.541127416534199
"LVA","Latvia",2013,0.541127416534199
"LVA","Latvia",2014,0.541127416534199
"LVA","Latvia",2015,0.541127416534199
"LVA","Latvia",2016,0.541127416534199
"LVA","Latvia",2017,0.541127416534199
"LVA","Latvia",2018,0.541127416534199
"LVA","Latvia",2019,0.541127416534199
"LVA","Latvia",2020,0.541127416534199
"LVA","Latvia",2021,0.541127416534199
"LVA","Latvia",2022,0.541127416534199
"LBN","Lebanon",1995,0.419840766286662
"LBN","Lebanon",1996,0.419840766286662
"LBN","Lebanon",1997,0.419840766286662
"LBN","Lebanon",1998,0.419840766286662
"LBN","Lebanon",1999,0.419840766286662
"LBN","Lebanon",2000,0.419840766286662
"LBN","Lebanon",2001,0.419840766286662
"LBN","Lebanon",2002,0.419840766286662
"LBN","Lebanon",2003,0.419840766286662
"LBN","Lebanon",2004,0.419840766286662
"LBN","Lebanon",2005,0.419840766286662
"LBN","Lebanon",2006,0.419840766286662
"LBN","Lebanon",2007,0.419840766286662
"LBN","Lebanon",2008,0.419840766286662
"LBN","Lebanon",2009,0.419840766286662
"LBN","Lebanon",2010,0.419840766286662
"LBN","Lebanon",2011,0.419840766286662
"LBN","Lebanon",2012,0.419840766286662
"LBN","Lebanon",2013,0.419840766286662
"LBN","Lebanon",2014,0.419840766286662
"LBN","Lebanon",2015,0.419840766286662
"LBN","Lebanon",2016,0.419840766286662
"LBN","Lebanon",2017,0.419840766286662
"LBN","Lebanon",2018,0.419840766286662
"LBN","Lebanon",2019,0.419840766286662
"LBN","Lebanon",2020,0.419840766286662
"LBN","Lebanon",2021,0.419840766286662
"LBN","Lebanon",2022,0.419840766286662
"LSO","Lesotho",1995,0
"LSO","Lesotho",1996,0
"LSO","Lesotho",1997,0
"LSO","Lesotho",1998,0
"LSO","Lesotho",1999,0
"LSO","Lesotho",2000,0
"LSO","Lesotho",2001,0
"LSO","Lesotho",2002,0
"LSO","Lesotho",2003,0
"LSO","Lesotho",2004,0
"LSO","Lesotho",2005,0
"LSO","Lesotho",2006,0
"LSO","Lesotho",2007,0
"LSO","Lesotho",2008,0
"LSO","Lesotho",2009,0
"LSO","Lesotho",2010,0
"LSO","Lesotho",2011,0
"LSO","Lesotho",2012,0
"LSO","Lesotho",2013,0
"LSO","Lesotho",2014,0
"LSO","Lesotho",2015,0
"LSO","Lesotho",2016,0
"LSO","Lesotho",2017,0
"LSO","Lesotho",2018,0
"LSO","Lesotho",2019,0
"LSO","Lesotho",2020,0
"LSO","Lesotho",2021,0
"LSO","Lesotho",2022,0
"LBR","Liberia",1995,0.361494868453668
"LBR","Liberia",1996,0.361494868453668
"LBR","Liberia",1997,0.361494868453668
"LBR","Liberia",1998,0.361494868453668
"LBR","Liberia",1999,0.361494868453668
"LBR","Liberia",2000,0.361494868453668
"LBR","Liberia",2001,0.361494868453668
"LBR","Liberia",2002,0.361494868453668
"LBR","Liberia",2003,0.361494868453668
"LBR","Liberia",2004,0.361494868453668
"LBR","Liberia",2005,0.361494868453668
"LBR","Liberia",2006,0.361494868453668
"LBR","Liberia",2007,0.361494868453668
"LBR","Liberia",2008,0.361494868453668
"LBR","Liberia",2009,0.361494868453668
"LBR","Liberia",2010,0.361494868453668
"LBR","Liberia",2011,0.361494868453668
"LBR","Liberia",2012,0.361494868453668
"LBR","Liberia",2013,0.361494868453668
"LBR","Liberia",2014,0.361494868453668
"LBR","Liberia",2015,0.361494868453668
"LBR","Liberia",2016,0.361494868453668
"LBR","Liberia",2017,0.361494868453668
"LBR","Liberia",2018,0.361494868453668
"LBR","Liberia",2019,0.361494868453668
"LBR","Liberia",2020,0.361494868453668
"LBR","Liberia",2021,0.361494868453668
"LBR","Liberia",2022,0.361494868453668
"LBY","Libyan Arab Jamahiriya",1995,0.683714589146546
"LBY","Libyan Arab Jamahiriya",1996,0.683714589146546
"LBY","Libyan Arab Jamahiriya",1997,0.683714589146546
"LBY","Libyan Arab Jamahiriya",1998,0.683714589146546
"LBY","Libyan Arab Jamahiriya",1999,0.683714589146546
"LBY","Libyan Arab Jamahiriya",2000,0.683714589146546
"LBY","Libyan Arab Jamahiriya",2001,0.683714589146546
"LBY","Libyan Arab Jamahiriya",2002,0.683714589146546
"LBY","Libyan Arab Jamahiriya",2003,0.683714589146546
"LBY","Libyan Arab Jamahiriya",2004,0.683714589146546
"LBY","Libyan Arab Jamahiriya",2005,0.683714589146546
"LBY","Libyan Arab Jamahiriya",2006,0.683714589146546
"LBY","Libyan Arab Jamahiriya",2007,0.683714589146546
"LBY","Libyan Arab Jamahiriya",2008,0.683714589146546
"LBY","Libyan Arab Jamahiriya",2009,0.683714589146546
"LBY","Libyan Arab Jamahiriya",2010,0.683714589146546
"LBY","Libyan Arab Jamahiriya",2011,0.683714589146546
"LBY","Libyan Arab Jamahiriya",2012,0.683714589146546
"LBY","Libyan Arab Jamahiriya",2013,0.683714589146546
"LBY","Libyan Arab Jamahiriya",2014,0.683714589146546
"LBY","Libyan Arab Jamahiriya",2015,0.683714589146546
"LBY","Libyan Arab Jamahiriya",2016,0.683714589146546
"LBY","Libyan Arab Jamahiriya",2017,0.683714589146546
"LBY","Libyan Arab Jamahiriya",2018,0.683714589146546
"LBY","Libyan Arab Jamahiriya",2019,0.683714589146546
"LBY","Libyan Arab Jamahiriya",2020,0.683714589146546
"LBY","Libyan Arab Jamahiriya",2021,0.683714589146546
"LBY","Libyan Arab Jamahiriya",2022,0.683714589146546
"LIE","Liechtenstein",1995,0
"LIE","Liechtenstein",1996,0
"LIE","Liechtenstein",1997,0
"LIE","Liechtenstein",1998,0
"LIE","Liechtenstein",1999,0
"LIE","Liechtenstein",2000,0
"LIE","Liechtenstein",2001,0
"LIE","Liechtenstein",2002,0
"LIE","Liechtenstein",2003,0
"LIE","Liechtenstein",2004,0
"LIE","Liechtenstein",2005,0
"LIE","Liechtenstein",2006,0
"LIE","Liechtenstein",2007,0
"LIE","Liechtenstein",2008,0
"LIE","Liechtenstein",2009,0
"LIE","Liechtenstein",2010,0
"LIE","Liechtenstein",2011,0
"LIE","Liechtenstein",2012,0
"LIE","Liechtenstein",2013,0
"LIE","Liechtenstein",2014,0
"LIE","Liechtenstein",2015,0
"LIE","Liechtenstein",2016,0
"LIE","Liechtenstein",2017,0
"LIE","Liechtenstein",2018,0
"LIE","Liechtenstein",2019,0
"LIE","Liechtenstein",2020,0
"LIE","Liechtenstein",2021,0
"LIE","Liechtenstein",2022,0
"LTU","Lithuania",1995,0.439744980453959
"LTU","Lithuania",1996,0.439744980453959
"LTU","Lithuania",1997,0.439744980453959
"LTU","Lithuania",1998,0.439744980453959
"LTU","Lithuania",1999,0.439744980453959
"LTU","Lithuania",2000,0.439744980453959
"LTU","Lithuania",2001,0.439744980453959
"LTU","Lithuania",2002,0.439744980453959
"LTU","Lithuania",2003,0.439744980453959
"LTU","Lithuania",2004,0.439744980453959
"LTU","Lithuania",2005,0.439744980453959
"LTU","Lithuania",2006,0.439744980453959
"LTU","Lithuania",2007,0.439744980453959
"LTU","Lithuania",2008,0.439744980453959
"LTU","Lithuania",2009,0.439744980453959
"LTU","Lithuania",2010,0.439744980453959
"LTU","Lithuania",2011,0.439744980453959
"LTU","Lithuania",2012,0.439744980453959
"LTU","Lithuania",2013,0.439744980453959
"LTU","Lithuania",2014,0.439744980453959
"LTU","Lithuania",2015,0.439744980453959
"LTU","Lithuania",2016,0.439744980453959
"LTU","Lithuania",2017,0.439744980453959
"LTU","Lithuania",2018,0.439744980453959
"LTU","Lithuania",2019,0.439744980453959
"LTU","Lithuania",2020,0.439744980453959
"LTU","Lithuania",2021,0.439744980453959
"LTU","Lithuania",2022,0.439744980453959
"LUX","Luxembourg",1995,0
"LUX","Luxembourg",1996,0
"LUX","Luxembourg",1997,0
"LUX","Luxembourg",1998,0
"LUX","Luxembourg",1999,0
"LUX","Luxembourg",2000,0
"LUX","Luxembourg",2001,0
"LUX","Luxembourg",2002,0
"LUX","Luxembourg",2003,0
"LUX","Luxembourg",2004,0
"LUX","Luxembourg",2005,0
"LUX","Luxembourg",2006,0
"LUX","Luxembourg",2007,0
"LUX","Luxembourg",2008,0
"LUX","Luxembourg",2009,0
"LUX","Luxembourg",2010,0
"LUX","Luxembourg",2011,0
"LUX","Luxembourg",2012,0
"LUX","Luxembourg",2013,0
"LUX","Luxembourg",2014,0
"LUX","Luxembourg",2015,0
"LUX","Luxembourg",2016,0
"LUX","Luxembourg",2017,0
"LUX","Luxembourg",2018,0
"LUX","Luxembourg",2019,0
"LUX","Luxembourg",2020,0
"LUX","Luxembourg",2021,0
"LUX","Luxembourg",2022,0
"MKD","Macedonia",1995,0
"MKD","Macedonia",1996,0
"MKD","Macedonia",1997,0
"MKD","Macedonia",1998,0
"MKD","Macedonia",1999,0
"MKD","Macedonia",2000,0
"MKD","Macedonia",2001,0
"MKD","Macedonia",2002,0
"MKD","Macedonia",2003,0
"MKD","Macedonia",2004,0
"MKD","Macedonia",2005,0
"MKD","Macedonia",2006,0
"MKD","Macedonia",2007,0
"MKD","Macedonia",2008,0
"MKD","Macedonia",2009,0
"MKD","Macedonia",2010,0
"MKD","Macedonia",2011,0
"MKD","Macedonia",2012,0
"MKD","Macedonia",2013,0
"MKD","Macedonia",2014,0
"MKD","Macedonia",2015,0
"MKD","Macedonia",2016,0
"MKD","Macedonia",2017,0
"MKD","Macedonia",2018,0
"MKD","Macedonia",2019,0
"MKD","Macedonia",2020,0
"MKD","Macedonia",2021,0
"MKD","Macedonia",2022,0
"MDG","Madagascar",1995,0.419406409827827
"MDG","Madagascar",1996,0.419406409827827
"MDG","Madagascar",1997,0.419406409827827
"MDG","Madagascar",1998,0.419406409827827
"MDG","Madagascar",1999,0.419406409827827
"MDG","Madagascar",2000,0.419406409827827
"MDG","Madagascar",2001,0.419406409827827
"MDG","Madagascar",2002,0.419406409827827
"MDG","Madagascar",2003,0.419406409827827
"MDG","Madagascar",2004,0.419406409827827
"MDG","Madagascar",2005,0.419406409827827
"MDG","Madagascar",2006,0.419406409827827
"MDG","Madagascar",2007,0.419406409827827
"MDG","Madagascar",2008,0.419406409827827
"MDG","Madagascar",2009,0.419406409827827
"MDG","Madagascar",2010,0.419406409827827
"MDG","Madagascar",2011,0.419406409827827
"MDG","Madagascar",2012,0.419406409827827
"MDG","Madagascar",2013,0.419406409827827
"MDG","Madagascar",2014,0.419406409827827
"MDG","Madagascar",2015,0.419406409827827
"MDG","Madagascar",2016,0.419406409827827
"MDG","Madagascar",2017,0.419406409827827
"MDG","Madagascar",2018,0.419406409827827
"MDG","Madagascar",2019,0.419406409827827
"MDG","Madagascar",2020,0.419406409827827
"MDG","Madagascar",2021,0.419406409827827
"MDG","Madagascar",2022,0.419406409827827
"MWI","Malawi",1995,0
"MWI","Malawi",1996,0
"MWI","Malawi",1997,0
"MWI","Malawi",1998,0
"MWI","Malawi",1999,0
"MWI","Malawi",2000,0
"MWI","Malawi",2001,0
"MWI","Malawi",2002,0
"MWI","Malawi",2003,0
"MWI","Malawi",2004,0
"MWI","Malawi",2005,0
"MWI","Malawi",2006,0
"MWI","Malawi",2007,0
"MWI","Malawi",2008,0
"MWI","Malawi",2009,0
"MWI","Malawi",2010,0
"MWI","Malawi",2011,0
"MWI","Malawi",2012,0
"MWI","Malawi",2013,0
"MWI","Malawi",2014,0
"MWI","Malawi",2015,0
"MWI","Malawi",2016,0
"MWI","Malawi",2017,0
"MWI","Malawi",2018,0
"MWI","Malawi",2019,0
"MWI","Malawi",2020,0
"MWI","Malawi",2021,0
"MWI","Malawi",2022,0
"MYS","Malaysia",1995,0.373786474003425
"MYS","Malaysia",1996,0.373786474003425
"MYS","Malaysia",1997,0.373786474003425
"MYS","Malaysia",1998,0.373786474003425
"MYS","Malaysia",1999,0.373786474003425
"MYS","Malaysia",2000,0.373786474003425
"MYS","Malaysia",2001,0.373786474003425
"MYS","Malaysia",2002,0.373786474003425
"MYS","Malaysia",2003,0.373786474003425
"MYS","Malaysia",2004,0.373786474003425
"MYS","Malaysia",2005,0.373786474003425
"MYS","Malaysia",2006,0.373786474003425
"MYS","Malaysia",2007,0.373786474003425
"MYS","Malaysia",2008,0.373786474003425
"MYS","Malaysia",2009,0.373786474003425
"MYS","Malaysia",2010,0.373786474003425
"MYS","Malaysia",2011,0.373786474003425
"MYS","Malaysia",2012,0.373786474003425
"MYS","Malaysia",2013,0.373786474003425
"MYS","Malaysia",2014,0.373786474003425
"MYS","Malaysia",2015,0.373786474003425
"MYS","Malaysia",2016,0.373786474003425
"MYS","Malaysia",2017,0.373786474003425
"MYS","Malaysia",2018,0.373786474003425
"MYS","Malaysia",2019,0.373786474003425
"MYS","Malaysia",2020,0.373786474003425
"MYS","Malaysia",2021,0.373786474003425
"MYS","Malaysia",2022,0.373786474003425
"MDV","Maldives",1995,0.672243940045164
"MDV","Maldives",1996,0.672243940045164
"MDV","Maldives",1997,0.672243940045164
"MDV","Maldives",1998,0.672243940045164
"MDV","Maldives",1999,0.672243940045164
"MDV","Maldives",2000,0.672243940045164
"MDV","Maldives",2001,0.672243940045164
"MDV","Maldives",2002,0.672243940045164
"MDV","Maldives",2003,0.672243940045164
"MDV","Maldives",2004,0.672243940045164
"MDV","Maldives",2005,0.672243940045164
"MDV","Maldives",2006,0.672243940045164
"MDV","Maldives",2007,0.672243940045164
"MDV","Maldives",2008,0.672243940045164
"MDV","Maldives",2009,0.672243940045164
"MDV","Maldives",2010,0.672243940045164
"MDV","Maldives",2011,0.672243940045164
"MDV","Maldives",2012,0.672243940045164
"MDV","Maldives",2013,0.672243940045164
"MDV","Maldives",2014,0.672243940045164
"MDV","Maldives",2015,0.672243940045164
"MDV","Maldives",2016,0.672243940045164
"MDV","Maldives",2017,0.672243940045164
"MDV","Maldives",2018,0.672243940045164
"MDV","Maldives",2019,0.672243940045164
"MDV","Maldives",2020,0.672243940045164
"MDV","Maldives",2021,0.672243940045164
"MDV","Maldives",2022,0.672243940045164
"MLI","Mali",1995,0
"MLI","Mali",1996,0
"MLI","Mali",1997,0
"MLI","Mali",1998,0
"MLI","Mali",1999,0
"MLI","Mali",2000,0
"MLI","Mali",2001,0
"MLI","Mali",2002,0
"MLI","Mali",2003,0
"MLI","Mali",2004,0
"MLI","Mali",2005,0
"MLI","Mali",2006,0
"MLI","Mali",2007,0
"MLI","Mali",2008,0
"MLI","Mali",2009,0
"MLI","Mali",2010,0
"MLI","Mali",2011,0
"MLI","Mali",2012,0
"MLI","Mali",2013,0
"MLI","Mali",2014,0
"MLI","Mali",2015,0
"MLI","Mali",2016,0
"MLI","Mali",2017,0
"MLI","Mali",2018,0
"MLI","Mali",2019,0
"MLI","Mali",2020,0
"MLI","Mali",2021,0
"MLI","Mali",2022,0
"MLT","Malta",1995,0.471915784877573
"MLT","Malta",1996,0.471915784877573
"MLT","Malta",1997,0.471915784877573
"MLT","Malta",1998,0.471915784877573
"MLT","Malta",1999,0.471915784877573
"MLT","Malta",2000,0.471915784877573
"MLT","Malta",2001,0.471915784877573
"MLT","Malta",2002,0.471915784877573
"MLT","Malta",2003,0.471915784877573
"MLT","Malta",2004,0.471915784877573
"MLT","Malta",2005,0.471915784877573
"MLT","Malta",2006,0.471915784877573
"MLT","Malta",2007,0.471915784877573
"MLT","Malta",2008,0.471915784877573
"MLT","Malta",2009,0.471915784877573
"MLT","Malta",2010,0.471915784877573
"MLT","Malta",2011,0.471915784877573
"MLT","Malta",2012,0.471915784877573
"MLT","Malta",2013,0.471915784877573
"MLT","Malta",2014,0.471915784877573
"MLT","Malta",2015,0.471915784877573
"MLT","Malta",2016,0.471915784877573
"MLT","Malta",2017,0.471915784877573
"MLT","Malta",2018,0.471915784877573
"MLT","Malta",2019,0.471915784877573
"MLT","Malta",2020,0.471915784877573
"MLT","Malta",2021,0.471915784877573
"MLT","Malta",2022,0.471915784877573
"MHL","Marshall Islands",1995,0.869452005885416
"MHL","Marshall Islands",1996,0.869452005885416
"MHL","Marshall Islands",1997,0.869452005885416
"MHL","Marshall Islands",1998,0.869452005885416
"MHL","Marshall Islands",1999,0.869452005885416
"MHL","Marshall Islands",2000,0.869452005885416
"MHL","Marshall Islands",2001,0.869452005885416
"MHL","Marshall Islands",2002,0.869452005885416
"MHL","Marshall Islands",2003,0.869452005885416
"MHL","Marshall Islands",2004,0.869452005885416
"MHL","Marshall Islands",2005,0.869452005885416
"MHL","Marshall Islands",2006,0.869452005885416
"MHL","Marshall Islands",2007,0.869452005885416
"MHL","Marshall Islands",2008,0.869452005885416
"MHL","Marshall Islands",2009,0.869452005885416
"MHL","Marshall Islands",2010,0.869452005885416
"MHL","Marshall Islands",2011,0.869452005885416
"MHL","Marshall Islands",2012,0.869452005885416
"MHL","Marshall Islands",2013,0.869452005885416
"MHL","Marshall Islands",2014,0.869452005885416
"MHL","Marshall Islands",2015,0.869452005885416
"MHL","Marshall Islands",2016,0.869452005885416
"MHL","Marshall Islands",2017,0.869452005885416
"MHL","Marshall Islands",2018,0.869452005885416
"MHL","Marshall Islands",2019,0.869452005885416
"MHL","Marshall Islands",2020,0.869452005885416
"MHL","Marshall Islands",2021,0.869452005885416
"MHL","Marshall Islands",2022,0.869452005885416
"MRT","Mauritania",1995,0.284501206419379
"MRT","Mauritania",1996,0.284501206419379
"MRT","Mauritania",1997,0.284501206419379
"MRT","Mauritania",1998,0.284501206419379
"MRT","Mauritania",1999,0.284501206419379
"MRT","Mauritania",2000,0.284501206419379
"MRT","Mauritania",2001,0.284501206419379
"MRT","Mauritania",2002,0.284501206419379
"MRT","Mauritania",2003,0.284501206419379
"MRT","Mauritania",2004,0.284501206419379
"MRT","Mauritania",2005,0.284501206419379
"MRT","Mauritania",2006,0.284501206419379
"MRT","Mauritania",2007,0.284501206419379
"MRT","Mauritania",2008,0.284501206419379
"MRT","Mauritania",2009,0.284501206419379
"MRT","Mauritania",2010,0.284501206419379
"MRT","Mauritania",2011,0.284501206419379
"MRT","Mauritania",2012,0.284501206419379
"MRT","Mauritania",2013,0.284501206419379
"MRT","Mauritania",2014,0.284501206419379
"MRT","Mauritania",2015,0.284501206419379
"MRT","Mauritania",2016,0.284501206419379
"MRT","Mauritania",2017,0.284501206419379
"MRT","Mauritania",2018,0.284501206419379
"MRT","Mauritania",2019,0.284501206419379
"MRT","Mauritania",2020,0.284501206419379
"MRT","Mauritania",2021,0.284501206419379
"MRT","Mauritania",2022,0.284501206419379
"MUS","Mauritius",1995,1
"MUS","Mauritius",1996,1
"MUS","Mauritius",1997,1
"MUS","Mauritius",1998,1
"MUS","Mauritius",1999,1
"MUS","Mauritius",2000,1
"MUS","Mauritius",2001,1
"MUS","Mauritius",2002,1
"MUS","Mauritius",2003,1
"MUS","Mauritius",2004,1
"MUS","Mauritius",2005,1
"MUS","Mauritius",2006,1
"MUS","Mauritius",2007,1
"MUS","Mauritius",2008,1
"MUS","Mauritius",2009,1
"MUS","Mauritius",2010,1
"MUS","Mauritius",2011,1
"MUS","Mauritius",2012,1
"MUS","Mauritius",2013,1
"MUS","Mauritius",2014,1
"MUS","Mauritius",2015,1
"MUS","Mauritius",2016,1
"MUS","Mauritius",2017,1
"MUS","Mauritius",2018,1
"MUS","Mauritius",2019,1
"MUS","Mauritius",2020,1
"MUS","Mauritius",2021,1
"MUS","Mauritius",2022,1
"MEX","Mexico",1995,1
"MEX","Mexico",1996,1
"MEX","Mexico",1997,1
"MEX","Mexico",1998,1
"MEX","Mexico",1999,1
"MEX","Mexico",2000,1
"MEX","Mexico",2001,1
"MEX","Mexico",2002,1
"MEX","Mexico",2003,1
"MEX","Mexico",2004,1
"MEX","Mexico",2005,1
"MEX","Mexico",2006,1
"MEX","Mexico",2007,1
"MEX","Mexico",2008,1
"MEX","Mexico",2009,1
"MEX","Mexico",2010,1
"MEX","Mexico",2011,1
"MEX","Mexico",2012,1
"MEX","Mexico",2013,1
"MEX","Mexico",2014,1
"MEX","Mexico",2015,1
"MEX","Mexico",2016,1
"MEX","Mexico",2017,1
"MEX","Mexico",2018,1
"MEX","Mexico",2019,1
"MEX","Mexico",2020,1
"MEX","Mexico",2021,1
"MEX","Mexico",2022,1
"FSM","Micronesia, Federated States of",1995,0.879682123843895
"FSM","Micronesia, Federated States of",1996,0.879682123843895
"FSM","Micronesia, Federated States of",1997,0.879682123843895
"FSM","Micronesia, Federated States of",1998,0.879682123843895
"FSM","Micronesia, Federated States of",1999,0.879682123843895
"FSM","Micronesia, Federated States of",2000,0.879682123843895
"FSM","Micronesia, Federated States of",2001,0.879682123843895
"FSM","Micronesia, Federated States of",2002,0.879682123843895
"FSM","Micronesia, Federated States of",2003,0.879682123843895
"FSM","Micronesia, Federated States of",2004,0.879682123843895
"FSM","Micronesia, Federated States of",2005,0.879682123843895
"FSM","Micronesia, Federated States of",2006,0.879682123843895
"FSM","Micronesia, Federated States of",2007,0.879682123843895
"FSM","Micronesia, Federated States of",2008,0.879682123843895
"FSM","Micronesia, Federated States of",2009,0.879682123843895
"FSM","Micronesia, Federated States of",2010,0.879682123843895
"FSM","Micronesia, Federated States of",2011,0.879682123843895
"FSM","Micronesia, Federated States of",2012,0.879682123843895
"FSM","Micronesia, Federated States of",2013,0.879682123843895
"FSM","Micronesia, Federated States of",2014,0.879682123843895
"FSM","Micronesia, Federated States of",2015,0.879682123843895
"FSM","Micronesia, Federated States of",2016,0.879682123843895
"FSM","Micronesia, Federated States of",2017,0.879682123843895
"FSM","Micronesia, Federated States of",2018,0.879682123843895
"FSM","Micronesia, Federated States of",2019,0.879682123843895
"FSM","Micronesia, Federated States of",2020,0.879682123843895
"FSM","Micronesia, Federated States of",2021,0.879682123843895
"FSM","Micronesia, Federated States of",2022,0.879682123843895
"MDA","Moldova, Republic of",1995,0
"MDA","Moldova, Republic of",1996,0
"MDA","Moldova, Republic of",1997,0
"MDA","Moldova, Republic of",1998,0
"MDA","Moldova, Republic of",1999,0
"MDA","Moldova, Republic of",2000,0
"MDA","Moldova, Republic of",2001,0
"MDA","Moldova, Republic of",2002,0
"MDA","Moldova, Republic of",2003,0
"MDA","Moldova, Republic of",2004,0
"MDA","Moldova, Republic of",2005,0
"MDA","Moldova, Republic of",2006,0
"MDA","Moldova, Republic of",2007,0
"MDA","Moldova, Republic of",2008,0
"MDA","Moldova, Republic of",2009,0
"MDA","Moldova, Republic of",2010,0
"MDA","Moldova, Republic of",2011,0
"MDA","Moldova, Republic of",2012,0
"MDA","Moldova, Republic of",2013,0
"MDA","Moldova, Republic of",2014,0
"MDA","Moldova, Republic of",2015,0
"MDA","Moldova, Republic of",2016,0
"MDA","Moldova, Republic of",2017,0
"MDA","Moldova, Republic of",2018,0
"MDA","Moldova, Republic of",2019,0
"MDA","Moldova, Republic of",2020,0
"MDA","Moldova, Republic of",2021,0
"MDA","Moldova, Republic of",2022,0
"MCO","Monaco",1995,0.395989821049687
"MCO","Monaco",1996,0.395989821049687
"MCO","Monaco",1997,0.395989821049687
"MCO","Monaco",1998,0.395989821049687
"MCO","Monaco",1999,0.395989821049687
"MCO","Monaco",2000,0.395989821049687
"MCO","Monaco",2001,0.395989821049687
"MCO","Monaco",2002,0.395989821049687
"MCO","Monaco",2003,0.395989821049687
"MCO","Monaco",2004,0.395989821049687
"MCO","Monaco",2005,0.395989821049687
"MCO","Monaco",2006,0.395989821049687
"MCO","Monaco",2007,0.395989821049687
"MCO","Monaco",2008,0.395989821049687
"MCO","Monaco",2009,0.395989821049687
"MCO","Monaco",2010,0.395989821049687
"MCO","Monaco",2011,0.395989821049687
"MCO","Monaco",2012,0.395989821049687
"MCO","Monaco",2013,0.395989821049687
"MCO","Monaco",2014,0.395989821049687
"MCO","Monaco",2015,0.395989821049687
"MCO","Monaco",2016,0.395989821049687
"MCO","Monaco",2017,0.395989821049687
"MCO","Monaco",2018,0.395989821049687
"MCO","Monaco",2019,0.395989821049687
"MCO","Monaco",2020,0.395989821049687
"MCO","Monaco",2021,0.395989821049687
"MCO","Monaco",2022,0.395989821049687
"MNG","Mongolia",1995,0
"MNG","Mongolia",1996,0
"MNG","Mongolia",1997,0
"MNG","Mongolia",1998,0
"MNG","Mongolia",1999,0
"MNG","Mongolia",2000,0
"MNG","Mongolia",2001,0
"MNG","Mongolia",2002,0
"MNG","Mongolia",2003,0
"MNG","Mongolia",2004,0
"MNG","Mongolia",2005,0
"MNG","Mongolia",2006,0
"MNG","Mongolia",2007,0
"MNG","Mongolia",2008,0
"MNG","Mongolia",2009,0
"MNG","Mongolia",2010,0
"MNG","Mongolia",2011,0
"MNG","Mongolia",2012,0
"MNG","Mongolia",2013,0
"MNG","Mongolia",2014,0
"MNG","Mongolia",2015,0
"MNG","Mongolia",2016,0
"MNG","Mongolia",2017,0
"MNG","Mongolia",2018,0
"MNG","Mongolia",2019,0
"MNG","Mongolia",2020,0
"MNG","Mongolia",2021,0
"MNG","Mongolia",2022,0
"MNE","Montenegro",1995,0.341868096631804
"MNE","Montenegro",1996,0.341868096631804
"MNE","Montenegro",1997,0.341868096631804
"MNE","Montenegro",1998,0.341868096631804
"MNE","Montenegro",1999,0.341868096631804
"MNE","Montenegro",2000,0.341868096631804
"MNE","Montenegro",2001,0.341868096631804
"MNE","Montenegro",2002,0.341868096631804
"MNE","Montenegro",2003,0.341868096631804
"MNE","Montenegro",2004,0.341868096631804
"MNE","Montenegro",2005,0.341868096631804
"MNE","Montenegro",2006,0.341868096631804
"MNE","Montenegro",2007,0.341868096631804
"MNE","Montenegro",2008,0.341868096631804
"MNE","Montenegro",2009,0.341868096631804
"MNE","Montenegro",2010,0.341868096631804
"MNE","Montenegro",2011,0.341868096631804
"MNE","Montenegro",2012,0.341868096631804
"MNE","Montenegro",2013,0.341868096631804
"MNE","Montenegro",2014,0.341868096631804
"MNE","Montenegro",2015,0.341868096631804
"MNE","Montenegro",2016,0.341868096631804
"MNE","Montenegro",2017,0.341868096631804
"MNE","Montenegro",2018,0.341868096631804
"MNE","Montenegro",2019,0.341868096631804
"MNE","Montenegro",2020,0.341868096631804
"MNE","Montenegro",2021,0.341868096631804
"MNE","Montenegro",2022,0.341868096631804
"MAR","Morocco",1995,0.2967041213833
"MAR","Morocco",1996,0.2967041213833
"MAR","Morocco",1997,0.2967041213833
"MAR","Morocco",1998,0.2967041213833
"MAR","Morocco",1999,0.2967041213833
"MAR","Morocco",2000,0.2967041213833
"MAR","Morocco",2001,0.2967041213833
"MAR","Morocco",2002,0.2967041213833
"MAR","Morocco",2003,0.2967041213833
"MAR","Morocco",2004,0.2967041213833
"MAR","Morocco",2005,0.2967041213833
"MAR","Morocco",2006,0.2967041213833
"MAR","Morocco",2007,0.2967041213833
"MAR","Morocco",2008,0.2967041213833
"MAR","Morocco",2009,0.2967041213833
"MAR","Morocco",2010,0.2967041213833
"MAR","Morocco",2011,0.2967041213833
"MAR","Morocco",2012,0.2967041213833
"MAR","Morocco",2013,0.2967041213833
"MAR","Morocco",2014,0.2967041213833
"MAR","Morocco",2015,0.2967041213833
"MAR","Morocco",2016,0.2967041213833
"MAR","Morocco",2017,0.2967041213833
"MAR","Morocco",2018,0.2967041213833
"MAR","Morocco",2019,0.2967041213833
"MAR","Morocco",2020,0.2967041213833
"MAR","Morocco",2021,0.2967041213833
"MAR","Morocco",2022,0.2967041213833
"MOZ","Mozambique",1995,0.322857610675618
"MOZ","Mozambique",1996,0.322857610675618
"MOZ","Mozambique",1997,0.322857610675618
"MOZ","Mozambique",1998,0.322857610675618
"MOZ","Mozambique",1999,0.322857610675618
"MOZ","Mozambique",2000,0.322857610675618
"MOZ","Mozambique",2001,0.322857610675618
"MOZ","Mozambique",2002,0.322857610675618
"MOZ","Mozambique",2003,0.322857610675618
"MOZ","Mozambique",2004,0.322857610675618
"MOZ","Mozambique",2005,0.322857610675618
"MOZ","Mozambique",2006,0.322857610675618
"MOZ","Mozambique",2007,0.322857610675618
"MOZ","Mozambique",2008,0.322857610675618
"MOZ","Mozambique",2009,0.322857610675618
"MOZ","Mozambique",2010,0.322857610675618
"MOZ","Mozambique",2011,0.322857610675618
"MOZ","Mozambique",2012,0.322857610675618
"MOZ","Mozambique",2013,0.322857610675618
"MOZ","Mozambique",2014,0.322857610675618
"MOZ","Mozambique",2015,0.322857610675618
"MOZ","Mozambique",2016,0.322857610675618
"MOZ","Mozambique",2017,0.322857610675618
"MOZ","Mozambique",2018,0.322857610675618
"MOZ","Mozambique",2019,0.322857610675618
"MOZ","Mozambique",2020,0.322857610675618
"MOZ","Mozambique",2021,0.322857610675618
"MOZ","Mozambique",2022,0.322857610675618
"MMR","Myanmar",1995,0.561957196558805
"MMR","Myanmar",1996,0.561957196558805
"MMR","Myanmar",1997,0.561957196558805
"MMR","Myanmar",1998,0.561957196558805
"MMR","Myanmar",1999,0.561957196558805
"MMR","Myanmar",2000,0.561957196558805
"MMR","Myanmar",2001,0.561957196558805
"MMR","Myanmar",2002,0.561957196558805
"MMR","Myanmar",2003,0.561957196558805
"MMR","Myanmar",2004,0.561957196558805
"MMR","Myanmar",2005,0.561957196558805
"MMR","Myanmar",2006,0.561957196558805
"MMR","Myanmar",2007,0.561957196558805
"MMR","Myanmar",2008,0.561957196558805
"MMR","Myanmar",2009,0.561957196558805
"MMR","Myanmar",2010,0.561957196558805
"MMR","Myanmar",2011,0.561957196558805
"MMR","Myanmar",2012,0.561957196558805
"MMR","Myanmar",2013,0.561957196558805
"MMR","Myanmar",2014,0.561957196558805
"MMR","Myanmar",2015,0.561957196558805
"MMR","Myanmar",2016,0.561957196558805
"MMR","Myanmar",2017,0.561957196558805
"MMR","Myanmar",2018,0.561957196558805
"MMR","Myanmar",2019,0.561957196558805
"MMR","Myanmar",2020,0.561957196558805
"MMR","Myanmar",2021,0.561957196558805
"MMR","Myanmar",2022,0.561957196558805
"NAM","Namibia",1995,0.838146503203095
"NAM","Namibia",1996,0.838146503203095
"NAM","Namibia",1997,0.838146503203095
"NAM","Namibia",1998,0.838146503203095
"NAM","Namibia",1999,0.838146503203095
"NAM","Namibia",2000,0.838146503203095
"NAM","Namibia",2001,0.838146503203095
"NAM","Namibia",2002,0.838146503203095
"NAM","Namibia",2003,0.838146503203095
"NAM","Namibia",2004,0.838146503203095
"NAM","Namibia",2005,0.838146503203095
"NAM","Namibia",2006,0.838146503203095
"NAM","Namibia",2007,0.838146503203095
"NAM","Namibia",2008,0.838146503203095
"NAM","Namibia",2009,0.838146503203095
"NAM","Namibia",2010,0.838146503203095
"NAM","Namibia",2011,0.838146503203095
"NAM","Namibia",2012,0.838146503203095
"NAM","Namibia",2013,0.838146503203095
"NAM","Namibia",2014,0.838146503203095
"NAM","Namibia",2015,0.838146503203095
"NAM","Namibia",2016,0.838146503203095
"NAM","Namibia",2017,0.838146503203095
"NAM","Namibia",2018,0.838146503203095
"NAM","Namibia",2019,0.838146503203095
"NAM","Namibia",2020,0.838146503203095
"NAM","Namibia",2021,0.838146503203095
"NAM","Namibia",2022,0.838146503203095
"NRU","Nauru",1995,1
"NRU","Nauru",1996,1
"NRU","Nauru",1997,1
"NRU","Nauru",1998,1
"NRU","Nauru",1999,1
"NRU","Nauru",2000,1
"NRU","Nauru",2001,1
"NRU","Nauru",2002,1
"NRU","Nauru",2003,1
"NRU","Nauru",2004,1
"NRU","Nauru",2005,1
"NRU","Nauru",2006,1
"NRU","Nauru",2007,1
"NRU","Nauru",2008,1
"NRU","Nauru",2009,1
"NRU","Nauru",2010,1
"NRU","Nauru",2011,1
"NRU","Nauru",2012,1
"NRU","Nauru",2013,1
"NRU","Nauru",2014,1
"NRU","Nauru",2015,1
"NRU","Nauru",2016,1
"NRU","Nauru",2017,1
"NRU","Nauru",2018,1
"NRU","Nauru",2019,1
"NRU","Nauru",2020,1
"NRU","Nauru",2021,1
"NRU","Nauru",2022,1
"NPL","Nepal",1995,0
"NPL","Nepal",1996,0
"NPL","Nepal",1997,0
"NPL","Nepal",1998,0
"NPL","Nepal",1999,0
"NPL","Nepal",2000,0
"NPL","Nepal",2001,0
"NPL","Nepal",2002,0
"NPL","Nepal",2003,0
"NPL","Nepal",2004,0
"NPL","Nepal",2005,0
"NPL","Nepal",2006,0
"NPL","Nepal",2007,0
"NPL","Nepal",2008,0
"NPL","Nepal",2009,0
"NPL","Nepal",2010,0
"NPL","Nepal",2011,0
"NPL","Nepal",2012,0
"NPL","Nepal",2013,0
"NPL","Nepal",2014,0
"NPL","Nepal",2015,0
"NPL","Nepal",2016,0
"NPL","Nepal",2017,0
"NPL","Nepal",2018,0
"NPL","Nepal",2019,0
"NPL","Nepal",2020,0
"NPL","Nepal",2021,0
"NPL","Nepal",2022,0
"NLD","Netherlands",1995,0.389949764742536
"NLD","Netherlands",1996,0.389949764742536
"NLD","Netherlands",1997,0.389949764742536
"NLD","Netherlands",1998,0.389949764742536
"NLD","Netherlands",1999,0.389949764742536
"NLD","Netherlands",2000,0.389949764742536
"NLD","Netherlands",2001,0.389949764742536
"NLD","Netherlands",2002,0.389949764742536
"NLD","Netherlands",2003,0.389949764742536
"NLD","Netherlands",2004,0.389949764742536
"NLD","Netherlands",2005,0.389949764742536
"NLD","Netherlands",2006,0.389949764742536
"NLD","Netherlands",2007,0.389949764742536
"NLD","Netherlands",2008,0.389949764742536
"NLD","Netherlands",2009,0.389949764742536
"NLD","Netherlands",2010,0.389949764742536
"NLD","Netherlands",2011,0.389949764742536
"NLD","Netherlands",2012,0.389949764742536
"NLD","Netherlands",2013,0.389949764742536
"NLD","Netherlands",2014,0.389949764742536
"NLD","Netherlands",2015,0.389949764742536
"NLD","Netherlands",2016,0.389949764742536
"NLD","Netherlands",2017,0.389949764742536
"NLD","Netherlands",2018,0.389949764742536
"NLD","Netherlands",2019,0.389949764742536
"NLD","Netherlands",2020,0.389949764742536
"NLD","Netherlands",2021,0.389949764742536
"NLD","Netherlands",2022,0.389949764742536
"NZL","New Zealand",1995,1
"NZL","New Zealand",1996,1
"NZL","New Zealand",1997,1
"NZL","New Zealand",1998,1
"NZL","New Zealand",1999,1
"NZL","New Zealand",2000,1
"NZL","New Zealand",2001,1
"NZL","New Zealand",2002,1
"NZL","New Zealand",2003,1
"NZL","New Zealand",2004,1
"NZL","New Zealand",2005,1
"NZL","New Zealand",2006,1
"NZL","New Zealand",2007,1
"NZL","New Zealand",2008,1
"NZL","New Zealand",2009,1
"NZL","New Zealand",2010,1
"NZL","New Zealand",2011,1
"NZL","New Zealand",2012,1
"NZL","New Zealand",2013,1
"NZL","New Zealand",2014,1
"NZL","New Zealand",2015,1
"NZL","New Zealand",2016,1
"NZL","New Zealand",2017,1
"NZL","New Zealand",2018,1
"NZL","New Zealand",2019,1
"NZL","New Zealand",2020,1
"NZL","New Zealand",2021,1
"NZL","New Zealand",2022,1
"NIC","Nicaragua",1995,0.911798349445457
"NIC","Nicaragua",1996,0.911798349445457
"NIC","Nicaragua",1997,0.911798349445457
"NIC","Nicaragua",1998,0.911798349445457
"NIC","Nicaragua",1999,0.911798349445457
"NIC","Nicaragua",2000,0.911798349445457
"NIC","Nicaragua",2001,0.911798349445457
"NIC","Nicaragua",2002,0.911798349445457
"NIC","Nicaragua",2003,0.911798349445457
"NIC","Nicaragua",2004,0.911798349445457
"NIC","Nicaragua",2005,0.911798349445457
"NIC","Nicaragua",2006,0.911798349445457
"NIC","Nicaragua",2007,0.911798349445457
"NIC","Nicaragua",2008,0.911798349445457
"NIC","Nicaragua",2009,0.911798349445457
"NIC","Nicaragua",2010,0.911798349445457
"NIC","Nicaragua",2011,0.911798349445457
"NIC","Nicaragua",2012,0.911798349445457
"NIC","Nicaragua",2013,0.911798349445457
"NIC","Nicaragua",2014,0.911798349445457
"NIC","Nicaragua",2015,0.911798349445457
"NIC","Nicaragua",2016,0.911798349445457
"NIC","Nicaragua",2017,0.911798349445457
"NIC","Nicaragua",2018,0.911798349445457
"NIC","Nicaragua",2019,0.911798349445457
"NIC","Nicaragua",2020,0.911798349445457
"NIC","Nicaragua",2021,0.911798349445457
"NIC","Nicaragua",2022,0.911798349445457
"NER","Niger",1995,0
"NER","Niger",1996,0
"NER","Niger",1997,0
"NER","Niger",1998,0
"NER","Niger",1999,0
"NER","Niger",2000,0
"NER","Niger",2001,0
"NER","Niger",2002,0
"NER","Niger",2003,0
"NER","Niger",2004,0
"NER","Niger",2005,0
"NER","Niger",2006,0
"NER","Niger",2007,0
"NER","Niger",2008,0
"NER","Niger",2009,0
"NER","Niger",2010,0
"NER","Niger",2011,0
"NER","Niger",2012,0
"NER","Niger",2013,0
"NER","Niger",2014,0
"NER","Niger",2015,0
"NER","Niger",2016,0
"NER","Niger",2017,0
"NER","Niger",2018,0
"NER","Niger",2019,0
"NER","Niger",2020,0
"NER","Niger",2021,0
"NER","Niger",2022,0
"NGA","Nigeria",1995,0.316335441440335
"NGA","Nigeria",1996,0.316335441440335
"NGA","Nigeria",1997,0.316335441440335
"NGA","Nigeria",1998,0.316335441440335
"NGA","Nigeria",1999,0.316335441440335
"NGA","Nigeria",2000,0.316335441440335
"NGA","Nigeria",2001,0.316335441440335
"NGA","Nigeria",2002,0.316335441440335
"NGA","Nigeria",2003,0.316335441440335
"NGA","Nigeria",2004,0.316335441440335
"NGA","Nigeria",2005,0.316335441440335
"NGA","Nigeria",2006,0.316335441440335
"NGA","Nigeria",2007,0.316335441440335
"NGA","Nigeria",2008,0.316335441440335
"NGA","Nigeria",2009,0.316335441440335
"NGA","Nigeria",2010,0.316335441440335
"NGA","Nigeria",2011,0.316335441440335
"NGA","Nigeria",2012,0.316335441440335
"NGA","Nigeria",2013,0.316335441440335
"NGA","Nigeria",2014,0.316335441440335
"NGA","Nigeria",2015,0.316335441440335
"NGA","Nigeria",2016,0.316335441440335
"NGA","Nigeria",2017,0.316335441440335
"NGA","Nigeria",2018,0.316335441440335
"NGA","Nigeria",2019,0.316335441440335
"NGA","Nigeria",2020,0.316335441440335
"NGA","Nigeria",2021,0.316335441440335
"NGA","Nigeria",2022,0.316335441440335
"NOR","Norway",1995,1
"NOR","Norway",1996,1
"NOR","Norway",1997,1
"NOR","Norway",1998,1
"NOR","Norway",1999,1
"NOR","Norway",2000,1
"NOR","Norway",2001,1
"NOR","Norway",2002,1
"NOR","Norway",2003,1
"NOR","Norway",2004,1
"NOR","Norway",2005,1
"NOR","Norway",2006,1
"NOR","Norway",2007,1
"NOR","Norway",2008,1
"NOR","Norway",2009,1
"NOR","Norway",2010,1
"NOR","Norway",2011,1
"NOR","Norway",2012,1
"NOR","Norway",2013,1
"NOR","Norway",2014,1
"NOR","Norway",2015,1
"NOR","Norway",2016,1
"NOR","Norway",2017,1
"NOR","Norway",2018,1
"NOR","Norway",2019,1
"NOR","Norway",2020,1
"NOR","Norway",2021,1
"NOR","Norway",2022,1
"OMN","Oman",1995,0.787632666334646
"OMN","Oman",1996,0.787632666334646
"OMN","Oman",1997,0.787632666334646
"OMN","Oman",1998,0.787632666334646
"OMN","Oman",1999,0.787632666334646
"OMN","Oman",2000,0.787632666334646
"OMN","Oman",2001,0.787632666334646
"OMN","Oman",2002,0.787632666334646
"OMN","Oman",2003,0.787632666334646
"OMN","Oman",2004,0.787632666334646
"OMN","Oman",2005,0.787632666334646
"OMN","Oman",2006,0.787632666334646
"OMN","Oman",2007,0.787632666334646
"OMN","Oman",2008,0.787632666334646
"OMN","Oman",2009,0.787632666334646
"OMN","Oman",2010,0.787632666334646
"OMN","Oman",2011,0.787632666334646
"OMN","Oman",2012,0.787632666334646
"OMN","Oman",2013,0.787632666334646
"OMN","Oman",2014,0.787632666334646
"OMN","Oman",2015,0.787632666334646
"OMN","Oman",2016,0.787632666334646
"OMN","Oman",2017,0.787632666334646
"OMN","Oman",2018,0.787632666334646
"OMN","Oman",2019,0.787632666334646
"OMN","Oman",2020,0.787632666334646
"OMN","Oman",2021,0.787632666334646
"OMN","Oman",2022,0.787632666334646
"PAK","Pakistan",1995,0.738299096493083
"PAK","Pakistan",1996,0.738299096493083
"PAK","Pakistan",1997,0.738299096493083
"PAK","Pakistan",1998,0.738299096493083
"PAK","Pakistan",1999,0.738299096493083
"PAK","Pakistan",2000,0.738299096493083
"PAK","Pakistan",2001,0.738299096493083
"PAK","Pakistan",2002,0.738299096493083
"PAK","Pakistan",2003,0.738299096493083
"PAK","Pakistan",2004,0.738299096493083
"PAK","Pakistan",2005,0.738299096493083
"PAK","Pakistan",2006,0.738299096493083
"PAK","Pakistan",2007,0.738299096493083
"PAK","Pakistan",2008,0.738299096493083
"PAK","Pakistan",2009,0.738299096493083
"PAK","Pakistan",2010,0.738299096493083
"PAK","Pakistan",2011,0.738299096493083
"PAK","Pakistan",2012,0.738299096493083
"PAK","Pakistan",2013,0.738299096493083
"PAK","Pakistan",2014,0.738299096493083
"PAK","Pakistan",2015,0.738299096493083
"PAK","Pakistan",2016,0.738299096493083
"PAK","Pakistan",2017,0.738299096493083
"PAK","Pakistan",2018,0.738299096493083
"PAK","Pakistan",2019,0.738299096493083
"PAK","Pakistan",2020,0.738299096493083
"PAK","Pakistan",2021,0.738299096493083
"PAK","Pakistan",2022,0.738299096493083
"PLW","Palau",1995,0.304927330572555
"PLW","Palau",1996,0.304927330572555
"PLW","Palau",1997,0.304927330572555
"PLW","Palau",1998,0.304927330572555
"PLW","Palau",1999,0.304927330572555
"PLW","Palau",2000,0.304927330572555
"PLW","Palau",2001,0.304927330572555
"PLW","Palau",2002,0.304927330572555
"PLW","Palau",2003,0.304927330572555
"PLW","Palau",2004,0.304927330572555
"PLW","Palau",2005,0.304927330572555
"PLW","Palau",2006,0.304927330572555
"PLW","Palau",2007,0.304927330572555
"PLW","Palau",2008,0.304927330572555
"PLW","Palau",2009,0.304927330572555
"PLW","Palau",2010,0.304927330572555
"PLW","Palau",2011,0.304927330572555
"PLW","Palau",2012,0.304927330572555
"PLW","Palau",2013,0.304927330572555
"PLW","Palau",2014,0.304927330572555
"PLW","Palau",2015,0.304927330572555
"PLW","Palau",2016,0.304927330572555
"PLW","Palau",2017,0.304927330572555
"PLW","Palau",2018,0.304927330572555
"PLW","Palau",2019,0.304927330572555
"PLW","Palau",2020,0.304927330572555
"PLW","Palau",2021,0.304927330572555
"PLW","Palau",2022,0.304927330572555
"PAN","Panama",1995,0.496613838915155
"PAN","Panama",1996,0.496613838915155
"PAN","Panama",1997,0.496613838915155
"PAN","Panama",1998,0.496613838915155
"PAN","Panama",1999,0.496613838915155
"PAN","Panama",2000,0.496613838915155
"PAN","Panama",2001,0.496613838915155
"PAN","Panama",2002,0.496613838915155
"PAN","Panama",2003,0.496613838915155
"PAN","Panama",2004,0.496613838915155
"PAN","Panama",2005,0.496613838915155
"PAN","Panama",2006,0.496613838915155
"PAN","Panama",2007,0.496613838915155
"PAN","Panama",2008,0.496613838915155
"PAN","Panama",2009,0.496613838915155
"PAN","Panama",2010,0.496613838915155
"PAN","Panama",2011,0.496613838915155
"PAN","Panama",2012,0.496613838915155
"PAN","Panama",2013,0.496613838915155
"PAN","Panama",2014,0.496613838915155
"PAN","Panama",2015,0.496613838915155
"PAN","Panama",2016,0.496613838915155
"PAN","Panama",2017,0.496613838915155
"PAN","Panama",2018,0.496613838915155
"PAN","Panama",2019,0.496613838915155
"PAN","Panama",2020,0.496613838915155
"PAN","Panama",2021,0.496613838915155
"PAN","Panama",2022,0.496613838915155
"PNG","Papua New Guinea",1995,0.807339032272003
"PNG","Papua New Guinea",1996,0.807339032272003
"PNG","Papua New Guinea",1997,0.807339032272003
"PNG","Papua New Guinea",1998,0.807339032272003
"PNG","Papua New Guinea",1999,0.807339032272003
"PNG","Papua New Guinea",2000,0.807339032272003
"PNG","Papua New Guinea",2001,0.807339032272003
"PNG","Papua New Guinea",2002,0.807339032272003
"PNG","Papua New Guinea",2003,0.807339032272003
"PNG","Papua New Guinea",2004,0.807339032272003
"PNG","Papua New Guinea",2005,0.807339032272003
"PNG","Papua New Guinea",2006,0.807339032272003
"PNG","Papua New Guinea",2007,0.807339032272003
"PNG","Papua New Guinea",2008,0.807339032272003
"PNG","Papua New Guinea",2009,0.807339032272003
"PNG","Papua New Guinea",2010,0.807339032272003
"PNG","Papua New Guinea",2011,0.807339032272003
"PNG","Papua New Guinea",2012,0.807339032272003
"PNG","Papua New Guinea",2013,0.807339032272003
"PNG","Papua New Guinea",2014,0.807339032272003
"PNG","Papua New Guinea",2015,0.807339032272003
"PNG","Papua New Guinea",2016,0.807339032272003
"PNG","Papua New Guinea",2017,0.807339032272003
"PNG","Papua New Guinea",2018,0.807339032272003
"PNG","Papua New Guinea",2019,0.807339032272003
"PNG","Papua New Guinea",2020,0.807339032272003
"PNG","Papua New Guinea",2021,0.807339032272003
"PNG","Papua New Guinea",2022,0.807339032272003
"PRY","Paraguay",1995,0
"PRY","Paraguay",1996,0
"PRY","Paraguay",1997,0
"PRY","Paraguay",1998,0
"PRY","Paraguay",1999,0
"PRY","Paraguay",2000,0
"PRY","Paraguay",2001,0
"PRY","Paraguay",2002,0
"PRY","Paraguay",2003,0
"PRY","Paraguay",2004,0
"PRY","Paraguay",2005,0
"PRY","Paraguay",2006,0
"PRY","Paraguay",2007,0
"PRY","Paraguay",2008,0
"PRY","Paraguay",2009,0
"PRY","Paraguay",2010,0
"PRY","Paraguay",2011,0
"PRY","Paraguay",2012,0
"PRY","Paraguay",2013,0
"PRY","Paraguay",2014,0
"PRY","Paraguay",2015,0
"PRY","Paraguay",2016,0
"PRY","Paraguay",2017,0
"PRY","Paraguay",2018,0
"PRY","Paraguay",2019,0
"PRY","Paraguay",2020,0
"PRY","Paraguay",2021,0
"PRY","Paraguay",2022,0
"PER","Peru",1995,0.357570878559847
"PER","Peru",1996,0.357570878559847
"PER","Peru",1997,0.357570878559847
"PER","Peru",1998,0.357570878559847
"PER","Peru",1999,0.357570878559847
"PER","Peru",2000,0.357570878559847
"PER","Peru",2001,0.357570878559847
"PER","Peru",2002,0.357570878559847
"PER","Peru",2003,0.357570878559847
"PER","Peru",2004,0.357570878559847
"PER","Peru",2005,0.357570878559847
"PER","Peru",2006,0.357570878559847
"PER","Peru",2007,0.357570878559847
"PER","Peru",2008,0.357570878559847
"PER","Peru",2009,0.357570878559847
"PER","Peru",2010,0.357570878559847
"PER","Peru",2011,0.357570878559847
"PER","Peru",2012,0.357570878559847
"PER","Peru",2013,0.357570878559847
"PER","Peru",2014,0.357570878559847
"PER","Peru",2015,0.357570878559847
"PER","Peru",2016,0.357570878559847
"PER","Peru",2017,0.357570878559847
"PER","Peru",2018,0.357570878559847
"PER","Peru",2019,0.357570878559847
"PER","Peru",2020,0.357570878559847
"PER","Peru",2021,0.357570878559847
"PER","Peru",2022,0.357570878559847
"PHL","Philippines",1995,0.469027655543958
"PHL","Philippines",1996,0.469027655543958
"PHL","Philippines",1997,0.469027655543958
"PHL","Philippines",1998,0.469027655543958
"PHL","Philippines",1999,0.469027655543958
"PHL","Philippines",2000,0.469027655543958
"PHL","Philippines",2001,0.469027655543958
"PHL","Philippines",2002,0.469027655543958
"PHL","Philippines",2003,0.469027655543958
"PHL","Philippines",2004,0.469027655543958
"PHL","Philippines",2005,0.469027655543958
"PHL","Philippines",2006,0.469027655543958
"PHL","Philippines",2007,0.469027655543958
"PHL","Philippines",2008,0.469027655543958
"PHL","Philippines",2009,0.469027655543958
"PHL","Philippines",2010,0.469027655543958
"PHL","Philippines",2011,0.469027655543958
"PHL","Philippines",2012,0.469027655543958
"PHL","Philippines",2013,0.469027655543958
"PHL","Philippines",2014,0.469027655543958
"PHL","Philippines",2015,0.469027655543958
"PHL","Philippines",2016,0.469027655543958
"PHL","Philippines",2017,0.469027655543958
"PHL","Philippines",2018,0.469027655543958
"PHL","Philippines",2019,0.469027655543958
"PHL","Philippines",2020,0.469027655543958
"PHL","Philippines",2021,0.469027655543958
"PHL","Philippines",2022,0.469027655543958
"POL","Poland",1995,0.411979141793506
"POL","Poland",1996,0.411979141793506
"POL","Poland",1997,0.411979141793506
"POL","Poland",1998,0.411979141793506
"POL","Poland",1999,0.411979141793506
"POL","Poland",2000,0.411979141793506
"POL","Poland",2001,0.411979141793506
"POL","Poland",2002,0.411979141793506
"POL","Poland",2003,0.411979141793506
"POL","Poland",2004,0.411979141793506
"POL","Poland",2005,0.411979141793506
"POL","Poland",2006,0.411979141793506
"POL","Poland",2007,0.411979141793506
"POL","Poland",2008,0.411979141793506
"POL","Poland",2009,0.411979141793506
"POL","Poland",2010,0.411979141793506
"POL","Poland",2011,0.411979141793506
"POL","Poland",2012,0.411979141793506
"POL","Poland",2013,0.411979141793506
"POL","Poland",2014,0.411979141793506
"POL","Poland",2015,0.411979141793506
"POL","Poland",2016,0.411979141793506
"POL","Poland",2017,0.411979141793506
"POL","Poland",2018,0.411979141793506
"POL","Poland",2019,0.411979141793506
"POL","Poland",2020,0.411979141793506
"POL","Poland",2021,0.411979141793506
"POL","Poland",2022,0.411979141793506
"PRT","Portugal",1995,1
"PRT","Portugal",1996,1
"PRT","Portugal",1997,1
"PRT","Portugal",1998,1
"PRT","Portugal",1999,1
"PRT","Portugal",2000,1
"PRT","Portugal",2001,1
"PRT","Portugal",2002,1
"PRT","Portugal",2003,1
"PRT","Portugal",2004,1
"PRT","Portugal",2005,1
"PRT","Portugal",2006,1
"PRT","Portugal",2007,1
"PRT","Portugal",2008,1
"PRT","Portugal",2009,1
"PRT","Portugal",2010,1
"PRT","Portugal",2011,1
"PRT","Portugal",2012,1
"PRT","Portugal",2013,1
"PRT","Portugal",2014,1
"PRT","Portugal",2015,1
"PRT","Portugal",2016,1
"PRT","Portugal",2017,1
"PRT","Portugal",2018,1
"PRT","Portugal",2019,1
"PRT","Portugal",2020,1
"PRT","Portugal",2021,1
"PRT","Portugal",2022,1
"QAT","Qatar",1995,0.29629250610032
"QAT","Qatar",1996,0.29629250610032
"QAT","Qatar",1997,0.29629250610032
"QAT","Qatar",1998,0.29629250610032
"QAT","Qatar",1999,0.29629250610032
"QAT","Qatar",2000,0.29629250610032
"QAT","Qatar",2001,0.29629250610032
"QAT","Qatar",2002,0.29629250610032
"QAT","Qatar",2003,0.29629250610032
"QAT","Qatar",2004,0.29629250610032
"QAT","Qatar",2005,0.29629250610032
"QAT","Qatar",2006,0.29629250610032
"QAT","Qatar",2007,0.29629250610032
"QAT","Qatar",2008,0.29629250610032
"QAT","Qatar",2009,0.29629250610032
"QAT","Qatar",2010,0.29629250610032
"QAT","Qatar",2011,0.29629250610032
"QAT","Qatar",2012,0.29629250610032
"QAT","Qatar",2013,0.29629250610032
"QAT","Qatar",2014,0.29629250610032
"QAT","Qatar",2015,0.29629250610032
"QAT","Qatar",2016,0.29629250610032
"QAT","Qatar",2017,0.29629250610032
"QAT","Qatar",2018,0.29629250610032
"QAT","Qatar",2019,0.29629250610032
"QAT","Qatar",2020,0.29629250610032
"QAT","Qatar",2021,0.29629250610032
"QAT","Qatar",2022,0.29629250610032
"ROU","Romania",1995,0.482656442234002
"ROU","Romania",1996,0.482656442234002
"ROU","Romania",1997,0.482656442234002
"ROU","Romania",1998,0.482656442234002
"ROU","Romania",1999,0.482656442234002
"ROU","Romania",2000,0.482656442234002
"ROU","Romania",2001,0.482656442234002
"ROU","Romania",2002,0.482656442234002
"ROU","Romania",2003,0.482656442234002
"ROU","Romania",2004,0.482656442234002
"ROU","Romania",2005,0.482656442234002
"ROU","Romania",2006,0.482656442234002
"ROU","Romania",2007,0.482656442234002
"ROU","Romania",2008,0.482656442234002
"ROU","Romania",2009,0.482656442234002
"ROU","Romania",2010,0.482656442234002
"ROU","Romania",2011,0.482656442234002
"ROU","Romania",2012,0.482656442234002
"ROU","Romania",2013,0.482656442234002
"ROU","Romania",2014,0.482656442234002
"ROU","Romania",2015,0.482656442234002
"ROU","Romania",2016,0.482656442234002
"ROU","Romania",2017,0.482656442234002
"ROU","Romania",2018,0.482656442234002
"ROU","Romania",2019,0.482656442234002
"ROU","Romania",2020,0.482656442234002
"ROU","Romania",2021,0.482656442234002
"ROU","Romania",2022,0.482656442234002
"RUS","Russian Federation",1995,1
"RUS","Russian Federation",1996,1
"RUS","Russian Federation",1997,1
"RUS","Russian Federation",1998,1
"RUS","Russian Federation",1999,1
"RUS","Russian Federation",2000,1
"RUS","Russian Federation",2001,1
"RUS","Russian Federation",2002,1
"RUS","Russian Federation",2003,1
"RUS","Russian Federation",2004,1
"RUS","Russian Federation",2005,1
"RUS","Russian Federation",2006,1
"RUS","Russian Federation",2007,1
"RUS","Russian Federation",2008,1
"RUS","Russian Federation",2009,1
"RUS","Russian Federation",2010,1
"RUS","Russian Federation",2011,1
"RUS","Russian Federation",2012,1
"RUS","Russian Federation",2013,1
"RUS","Russian Federation",2014,1
"RUS","Russian Federation",2015,1
"RUS","Russian Federation",2016,1
"RUS","Russian Federation",2017,1
"RUS","Russian Federation",2018,1
"RUS","Russian Federation",2019,1
"RUS","Russian Federation",2020,1
"RUS","Russian Federation",2021,1
"RUS","Russian Federation",2022,1
"RWA","Rwanda",1995,0
"RWA","Rwanda",1996,0
"RWA","Rwanda",1997,0
"RWA","Rwanda",1998,0
"RWA","Rwanda",1999,0
"RWA","Rwanda",2000,0
"RWA","Rwanda",2001,0
"RWA","Rwanda",2002,0
"RWA","Rwanda",2003,0
"RWA","Rwanda",2004,0
"RWA","Rwanda",2005,0
"RWA","Rwanda",2006,0
"RWA","Rwanda",2007,0
"RWA","Rwanda",2008,0
"RWA","Rwanda",2009,0
"RWA","Rwanda",2010,0
"RWA","Rwanda",2011,0
"RWA","Rwanda",2012,0
"RWA","Rwanda",2013,0
"RWA","Rwanda",2014,0
"RWA","Rwanda",2015,0
"RWA","Rwanda",2016,0
"RWA","Rwanda",2017,0
"RWA","Rwanda",2018,0
"RWA","Rwanda",2019,0
"RWA","Rwanda",2020,0
"RWA","Rwanda",2021,0
"RWA","Rwanda",2022,0
"KNA","Saint Kitts and Nevis",1995,0.290888065658323
"KNA","Saint Kitts and Nevis",1996,0.290888065658323
"KNA","Saint Kitts and Nevis",1997,0.290888065658323
"KNA","Saint Kitts and Nevis",1998,0.290888065658323
"KNA","Saint Kitts and Nevis",1999,0.290888065658323
"KNA","Saint Kitts and Nevis",2000,0.290888065658323
"KNA","Saint Kitts and Nevis",2001,0.290888065658323
"KNA","Saint Kitts and Nevis",2002,0.290888065658323
"KNA","Saint Kitts and Nevis",2003,0.290888065658323
"KNA","Saint Kitts and Nevis",2004,0.290888065658323
"KNA","Saint Kitts and Nevis",2005,0.290888065658323
"KNA","Saint Kitts and Nevis",2006,0.290888065658323
"KNA","Saint Kitts and Nevis",2007,0.290888065658323
"KNA","Saint Kitts and Nevis",2008,0.290888065658323
"KNA","Saint Kitts and Nevis",2009,0.290888065658323
"KNA","Saint Kitts and Nevis",2010,0.290888065658323
"KNA","Saint Kitts and Nevis",2011,0.290888065658323
"KNA","Saint Kitts and Nevis",2012,0.290888065658323
"KNA","Saint Kitts and Nevis",2013,0.290888065658323
"KNA","Saint Kitts and Nevis",2014,0.290888065658323
"KNA","Saint Kitts and Nevis",2015,0.290888065658323
"KNA","Saint Kitts and Nevis",2016,0.290888065658323
"KNA","Saint Kitts and Nevis",2017,0.290888065658323
"KNA","Saint Kitts and Nevis",2018,0.290888065658323
"KNA","Saint Kitts and Nevis",2019,0.290888065658323
"KNA","Saint Kitts and Nevis",2020,0.290888065658323
"KNA","Saint Kitts and Nevis",2021,0.290888065658323
"KNA","Saint Kitts and Nevis",2022,0.290888065658323
"LCA","Saint Lucia",1995,0.317424743763801
"LCA","Saint Lucia",1996,0.317424743763801
"LCA","Saint Lucia",1997,0.317424743763801
"LCA","Saint Lucia",1998,0.317424743763801
"LCA","Saint Lucia",1999,0.317424743763801
"LCA","Saint Lucia",2000,0.317424743763801
"LCA","Saint Lucia",2001,0.317424743763801
"LCA","Saint Lucia",2002,0.317424743763801
"LCA","Saint Lucia",2003,0.317424743763801
"LCA","Saint Lucia",2004,0.317424743763801
"LCA","Saint Lucia",2005,0.317424743763801
"LCA","Saint Lucia",2006,0.317424743763801
"LCA","Saint Lucia",2007,0.317424743763801
"LCA","Saint Lucia",2008,0.317424743763801
"LCA","Saint Lucia",2009,0.317424743763801
"LCA","Saint Lucia",2010,0.317424743763801
"LCA","Saint Lucia",2011,0.317424743763801
"LCA","Saint Lucia",2012,0.317424743763801
"LCA","Saint Lucia",2013,0.317424743763801
"LCA","Saint Lucia",2014,0.317424743763801
"LCA","Saint Lucia",2015,0.317424743763801
"LCA","Saint Lucia",2016,0.317424743763801
"LCA","Saint Lucia",2017,0.317424743763801
"LCA","Saint Lucia",2018,0.317424743763801
"LCA","Saint Lucia",2019,0.317424743763801
"LCA","Saint Lucia",2020,0.317424743763801
"LCA","Saint Lucia",2021,0.317424743763801
"LCA","Saint Lucia",2022,0.317424743763801
"VCT","Saint Vincent and the Grenadines",1995,0.294279912037132
"VCT","Saint Vincent and the Grenadines",1996,0.294279912037132
"VCT","Saint Vincent and the Grenadines",1997,0.294279912037132
"VCT","Saint Vincent and the Grenadines",1998,0.294279912037132
"VCT","Saint Vincent and the Grenadines",1999,0.294279912037132
"VCT","Saint Vincent and the Grenadines",2000,0.294279912037132
"VCT","Saint Vincent and the Grenadines",2001,0.294279912037132
"VCT","Saint Vincent and the Grenadines",2002,0.294279912037132
"VCT","Saint Vincent and the Grenadines",2003,0.294279912037132
"VCT","Saint Vincent and the Grenadines",2004,0.294279912037132
"VCT","Saint Vincent and the Grenadines",2005,0.294279912037132
"VCT","Saint Vincent and the Grenadines",2006,0.294279912037132
"VCT","Saint Vincent and the Grenadines",2007,0.294279912037132
"VCT","Saint Vincent and the Grenadines",2008,0.294279912037132
"VCT","Saint Vincent and the Grenadines",2009,0.294279912037132
"VCT","Saint Vincent and the Grenadines",2010,0.294279912037132
"VCT","Saint Vincent and the Grenadines",2011,0.294279912037132
"VCT","Saint Vincent and the Grenadines",2012,0.294279912037132
"VCT","Saint Vincent and the Grenadines",2013,0.294279912037132
"VCT","Saint Vincent and the Grenadines",2014,0.294279912037132
"VCT","Saint Vincent and the Grenadines",2015,0.294279912037132
"VCT","Saint Vincent and the Grenadines",2016,0.294279912037132
"VCT","Saint Vincent and the Grenadines",2017,0.294279912037132
"VCT","Saint Vincent and the Grenadines",2018,0.294279912037132
"VCT","Saint Vincent and the Grenadines",2019,0.294279912037132
"VCT","Saint Vincent and the Grenadines",2020,0.294279912037132
"VCT","Saint Vincent and the Grenadines",2021,0.294279912037132
"VCT","Saint Vincent and the Grenadines",2022,0.294279912037132
"WSM","Samoa",1995,0.753868842542373
"WSM","Samoa",1996,0.753868842542373
"WSM","Samoa",1997,0.753868842542373
"WSM","Samoa",1998,0.753868842542373
"WSM","Samoa",1999,0.753868842542373
"WSM","Samoa",2000,0.753868842542373
"WSM","Samoa",2001,0.753868842542373
"WSM","Samoa",2002,0.753868842542373
"WSM","Samoa",2003,0.753868842542373
"WSM","Samoa",2004,0.753868842542373
"WSM","Samoa",2005,0.753868842542373
"WSM","Samoa",2006,0.753868842542373
"WSM","Samoa",2007,0.753868842542373
"WSM","Samoa",2008,0.753868842542373
"WSM","Samoa",2009,0.753868842542373
"WSM","Samoa",2010,0.753868842542373
"WSM","Samoa",2011,0.753868842542373
"WSM","Samoa",2012,0.753868842542373
"WSM","Samoa",2013,0.753868842542373
"WSM","Samoa",2014,0.753868842542373
"WSM","Samoa",2015,0.753868842542373
"WSM","Samoa",2016,0.753868842542373
"WSM","Samoa",2017,0.753868842542373
"WSM","Samoa",2018,0.753868842542373
"WSM","Samoa",2019,0.753868842542373
"WSM","Samoa",2020,0.753868842542373
"WSM","Samoa",2021,0.753868842542373
"WSM","Samoa",2022,0.753868842542373
"SMR","San Marino",1995,0
"SMR","San Marino",1996,0
"SMR","San Marino",1997,0
"SMR","San Marino",1998,0
"SMR","San Marino",1999,0
"SMR","San Marino",2000,0
"SMR","San Marino",2001,0
"SMR","San Marino",2002,0
"SMR","San Marino",2003,0
"SMR","San Marino",2004,0
"SMR","San Marino",2005,0
"SMR","San Marino",2006,0
"SMR","San Marino",2007,0
"SMR","San Marino",2008,0
"SMR","San Marino",2009,0
"SMR","San Marino",2010,0
"SMR","San Marino",2011,0
"SMR","San Marino",2012,0
"SMR","San Marino",2013,0
"SMR","San Marino",2014,0
"SMR","San Marino",2015,0
"SMR","San Marino",2016,0
"SMR","San Marino",2017,0
"SMR","San Marino",2018,0
"SMR","San Marino",2019,0
"SMR","San Marino",2020,0
"SMR","San Marino",2021,0
"SMR","San Marino",2022,0
"STP","Sao Tome and Principe",1995,0.376235698643034
"STP","Sao Tome and Principe",1996,0.376235698643034
"STP","Sao Tome and Principe",1997,0.376235698643034
"STP","Sao Tome and Principe",1998,0.376235698643034
"STP","Sao Tome and Principe",1999,0.376235698643034
"STP","Sao Tome and Principe",2000,0.376235698643034
"STP","Sao Tome and Principe",2001,0.376235698643034
"STP","Sao Tome and Principe",2002,0.376235698643034
"STP","Sao Tome and Principe",2003,0.376235698643034
"STP","Sao Tome and Principe",2004,0.376235698643034
"STP","Sao Tome and Principe",2005,0.376235698643034
"STP","Sao Tome and Principe",2006,0.376235698643034
"STP","Sao Tome and Principe",2007,0.376235698643034
"STP","Sao Tome and Principe",2008,0.376235698643034
"STP","Sao Tome and Principe",2009,0.376235698643034
"STP","Sao Tome and Principe",2010,0.376235698643034
"STP","Sao Tome and Principe",2011,0.376235698643034
"STP","Sao Tome and Principe",2012,0.376235698643034
"STP","Sao Tome and Principe",2013,0.376235698643034
"STP","Sao Tome and Principe",2014,0.376235698643034
"STP","Sao Tome and Principe",2015,0.376235698643034
"STP","Sao Tome and Principe",2016,0.376235698643034
"STP","Sao Tome and Principe",2017,0.376235698643034
"STP","Sao Tome and Principe",2018,0.376235698643034
"STP","Sao Tome and Principe",2019,0.376235698643034
"STP","Sao Tome and Principe",2020,0.376235698643034
"STP","Sao Tome and Principe",2021,0.376235698643034
"STP","Sao Tome and Principe",2022,0.376235698643034
"SAU","Saudi Arabia",1995,0.63731463099031
"SAU","Saudi Arabia",1996,0.63731463099031
"SAU","Saudi Arabia",1997,0.63731463099031
"SAU","Saudi Arabia",1998,0.63731463099031
"SAU","Saudi Arabia",1999,0.63731463099031
"SAU","Saudi Arabia",2000,0.63731463099031
"SAU","Saudi Arabia",2001,0.63731463099031
"SAU","Saudi Arabia",2002,0.63731463099031
"SAU","Saudi Arabia",2003,0.63731463099031
"SAU","Saudi Arabia",2004,0.63731463099031
"SAU","Saudi Arabia",2005,0.63731463099031
"SAU","Saudi Arabia",2006,0.63731463099031
"SAU","Saudi Arabia",2007,0.63731463099031
"SAU","Saudi Arabia",2008,0.63731463099031
"SAU","Saudi Arabia",2009,0.63731463099031
"SAU","Saudi Arabia",2010,0.63731463099031
"SAU","Saudi Arabia",2011,0.63731463099031
"SAU","Saudi Arabia",2012,0.63731463099031
"SAU","Saudi Arabia",2013,0.63731463099031
"SAU","Saudi Arabia",2014,0.63731463099031
"SAU","Saudi Arabia",2015,0.63731463099031
"SAU","Saudi Arabia",2016,0.63731463099031
"SAU","Saudi Arabia",2017,0.63731463099031
"SAU","Saudi Arabia",2018,0.63731463099031
"SAU","Saudi Arabia",2019,0.63731463099031
"SAU","Saudi Arabia",2020,0.63731463099031
"SAU","Saudi Arabia",2021,0.63731463099031
"SAU","Saudi Arabia",2022,0.63731463099031
"SEN","Senegal",1995,0.343278049534829
"SEN","Senegal",1996,0.343278049534829
"SEN","Senegal",1997,0.343278049534829
"SEN","Senegal",1998,0.343278049534829
"SEN","Senegal",1999,0.343278049534829
"SEN","Senegal",2000,0.343278049534829
"SEN","Senegal",2001,0.343278049534829
"SEN","Senegal",2002,0.343278049534829
"SEN","Senegal",2003,0.343278049534829
"SEN","Senegal",2004,0.343278049534829
"SEN","Senegal",2005,0.343278049534829
"SEN","Senegal",2006,0.343278049534829
"SEN","Senegal",2007,0.343278049534829
"SEN","Senegal",2008,0.343278049534829
"SEN","Senegal",2009,0.343278049534829
"SEN","Senegal",2010,0.343278049534829
"SEN","Senegal",2011,0.343278049534829
"SEN","Senegal",2012,0.343278049534829
"SEN","Senegal",2013,0.343278049534829
"SEN","Senegal",2014,0.343278049534829
"SEN","Senegal",2015,0.343278049534829
"SEN","Senegal",2016,0.343278049534829
"SEN","Senegal",2017,0.343278049534829
"SEN","Senegal",2018,0.343278049534829
"SEN","Senegal",2019,0.343278049534829
"SEN","Senegal",2020,0.343278049534829
"SEN","Senegal",2021,0.343278049534829
"SEN","Senegal",2022,0.343278049534829
"SRB","Serbia",1995,0
"SRB","Serbia",1996,0
"SRB","Serbia",1997,0
"SRB","Serbia",1998,0
"SRB","Serbia",1999,0
"SRB","Serbia",2000,0
"SRB","Serbia",2001,0
"SRB","Serbia",2002,0
"SRB","Serbia",2003,0
"SRB","Serbia",2004,0
"SRB","Serbia",2005,0
"SRB","Serbia",2006,0
"SRB","Serbia",2007,0
"SRB","Serbia",2008,0
"SRB","Serbia",2009,0
"SRB","Serbia",2010,0
"SRB","Serbia",2011,0
"SRB","Serbia",2012,0
"SRB","Serbia",2013,0
"SRB","Serbia",2014,0
"SRB","Serbia",2015,0
"SRB","Serbia",2016,0
"SRB","Serbia",2017,0
"SRB","Serbia",2018,0
"SRB","Serbia",2019,0
"SRB","Serbia",2020,0
"SRB","Serbia",2021,0
"SRB","Serbia",2022,0
"SYC","Seychelles",1995,0.677102592266636
"SYC","Seychelles",1996,0.677102592266636
"SYC","Seychelles",1997,0.677102592266636
"SYC","Seychelles",1998,0.677102592266636
"SYC","Seychelles",1999,0.677102592266636
"SYC","Seychelles",2000,0.677102592266636
"SYC","Seychelles",2001,0.677102592266636
"SYC","Seychelles",2002,0.677102592266636
"SYC","Seychelles",2003,0.677102592266636
"SYC","Seychelles",2004,0.677102592266636
"SYC","Seychelles",2005,0.677102592266636
"SYC","Seychelles",2006,0.677102592266636
"SYC","Seychelles",2007,0.677102592266636
"SYC","Seychelles",2008,0.677102592266636
"SYC","Seychelles",2009,0.677102592266636
"SYC","Seychelles",2010,0.677102592266636
"SYC","Seychelles",2011,0.677102592266636
"SYC","Seychelles",2012,0.677102592266636
"SYC","Seychelles",2013,0.677102592266636
"SYC","Seychelles",2014,0.677102592266636
"SYC","Seychelles",2015,0.677102592266636
"SYC","Seychelles",2016,0.677102592266636
"SYC","Seychelles",2017,0.677102592266636
"SYC","Seychelles",2018,0.677102592266636
"SYC","Seychelles",2019,0.677102592266636
"SYC","Seychelles",2020,0.677102592266636
"SYC","Seychelles",2021,0.677102592266636
"SYC","Seychelles",2022,0.677102592266636
"SLE","Sierra Leone",1995,0.479441977026864
"SLE","Sierra Leone",1996,0.479441977026864
"SLE","Sierra Leone",1997,0.479441977026864
"SLE","Sierra Leone",1998,0.479441977026864
"SLE","Sierra Leone",1999,0.479441977026864
"SLE","Sierra Leone",2000,0.479441977026864
"SLE","Sierra Leone",2001,0.479441977026864
"SLE","Sierra Leone",2002,0.479441977026864
"SLE","Sierra Leone",2003,0.479441977026864
"SLE","Sierra Leone",2004,0.479441977026864
"SLE","Sierra Leone",2005,0.479441977026864
"SLE","Sierra Leone",2006,0.479441977026864
"SLE","Sierra Leone",2007,0.479441977026864
"SLE","Sierra Leone",2008,0.479441977026864
"SLE","Sierra Leone",2009,0.479441977026864
"SLE","Sierra Leone",2010,0.479441977026864
"SLE","Sierra Leone",2011,0.479441977026864
"SLE","Sierra Leone",2012,0.479441977026864
"SLE","Sierra Leone",2013,0.479441977026864
"SLE","Sierra Leone",2014,0.479441977026864
"SLE","Sierra Leone",2015,0.479441977026864
"SLE","Sierra Leone",2016,0.479441977026864
"SLE","Sierra Leone",2017,0.479441977026864
"SLE","Sierra Leone",2018,0.479441977026864
"SLE","Sierra Leone",2019,0.479441977026864
"SLE","Sierra Leone",2020,0.479441977026864
"SLE","Sierra Leone",2021,0.479441977026864
"SLE","Sierra Leone",2022,0.479441977026864
"SGP","Singapore",1995,0.183388253273024
"SGP","Singapore",1996,0.183388253273024
"SGP","Singapore",1997,0.183388253273024
"SGP","Singapore",1998,0.183388253273024
"SGP","Singapore",1999,0.183388253273024
"SGP","Singapore",2000,0.183388253273024
"SGP","Singapore",2001,0.183388253273024
"SGP","Singapore",2002,0.183388253273024
"SGP","Singapore",2003,0.183388253273024
"SGP","Singapore",2004,0.183388253273024
"SGP","Singapore",2005,0.183388253273024
"SGP","Singapore",2006,0.183388253273024
"SGP","Singapore",2007,0.183388253273024
"SGP","Singapore",2008,0.183388253273024
"SGP","Singapore",2009,0.183388253273024
"SGP","Singapore",2010,0.183388253273024
"SGP","Singapore",2011,0.183388253273024
"SGP","Singapore",2012,0.183388253273024
"SGP","Singapore",2013,0.183388253273024
"SGP","Singapore",2014,0.183388253273024
"SGP","Singapore",2015,0.183388253273024
"SGP","Singapore",2016,0.183388253273024
"SGP","Singapore",2017,0.183388253273024
"SGP","Singapore",2018,0.183388253273024
"SGP","Singapore",2019,0.183388253273024
"SGP","Singapore",2020,0.183388253273024
"SGP","Singapore",2021,0.183388253273024
"SGP","Singapore",2022,0.183388253273024
"SVK","Slovakia",1995,0
"SVK","Slovakia",1996,0
"SVK","Slovakia",1997,0
"SVK","Slovakia",1998,0
"SVK","Slovakia",1999,0
"SVK","Slovakia",2000,0
"SVK","Slovakia",2001,0
"SVK","Slovakia",2002,0
"SVK","Slovakia",2003,0
"SVK","Slovakia",2004,0
"SVK","Slovakia",2005,0
"SVK","Slovakia",2006,0
"SVK","Slovakia",2007,0
"SVK","Slovakia",2008,0
"SVK","Slovakia",2009,0
"SVK","Slovakia",2010,0
"SVK","Slovakia",2011,0
"SVK","Slovakia",2012,0
"SVK","Slovakia",2013,0
"SVK","Slovakia",2014,0
"SVK","Slovakia",2015,0
"SVK","Slovakia",2016,0
"SVK","Slovakia",2017,0
"SVK","Slovakia",2018,0
"SVK","Slovakia",2019,0
"SVK","Slovakia",2020,0
"SVK","Slovakia",2021,0
"SVK","Slovakia",2022,0
"SVN","Slovenia",1995,0.298706481917354
"SVN","Slovenia",1996,0.298706481917354
"SVN","Slovenia",1997,0.298706481917354
"SVN","Slovenia",1998,0.298706481917354
"SVN","Slovenia",1999,0.298706481917354
"SVN","Slovenia",2000,0.298706481917354
"SVN","Slovenia",2001,0.298706481917354
"SVN","Slovenia",2002,0.298706481917354
"SVN","Slovenia",2003,0.298706481917354
"SVN","Slovenia",2004,0.298706481917354
"SVN","Slovenia",2005,0.298706481917354
"SVN","Slovenia",2006,0.298706481917354
"SVN","Slovenia",2007,0.298706481917354
"SVN","Slovenia",2008,0.298706481917354
"SVN","Slovenia",2009,0.298706481917354
"SVN","Slovenia",2010,0.298706481917354
"SVN","Slovenia",2011,0.298706481917354
"SVN","Slovenia",2012,0.298706481917354
"SVN","Slovenia",2013,0.298706481917354
"SVN","Slovenia",2014,0.298706481917354
"SVN","Slovenia",2015,0.298706481917354
"SVN","Slovenia",2016,0.298706481917354
"SVN","Slovenia",2017,0.298706481917354
"SVN","Slovenia",2018,0.298706481917354
"SVN","Slovenia",2019,0.298706481917354
"SVN","Slovenia",2020,0.298706481917354
"SVN","Slovenia",2021,0.298706481917354
"SVN","Slovenia",2022,0.298706481917354
"SLB","Solomon Islands",1995,0.592205234563858
"SLB","Solomon Islands",1996,0.592205234563858
"SLB","Solomon Islands",1997,0.592205234563858
"SLB","Solomon Islands",1998,0.592205234563858
"SLB","Solomon Islands",1999,0.592205234563858
"SLB","Solomon Islands",2000,0.592205234563858
"SLB","Solomon Islands",2001,0.592205234563858
"SLB","Solomon Islands",2002,0.592205234563858
"SLB","Solomon Islands",2003,0.592205234563858
"SLB","Solomon Islands",2004,0.592205234563858
"SLB","Solomon Islands",2005,0.592205234563858
"SLB","Solomon Islands",2006,0.592205234563858
"SLB","Solomon Islands",2007,0.592205234563858
"SLB","Solomon Islands",2008,0.592205234563858
"SLB","Solomon Islands",2009,0.592205234563858
"SLB","Solomon Islands",2010,0.592205234563858
"SLB","Solomon Islands",2011,0.592205234563858
"SLB","Solomon Islands",2012,0.592205234563858
"SLB","Solomon Islands",2013,0.592205234563858
"SLB","Solomon Islands",2014,0.592205234563858
"SLB","Solomon Islands",2015,0.592205234563858
"SLB","Solomon Islands",2016,0.592205234563858
"SLB","Solomon Islands",2017,0.592205234563858
"SLB","Solomon Islands",2018,0.592205234563858
"SLB","Solomon Islands",2019,0.592205234563858
"SLB","Solomon Islands",2020,0.592205234563858
"SLB","Solomon Islands",2021,0.592205234563858
"SLB","Solomon Islands",2022,0.592205234563858
"SOM","Somalia",1995,0.550622994512554
"SOM","Somalia",1996,0.550622994512554
"SOM","Somalia",1997,0.550622994512554
"SOM","Somalia",1998,0.550622994512554
"SOM","Somalia",1999,0.550622994512554
"SOM","Somalia",2000,0.550622994512554
"SOM","Somalia",2001,0.550622994512554
"SOM","Somalia",2002,0.550622994512554
"SOM","Somalia",2003,0.550622994512554
"SOM","Somalia",2004,0.550622994512554
"SOM","Somalia",2005,0.550622994512554
"SOM","Somalia",2006,0.550622994512554
"SOM","Somalia",2007,0.550622994512554
"SOM","Somalia",2008,0.550622994512554
"SOM","Somalia",2009,0.550622994512554
"SOM","Somalia",2010,0.550622994512554
"SOM","Somalia",2011,0.550622994512554
"SOM","Somalia",2012,0.550622994512554
"SOM","Somalia",2013,0.550622994512554
"SOM","Somalia",2014,0.550622994512554
"SOM","Somalia",2015,0.550622994512554
"SOM","Somalia",2016,0.550622994512554
"SOM","Somalia",2017,0.550622994512554
"SOM","Somalia",2018,0.550622994512554
"SOM","Somalia",2019,0.550622994512554
"SOM","Somalia",2020,0.550622994512554
"SOM","Somalia",2021,0.550622994512554
"SOM","Somalia",2022,0.550622994512554
"ZAF","South Africa",1995,1
"ZAF","South Africa",1996,1
"ZAF","South Africa",1997,1
"ZAF","South Africa",1998,1
"ZAF","South Africa",1999,1
"ZAF","South Africa",2000,1
"ZAF","South Africa",2001,1
"ZAF","South Africa",2002,1
"ZAF","South Africa",2003,1
"ZAF","South Africa",2004,1
"ZAF","South Africa",2005,1
"ZAF","South Africa",2006,1
"ZAF","South Africa",2007,1
"ZAF","South Africa",2008,1
"ZAF","South Africa",2009,1
"ZAF","South Africa",2010,1
"ZAF","South Africa",2011,1
"ZAF","South Africa",2012,1
"ZAF","South Africa",2013,1
"ZAF","South Africa",2014,1
"ZAF","South Africa",2015,1
"ZAF","South Africa",2016,1
"ZAF","South Africa",2017,1
"ZAF","South Africa",2018,1
"ZAF","South Africa",2019,1
"ZAF","South Africa",2020,1
"ZAF","South Africa",2021,1
"ZAF","South Africa",2022,1
"ESP","Spain",1995,0.340123848443708
"ESP","Spain",1996,0.340123848443708
"ESP","Spain",1997,0.340123848443708
"ESP","Spain",1998,0.340123848443708
"ESP","Spain",1999,0.340123848443708
"ESP","Spain",2000,0.340123848443708
"ESP","Spain",2001,0.340123848443708
"ESP","Spain",2002,0.340123848443708
"ESP","Spain",2003,0.340123848443708
"ESP","Spain",2004,0.340123848443708
"ESP","Spain",2005,0.340123848443708
"ESP","Spain",2006,0.340123848443708
"ESP","Spain",2007,0.340123848443708
"ESP","Spain",2008,0.340123848443708
"ESP","Spain",2009,0.340123848443708
"ESP","Spain",2010,0.340123848443708
"ESP","Spain",2011,0.340123848443708
"ESP","Spain",2012,0.340123848443708
"ESP","Spain",2013,0.340123848443708
"ESP","Spain",2014,0.340123848443708
"ESP","Spain",2015,0.340123848443708
"ESP","Spain",2016,0.340123848443708
"ESP","Spain",2017,0.340123848443708
"ESP","Spain",2018,0.340123848443708
"ESP","Spain",2019,0.340123848443708
"ESP","Spain",2020,0.340123848443708
"ESP","Spain",2021,0.340123848443708
"ESP","Spain",2022,0.340123848443708
"LKA","Sri Lanka",1995,0.366718516547617
"LKA","Sri Lanka",1996,0.366718516547617
"LKA","Sri Lanka",1997,0.366718516547617
"LKA","Sri Lanka",1998,0.366718516547617
"LKA","Sri Lanka",1999,0.366718516547617
"LKA","Sri Lanka",2000,0.366718516547617
"LKA","Sri Lanka",2001,0.366718516547617
"LKA","Sri Lanka",2002,0.366718516547617
"LKA","Sri Lanka",2003,0.366718516547617
"LKA","Sri Lanka",2004,0.366718516547617
"LKA","Sri Lanka",2005,0.366718516547617
"LKA","Sri Lanka",2006,0.366718516547617
"LKA","Sri Lanka",2007,0.366718516547617
"LKA","Sri Lanka",2008,0.366718516547617
"LKA","Sri Lanka",2009,0.366718516547617
"LKA","Sri Lanka",2010,0.366718516547617
"LKA","Sri Lanka",2011,0.366718516547617
"LKA","Sri Lanka",2012,0.366718516547617
"LKA","Sri Lanka",2013,0.366718516547617
"LKA","Sri Lanka",2014,0.366718516547617
"LKA","Sri Lanka",2015,0.366718516547617
"LKA","Sri Lanka",2016,0.366718516547617
"LKA","Sri Lanka",2017,0.366718516547617
"LKA","Sri Lanka",2018,0.366718516547617
"LKA","Sri Lanka",2019,0.366718516547617
"LKA","Sri Lanka",2020,0.366718516547617
"LKA","Sri Lanka",2021,0.366718516547617
"LKA","Sri Lanka",2022,0.366718516547617
"SDN","Sudan",1995,0.672462255333374
"SDN","Sudan",1996,0.672462255333374
"SDN","Sudan",1997,0.672462255333374
"SDN","Sudan",1998,0.672462255333374
"SDN","Sudan",1999,0.672462255333374
"SDN","Sudan",2000,0.672462255333374
"SDN","Sudan",2001,0.672462255333374
"SDN","Sudan",2002,0.672462255333374
"SDN","Sudan",2003,0.672462255333374
"SDN","Sudan",2004,0.672462255333374
"SDN","Sudan",2005,0.672462255333374
"SDN","Sudan",2006,0.672462255333374
"SDN","Sudan",2007,0.672462255333374
"SDN","Sudan",2008,0.672462255333374
"SDN","Sudan",2009,0.672462255333374
"SDN","Sudan",2010,0.672462255333374
"SDN","Sudan",2011,0.672462255333374
"SDN","Sudan",2012,0.672462255333374
"SDN","Sudan",2013,0.672462255333374
"SDN","Sudan",2014,0.672462255333374
"SDN","Sudan",2015,0.672462255333374
"SDN","Sudan",2016,0.672462255333374
"SDN","Sudan",2017,0.672462255333374
"SDN","Sudan",2018,0.672462255333374
"SDN","Sudan",2019,0.672462255333374
"SDN","Sudan",2020,0.672462255333374
"SDN","Sudan",2021,0.672462255333374
"SDN","Sudan",2022,0.672462255333374
"SUR","Suriname",1995,0.347132678842292
"SUR","Suriname",1996,0.347132678842292
"SUR","Suriname",1997,0.347132678842292
"SUR","Suriname",1998,0.347132678842292
"SUR","Suriname",1999,0.347132678842292
"SUR","Suriname",2000,0.347132678842292
"SUR","Suriname",2001,0.347132678842292
"SUR","Suriname",2002,0.347132678842292
"SUR","Suriname",2003,0.347132678842292
"SUR","Suriname",2004,0.347132678842292
"SUR","Suriname",2005,0.347132678842292
"SUR","Suriname",2006,0.347132678842292
"SUR","Suriname",2007,0.347132678842292
"SUR","Suriname",2008,0.347132678842292
"SUR","Suriname",2009,0.347132678842292
"SUR","Suriname",2010,0.347132678842292
"SUR","Suriname",2011,0.347132678842292
"SUR","Suriname",2012,0.347132678842292
"SUR","Suriname",2013,0.347132678842292
"SUR","Suriname",2014,0.347132678842292
"SUR","Suriname",2015,0.347132678842292
"SUR","Suriname",2016,0.347132678842292
"SUR","Suriname",2017,0.347132678842292
"SUR","Suriname",2018,0.347132678842292
"SUR","Suriname",2019,0.347132678842292
"SUR","Suriname",2020,0.347132678842292
"SUR","Suriname",2021,0.347132678842292
"SUR","Suriname",2022,0.347132678842292
"SWZ","Swaziland",1995,0
"SWZ","Swaziland",1996,0
"SWZ","Swaziland",1997,0
"SWZ","Swaziland",1998,0
"SWZ","Swaziland",1999,0
"SWZ","Swaziland",2000,0
"SWZ","Swaziland",2001,0
"SWZ","Swaziland",2002,0
"SWZ","Swaziland",2003,0
"SWZ","Swaziland",2004,0
"SWZ","Swaziland",2005,0
"SWZ","Swaziland",2006,0
"SWZ","Swaziland",2007,0
"SWZ","Swaziland",2008,0
"SWZ","Swaziland",2009,0
"SWZ","Swaziland",2010,0
"SWZ","Swaziland",2011,0
"SWZ","Swaziland",2012,0
"SWZ","Swaziland",2013,0
"SWZ","Swaziland",2014,0
"SWZ","Swaziland",2015,0
"SWZ","Swaziland",2016,0
"SWZ","Swaziland",2017,0
"SWZ","Swaziland",2018,0
"SWZ","Swaziland",2019,0
"SWZ","Swaziland",2020,0
"SWZ","Swaziland",2021,0
"SWZ","Swaziland",2022,0
"SWE","Sweden",1995,1
"SWE","Sweden",1996,1
"SWE","Sweden",1997,1
"SWE","Sweden",1998,1
"SWE","Sweden",1999,1
"SWE","Sweden",2000,1
"SWE","Sweden",2001,1
"SWE","Sweden",2002,1
"SWE","Sweden",2003,1
"SWE","Sweden",2004,1
"SWE","Sweden",2005,1
"SWE","Sweden",2006,1
"SWE","Sweden",2007,1
"SWE","Sweden",2008,1
"SWE","Sweden",2009,1
"SWE","Sweden",2010,1
"SWE","Sweden",2011,1
"SWE","Sweden",2012,1
"SWE","Sweden",2013,1
"SWE","Sweden",2014,1
"SWE","Sweden",2015,1
"SWE","Sweden",2016,1
"SWE","Sweden",2017,1
"SWE","Sweden",2018,1
"SWE","Sweden",2019,1
"SWE","Sweden",2020,1
"SWE","Sweden",2021,1
"SWE","Sweden",2022,1
"CHE","Switzerland",1995,0
"CHE","Switzerland",1996,0
"CHE","Switzerland",1997,0
"CHE","Switzerland",1998,0
"CHE","Switzerland",1999,0
"CHE","Switzerland",2000,0
"CHE","Switzerland",2001,0
"CHE","Switzerland",2002,0
"CHE","Switzerland",2003,0
"CHE","Switzerland",2004,0
"CHE","Switzerland",2005,0
"CHE","Switzerland",2006,0
"CHE","Switzerland",2007,0
"CHE","Switzerland",2008,0
"CHE","Switzerland",2009,0
"CHE","Switzerland",2010,0
"CHE","Switzerland",2011,0
"CHE","Switzerland",2012,0
"CHE","Switzerland",2013,0
"CHE","Switzerland",2014,0
"CHE","Switzerland",2015,0
"CHE","Switzerland",2016,0
"CHE","Switzerland",2017,0
"CHE","Switzerland",2018,0
"CHE","Switzerland",2019,0
"CHE","Switzerland",2020,0
"CHE","Switzerland",2021,0
"CHE","Switzerland",2022,0
"SYR","Syrian Arab Republic",1995,0.416108939328817
"SYR","Syrian Arab Republic",1996,0.416108939328817
"SYR","Syrian Arab Republic",1997,0.416108939328817
"SYR","Syrian Arab Republic",1998,0.416108939328817
"SYR","Syrian Arab Republic",1999,0.416108939328817
"SYR","Syrian Arab Republic",2000,0.416108939328817
"SYR","Syrian Arab Republic",2001,0.416108939328817
"SYR","Syrian Arab Republic",2002,0.416108939328817
"SYR","Syrian Arab Republic",2003,0.416108939328817
"SYR","Syrian Arab Republic",2004,0.416108939328817
"SYR","Syrian Arab Republic",2005,0.416108939328817
"SYR","Syrian Arab Republic",2006,0.416108939328817
"SYR","Syrian Arab Republic",2007,0.416108939328817
"SYR","Syrian Arab Republic",2008,0.416108939328817
"SYR","Syrian Arab Republic",2009,0.416108939328817
"SYR","Syrian Arab Republic",2010,0.416108939328817
"SYR","Syrian Arab Republic",2011,0.416108939328817
"SYR","Syrian Arab Republic",2012,0.416108939328817
"SYR","Syrian Arab Republic",2013,0.416108939328817
"SYR","Syrian Arab Republic",2014,0.416108939328817
"SYR","Syrian Arab Republic",2015,0.416108939328817
"SYR","Syrian Arab Republic",2016,0.416108939328817
"SYR","Syrian Arab Republic",2017,0.416108939328817
"SYR","Syrian Arab Republic",2018,0.416108939328817
"SYR","Syrian Arab Republic",2019,0.416108939328817
"SYR","Syrian Arab Republic",2020,0.416108939328817
"SYR","Syrian Arab Republic",2021,0.416108939328817
"SYR","Syrian Arab Republic",2022,0.416108939328817
"TJK","Tajikistan",1995,0
"TJK","Tajikistan",1996,0
"TJK","Tajikistan",1997,0
"TJK","Tajikistan",1998,0
"TJK","Tajikistan",1999,0
"TJK","Tajikistan",2000,0
"TJK","Tajikistan",2001,0
"TJK","Tajikistan",2002,0
"TJK","Tajikistan",2003,0
"TJK","Tajikistan",2004,0
"TJK","Tajikistan",2005,0
"TJK","Tajikistan",2006,0
"TJK","Tajikistan",2007,0
"TJK","Tajikistan",2008,0
"TJK","Tajikistan",2009,0
"TJK","Tajikistan",2010,0
"TJK","Tajikistan",2011,0
"TJK","Tajikistan",2012,0
"TJK","Tajikistan",2013,0
"TJK","Tajikistan",2014,0
"TJK","Tajikistan",2015,0
"TJK","Tajikistan",2016,0
"TJK","Tajikistan",2017,0
"TJK","Tajikistan",2018,0
"TJK","Tajikistan",2019,0
"TJK","Tajikistan",2020,0
"TJK","Tajikistan",2021,0
"TJK","Tajikistan",2022,0
"TZA","Tanzania, United Republic of",1995,0.310278329251292
"TZA","Tanzania, United Republic of",1996,0.310278329251292
"TZA","Tanzania, United Republic of",1997,0.310278329251292
"TZA","Tanzania, United Republic of",1998,0.310278329251292
"TZA","Tanzania, United Republic of",1999,0.310278329251292
"TZA","Tanzania, United Republic of",2000,0.310278329251292
"TZA","Tanzania, United Republic of",2001,0.310278329251292
"TZA","Tanzania, United Republic of",2002,0.310278329251292
"TZA","Tanzania, United Republic of",2003,0.310278329251292
"TZA","Tanzania, United Republic of",2004,0.310278329251292
"TZA","Tanzania, United Republic of",2005,0.310278329251292
"TZA","Tanzania, United Republic of",2006,0.310278329251292
"TZA","Tanzania, United Republic of",2007,0.310278329251292
"TZA","Tanzania, United Republic of",2008,0.310278329251292
"TZA","Tanzania, United Republic of",2009,0.310278329251292
"TZA","Tanzania, United Republic of",2010,0.310278329251292
"TZA","Tanzania, United Republic of",2011,0.310278329251292
"TZA","Tanzania, United Republic of",2012,0.310278329251292
"TZA","Tanzania, United Republic of",2013,0.310278329251292
"TZA","Tanzania, United Republic of",2014,0.310278329251292
"TZA","Tanzania, United Republic of",2015,0.310278329251292
"TZA","Tanzania, United Republic of",2016,0.310278329251292
"TZA","Tanzania, United Republic of",2017,0.310278329251292
"TZA","Tanzania, United Republic of",2018,0.310278329251292
"TZA","Tanzania, United Republic of",2019,0.310278329251292
"TZA","Tanzania, United Republic of",2020,0.310278329251292
"TZA","Tanzania, United Republic of",2021,0.310278329251292
"TZA","Tanzania, United Republic of",2022,0.310278329251292
"THA","Thailand",1995,0.556512959059061
"THA","Thailand",1996,0.556512959059061
"THA","Thailand",1997,0.556512959059061
"THA","Thailand",1998,0.556512959059061
"THA","Thailand",1999,0.556512959059061
"THA","Thailand",2000,0.556512959059061
"THA","Thailand",2001,0.556512959059061
"THA","Thailand",2002,0.556512959059061
"THA","Thailand",2003,0.556512959059061
"THA","Thailand",2004,0.556512959059061
"THA","Thailand",2005,0.556512959059061
"THA","Thailand",2006,0.556512959059061
"THA","Thailand",2007,0.556512959059061
"THA","Thailand",2008,0.556512959059061
"THA","Thailand",2009,0.556512959059061
"THA","Thailand",2010,0.556512959059061
"THA","Thailand",2011,0.556512959059061
"THA","Thailand",2012,0.556512959059061
"THA","Thailand",2013,0.556512959059061
"THA","Thailand",2014,0.556512959059061
"THA","Thailand",2015,0.556512959059061
"THA","Thailand",2016,0.556512959059061
"THA","Thailand",2017,0.556512959059061
"THA","Thailand",2018,0.556512959059061
"THA","Thailand",2019,0.556512959059061
"THA","Thailand",2020,0.556512959059061
"THA","Thailand",2021,0.556512959059061
"THA","Thailand",2022,0.556512959059061
"TLS","Timor-Leste",1995,0.249749278536196
"TLS","Timor-Leste",1996,0.249749278536196
"TLS","Timor-Leste",1997,0.249749278536196
"TLS","Timor-Leste",1998,0.249749278536196
"TLS","Timor-Leste",1999,0.249749278536196
"TLS","Timor-Leste",2000,0.249749278536196
"TLS","Timor-Leste",2001,0.249749278536196
"TLS","Timor-Leste",2002,0.249749278536196
"TLS","Timor-Leste",2003,0.249749278536196
"TLS","Timor-Leste",2004,0.249749278536196
"TLS","Timor-Leste",2005,0.249749278536196
"TLS","Timor-Leste",2006,0.249749278536196
"TLS","Timor-Leste",2007,0.249749278536196
"TLS","Timor-Leste",2008,0.249749278536196
"TLS","Timor-Leste",2009,0.249749278536196
"TLS","Timor-Leste",2010,0.249749278536196
"TLS","Timor-Leste",2011,0.249749278536196
"TLS","Timor-Leste",2012,0.249749278536196
"TLS","Timor-Leste",2013,0.249749278536196
"TLS","Timor-Leste",2014,0.249749278536196
"TLS","Timor-Leste",2015,0.249749278536196
"TLS","Timor-Leste",2016,0.249749278536196
"TLS","Timor-Leste",2017,0.249749278536196
"TLS","Timor-Leste",2018,0.249749278536196
"TLS","Timor-Leste",2019,0.249749278536196
"TLS","Timor-Leste",2020,0.249749278536196
"TLS","Timor-Leste",2021,0.249749278536196
"TLS","Timor-Leste",2022,0.249749278536196
"TGO","Togo",1995,0.281091167099886
"TGO","Togo",1996,0.281091167099886
"TGO","Togo",1997,0.281091167099886
"TGO","Togo",1998,0.281091167099886
"TGO","Togo",1999,0.281091167099886
"TGO","Togo",2000,0.281091167099886
"TGO","Togo",2001,0.281091167099886
"TGO","Togo",2002,0.281091167099886
"TGO","Togo",2003,0.281091167099886
"TGO","Togo",2004,0.281091167099886
"TGO","Togo",2005,0.281091167099886
"TGO","Togo",2006,0.281091167099886
"TGO","Togo",2007,0.281091167099886
"TGO","Togo",2008,0.281091167099886
"TGO","Togo",2009,0.281091167099886
"TGO","Togo",2010,0.281091167099886
"TGO","Togo",2011,0.281091167099886
"TGO","Togo",2012,0.281091167099886
"TGO","Togo",2013,0.281091167099886
"TGO","Togo",2014,0.281091167099886
"TGO","Togo",2015,0.281091167099886
"TGO","Togo",2016,0.281091167099886
"TGO","Togo",2017,0.281091167099886
"TGO","Togo",2018,0.281091167099886
"TGO","Togo",2019,0.281091167099886
"TGO","Togo",2020,0.281091167099886
"TGO","Togo",2021,0.281091167099886
"TGO","Togo",2022,0.281091167099886
"TON","Tonga",1995,0.88553797662662
"TON","Tonga",1996,0.88553797662662
"TON","Tonga",1997,0.88553797662662
"TON","Tonga",1998,0.88553797662662
"TON","Tonga",1999,0.88553797662662
"TON","Tonga",2000,0.88553797662662
"TON","Tonga",2001,0.88553797662662
"TON","Tonga",2002,0.88553797662662
"TON","Tonga",2003,0.88553797662662
"TON","Tonga",2004,0.88553797662662
"TON","Tonga",2005,0.88553797662662
"TON","Tonga",2006,0.88553797662662
"TON","Tonga",2007,0.88553797662662
"TON","Tonga",2008,0.88553797662662
"TON","Tonga",2009,0.88553797662662
"TON","Tonga",2010,0.88553797662662
"TON","Tonga",2011,0.88553797662662
"TON","Tonga",2012,0.88553797662662
"TON","Tonga",2013,0.88553797662662
"TON","Tonga",2014,0.88553797662662
"TON","Tonga",2015,0.88553797662662
"TON","Tonga",2016,0.88553797662662
"TON","Tonga",2017,0.88553797662662
"TON","Tonga",2018,0.88553797662662
"TON","Tonga",2019,0.88553797662662
"TON","Tonga",2020,0.88553797662662
"TON","Tonga",2021,0.88553797662662
"TON","Tonga",2022,0.88553797662662
"TTO","Trinidad and Tobago",1995,0.317475911409475
"TTO","Trinidad and Tobago",1996,0.317475911409475
"TTO","Trinidad and Tobago",1997,0.317475911409475
"TTO","Trinidad and Tobago",1998,0.317475911409475
"TTO","Trinidad and Tobago",1999,0.317475911409475
"TTO","Trinidad and Tobago",2000,0.317475911409475
"TTO","Trinidad and Tobago",2001,0.317475911409475
"TTO","Trinidad and Tobago",2002,0.317475911409475
"TTO","Trinidad and Tobago",2003,0.317475911409475
"TTO","Trinidad and Tobago",2004,0.317475911409475
"TTO","Trinidad and Tobago",2005,0.317475911409475
"TTO","Trinidad and Tobago",2006,0.317475911409475
"TTO","Trinidad and Tobago",2007,0.317475911409475
"TTO","Trinidad and Tobago",2008,0.317475911409475
"TTO","Trinidad and Tobago",2009,0.317475911409475
"TTO","Trinidad and Tobago",2010,0.317475911409475
"TTO","Trinidad and Tobago",2011,0.317475911409475
"TTO","Trinidad and Tobago",2012,0.317475911409475
"TTO","Trinidad and Tobago",2013,0.317475911409475
"TTO","Trinidad and Tobago",2014,0.317475911409475
"TTO","Trinidad and Tobago",2015,0.317475911409475
"TTO","Trinidad and Tobago",2016,0.317475911409475
"TTO","Trinidad and Tobago",2017,0.317475911409475
"TTO","Trinidad and Tobago",2018,0.317475911409475
"TTO","Trinidad and Tobago",2019,0.317475911409475
"TTO","Trinidad and Tobago",2020,0.317475911409475
"TTO","Trinidad and Tobago",2021,0.317475911409475
"TTO","Trinidad and Tobago",2022,0.317475911409475
"TUN","Tunisia",1995,0.418787849844564
"TUN","Tunisia",1996,0.418787849844564
"TUN","Tunisia",1997,0.418787849844564
"TUN","Tunisia",1998,0.418787849844564
"TUN","Tunisia",1999,0.418787849844564
"TUN","Tunisia",2000,0.418787849844564
"TUN","Tunisia",2001,0.418787849844564
"TUN","Tunisia",2002,0.418787849844564
"TUN","Tunisia",2003,0.418787849844564
"TUN","Tunisia",2004,0.418787849844564
"TUN","Tunisia",2005,0.418787849844564
"TUN","Tunisia",2006,0.418787849844564
"TUN","Tunisia",2007,0.418787849844564
"TUN","Tunisia",2008,0.418787849844564
"TUN","Tunisia",2009,0.418787849844564
"TUN","Tunisia",2010,0.418787849844564
"TUN","Tunisia",2011,0.418787849844564
"TUN","Tunisia",2012,0.418787849844564
"TUN","Tunisia",2013,0.418787849844564
"TUN","Tunisia",2014,0.418787849844564
"TUN","Tunisia",2015,0.418787849844564
"TUN","Tunisia",2016,0.418787849844564
"TUN","Tunisia",2017,0.418787849844564
"TUN","Tunisia",2018,0.418787849844564
"TUN","Tunisia",2019,0.418787849844564
"TUN","Tunisia",2020,0.418787849844564
"TUN","Tunisia",2021,0.418787849844564
"TUN","Tunisia",2022,0.418787849844564
"TUR","Turkey",1995,0.789243878643989
"TUR","Turkey",1996,0.789243878643989
"TUR","Turkey",1997,0.789243878643989
"TUR","Turkey",1998,0.789243878643989
"TUR","Turkey",1999,0.789243878643989
"TUR","Turkey",2000,0.789243878643989
"TUR","Turkey",2001,0.789243878643989
"TUR","Turkey",2002,0.789243878643989
"TUR","Turkey",2003,0.789243878643989
"TUR","Turkey",2004,0.789243878643989
"TUR","Turkey",2005,0.789243878643989
"TUR","Turkey",2006,0.789243878643989
"TUR","Turkey",2007,0.789243878643989
"TUR","Turkey",2008,0.789243878643989
"TUR","Turkey",2009,0.789243878643989
"TUR","Turkey",2010,0.789243878643989
"TUR","Turkey",2011,0.789243878643989
"TUR","Turkey",2012,0.789243878643989
"TUR","Turkey",2013,0.789243878643989
"TUR","Turkey",2014,0.789243878643989
"TUR","Turkey",2015,0.789243878643989
"TUR","Turkey",2016,0.789243878643989
"TUR","Turkey",2017,0.789243878643989
"TUR","Turkey",2018,0.789243878643989
"TUR","Turkey",2019,0.789243878643989
"TUR","Turkey",2020,0.789243878643989
"TUR","Turkey",2021,0.789243878643989
"TUR","Turkey",2022,0.789243878643989
"TKM","Turkmenistan",1995,0
"TKM","Turkmenistan",1996,0
"TKM","Turkmenistan",1997,0
"TKM","Turkmenistan",1998,0
"TKM","Turkmenistan",1999,0
"TKM","Turkmenistan",2000,0
"TKM","Turkmenistan",2001,0
"TKM","Turkmenistan",2002,0
"TKM","Turkmenistan",2003,0
"TKM","Turkmenistan",2004,0
"TKM","Turkmenistan",2005,0
"TKM","Turkmenistan",2006,0
"TKM","Turkmenistan",2007,0
"TKM","Turkmenistan",2008,0
"TKM","Turkmenistan",2009,0
"TKM","Turkmenistan",2010,0
"TKM","Turkmenistan",2011,0
"TKM","Turkmenistan",2012,0
"TKM","Turkmenistan",2013,0
"TKM","Turkmenistan",2014,0
"TKM","Turkmenistan",2015,0
"TKM","Turkmenistan",2016,0
"TKM","Turkmenistan",2017,0
"TKM","Turkmenistan",2018,0
"TKM","Turkmenistan",2019,0
"TKM","Turkmenistan",2020,0
"TKM","Turkmenistan",2021,0
"TKM","Turkmenistan",2022,0
"TUV","Tuvalu",1995,1
"TUV","Tuvalu",1996,1
"TUV","Tuvalu",1997,1
"TUV","Tuvalu",1998,1
"TUV","Tuvalu",1999,1
"TUV","Tuvalu",2000,1
"TUV","Tuvalu",2001,1
"TUV","Tuvalu",2002,1
"TUV","Tuvalu",2003,1
"TUV","Tuvalu",2004,1
"TUV","Tuvalu",2005,1
"TUV","Tuvalu",2006,1
"TUV","Tuvalu",2007,1
"TUV","Tuvalu",2008,1
"TUV","Tuvalu",2009,1
"TUV","Tuvalu",2010,1
"TUV","Tuvalu",2011,1
"TUV","Tuvalu",2012,1
"TUV","Tuvalu",2013,1
"TUV","Tuvalu",2014,1
"TUV","Tuvalu",2015,1
"TUV","Tuvalu",2016,1
"TUV","Tuvalu",2017,1
"TUV","Tuvalu",2018,1
"TUV","Tuvalu",2019,1
"TUV","Tuvalu",2020,1
"TUV","Tuvalu",2021,1
"TUV","Tuvalu",2022,1
"UGA","Uganda",1995,0
"UGA","Uganda",1996,0
"UGA","Uganda",1997,0
"UGA","Uganda",1998,0
"UGA","Uganda",1999,0
"UGA","Uganda",2000,0
"UGA","Uganda",2001,0
"UGA","Uganda",2002,0
"UGA","Uganda",2003,0
"UGA","Uganda",2004,0
"UGA","Uganda",2005,0
"UGA","Uganda",2006,0
"UGA","Uganda",2007,0
"UGA","Uganda",2008,0
"UGA","Uganda",2009,0
"UGA","Uganda",2010,0
"UGA","Uganda",2011,0
"UGA","Uganda",2012,0
"UGA","Uganda",2013,0
"UGA","Uganda",2014,0
"UGA","Uganda",2015,0
"UGA","Uganda",2016,0
"UGA","Uganda",2017,0
"UGA","Uganda",2018,0
"UGA","Uganda",2019,0
"UGA","Uganda",2020,0
"UGA","Uganda",2021,0
"UGA","Uganda",2022,0
"UKR","Ukraine",1995,0.531032608572059
"UKR","Ukraine",1996,0.531032608572059
"UKR","Ukraine",1997,0.531032608572059
"UKR","Ukraine",1998,0.531032608572059
"UKR","Ukraine",1999,0.531032608572059
"UKR","Ukraine",2000,0.531032608572059
"UKR","Ukraine",2001,0.531032608572059
"UKR","Ukraine",2002,0.531032608572059
"UKR","Ukraine",2003,0.531032608572059
"UKR","Ukraine",2004,0.531032608572059
"UKR","Ukraine",2005,0.531032608572059
"UKR","Ukraine",2006,0.531032608572059
"UKR","Ukraine",2007,0.531032608572059
"UKR","Ukraine",2008,0.531032608572059
"UKR","Ukraine",2009,0.531032608572059
"UKR","Ukraine",2010,0.531032608572059
"UKR","Ukraine",2011,0.531032608572059
"UKR","Ukraine",2012,0.531032608572059
"UKR","Ukraine",2013,0.531032608572059
"UKR","Ukraine",2014,0.531032608572059
"UKR","Ukraine",2015,0.531032608572059
"UKR","Ukraine",2016,0.531032608572059
"UKR","Ukraine",2017,0.531032608572059
"UKR","Ukraine",2018,0.531032608572059
"UKR","Ukraine",2019,0.531032608572059
"UKR","Ukraine",2020,0.531032608572059
"UKR","Ukraine",2021,0.531032608572059
"UKR","Ukraine",2022,0.531032608572059
"ARE","United Arab Emirates",1995,0.307754058731361
"ARE","United Arab Emirates",1996,0.307754058731361
"ARE","United Arab Emirates",1997,0.307754058731361
"ARE","United Arab Emirates",1998,0.307754058731361
"ARE","United Arab Emirates",1999,0.307754058731361
"ARE","United Arab Emirates",2000,0.307754058731361
"ARE","United Arab Emirates",2001,0.307754058731361
"ARE","United Arab Emirates",2002,0.307754058731361
"ARE","United Arab Emirates",2003,0.307754058731361
"ARE","United Arab Emirates",2004,0.307754058731361
"ARE","United Arab Emirates",2005,0.307754058731361
"ARE","United Arab Emirates",2006,0.307754058731361
"ARE","United Arab Emirates",2007,0.307754058731361
"ARE","United Arab Emirates",2008,0.307754058731361
"ARE","United Arab Emirates",2009,0.307754058731361
"ARE","United Arab Emirates",2010,0.307754058731361
"ARE","United Arab Emirates",2011,0.307754058731361
"ARE","United Arab Emirates",2012,0.307754058731361
"ARE","United Arab Emirates",2013,0.307754058731361
"ARE","United Arab Emirates",2014,0.307754058731361
"ARE","United Arab Emirates",2015,0.307754058731361
"ARE","United Arab Emirates",2016,0.307754058731361
"ARE","United Arab Emirates",2017,0.307754058731361
"ARE","United Arab Emirates",2018,0.307754058731361
"ARE","United Arab Emirates",2019,0.307754058731361
"ARE","United Arab Emirates",2020,0.307754058731361
"ARE","United Arab Emirates",2021,0.307754058731361
"ARE","United Arab Emirates",2022,0.307754058731361
"GBR","United Kingdom",1995,0.546363572274868
"GBR","United Kingdom",1996,0.546363572274868
"GBR","United Kingdom",1997,0.546363572274868
"GBR","United Kingdom",1998,0.546363572274868
"GBR","United Kingdom",1999,0.546363572274868
"GBR","United Kingdom",2000,0.546363572274868
"GBR","United Kingdom",2001,0.546363572274868
"GBR","United Kingdom",2002,0.546363572274868
"GBR","United Kingdom",2003,0.546363572274868
"GBR","United Kingdom",2004,0.546363572274868
"GBR","United Kingdom",2005,0.546363572274868
"GBR","United Kingdom",2006,0.546363572274868
"GBR","United Kingdom",2007,0.546363572274868
"GBR","United Kingdom",2008,0.546363572274868
"GBR","United Kingdom",2009,0.546363572274868
"GBR","United Kingdom",2010,0.546363572274868
"GBR","United Kingdom",2011,0.546363572274868
"GBR","United Kingdom",2012,0.546363572274868
"GBR","United Kingdom",2013,0.546363572274868
"GBR","United Kingdom",2014,0.546363572274868
"GBR","United Kingdom",2015,0.546363572274868
"GBR","United Kingdom",2016,0.546363572274868
"GBR","United Kingdom",2017,0.546363572274868
"GBR","United Kingdom",2018,0.546363572274868
"GBR","United Kingdom",2019,0.546363572274868
"GBR","United Kingdom",2020,0.546363572274868
"GBR","United Kingdom",2021,0.546363572274868
"GBR","United Kingdom",2022,0.546363572274868
"USA","United States",1995,1
"USA","United States",1996,1
"USA","United States",1997,1
"USA","United States",1998,1
"USA","United States",1999,1
"USA","United States",2000,1
"USA","United States",2001,1
"USA","United States",2002,1
"USA","United States",2003,1
"USA","United States",2004,1
"USA","United States",2005,1
"USA","United States",2006,1
"USA","United States",2007,1
"USA","United States",2008,1
"USA","United States",2009,1
"USA","United States",2010,1
"USA","United States",2011,1
"USA","United States",2012,1
"USA","United States",2013,1
"USA","United States",2014,1
"USA","United States",2015,1
"USA","United States",2016,1
"USA","United States",2017,1
"USA","United States",2018,1
"USA","United States",2019,1
"USA","United States",2020,1
"USA","United States",2021,1
"USA","United States",2022,1
"URY","Uruguay",1995,0.479440839968071
"URY","Uruguay",1996,0.479440839968071
"URY","Uruguay",1997,0.479440839968071
"URY","Uruguay",1998,0.479440839968071
"URY","Uruguay",1999,0.479440839968071
"URY","Uruguay",2000,0.479440839968071
"URY","Uruguay",2001,0.479440839968071
"URY","Uruguay",2002,0.479440839968071
"URY","Uruguay",2003,0.479440839968071
"URY","Uruguay",2004,0.479440839968071
"URY","Uruguay",2005,0.479440839968071
"URY","Uruguay",2006,0.479440839968071
"URY","Uruguay",2007,0.479440839968071
"URY","Uruguay",2008,0.479440839968071
"URY","Uruguay",2009,0.479440839968071
"URY","Uruguay",2010,0.479440839968071
"URY","Uruguay",2011,0.479440839968071
"URY","Uruguay",2012,0.479440839968071
"URY","Uruguay",2013,0.479440839968071
"URY","Uruguay",2014,0.479440839968071
"URY","Uruguay",2015,0.479440839968071
"URY","Uruguay",2016,0.479440839968071
"URY","Uruguay",2017,0.479440839968071
"URY","Uruguay",2018,0.479440839968071
"URY","Uruguay",2019,0.479440839968071
"URY","Uruguay",2020,0.479440839968071
"URY","Uruguay",2021,0.479440839968071
"URY","Uruguay",2022,0.479440839968071
"UZB","Uzbekistan",1995,0
"UZB","Uzbekistan",1996,0
"UZB","Uzbekistan",1997,0
"UZB","Uzbekistan",1998,0
"UZB","Uzbekistan",1999,0
"UZB","Uzbekistan",2000,0
"UZB","Uzbekistan",2001,0
"UZB","Uzbekistan",2002,0
"UZB","Uzbekistan",2003,0
"UZB","Uzbekistan",2004,0
"UZB","Uzbekistan",2005,0
"UZB","Uzbekistan",2006,0
"UZB","Uzbekistan",2007,0
"UZB","Uzbekistan",2008,0
"UZB","Uzbekistan",2009,0
"UZB","Uzbekistan",2010,0
"UZB","Uzbekistan",2011,0
"UZB","Uzbekistan",2012,0
"UZB","Uzbekistan",2013,0
"UZB","Uzbekistan",2014,0
"UZB","Uzbekistan",2015,0
"UZB","Uzbekistan",2016,0
"UZB","Uzbekistan",2017,0
"UZB","Uzbekistan",2018,0
"UZB","Uzbekistan",2019,0
"UZB","Uzbekistan",2020,0
"UZB","Uzbekistan",2021,0
"UZB","Uzbekistan",2022,0
"VUT","Vanuatu",1995,0.461345686340058
"VUT","Vanuatu",1996,0.461345686340058
"VUT","Vanuatu",1997,0.461345686340058
"VUT","Vanuatu",1998,0.461345686340058
"VUT","Vanuatu",1999,0.461345686340058
"VUT","Vanuatu",2000,0.461345686340058
"VUT","Vanuatu",2001,0.461345686340058
"VUT","Vanuatu",2002,0.461345686340058
"VUT","Vanuatu",2003,0.461345686340058
"VUT","Vanuatu",2004,0.461345686340058
"VUT","Vanuatu",2005,0.461345686340058
"VUT","Vanuatu",2006,0.461345686340058
"VUT","Vanuatu",2007,0.461345686340058
"VUT","Vanuatu",2008,0.461345686340058
"VUT","Vanuatu",2009,0.461345686340058
"VUT","Vanuatu",2010,0.461345686340058
"VUT","Vanuatu",2011,0.461345686340058
"VUT","Vanuatu",2012,0.461345686340058
"VUT","Vanuatu",2013,0.461345686340058
"VUT","Vanuatu",2014,0.461345686340058
"VUT","Vanuatu",2015,0.461345686340058
"VUT","Vanuatu",2016,0.461345686340058
"VUT","Vanuatu",2017,0.461345686340058
"VUT","Vanuatu",2018,0.461345686340058
"VUT","Vanuatu",2019,0.461345686340058
"VUT","Vanuatu",2020,0.461345686340058
"VUT","Vanuatu",2021,0.461345686340058
"VUT","Vanuatu",2022,0.461345686340058
"VEN","Venezuela, Bolivarian Republic o",1995,0.328870377571743
"VEN","Venezuela, Bolivarian Republic o",1996,0.328870377571743
"VEN","Venezuela, Bolivarian Republic o",1997,0.328870377571743
"VEN","Venezuela, Bolivarian Republic o",1998,0.328870377571743
"VEN","Venezuela, Bolivarian Republic o",1999,0.328870377571743
"VEN","Venezuela, Bolivarian Republic o",2000,0.328870377571743
"VEN","Venezuela, Bolivarian Republic o",2001,0.328870377571743
"VEN","Venezuela, Bolivarian Republic o",2002,0.328870377571743
"VEN","Venezuela, Bolivarian Republic o",2003,0.328870377571743
"VEN","Venezuela, Bolivarian Republic o",2004,0.328870377571743
"VEN","Venezuela, Bolivarian Republic o",2005,0.328870377571743
"VEN","Venezuela, Bolivarian Republic o",2006,0.328870377571743
"VEN","Venezuela, Bolivarian Republic o",2007,0.328870377571743
"VEN","Venezuela, Bolivarian Republic o",2008,0.328870377571743
"VEN","Venezuela, Bolivarian Republic o",2009,0.328870377571743
"VEN","Venezuela, Bolivarian Republic o",2010,0.328870377571743
"VEN","Venezuela, Bolivarian Republic o",2011,0.328870377571743
"VEN","Venezuela, Bolivarian Republic o",2012,0.328870377571743
"VEN","Venezuela, Bolivarian Republic o",2013,0.328870377571743
"VEN","Venezuela, Bolivarian Republic o",2014,0.328870377571743
"VEN","Venezuela, Bolivarian Republic o",2015,0.328870377571743
"VEN","Venezuela, Bolivarian Republic o",2016,0.328870377571743
"VEN","Venezuela, Bolivarian Republic o",2017,0.328870377571743
"VEN","Venezuela, Bolivarian Republic o",2018,0.328870377571743
"VEN","Venezuela, Bolivarian Republic o",2019,0.328870377571743
"VEN","Venezuela, Bolivarian Republic o",2020,0.328870377571743
"VEN","Venezuela, Bolivarian Republic o",2021,0.328870377571743
"VEN","Venezuela, Bolivarian Republic o",2022,0.328870377571743
"VNM","Viet Nam",1995,0.767584045700667
"VNM","Viet Nam",1996,0.767584045700667
"VNM","Viet Nam",1997,0.767584045700667
"VNM","Viet Nam",1998,0.767584045700667
"VNM","Viet Nam",1999,0.767584045700667
"VNM","Viet Nam",2000,0.767584045700667
"VNM","Viet Nam",2001,0.767584045700667
"VNM","Viet Nam",2002,0.767584045700667
"VNM","Viet Nam",2003,0.767584045700667
"VNM","Viet Nam",2004,0.767584045700667
"VNM","Viet Nam",2005,0.767584045700667
"VNM","Viet Nam",2006,0.767584045700667
"VNM","Viet Nam",2007,0.767584045700667
"VNM","Viet Nam",2008,0.767584045700667
"VNM","Viet Nam",2009,0.767584045700667
"VNM","Viet Nam",2010,0.767584045700667
"VNM","Viet Nam",2011,0.767584045700667
"VNM","Viet Nam",2012,0.767584045700667
"VNM","Viet Nam",2013,0.767584045700667
"VNM","Viet Nam",2014,0.767584045700667
"VNM","Viet Nam",2015,0.767584045700667
"VNM","Viet Nam",2016,0.767584045700667
"VNM","Viet Nam",2017,0.767584045700667
"VNM","Viet Nam",2018,0.767584045700667
"VNM","Viet Nam",2019,0.767584045700667
"VNM","Viet Nam",2020,0.767584045700667
"VNM","Viet Nam",2021,0.767584045700667
"VNM","Viet Nam",2022,0.767584045700667
"YEM","Yemen",1995,0.540563435372989
"YEM","Yemen",1996,0.540563435372989
"YEM","Yemen",1997,0.540563435372989
"YEM","Yemen",1998,0.540563435372989
"YEM","Yemen",1999,0.540563435372989
"YEM","Yemen",2000,0.540563435372989
"YEM","Yemen",2001,0.540563435372989
"YEM","Yemen",2002,0.540563435372989
"YEM","Yemen",2003,0.540563435372989
"YEM","Yemen",2004,0.540563435372989
"YEM","Yemen",2005,0.540563435372989
"YEM","Yemen",2006,0.540563435372989
"YEM","Yemen",2007,0.540563435372989
"YEM","Yemen",2008,0.540563435372989
"YEM","Yemen",2009,0.540563435372989
"YEM","Yemen",2010,0.540563435372989
"YEM","Yemen",2011,0.540563435372989
"YEM","Yemen",2012,0.540563435372989
"YEM","Yemen",2013,0.540563435372989
"YEM","Yemen",2014,0.540563435372989
"YEM","Yemen",2015,0.540563435372989
"YEM","Yemen",2016,0.540563435372989
"YEM","Yemen",2017,0.540563435372989
"YEM","Yemen",2018,0.540563435372989
"YEM","Yemen",2019,0.540563435372989
"YEM","Yemen",2020,0.540563435372989
"YEM","Yemen",2021,0.540563435372989
"YEM","Yemen",2022,0.540563435372989
"ZMB","Zambia",1995,0
"ZMB","Zambia",1996,0
"ZMB","Zambia",1997,0
"ZMB","Zambia",1998,0
"ZMB","Zambia",1999,0
"ZMB","Zambia",2000,0
"ZMB","Zambia",2001,0
"ZMB","Zambia",2002,0
"ZMB","Zambia",2003,0
"ZMB","Zambia",2004,0
"ZMB","Zambia",2005,0
"ZMB","Zambia",2006,0
"ZMB","Zambia",2007,0
"ZMB","Zambia",2008,0
"ZMB","Zambia",2009,0
"ZMB","Zambia",2010,0
"ZMB","Zambia",2011,0
"ZMB","Zambia",2012,0
"ZMB","Zambia",2013,0
"ZMB","Zambia",2014,0
"ZMB","Zambia",2015,0
"ZMB","Zambia",2016,0
"ZMB","Zambia",2017,0
"ZMB","Zambia",2018,0
"ZMB","Zambia",2019,0
"ZMB","Zambia",2020,0
"ZMB","Zambia",2021,0
"ZMB","Zambia",2022,0
"ZWE","Zimbabwe",1995,0
"ZWE","Zimbabwe",1996,0
"ZWE","Zimbabwe",1997,0
"ZWE","Zimbabwe",1998,0
"ZWE","Zimbabwe",1999,0
"ZWE","Zimbabwe",2000,0
"ZWE","Zimbabwe",2001,0
"ZWE","Zimbabwe",2002,0
"ZWE","Zimbabwe",2003,0
"ZWE","Zimbabwe",2004,0
"ZWE","Zimbabwe",2005,0
"ZWE","Zimbabwe",2006,0
"ZWE","Zimbabwe",2007,0
"ZWE","Zimbabwe",2008,0
"ZWE","Zimbabwe",2009,0
"ZWE","Zimbabwe",2010,0
"ZWE","Zimbabwe",2011,0
"ZWE","Zimbabwe",2012,0
"ZWE","Zimbabwe",2013,0
"ZWE","Zimbabwe",2014,0
"ZWE","Zimbabwe",2015,0
"ZWE","Zimbabwe",2016,0
"ZWE","Zimbabwe",2017,0
"ZWE","Zimbabwe",2018,0
"ZWE","Zimbabwe",2019,0
"ZWE","Zimbabwe",2020,0
"ZWE","Zimbabwe",2021,0
"ZWE","Zimbabwe",2022,0
