"ISO3","Name","Year","Value: habi_01_score"
"AFG","Afghanistan",1995,0.0727070514350268
"AFG","Afghanistan",1996,0.0727070514350268
"AFG","Afghanistan",1997,0.0727070514350268
"AFG","Afghanistan",1998,0.0727070514350268
"AFG","Afghanistan",1999,0.0727070514350268
"AFG","Afghanistan",2000,0.0727070514350268
"AFG","Afghanistan",2001,0.0727070514350268
"AFG","Afghanistan",2002,0.0727070514350268
"AFG","Afghanistan",2003,0.0727070514350268
"AFG","Afghanistan",2004,0.0727070514350268
"AFG","Afghanistan",2005,0.0727070514350268
"AFG","Afghanistan",2006,0.0727070514350268
"AFG","Afghanistan",2007,0.0727070514350268
"AFG","Afghanistan",2008,0.0727070514350268
"AFG","Afghanistan",2009,0.0727070514350268
"AFG","Afghanistan",2010,0.0727070514350268
"AFG","Afghanistan",2011,0.0727070514350268
"AFG","Afghanistan",2012,0.0727070514350268
"AFG","Afghanistan",2013,0.0727070514350268
"AFG","Afghanistan",2014,0.0727070514350268
"AFG","Afghanistan",2015,0.0727070514350268
"AFG","Afghanistan",2016,0.0727070514350268
"AFG","Afghanistan",2017,0.0727070514350268
"AFG","Afghanistan",2018,0.0727070514350268
"AFG","Afghanistan",2019,0.0727070514350268
"AFG","Afghanistan",2020,0.0727070514350268
"AFG","Afghanistan",2021,0.0727070514350268
"AFG","Afghanistan",2022,0.0727070514350268
"ALB","Albania",1995,0.107608079663921
"ALB","Albania",1996,0.107608079663921
"ALB","Albania",1997,0.107608079663921
"ALB","Albania",1998,0.107608079663921
"ALB","Albania",1999,0.107608079663921
"ALB","Albania",2000,0.107608079663921
"ALB","Albania",2001,0.107608079663921
"ALB","Albania",2002,0.107608079663921
"ALB","Albania",2003,0.107608079663921
"ALB","Albania",2004,0.107608079663921
"ALB","Albania",2005,0.107608079663921
"ALB","Albania",2006,0.107608079663921
"ALB","Albania",2007,0.107608079663921
"ALB","Albania",2008,0.107608079663921
"ALB","Albania",2009,0.107608079663921
"ALB","Albania",2010,0.107608079663921
"ALB","Albania",2011,0.107608079663921
"ALB","Albania",2012,0.107608079663921
"ALB","Albania",2013,0.107608079663921
"ALB","Albania",2014,0.107608079663921
"ALB","Albania",2015,0.107608079663921
"ALB","Albania",2016,0.107608079663921
"ALB","Albania",2017,0.107608079663921
"ALB","Albania",2018,0.107608079663921
"ALB","Albania",2019,0.107608079663921
"ALB","Albania",2020,0.107608079663921
"ALB","Albania",2021,0.107608079663921
"ALB","Albania",2022,0.107608079663921
"DZA","Algeria",1995,0.102546343750413
"DZA","Algeria",1996,0.102546343750413
"DZA","Algeria",1997,0.102546343750413
"DZA","Algeria",1998,0.102546343750413
"DZA","Algeria",1999,0.102546343750413
"DZA","Algeria",2000,0.102546343750413
"DZA","Algeria",2001,0.102546343750413
"DZA","Algeria",2002,0.102546343750413
"DZA","Algeria",2003,0.102546343750413
"DZA","Algeria",2004,0.102546343750413
"DZA","Algeria",2005,0.102546343750413
"DZA","Algeria",2006,0.102546343750413
"DZA","Algeria",2007,0.102546343750413
"DZA","Algeria",2008,0.102546343750413
"DZA","Algeria",2009,0.102546343750413
"DZA","Algeria",2010,0.102546343750413
"DZA","Algeria",2011,0.102546343750413
"DZA","Algeria",2012,0.102546343750413
"DZA","Algeria",2013,0.102546343750413
"DZA","Algeria",2014,0.102546343750413
"DZA","Algeria",2015,0.102546343750413
"DZA","Algeria",2016,0.102546343750413
"DZA","Algeria",2017,0.102546343750413
"DZA","Algeria",2018,0.102546343750413
"DZA","Algeria",2019,0.102546343750413
"DZA","Algeria",2020,0.102546343750413
"DZA","Algeria",2021,0.102546343750413
"DZA","Algeria",2022,0.102546343750413
"AND","Andorra",1995,0.114333695328565
"AND","Andorra",1996,0.114333695328565
"AND","Andorra",1997,0.114333695328565
"AND","Andorra",1998,0.114333695328565
"AND","Andorra",1999,0.114333695328565
"AND","Andorra",2000,0.114333695328565
"AND","Andorra",2001,0.114333695328565
"AND","Andorra",2002,0.114333695328565
"AND","Andorra",2003,0.114333695328565
"AND","Andorra",2004,0.114333695328565
"AND","Andorra",2005,0.114333695328565
"AND","Andorra",2006,0.114333695328565
"AND","Andorra",2007,0.114333695328565
"AND","Andorra",2008,0.114333695328565
"AND","Andorra",2009,0.114333695328565
"AND","Andorra",2010,0.114333695328565
"AND","Andorra",2011,0.114333695328565
"AND","Andorra",2012,0.114333695328565
"AND","Andorra",2013,0.114333695328565
"AND","Andorra",2014,0.114333695328565
"AND","Andorra",2015,0.114333695328565
"AND","Andorra",2016,0.114333695328565
"AND","Andorra",2017,0.114333695328565
"AND","Andorra",2018,0.114333695328565
"AND","Andorra",2019,0.114333695328565
"AND","Andorra",2020,0.114333695328565
"AND","Andorra",2021,0.114333695328565
"AND","Andorra",2022,0.114333695328565
"AGO","Angola",1995,0.240326101286544
"AGO","Angola",1996,0.240326101286544
"AGO","Angola",1997,0.240326101286544
"AGO","Angola",1998,0.240326101286544
"AGO","Angola",1999,0.240326101286544
"AGO","Angola",2000,0.240326101286544
"AGO","Angola",2001,0.240326101286544
"AGO","Angola",2002,0.240326101286544
"AGO","Angola",2003,0.240326101286544
"AGO","Angola",2004,0.240326101286544
"AGO","Angola",2005,0.240326101286544
"AGO","Angola",2006,0.240326101286544
"AGO","Angola",2007,0.240326101286544
"AGO","Angola",2008,0.240326101286544
"AGO","Angola",2009,0.240326101286544
"AGO","Angola",2010,0.240326101286544
"AGO","Angola",2011,0.240326101286544
"AGO","Angola",2012,0.240326101286544
"AGO","Angola",2013,0.240326101286544
"AGO","Angola",2014,0.240326101286544
"AGO","Angola",2015,0.240326101286544
"AGO","Angola",2016,0.240326101286544
"AGO","Angola",2017,0.240326101286544
"AGO","Angola",2018,0.240326101286544
"AGO","Angola",2019,0.240326101286544
"AGO","Angola",2020,0.240326101286544
"AGO","Angola",2021,0.240326101286544
"AGO","Angola",2022,0.240326101286544
"ATG","Antigua and Barbuda",1995,0.345653811234635
"ATG","Antigua and Barbuda",1996,0.345653811234635
"ATG","Antigua and Barbuda",1997,0.345653811234635
"ATG","Antigua and Barbuda",1998,0.345653811234635
"ATG","Antigua and Barbuda",1999,0.345653811234635
"ATG","Antigua and Barbuda",2000,0.345653811234635
"ATG","Antigua and Barbuda",2001,0.345653811234635
"ATG","Antigua and Barbuda",2002,0.345653811234635
"ATG","Antigua and Barbuda",2003,0.345653811234635
"ATG","Antigua and Barbuda",2004,0.345653811234635
"ATG","Antigua and Barbuda",2005,0.345653811234635
"ATG","Antigua and Barbuda",2006,0.345653811234635
"ATG","Antigua and Barbuda",2007,0.345653811234635
"ATG","Antigua and Barbuda",2008,0.345653811234635
"ATG","Antigua and Barbuda",2009,0.345653811234635
"ATG","Antigua and Barbuda",2010,0.345653811234635
"ATG","Antigua and Barbuda",2011,0.345653811234635
"ATG","Antigua and Barbuda",2012,0.345653811234635
"ATG","Antigua and Barbuda",2013,0.345653811234635
"ATG","Antigua and Barbuda",2014,0.345653811234635
"ATG","Antigua and Barbuda",2015,0.345653811234635
"ATG","Antigua and Barbuda",2016,0.345653811234635
"ATG","Antigua and Barbuda",2017,0.345653811234635
"ATG","Antigua and Barbuda",2018,0.345653811234635
"ATG","Antigua and Barbuda",2019,0.345653811234635
"ATG","Antigua and Barbuda",2020,0.345653811234635
"ATG","Antigua and Barbuda",2021,0.345653811234635
"ATG","Antigua and Barbuda",2022,0.345653811234635
"ARG","Argentina",1995,0.0479279773398916
"ARG","Argentina",1996,0.0479279773398916
"ARG","Argentina",1997,0.0479279773398916
"ARG","Argentina",1998,0.0479279773398916
"ARG","Argentina",1999,0.0479279773398916
"ARG","Argentina",2000,0.0479279773398916
"ARG","Argentina",2001,0.0479279773398916
"ARG","Argentina",2002,0.0479279773398916
"ARG","Argentina",2003,0.0479279773398916
"ARG","Argentina",2004,0.0479279773398916
"ARG","Argentina",2005,0.0479279773398916
"ARG","Argentina",2006,0.0479279773398916
"ARG","Argentina",2007,0.0479279773398916
"ARG","Argentina",2008,0.0479279773398916
"ARG","Argentina",2009,0.0479279773398916
"ARG","Argentina",2010,0.0479279773398916
"ARG","Argentina",2011,0.0479279773398916
"ARG","Argentina",2012,0.0479279773398916
"ARG","Argentina",2013,0.0479279773398916
"ARG","Argentina",2014,0.0479279773398916
"ARG","Argentina",2015,0.0479279773398916
"ARG","Argentina",2016,0.0479279773398916
"ARG","Argentina",2017,0.0479279773398916
"ARG","Argentina",2018,0.0479279773398916
"ARG","Argentina",2019,0.0479279773398916
"ARG","Argentina",2020,0.0479279773398916
"ARG","Argentina",2021,0.0479279773398916
"ARG","Argentina",2022,0.0479279773398916
"ARM","Armenia",1995,0.0613735590727745
"ARM","Armenia",1996,0.0613735590727745
"ARM","Armenia",1997,0.0613735590727745
"ARM","Armenia",1998,0.0613735590727745
"ARM","Armenia",1999,0.0613735590727745
"ARM","Armenia",2000,0.0613735590727745
"ARM","Armenia",2001,0.0613735590727745
"ARM","Armenia",2002,0.0613735590727745
"ARM","Armenia",2003,0.0613735590727745
"ARM","Armenia",2004,0.0613735590727745
"ARM","Armenia",2005,0.0613735590727745
"ARM","Armenia",2006,0.0613735590727745
"ARM","Armenia",2007,0.0613735590727745
"ARM","Armenia",2008,0.0613735590727745
"ARM","Armenia",2009,0.0613735590727745
"ARM","Armenia",2010,0.0613735590727745
"ARM","Armenia",2011,0.0613735590727745
"ARM","Armenia",2012,0.0613735590727745
"ARM","Armenia",2013,0.0613735590727745
"ARM","Armenia",2014,0.0613735590727745
"ARM","Armenia",2015,0.0613735590727745
"ARM","Armenia",2016,0.0613735590727745
"ARM","Armenia",2017,0.0613735590727745
"ARM","Armenia",2018,0.0613735590727745
"ARM","Armenia",2019,0.0613735590727745
"ARM","Armenia",2020,0.0613735590727745
"ARM","Armenia",2021,0.0613735590727745
"ARM","Armenia",2022,0.0613735590727745
"AUS","Australia",1995,0.107444386913899
"AUS","Australia",1996,0.107444386913899
"AUS","Australia",1997,0.107444386913899
"AUS","Australia",1998,0.107444386913899
"AUS","Australia",1999,0.107444386913899
"AUS","Australia",2000,0.107444386913899
"AUS","Australia",2001,0.107444386913899
"AUS","Australia",2002,0.107444386913899
"AUS","Australia",2003,0.107444386913899
"AUS","Australia",2004,0.107444386913899
"AUS","Australia",2005,0.107444386913899
"AUS","Australia",2006,0.107444386913899
"AUS","Australia",2007,0.107444386913899
"AUS","Australia",2008,0.107444386913899
"AUS","Australia",2009,0.107444386913899
"AUS","Australia",2010,0.107444386913899
"AUS","Australia",2011,0.107444386913899
"AUS","Australia",2012,0.107444386913899
"AUS","Australia",2013,0.107444386913899
"AUS","Australia",2014,0.107444386913899
"AUS","Australia",2015,0.107444386913899
"AUS","Australia",2016,0.107444386913899
"AUS","Australia",2017,0.107444386913899
"AUS","Australia",2018,0.107444386913899
"AUS","Australia",2019,0.107444386913899
"AUS","Australia",2020,0.107444386913899
"AUS","Australia",2021,0.107444386913899
"AUS","Australia",2022,0.107444386913899
"AUT","Austria",1995,0.05825169934831
"AUT","Austria",1996,0.05825169934831
"AUT","Austria",1997,0.05825169934831
"AUT","Austria",1998,0.05825169934831
"AUT","Austria",1999,0.05825169934831
"AUT","Austria",2000,0.05825169934831
"AUT","Austria",2001,0.05825169934831
"AUT","Austria",2002,0.05825169934831
"AUT","Austria",2003,0.05825169934831
"AUT","Austria",2004,0.05825169934831
"AUT","Austria",2005,0.05825169934831
"AUT","Austria",2006,0.05825169934831
"AUT","Austria",2007,0.05825169934831
"AUT","Austria",2008,0.05825169934831
"AUT","Austria",2009,0.05825169934831
"AUT","Austria",2010,0.05825169934831
"AUT","Austria",2011,0.05825169934831
"AUT","Austria",2012,0.05825169934831
"AUT","Austria",2013,0.05825169934831
"AUT","Austria",2014,0.05825169934831
"AUT","Austria",2015,0.05825169934831
"AUT","Austria",2016,0.05825169934831
"AUT","Austria",2017,0.05825169934831
"AUT","Austria",2018,0.05825169934831
"AUT","Austria",2019,0.05825169934831
"AUT","Austria",2020,0.05825169934831
"AUT","Austria",2021,0.05825169934831
"AUT","Austria",2022,0.05825169934831
"AZE","Azerbaijan",1995,0.0945229701189644
"AZE","Azerbaijan",1996,0.0945229701189644
"AZE","Azerbaijan",1997,0.0945229701189644
"AZE","Azerbaijan",1998,0.0945229701189644
"AZE","Azerbaijan",1999,0.0945229701189644
"AZE","Azerbaijan",2000,0.0945229701189644
"AZE","Azerbaijan",2001,0.0945229701189644
"AZE","Azerbaijan",2002,0.0945229701189644
"AZE","Azerbaijan",2003,0.0945229701189644
"AZE","Azerbaijan",2004,0.0945229701189644
"AZE","Azerbaijan",2005,0.0945229701189644
"AZE","Azerbaijan",2006,0.0945229701189644
"AZE","Azerbaijan",2007,0.0945229701189644
"AZE","Azerbaijan",2008,0.0945229701189644
"AZE","Azerbaijan",2009,0.0945229701189644
"AZE","Azerbaijan",2010,0.0945229701189644
"AZE","Azerbaijan",2011,0.0945229701189644
"AZE","Azerbaijan",2012,0.0945229701189644
"AZE","Azerbaijan",2013,0.0945229701189644
"AZE","Azerbaijan",2014,0.0945229701189644
"AZE","Azerbaijan",2015,0.0945229701189644
"AZE","Azerbaijan",2016,0.0945229701189644
"AZE","Azerbaijan",2017,0.0945229701189644
"AZE","Azerbaijan",2018,0.0945229701189644
"AZE","Azerbaijan",2019,0.0945229701189644
"AZE","Azerbaijan",2020,0.0945229701189644
"AZE","Azerbaijan",2021,0.0945229701189644
"AZE","Azerbaijan",2022,0.0945229701189644
"BHS","Bahamas",1995,0.346699494207014
"BHS","Bahamas",1996,0.346699494207014
"BHS","Bahamas",1997,0.346699494207014
"BHS","Bahamas",1998,0.346699494207014
"BHS","Bahamas",1999,0.346699494207014
"BHS","Bahamas",2000,0.346699494207014
"BHS","Bahamas",2001,0.346699494207014
"BHS","Bahamas",2002,0.346699494207014
"BHS","Bahamas",2003,0.346699494207014
"BHS","Bahamas",2004,0.346699494207014
"BHS","Bahamas",2005,0.346699494207014
"BHS","Bahamas",2006,0.346699494207014
"BHS","Bahamas",2007,0.346699494207014
"BHS","Bahamas",2008,0.346699494207014
"BHS","Bahamas",2009,0.346699494207014
"BHS","Bahamas",2010,0.346699494207014
"BHS","Bahamas",2011,0.346699494207014
"BHS","Bahamas",2012,0.346699494207014
"BHS","Bahamas",2013,0.346699494207014
"BHS","Bahamas",2014,0.346699494207014
"BHS","Bahamas",2015,0.346699494207014
"BHS","Bahamas",2016,0.346699494207014
"BHS","Bahamas",2017,0.346699494207014
"BHS","Bahamas",2018,0.346699494207014
"BHS","Bahamas",2019,0.346699494207014
"BHS","Bahamas",2020,0.346699494207014
"BHS","Bahamas",2021,0.346699494207014
"BHS","Bahamas",2022,0.346699494207014
"BHR","Bahrain",1995,0.360198959171174
"BHR","Bahrain",1996,0.360198959171174
"BHR","Bahrain",1997,0.360198959171174
"BHR","Bahrain",1998,0.360198959171174
"BHR","Bahrain",1999,0.360198959171174
"BHR","Bahrain",2000,0.360198959171174
"BHR","Bahrain",2001,0.360198959171174
"BHR","Bahrain",2002,0.360198959171174
"BHR","Bahrain",2003,0.360198959171174
"BHR","Bahrain",2004,0.360198959171174
"BHR","Bahrain",2005,0.360198959171174
"BHR","Bahrain",2006,0.360198959171174
"BHR","Bahrain",2007,0.360198959171174
"BHR","Bahrain",2008,0.360198959171174
"BHR","Bahrain",2009,0.360198959171174
"BHR","Bahrain",2010,0.360198959171174
"BHR","Bahrain",2011,0.360198959171174
"BHR","Bahrain",2012,0.360198959171174
"BHR","Bahrain",2013,0.360198959171174
"BHR","Bahrain",2014,0.360198959171174
"BHR","Bahrain",2015,0.360198959171174
"BHR","Bahrain",2016,0.360198959171174
"BHR","Bahrain",2017,0.360198959171174
"BHR","Bahrain",2018,0.360198959171174
"BHR","Bahrain",2019,0.360198959171174
"BHR","Bahrain",2020,0.360198959171174
"BHR","Bahrain",2021,0.360198959171174
"BHR","Bahrain",2022,0.360198959171174
"BGD","Bangladesh",1995,0.0262133271126673
"BGD","Bangladesh",1996,0.0262133271126673
"BGD","Bangladesh",1997,0.0262133271126673
"BGD","Bangladesh",1998,0.0262133271126673
"BGD","Bangladesh",1999,0.0262133271126673
"BGD","Bangladesh",2000,0.0262133271126673
"BGD","Bangladesh",2001,0.0262133271126673
"BGD","Bangladesh",2002,0.0262133271126673
"BGD","Bangladesh",2003,0.0262133271126673
"BGD","Bangladesh",2004,0.0262133271126673
"BGD","Bangladesh",2005,0.0262133271126673
"BGD","Bangladesh",2006,0.0262133271126673
"BGD","Bangladesh",2007,0.0262133271126673
"BGD","Bangladesh",2008,0.0262133271126673
"BGD","Bangladesh",2009,0.0262133271126673
"BGD","Bangladesh",2010,0.0262133271126673
"BGD","Bangladesh",2011,0.0262133271126673
"BGD","Bangladesh",2012,0.0262133271126673
"BGD","Bangladesh",2013,0.0262133271126673
"BGD","Bangladesh",2014,0.0262133271126673
"BGD","Bangladesh",2015,0.0262133271126673
"BGD","Bangladesh",2016,0.0262133271126673
"BGD","Bangladesh",2017,0.0262133271126673
"BGD","Bangladesh",2018,0.0262133271126673
"BGD","Bangladesh",2019,0.0262133271126673
"BGD","Bangladesh",2020,0.0262133271126673
"BGD","Bangladesh",2021,0.0262133271126673
"BGD","Bangladesh",2022,0.0262133271126673
"BRB","Barbados",1995,0.380665086702656
"BRB","Barbados",1996,0.380665086702656
"BRB","Barbados",1997,0.380665086702656
"BRB","Barbados",1998,0.380665086702656
"BRB","Barbados",1999,0.380665086702656
"BRB","Barbados",2000,0.380665086702656
"BRB","Barbados",2001,0.380665086702656
"BRB","Barbados",2002,0.380665086702656
"BRB","Barbados",2003,0.380665086702656
"BRB","Barbados",2004,0.380665086702656
"BRB","Barbados",2005,0.380665086702656
"BRB","Barbados",2006,0.380665086702656
"BRB","Barbados",2007,0.380665086702656
"BRB","Barbados",2008,0.380665086702656
"BRB","Barbados",2009,0.380665086702656
"BRB","Barbados",2010,0.380665086702656
"BRB","Barbados",2011,0.380665086702656
"BRB","Barbados",2012,0.380665086702656
"BRB","Barbados",2013,0.380665086702656
"BRB","Barbados",2014,0.380665086702656
"BRB","Barbados",2015,0.380665086702656
"BRB","Barbados",2016,0.380665086702656
"BRB","Barbados",2017,0.380665086702656
"BRB","Barbados",2018,0.380665086702656
"BRB","Barbados",2019,0.380665086702656
"BRB","Barbados",2020,0.380665086702656
"BRB","Barbados",2021,0.380665086702656
"BRB","Barbados",2022,0.380665086702656
"BLR","Belarus",1995,0.0686191759156277
"BLR","Belarus",1996,0.0686191759156277
"BLR","Belarus",1997,0.0686191759156277
"BLR","Belarus",1998,0.0686191759156277
"BLR","Belarus",1999,0.0686191759156277
"BLR","Belarus",2000,0.0686191759156277
"BLR","Belarus",2001,0.0686191759156277
"BLR","Belarus",2002,0.0686191759156277
"BLR","Belarus",2003,0.0686191759156277
"BLR","Belarus",2004,0.0686191759156277
"BLR","Belarus",2005,0.0686191759156277
"BLR","Belarus",2006,0.0686191759156277
"BLR","Belarus",2007,0.0686191759156277
"BLR","Belarus",2008,0.0686191759156277
"BLR","Belarus",2009,0.0686191759156277
"BLR","Belarus",2010,0.0686191759156277
"BLR","Belarus",2011,0.0686191759156277
"BLR","Belarus",2012,0.0686191759156277
"BLR","Belarus",2013,0.0686191759156277
"BLR","Belarus",2014,0.0686191759156277
"BLR","Belarus",2015,0.0686191759156277
"BLR","Belarus",2016,0.0686191759156277
"BLR","Belarus",2017,0.0686191759156277
"BLR","Belarus",2018,0.0686191759156277
"BLR","Belarus",2019,0.0686191759156277
"BLR","Belarus",2020,0.0686191759156277
"BLR","Belarus",2021,0.0686191759156277
"BLR","Belarus",2022,0.0686191759156277
"BEL","Belgium",1995,0.081978578284857
"BEL","Belgium",1996,0.081978578284857
"BEL","Belgium",1997,0.081978578284857
"BEL","Belgium",1998,0.081978578284857
"BEL","Belgium",1999,0.081978578284857
"BEL","Belgium",2000,0.081978578284857
"BEL","Belgium",2001,0.081978578284857
"BEL","Belgium",2002,0.081978578284857
"BEL","Belgium",2003,0.081978578284857
"BEL","Belgium",2004,0.081978578284857
"BEL","Belgium",2005,0.081978578284857
"BEL","Belgium",2006,0.081978578284857
"BEL","Belgium",2007,0.081978578284857
"BEL","Belgium",2008,0.081978578284857
"BEL","Belgium",2009,0.081978578284857
"BEL","Belgium",2010,0.081978578284857
"BEL","Belgium",2011,0.081978578284857
"BEL","Belgium",2012,0.081978578284857
"BEL","Belgium",2013,0.081978578284857
"BEL","Belgium",2014,0.081978578284857
"BEL","Belgium",2015,0.081978578284857
"BEL","Belgium",2016,0.081978578284857
"BEL","Belgium",2017,0.081978578284857
"BEL","Belgium",2018,0.081978578284857
"BEL","Belgium",2019,0.081978578284857
"BEL","Belgium",2020,0.081978578284857
"BEL","Belgium",2021,0.081978578284857
"BEL","Belgium",2022,0.081978578284857
"BLZ","Belize",1995,0.279144451842558
"BLZ","Belize",1996,0.279144451842558
"BLZ","Belize",1997,0.279144451842558
"BLZ","Belize",1998,0.279144451842558
"BLZ","Belize",1999,0.279144451842558
"BLZ","Belize",2000,0.279144451842558
"BLZ","Belize",2001,0.279144451842558
"BLZ","Belize",2002,0.279144451842558
"BLZ","Belize",2003,0.279144451842558
"BLZ","Belize",2004,0.279144451842558
"BLZ","Belize",2005,0.279144451842558
"BLZ","Belize",2006,0.279144451842558
"BLZ","Belize",2007,0.279144451842558
"BLZ","Belize",2008,0.279144451842558
"BLZ","Belize",2009,0.279144451842558
"BLZ","Belize",2010,0.279144451842558
"BLZ","Belize",2011,0.279144451842558
"BLZ","Belize",2012,0.279144451842558
"BLZ","Belize",2013,0.279144451842558
"BLZ","Belize",2014,0.279144451842558
"BLZ","Belize",2015,0.279144451842558
"BLZ","Belize",2016,0.279144451842558
"BLZ","Belize",2017,0.279144451842558
"BLZ","Belize",2018,0.279144451842558
"BLZ","Belize",2019,0.279144451842558
"BLZ","Belize",2020,0.279144451842558
"BLZ","Belize",2021,0.279144451842558
"BLZ","Belize",2022,0.279144451842558
"BEN","Benin",1995,0.218864281109096
"BEN","Benin",1996,0.218864281109096
"BEN","Benin",1997,0.218864281109096
"BEN","Benin",1998,0.218864281109096
"BEN","Benin",1999,0.218864281109096
"BEN","Benin",2000,0.218864281109096
"BEN","Benin",2001,0.218864281109096
"BEN","Benin",2002,0.218864281109096
"BEN","Benin",2003,0.218864281109096
"BEN","Benin",2004,0.218864281109096
"BEN","Benin",2005,0.218864281109096
"BEN","Benin",2006,0.218864281109096
"BEN","Benin",2007,0.218864281109096
"BEN","Benin",2008,0.218864281109096
"BEN","Benin",2009,0.218864281109096
"BEN","Benin",2010,0.218864281109096
"BEN","Benin",2011,0.218864281109096
"BEN","Benin",2012,0.218864281109096
"BEN","Benin",2013,0.218864281109096
"BEN","Benin",2014,0.218864281109096
"BEN","Benin",2015,0.218864281109096
"BEN","Benin",2016,0.218864281109096
"BEN","Benin",2017,0.218864281109096
"BEN","Benin",2018,0.218864281109096
"BEN","Benin",2019,0.218864281109096
"BEN","Benin",2020,0.218864281109096
"BEN","Benin",2021,0.218864281109096
"BEN","Benin",2022,0.218864281109096
"BTN","Bhutan",1995,0.0564719683554642
"BTN","Bhutan",1996,0.0564719683554642
"BTN","Bhutan",1997,0.0564719683554642
"BTN","Bhutan",1998,0.0564719683554642
"BTN","Bhutan",1999,0.0564719683554642
"BTN","Bhutan",2000,0.0564719683554642
"BTN","Bhutan",2001,0.0564719683554642
"BTN","Bhutan",2002,0.0564719683554642
"BTN","Bhutan",2003,0.0564719683554642
"BTN","Bhutan",2004,0.0564719683554642
"BTN","Bhutan",2005,0.0564719683554642
"BTN","Bhutan",2006,0.0564719683554642
"BTN","Bhutan",2007,0.0564719683554642
"BTN","Bhutan",2008,0.0564719683554642
"BTN","Bhutan",2009,0.0564719683554642
"BTN","Bhutan",2010,0.0564719683554642
"BTN","Bhutan",2011,0.0564719683554642
"BTN","Bhutan",2012,0.0564719683554642
"BTN","Bhutan",2013,0.0564719683554642
"BTN","Bhutan",2014,0.0564719683554642
"BTN","Bhutan",2015,0.0564719683554642
"BTN","Bhutan",2016,0.0564719683554642
"BTN","Bhutan",2017,0.0564719683554642
"BTN","Bhutan",2018,0.0564719683554642
"BTN","Bhutan",2019,0.0564719683554642
"BTN","Bhutan",2020,0.0564719683554642
"BTN","Bhutan",2021,0.0564719683554642
"BTN","Bhutan",2022,0.0564719683554642
"BOL","Bolivia, Plurinational State of",1995,0.262771706441505
"BOL","Bolivia, Plurinational State of",1996,0.262771706441505
"BOL","Bolivia, Plurinational State of",1997,0.262771706441505
"BOL","Bolivia, Plurinational State of",1998,0.262771706441505
"BOL","Bolivia, Plurinational State of",1999,0.262771706441505
"BOL","Bolivia, Plurinational State of",2000,0.262771706441505
"BOL","Bolivia, Plurinational State of",2001,0.262771706441505
"BOL","Bolivia, Plurinational State of",2002,0.262771706441505
"BOL","Bolivia, Plurinational State of",2003,0.262771706441505
"BOL","Bolivia, Plurinational State of",2004,0.262771706441505
"BOL","Bolivia, Plurinational State of",2005,0.262771706441505
"BOL","Bolivia, Plurinational State of",2006,0.262771706441505
"BOL","Bolivia, Plurinational State of",2007,0.262771706441505
"BOL","Bolivia, Plurinational State of",2008,0.262771706441505
"BOL","Bolivia, Plurinational State of",2009,0.262771706441505
"BOL","Bolivia, Plurinational State of",2010,0.262771706441505
"BOL","Bolivia, Plurinational State of",2011,0.262771706441505
"BOL","Bolivia, Plurinational State of",2012,0.262771706441505
"BOL","Bolivia, Plurinational State of",2013,0.262771706441505
"BOL","Bolivia, Plurinational State of",2014,0.262771706441505
"BOL","Bolivia, Plurinational State of",2015,0.262771706441505
"BOL","Bolivia, Plurinational State of",2016,0.262771706441505
"BOL","Bolivia, Plurinational State of",2017,0.262771706441505
"BOL","Bolivia, Plurinational State of",2018,0.262771706441505
"BOL","Bolivia, Plurinational State of",2019,0.262771706441505
"BOL","Bolivia, Plurinational State of",2020,0.262771706441505
"BOL","Bolivia, Plurinational State of",2021,0.262771706441505
"BOL","Bolivia, Plurinational State of",2022,0.262771706441505
"BIH","Bosnia and Herzegovina",1995,0.0743031233260582
"BIH","Bosnia and Herzegovina",1996,0.0743031233260582
"BIH","Bosnia and Herzegovina",1997,0.0743031233260582
"BIH","Bosnia and Herzegovina",1998,0.0743031233260582
"BIH","Bosnia and Herzegovina",1999,0.0743031233260582
"BIH","Bosnia and Herzegovina",2000,0.0743031233260582
"BIH","Bosnia and Herzegovina",2001,0.0743031233260582
"BIH","Bosnia and Herzegovina",2002,0.0743031233260582
"BIH","Bosnia and Herzegovina",2003,0.0743031233260582
"BIH","Bosnia and Herzegovina",2004,0.0743031233260582
"BIH","Bosnia and Herzegovina",2005,0.0743031233260582
"BIH","Bosnia and Herzegovina",2006,0.0743031233260582
"BIH","Bosnia and Herzegovina",2007,0.0743031233260582
"BIH","Bosnia and Herzegovina",2008,0.0743031233260582
"BIH","Bosnia and Herzegovina",2009,0.0743031233260582
"BIH","Bosnia and Herzegovina",2010,0.0743031233260582
"BIH","Bosnia and Herzegovina",2011,0.0743031233260582
"BIH","Bosnia and Herzegovina",2012,0.0743031233260582
"BIH","Bosnia and Herzegovina",2013,0.0743031233260582
"BIH","Bosnia and Herzegovina",2014,0.0743031233260582
"BIH","Bosnia and Herzegovina",2015,0.0743031233260582
"BIH","Bosnia and Herzegovina",2016,0.0743031233260582
"BIH","Bosnia and Herzegovina",2017,0.0743031233260582
"BIH","Bosnia and Herzegovina",2018,0.0743031233260582
"BIH","Bosnia and Herzegovina",2019,0.0743031233260582
"BIH","Bosnia and Herzegovina",2020,0.0743031233260582
"BIH","Bosnia and Herzegovina",2021,0.0743031233260582
"BIH","Bosnia and Herzegovina",2022,0.0743031233260582
"BWA","Botswana",1995,0.112392777621048
"BWA","Botswana",1996,0.112392777621048
"BWA","Botswana",1997,0.112392777621048
"BWA","Botswana",1998,0.112392777621048
"BWA","Botswana",1999,0.112392777621048
"BWA","Botswana",2000,0.112392777621048
"BWA","Botswana",2001,0.112392777621048
"BWA","Botswana",2002,0.112392777621048
"BWA","Botswana",2003,0.112392777621048
"BWA","Botswana",2004,0.112392777621048
"BWA","Botswana",2005,0.112392777621048
"BWA","Botswana",2006,0.112392777621048
"BWA","Botswana",2007,0.112392777621048
"BWA","Botswana",2008,0.112392777621048
"BWA","Botswana",2009,0.112392777621048
"BWA","Botswana",2010,0.112392777621048
"BWA","Botswana",2011,0.112392777621048
"BWA","Botswana",2012,0.112392777621048
"BWA","Botswana",2013,0.112392777621048
"BWA","Botswana",2014,0.112392777621048
"BWA","Botswana",2015,0.112392777621048
"BWA","Botswana",2016,0.112392777621048
"BWA","Botswana",2017,0.112392777621048
"BWA","Botswana",2018,0.112392777621048
"BWA","Botswana",2019,0.112392777621048
"BWA","Botswana",2020,0.112392777621048
"BWA","Botswana",2021,0.112392777621048
"BWA","Botswana",2022,0.112392777621048
"BRA","Brazil",1995,0.273512693798774
"BRA","Brazil",1996,0.273512693798774
"BRA","Brazil",1997,0.273512693798774
"BRA","Brazil",1998,0.273512693798774
"BRA","Brazil",1999,0.273512693798774
"BRA","Brazil",2000,0.273512693798774
"BRA","Brazil",2001,0.273512693798774
"BRA","Brazil",2002,0.273512693798774
"BRA","Brazil",2003,0.273512693798774
"BRA","Brazil",2004,0.273512693798774
"BRA","Brazil",2005,0.273512693798774
"BRA","Brazil",2006,0.273512693798774
"BRA","Brazil",2007,0.273512693798774
"BRA","Brazil",2008,0.273512693798774
"BRA","Brazil",2009,0.273512693798774
"BRA","Brazil",2010,0.273512693798774
"BRA","Brazil",2011,0.273512693798774
"BRA","Brazil",2012,0.273512693798774
"BRA","Brazil",2013,0.273512693798774
"BRA","Brazil",2014,0.273512693798774
"BRA","Brazil",2015,0.273512693798774
"BRA","Brazil",2016,0.273512693798774
"BRA","Brazil",2017,0.273512693798774
"BRA","Brazil",2018,0.273512693798774
"BRA","Brazil",2019,0.273512693798774
"BRA","Brazil",2020,0.273512693798774
"BRA","Brazil",2021,0.273512693798774
"BRA","Brazil",2022,0.273512693798774
"BRN","Brunei Darussalam",1995,0.632701605557331
"BRN","Brunei Darussalam",1996,0.632701605557331
"BRN","Brunei Darussalam",1997,0.632701605557331
"BRN","Brunei Darussalam",1998,0.632701605557331
"BRN","Brunei Darussalam",1999,0.632701605557331
"BRN","Brunei Darussalam",2000,0.632701605557331
"BRN","Brunei Darussalam",2001,0.632701605557331
"BRN","Brunei Darussalam",2002,0.632701605557331
"BRN","Brunei Darussalam",2003,0.632701605557331
"BRN","Brunei Darussalam",2004,0.632701605557331
"BRN","Brunei Darussalam",2005,0.632701605557331
"BRN","Brunei Darussalam",2006,0.632701605557331
"BRN","Brunei Darussalam",2007,0.632701605557331
"BRN","Brunei Darussalam",2008,0.632701605557331
"BRN","Brunei Darussalam",2009,0.632701605557331
"BRN","Brunei Darussalam",2010,0.632701605557331
"BRN","Brunei Darussalam",2011,0.632701605557331
"BRN","Brunei Darussalam",2012,0.632701605557331
"BRN","Brunei Darussalam",2013,0.632701605557331
"BRN","Brunei Darussalam",2014,0.632701605557331
"BRN","Brunei Darussalam",2015,0.632701605557331
"BRN","Brunei Darussalam",2016,0.632701605557331
"BRN","Brunei Darussalam",2017,0.632701605557331
"BRN","Brunei Darussalam",2018,0.632701605557331
"BRN","Brunei Darussalam",2019,0.632701605557331
"BRN","Brunei Darussalam",2020,0.632701605557331
"BRN","Brunei Darussalam",2021,0.632701605557331
"BRN","Brunei Darussalam",2022,0.632701605557331
"BGR","Bulgaria",1995,0.0978803513756316
"BGR","Bulgaria",1996,0.0978803513756316
"BGR","Bulgaria",1997,0.0978803513756316
"BGR","Bulgaria",1998,0.0978803513756316
"BGR","Bulgaria",1999,0.0978803513756316
"BGR","Bulgaria",2000,0.0978803513756316
"BGR","Bulgaria",2001,0.0978803513756316
"BGR","Bulgaria",2002,0.0978803513756316
"BGR","Bulgaria",2003,0.0978803513756316
"BGR","Bulgaria",2004,0.0978803513756316
"BGR","Bulgaria",2005,0.0978803513756316
"BGR","Bulgaria",2006,0.0978803513756316
"BGR","Bulgaria",2007,0.0978803513756316
"BGR","Bulgaria",2008,0.0978803513756316
"BGR","Bulgaria",2009,0.0978803513756316
"BGR","Bulgaria",2010,0.0978803513756316
"BGR","Bulgaria",2011,0.0978803513756316
"BGR","Bulgaria",2012,0.0978803513756316
"BGR","Bulgaria",2013,0.0978803513756316
"BGR","Bulgaria",2014,0.0978803513756316
"BGR","Bulgaria",2015,0.0978803513756316
"BGR","Bulgaria",2016,0.0978803513756316
"BGR","Bulgaria",2017,0.0978803513756316
"BGR","Bulgaria",2018,0.0978803513756316
"BGR","Bulgaria",2019,0.0978803513756316
"BGR","Bulgaria",2020,0.0978803513756316
"BGR","Bulgaria",2021,0.0978803513756316
"BGR","Bulgaria",2022,0.0978803513756316
"BFA","Burkina Faso",1995,0.217929411999708
"BFA","Burkina Faso",1996,0.217929411999708
"BFA","Burkina Faso",1997,0.217929411999708
"BFA","Burkina Faso",1998,0.217929411999708
"BFA","Burkina Faso",1999,0.217929411999708
"BFA","Burkina Faso",2000,0.217929411999708
"BFA","Burkina Faso",2001,0.217929411999708
"BFA","Burkina Faso",2002,0.217929411999708
"BFA","Burkina Faso",2003,0.217929411999708
"BFA","Burkina Faso",2004,0.217929411999708
"BFA","Burkina Faso",2005,0.217929411999708
"BFA","Burkina Faso",2006,0.217929411999708
"BFA","Burkina Faso",2007,0.217929411999708
"BFA","Burkina Faso",2008,0.217929411999708
"BFA","Burkina Faso",2009,0.217929411999708
"BFA","Burkina Faso",2010,0.217929411999708
"BFA","Burkina Faso",2011,0.217929411999708
"BFA","Burkina Faso",2012,0.217929411999708
"BFA","Burkina Faso",2013,0.217929411999708
"BFA","Burkina Faso",2014,0.217929411999708
"BFA","Burkina Faso",2015,0.217929411999708
"BFA","Burkina Faso",2016,0.217929411999708
"BFA","Burkina Faso",2017,0.217929411999708
"BFA","Burkina Faso",2018,0.217929411999708
"BFA","Burkina Faso",2019,0.217929411999708
"BFA","Burkina Faso",2020,0.217929411999708
"BFA","Burkina Faso",2021,0.217929411999708
"BFA","Burkina Faso",2022,0.217929411999708
"BDI","Burundi",1995,0.434787653539188
"BDI","Burundi",1996,0.434787653539188
"BDI","Burundi",1997,0.434787653539188
"BDI","Burundi",1998,0.434787653539188
"BDI","Burundi",1999,0.434787653539188
"BDI","Burundi",2000,0.434787653539188
"BDI","Burundi",2001,0.434787653539188
"BDI","Burundi",2002,0.434787653539188
"BDI","Burundi",2003,0.434787653539188
"BDI","Burundi",2004,0.434787653539188
"BDI","Burundi",2005,0.434787653539188
"BDI","Burundi",2006,0.434787653539188
"BDI","Burundi",2007,0.434787653539188
"BDI","Burundi",2008,0.434787653539188
"BDI","Burundi",2009,0.434787653539188
"BDI","Burundi",2010,0.434787653539188
"BDI","Burundi",2011,0.434787653539188
"BDI","Burundi",2012,0.434787653539188
"BDI","Burundi",2013,0.434787653539188
"BDI","Burundi",2014,0.434787653539188
"BDI","Burundi",2015,0.434787653539188
"BDI","Burundi",2016,0.434787653539188
"BDI","Burundi",2017,0.434787653539188
"BDI","Burundi",2018,0.434787653539188
"BDI","Burundi",2019,0.434787653539188
"BDI","Burundi",2020,0.434787653539188
"BDI","Burundi",2021,0.434787653539188
"BDI","Burundi",2022,0.434787653539188
"KHM","Cambodia",1995,0.176280242985784
"KHM","Cambodia",1996,0.176280242985784
"KHM","Cambodia",1997,0.176280242985784
"KHM","Cambodia",1998,0.176280242985784
"KHM","Cambodia",1999,0.176280242985784
"KHM","Cambodia",2000,0.176280242985784
"KHM","Cambodia",2001,0.176280242985784
"KHM","Cambodia",2002,0.176280242985784
"KHM","Cambodia",2003,0.176280242985784
"KHM","Cambodia",2004,0.176280242985784
"KHM","Cambodia",2005,0.176280242985784
"KHM","Cambodia",2006,0.176280242985784
"KHM","Cambodia",2007,0.176280242985784
"KHM","Cambodia",2008,0.176280242985784
"KHM","Cambodia",2009,0.176280242985784
"KHM","Cambodia",2010,0.176280242985784
"KHM","Cambodia",2011,0.176280242985784
"KHM","Cambodia",2012,0.176280242985784
"KHM","Cambodia",2013,0.176280242985784
"KHM","Cambodia",2014,0.176280242985784
"KHM","Cambodia",2015,0.176280242985784
"KHM","Cambodia",2016,0.176280242985784
"KHM","Cambodia",2017,0.176280242985784
"KHM","Cambodia",2018,0.176280242985784
"KHM","Cambodia",2019,0.176280242985784
"KHM","Cambodia",2020,0.176280242985784
"KHM","Cambodia",2021,0.176280242985784
"KHM","Cambodia",2022,0.176280242985784
"CMR","Cameroon",1995,0.336789655677433
"CMR","Cameroon",1996,0.336789655677433
"CMR","Cameroon",1997,0.336789655677433
"CMR","Cameroon",1998,0.336789655677433
"CMR","Cameroon",1999,0.336789655677433
"CMR","Cameroon",2000,0.336789655677433
"CMR","Cameroon",2001,0.336789655677433
"CMR","Cameroon",2002,0.336789655677433
"CMR","Cameroon",2003,0.336789655677433
"CMR","Cameroon",2004,0.336789655677433
"CMR","Cameroon",2005,0.336789655677433
"CMR","Cameroon",2006,0.336789655677433
"CMR","Cameroon",2007,0.336789655677433
"CMR","Cameroon",2008,0.336789655677433
"CMR","Cameroon",2009,0.336789655677433
"CMR","Cameroon",2010,0.336789655677433
"CMR","Cameroon",2011,0.336789655677433
"CMR","Cameroon",2012,0.336789655677433
"CMR","Cameroon",2013,0.336789655677433
"CMR","Cameroon",2014,0.336789655677433
"CMR","Cameroon",2015,0.336789655677433
"CMR","Cameroon",2016,0.336789655677433
"CMR","Cameroon",2017,0.336789655677433
"CMR","Cameroon",2018,0.336789655677433
"CMR","Cameroon",2019,0.336789655677433
"CMR","Cameroon",2020,0.336789655677433
"CMR","Cameroon",2021,0.336789655677433
"CMR","Cameroon",2022,0.336789655677433
"CAN","Canada",1995,0.0624211709198382
"CAN","Canada",1996,0.0624211709198382
"CAN","Canada",1997,0.0624211709198382
"CAN","Canada",1998,0.0624211709198382
"CAN","Canada",1999,0.0624211709198382
"CAN","Canada",2000,0.0624211709198382
"CAN","Canada",2001,0.0624211709198382
"CAN","Canada",2002,0.0624211709198382
"CAN","Canada",2003,0.0624211709198382
"CAN","Canada",2004,0.0624211709198382
"CAN","Canada",2005,0.0624211709198382
"CAN","Canada",2006,0.0624211709198382
"CAN","Canada",2007,0.0624211709198382
"CAN","Canada",2008,0.0624211709198382
"CAN","Canada",2009,0.0624211709198382
"CAN","Canada",2010,0.0624211709198382
"CAN","Canada",2011,0.0624211709198382
"CAN","Canada",2012,0.0624211709198382
"CAN","Canada",2013,0.0624211709198382
"CAN","Canada",2014,0.0624211709198382
"CAN","Canada",2015,0.0624211709198382
"CAN","Canada",2016,0.0624211709198382
"CAN","Canada",2017,0.0624211709198382
"CAN","Canada",2018,0.0624211709198382
"CAN","Canada",2019,0.0624211709198382
"CAN","Canada",2020,0.0624211709198382
"CAN","Canada",2021,0.0624211709198382
"CAN","Canada",2022,0.0624211709198382
"CPV","Cape Verde",1995,0.382034416875611
"CPV","Cape Verde",1996,0.382034416875611
"CPV","Cape Verde",1997,0.382034416875611
"CPV","Cape Verde",1998,0.382034416875611
"CPV","Cape Verde",1999,0.382034416875611
"CPV","Cape Verde",2000,0.382034416875611
"CPV","Cape Verde",2001,0.382034416875611
"CPV","Cape Verde",2002,0.382034416875611
"CPV","Cape Verde",2003,0.382034416875611
"CPV","Cape Verde",2004,0.382034416875611
"CPV","Cape Verde",2005,0.382034416875611
"CPV","Cape Verde",2006,0.382034416875611
"CPV","Cape Verde",2007,0.382034416875611
"CPV","Cape Verde",2008,0.382034416875611
"CPV","Cape Verde",2009,0.382034416875611
"CPV","Cape Verde",2010,0.382034416875611
"CPV","Cape Verde",2011,0.382034416875611
"CPV","Cape Verde",2012,0.382034416875611
"CPV","Cape Verde",2013,0.382034416875611
"CPV","Cape Verde",2014,0.382034416875611
"CPV","Cape Verde",2015,0.382034416875611
"CPV","Cape Verde",2016,0.382034416875611
"CPV","Cape Verde",2017,0.382034416875611
"CPV","Cape Verde",2018,0.382034416875611
"CPV","Cape Verde",2019,0.382034416875611
"CPV","Cape Verde",2020,0.382034416875611
"CPV","Cape Verde",2021,0.382034416875611
"CPV","Cape Verde",2022,0.382034416875611
"CAF","Central African Republic",1995,0.527796323202827
"CAF","Central African Republic",1996,0.527796323202827
"CAF","Central African Republic",1997,0.527796323202827
"CAF","Central African Republic",1998,0.527796323202827
"CAF","Central African Republic",1999,0.527796323202827
"CAF","Central African Republic",2000,0.527796323202827
"CAF","Central African Republic",2001,0.527796323202827
"CAF","Central African Republic",2002,0.527796323202827
"CAF","Central African Republic",2003,0.527796323202827
"CAF","Central African Republic",2004,0.527796323202827
"CAF","Central African Republic",2005,0.527796323202827
"CAF","Central African Republic",2006,0.527796323202827
"CAF","Central African Republic",2007,0.527796323202827
"CAF","Central African Republic",2008,0.527796323202827
"CAF","Central African Republic",2009,0.527796323202827
"CAF","Central African Republic",2010,0.527796323202827
"CAF","Central African Republic",2011,0.527796323202827
"CAF","Central African Republic",2012,0.527796323202827
"CAF","Central African Republic",2013,0.527796323202827
"CAF","Central African Republic",2014,0.527796323202827
"CAF","Central African Republic",2015,0.527796323202827
"CAF","Central African Republic",2016,0.527796323202827
"CAF","Central African Republic",2017,0.527796323202827
"CAF","Central African Republic",2018,0.527796323202827
"CAF","Central African Republic",2019,0.527796323202827
"CAF","Central African Republic",2020,0.527796323202827
"CAF","Central African Republic",2021,0.527796323202827
"CAF","Central African Republic",2022,0.527796323202827
"TCD","Chad",1995,0.134897834066576
"TCD","Chad",1996,0.134897834066576
"TCD","Chad",1997,0.134897834066576
"TCD","Chad",1998,0.134897834066576
"TCD","Chad",1999,0.134897834066576
"TCD","Chad",2000,0.134897834066576
"TCD","Chad",2001,0.134897834066576
"TCD","Chad",2002,0.134897834066576
"TCD","Chad",2003,0.134897834066576
"TCD","Chad",2004,0.134897834066576
"TCD","Chad",2005,0.134897834066576
"TCD","Chad",2006,0.134897834066576
"TCD","Chad",2007,0.134897834066576
"TCD","Chad",2008,0.134897834066576
"TCD","Chad",2009,0.134897834066576
"TCD","Chad",2010,0.134897834066576
"TCD","Chad",2011,0.134897834066576
"TCD","Chad",2012,0.134897834066576
"TCD","Chad",2013,0.134897834066576
"TCD","Chad",2014,0.134897834066576
"TCD","Chad",2015,0.134897834066576
"TCD","Chad",2016,0.134897834066576
"TCD","Chad",2017,0.134897834066576
"TCD","Chad",2018,0.134897834066576
"TCD","Chad",2019,0.134897834066576
"TCD","Chad",2020,0.134897834066576
"TCD","Chad",2021,0.134897834066576
"TCD","Chad",2022,0.134897834066576
"CHL","Chile",1995,0.190138799915403
"CHL","Chile",1996,0.190138799915403
"CHL","Chile",1997,0.190138799915403
"CHL","Chile",1998,0.190138799915403
"CHL","Chile",1999,0.190138799915403
"CHL","Chile",2000,0.190138799915403
"CHL","Chile",2001,0.190138799915403
"CHL","Chile",2002,0.190138799915403
"CHL","Chile",2003,0.190138799915403
"CHL","Chile",2004,0.190138799915403
"CHL","Chile",2005,0.190138799915403
"CHL","Chile",2006,0.190138799915403
"CHL","Chile",2007,0.190138799915403
"CHL","Chile",2008,0.190138799915403
"CHL","Chile",2009,0.190138799915403
"CHL","Chile",2010,0.190138799915403
"CHL","Chile",2011,0.190138799915403
"CHL","Chile",2012,0.190138799915403
"CHL","Chile",2013,0.190138799915403
"CHL","Chile",2014,0.190138799915403
"CHL","Chile",2015,0.190138799915403
"CHL","Chile",2016,0.190138799915403
"CHL","Chile",2017,0.190138799915403
"CHL","Chile",2018,0.190138799915403
"CHL","Chile",2019,0.190138799915403
"CHL","Chile",2020,0.190138799915403
"CHL","Chile",2021,0.190138799915403
"CHL","Chile",2022,0.190138799915403
"CHN","China",1995,0.0740606144668487
"CHN","China",1996,0.0740606144668487
"CHN","China",1997,0.0740606144668487
"CHN","China",1998,0.0740606144668487
"CHN","China",1999,0.0740606144668487
"CHN","China",2000,0.0740606144668487
"CHN","China",2001,0.0740606144668487
"CHN","China",2002,0.0740606144668487
"CHN","China",2003,0.0740606144668487
"CHN","China",2004,0.0740606144668487
"CHN","China",2005,0.0740606144668487
"CHN","China",2006,0.0740606144668487
"CHN","China",2007,0.0740606144668487
"CHN","China",2008,0.0740606144668487
"CHN","China",2009,0.0740606144668487
"CHN","China",2010,0.0740606144668487
"CHN","China",2011,0.0740606144668487
"CHN","China",2012,0.0740606144668487
"CHN","China",2013,0.0740606144668487
"CHN","China",2014,0.0740606144668487
"CHN","China",2015,0.0740606144668487
"CHN","China",2016,0.0740606144668487
"CHN","China",2017,0.0740606144668487
"CHN","China",2018,0.0740606144668487
"CHN","China",2019,0.0740606144668487
"CHN","China",2020,0.0740606144668487
"CHN","China",2021,0.0740606144668487
"CHN","China",2022,0.0740606144668487
"COL","Colombia",1995,0.380803813044107
"COL","Colombia",1996,0.380803813044107
"COL","Colombia",1997,0.380803813044107
"COL","Colombia",1998,0.380803813044107
"COL","Colombia",1999,0.380803813044107
"COL","Colombia",2000,0.380803813044107
"COL","Colombia",2001,0.380803813044107
"COL","Colombia",2002,0.380803813044107
"COL","Colombia",2003,0.380803813044107
"COL","Colombia",2004,0.380803813044107
"COL","Colombia",2005,0.380803813044107
"COL","Colombia",2006,0.380803813044107
"COL","Colombia",2007,0.380803813044107
"COL","Colombia",2008,0.380803813044107
"COL","Colombia",2009,0.380803813044107
"COL","Colombia",2010,0.380803813044107
"COL","Colombia",2011,0.380803813044107
"COL","Colombia",2012,0.380803813044107
"COL","Colombia",2013,0.380803813044107
"COL","Colombia",2014,0.380803813044107
"COL","Colombia",2015,0.380803813044107
"COL","Colombia",2016,0.380803813044107
"COL","Colombia",2017,0.380803813044107
"COL","Colombia",2018,0.380803813044107
"COL","Colombia",2019,0.380803813044107
"COL","Colombia",2020,0.380803813044107
"COL","Colombia",2021,0.380803813044107
"COL","Colombia",2022,0.380803813044107
"COM","Comoros",1995,0.322428853655037
"COM","Comoros",1996,0.322428853655037
"COM","Comoros",1997,0.322428853655037
"COM","Comoros",1998,0.322428853655037
"COM","Comoros",1999,0.322428853655037
"COM","Comoros",2000,0.322428853655037
"COM","Comoros",2001,0.322428853655037
"COM","Comoros",2002,0.322428853655037
"COM","Comoros",2003,0.322428853655037
"COM","Comoros",2004,0.322428853655037
"COM","Comoros",2005,0.322428853655037
"COM","Comoros",2006,0.322428853655037
"COM","Comoros",2007,0.322428853655037
"COM","Comoros",2008,0.322428853655037
"COM","Comoros",2009,0.322428853655037
"COM","Comoros",2010,0.322428853655037
"COM","Comoros",2011,0.322428853655037
"COM","Comoros",2012,0.322428853655037
"COM","Comoros",2013,0.322428853655037
"COM","Comoros",2014,0.322428853655037
"COM","Comoros",2015,0.322428853655037
"COM","Comoros",2016,0.322428853655037
"COM","Comoros",2017,0.322428853655037
"COM","Comoros",2018,0.322428853655037
"COM","Comoros",2019,0.322428853655037
"COM","Comoros",2020,0.322428853655037
"COM","Comoros",2021,0.322428853655037
"COM","Comoros",2022,0.322428853655037
"COG","Congo",1995,1
"COG","Congo",1996,1
"COG","Congo",1997,1
"COG","Congo",1998,1
"COG","Congo",1999,1
"COG","Congo",2000,1
"COG","Congo",2001,1
"COG","Congo",2002,1
"COG","Congo",2003,1
"COG","Congo",2004,1
"COG","Congo",2005,1
"COG","Congo",2006,1
"COG","Congo",2007,1
"COG","Congo",2008,1
"COG","Congo",2009,1
"COG","Congo",2010,1
"COG","Congo",2011,1
"COG","Congo",2012,1
"COG","Congo",2013,1
"COG","Congo",2014,1
"COG","Congo",2015,1
"COG","Congo",2016,1
"COG","Congo",2017,1
"COG","Congo",2018,1
"COG","Congo",2019,1
"COG","Congo",2020,1
"COG","Congo",2021,1
"COG","Congo",2022,1
"COD","Congo, the Democratic Republic o",1995,0.58758483374953
"COD","Congo, the Democratic Republic o",1996,0.58758483374953
"COD","Congo, the Democratic Republic o",1997,0.58758483374953
"COD","Congo, the Democratic Republic o",1998,0.58758483374953
"COD","Congo, the Democratic Republic o",1999,0.58758483374953
"COD","Congo, the Democratic Republic o",2000,0.58758483374953
"COD","Congo, the Democratic Republic o",2001,0.58758483374953
"COD","Congo, the Democratic Republic o",2002,0.58758483374953
"COD","Congo, the Democratic Republic o",2003,0.58758483374953
"COD","Congo, the Democratic Republic o",2004,0.58758483374953
"COD","Congo, the Democratic Republic o",2005,0.58758483374953
"COD","Congo, the Democratic Republic o",2006,0.58758483374953
"COD","Congo, the Democratic Republic o",2007,0.58758483374953
"COD","Congo, the Democratic Republic o",2008,0.58758483374953
"COD","Congo, the Democratic Republic o",2009,0.58758483374953
"COD","Congo, the Democratic Republic o",2010,0.58758483374953
"COD","Congo, the Democratic Republic o",2011,0.58758483374953
"COD","Congo, the Democratic Republic o",2012,0.58758483374953
"COD","Congo, the Democratic Republic o",2013,0.58758483374953
"COD","Congo, the Democratic Republic o",2014,0.58758483374953
"COD","Congo, the Democratic Republic o",2015,0.58758483374953
"COD","Congo, the Democratic Republic o",2016,0.58758483374953
"COD","Congo, the Democratic Republic o",2017,0.58758483374953
"COD","Congo, the Democratic Republic o",2018,0.58758483374953
"COD","Congo, the Democratic Republic o",2019,0.58758483374953
"COD","Congo, the Democratic Republic o",2020,0.58758483374953
"COD","Congo, the Democratic Republic o",2021,0.58758483374953
"COD","Congo, the Democratic Republic o",2022,0.58758483374953
"CRI","Costa Rica",1995,0.31667736141063
"CRI","Costa Rica",1996,0.31667736141063
"CRI","Costa Rica",1997,0.31667736141063
"CRI","Costa Rica",1998,0.31667736141063
"CRI","Costa Rica",1999,0.31667736141063
"CRI","Costa Rica",2000,0.31667736141063
"CRI","Costa Rica",2001,0.31667736141063
"CRI","Costa Rica",2002,0.31667736141063
"CRI","Costa Rica",2003,0.31667736141063
"CRI","Costa Rica",2004,0.31667736141063
"CRI","Costa Rica",2005,0.31667736141063
"CRI","Costa Rica",2006,0.31667736141063
"CRI","Costa Rica",2007,0.31667736141063
"CRI","Costa Rica",2008,0.31667736141063
"CRI","Costa Rica",2009,0.31667736141063
"CRI","Costa Rica",2010,0.31667736141063
"CRI","Costa Rica",2011,0.31667736141063
"CRI","Costa Rica",2012,0.31667736141063
"CRI","Costa Rica",2013,0.31667736141063
"CRI","Costa Rica",2014,0.31667736141063
"CRI","Costa Rica",2015,0.31667736141063
"CRI","Costa Rica",2016,0.31667736141063
"CRI","Costa Rica",2017,0.31667736141063
"CRI","Costa Rica",2018,0.31667736141063
"CRI","Costa Rica",2019,0.31667736141063
"CRI","Costa Rica",2020,0.31667736141063
"CRI","Costa Rica",2021,0.31667736141063
"CRI","Costa Rica",2022,0.31667736141063
"CIV","Cote d'Ivoire",1995,0.0856289137790877
"CIV","Cote d'Ivoire",1996,0.0856289137790877
"CIV","Cote d'Ivoire",1997,0.0856289137790877
"CIV","Cote d'Ivoire",1998,0.0856289137790877
"CIV","Cote d'Ivoire",1999,0.0856289137790877
"CIV","Cote d'Ivoire",2000,0.0856289137790877
"CIV","Cote d'Ivoire",2001,0.0856289137790877
"CIV","Cote d'Ivoire",2002,0.0856289137790877
"CIV","Cote d'Ivoire",2003,0.0856289137790877
"CIV","Cote d'Ivoire",2004,0.0856289137790877
"CIV","Cote d'Ivoire",2005,0.0856289137790877
"CIV","Cote d'Ivoire",2006,0.0856289137790877
"CIV","Cote d'Ivoire",2007,0.0856289137790877
"CIV","Cote d'Ivoire",2008,0.0856289137790877
"CIV","Cote d'Ivoire",2009,0.0856289137790877
"CIV","Cote d'Ivoire",2010,0.0856289137790877
"CIV","Cote d'Ivoire",2011,0.0856289137790877
"CIV","Cote d'Ivoire",2012,0.0856289137790877
"CIV","Cote d'Ivoire",2013,0.0856289137790877
"CIV","Cote d'Ivoire",2014,0.0856289137790877
"CIV","Cote d'Ivoire",2015,0.0856289137790877
"CIV","Cote d'Ivoire",2016,0.0856289137790877
"CIV","Cote d'Ivoire",2017,0.0856289137790877
"CIV","Cote d'Ivoire",2018,0.0856289137790877
"CIV","Cote d'Ivoire",2019,0.0856289137790877
"CIV","Cote d'Ivoire",2020,0.0856289137790877
"CIV","Cote d'Ivoire",2021,0.0856289137790877
"CIV","Cote d'Ivoire",2022,0.0856289137790877
"HRV","Croatia",1995,0.298008120212053
"HRV","Croatia",1996,0.298008120212053
"HRV","Croatia",1997,0.298008120212053
"HRV","Croatia",1998,0.298008120212053
"HRV","Croatia",1999,0.298008120212053
"HRV","Croatia",2000,0.298008120212053
"HRV","Croatia",2001,0.298008120212053
"HRV","Croatia",2002,0.298008120212053
"HRV","Croatia",2003,0.298008120212053
"HRV","Croatia",2004,0.298008120212053
"HRV","Croatia",2005,0.298008120212053
"HRV","Croatia",2006,0.298008120212053
"HRV","Croatia",2007,0.298008120212053
"HRV","Croatia",2008,0.298008120212053
"HRV","Croatia",2009,0.298008120212053
"HRV","Croatia",2010,0.298008120212053
"HRV","Croatia",2011,0.298008120212053
"HRV","Croatia",2012,0.298008120212053
"HRV","Croatia",2013,0.298008120212053
"HRV","Croatia",2014,0.298008120212053
"HRV","Croatia",2015,0.298008120212053
"HRV","Croatia",2016,0.298008120212053
"HRV","Croatia",2017,0.298008120212053
"HRV","Croatia",2018,0.298008120212053
"HRV","Croatia",2019,0.298008120212053
"HRV","Croatia",2020,0.298008120212053
"HRV","Croatia",2021,0.298008120212053
"HRV","Croatia",2022,0.298008120212053
"CUB","Cuba",1995,0.300342729736326
"CUB","Cuba",1996,0.300342729736326
"CUB","Cuba",1997,0.300342729736326
"CUB","Cuba",1998,0.300342729736326
"CUB","Cuba",1999,0.300342729736326
"CUB","Cuba",2000,0.300342729736326
"CUB","Cuba",2001,0.300342729736326
"CUB","Cuba",2002,0.300342729736326
"CUB","Cuba",2003,0.300342729736326
"CUB","Cuba",2004,0.300342729736326
"CUB","Cuba",2005,0.300342729736326
"CUB","Cuba",2006,0.300342729736326
"CUB","Cuba",2007,0.300342729736326
"CUB","Cuba",2008,0.300342729736326
"CUB","Cuba",2009,0.300342729736326
"CUB","Cuba",2010,0.300342729736326
"CUB","Cuba",2011,0.300342729736326
"CUB","Cuba",2012,0.300342729736326
"CUB","Cuba",2013,0.300342729736326
"CUB","Cuba",2014,0.300342729736326
"CUB","Cuba",2015,0.300342729736326
"CUB","Cuba",2016,0.300342729736326
"CUB","Cuba",2017,0.300342729736326
"CUB","Cuba",2018,0.300342729736326
"CUB","Cuba",2019,0.300342729736326
"CUB","Cuba",2020,0.300342729736326
"CUB","Cuba",2021,0.300342729736326
"CUB","Cuba",2022,0.300342729736326
"CYP","Cyprus",1995,0.0954899180761337
"CYP","Cyprus",1996,0.0954899180761337
"CYP","Cyprus",1997,0.0954899180761337
"CYP","Cyprus",1998,0.0954899180761337
"CYP","Cyprus",1999,0.0954899180761337
"CYP","Cyprus",2000,0.0954899180761337
"CYP","Cyprus",2001,0.0954899180761337
"CYP","Cyprus",2002,0.0954899180761337
"CYP","Cyprus",2003,0.0954899180761337
"CYP","Cyprus",2004,0.0954899180761337
"CYP","Cyprus",2005,0.0954899180761337
"CYP","Cyprus",2006,0.0954899180761337
"CYP","Cyprus",2007,0.0954899180761337
"CYP","Cyprus",2008,0.0954899180761337
"CYP","Cyprus",2009,0.0954899180761337
"CYP","Cyprus",2010,0.0954899180761337
"CYP","Cyprus",2011,0.0954899180761337
"CYP","Cyprus",2012,0.0954899180761337
"CYP","Cyprus",2013,0.0954899180761337
"CYP","Cyprus",2014,0.0954899180761337
"CYP","Cyprus",2015,0.0954899180761337
"CYP","Cyprus",2016,0.0954899180761337
"CYP","Cyprus",2017,0.0954899180761337
"CYP","Cyprus",2018,0.0954899180761337
"CYP","Cyprus",2019,0.0954899180761337
"CYP","Cyprus",2020,0.0954899180761337
"CYP","Cyprus",2021,0.0954899180761337
"CYP","Cyprus",2022,0.0954899180761337
"CZE","Czech Republic",1995,0.0436740951594086
"CZE","Czech Republic",1996,0.0436740951594086
"CZE","Czech Republic",1997,0.0436740951594086
"CZE","Czech Republic",1998,0.0436740951594086
"CZE","Czech Republic",1999,0.0436740951594086
"CZE","Czech Republic",2000,0.0436740951594086
"CZE","Czech Republic",2001,0.0436740951594086
"CZE","Czech Republic",2002,0.0436740951594086
"CZE","Czech Republic",2003,0.0436740951594086
"CZE","Czech Republic",2004,0.0436740951594086
"CZE","Czech Republic",2005,0.0436740951594086
"CZE","Czech Republic",2006,0.0436740951594086
"CZE","Czech Republic",2007,0.0436740951594086
"CZE","Czech Republic",2008,0.0436740951594086
"CZE","Czech Republic",2009,0.0436740951594086
"CZE","Czech Republic",2010,0.0436740951594086
"CZE","Czech Republic",2011,0.0436740951594086
"CZE","Czech Republic",2012,0.0436740951594086
"CZE","Czech Republic",2013,0.0436740951594086
"CZE","Czech Republic",2014,0.0436740951594086
"CZE","Czech Republic",2015,0.0436740951594086
"CZE","Czech Republic",2016,0.0436740951594086
"CZE","Czech Republic",2017,0.0436740951594086
"CZE","Czech Republic",2018,0.0436740951594086
"CZE","Czech Republic",2019,0.0436740951594086
"CZE","Czech Republic",2020,0.0436740951594086
"CZE","Czech Republic",2021,0.0436740951594086
"CZE","Czech Republic",2022,0.0436740951594086
"DNK","Denmark",1995,0.303008916093321
"DNK","Denmark",1996,0.303008916093321
"DNK","Denmark",1997,0.303008916093321
"DNK","Denmark",1998,0.303008916093321
"DNK","Denmark",1999,0.303008916093321
"DNK","Denmark",2000,0.303008916093321
"DNK","Denmark",2001,0.303008916093321
"DNK","Denmark",2002,0.303008916093321
"DNK","Denmark",2003,0.303008916093321
"DNK","Denmark",2004,0.303008916093321
"DNK","Denmark",2005,0.303008916093321
"DNK","Denmark",2006,0.303008916093321
"DNK","Denmark",2007,0.303008916093321
"DNK","Denmark",2008,0.303008916093321
"DNK","Denmark",2009,0.303008916093321
"DNK","Denmark",2010,0.303008916093321
"DNK","Denmark",2011,0.303008916093321
"DNK","Denmark",2012,0.303008916093321
"DNK","Denmark",2013,0.303008916093321
"DNK","Denmark",2014,0.303008916093321
"DNK","Denmark",2015,0.303008916093321
"DNK","Denmark",2016,0.303008916093321
"DNK","Denmark",2017,0.303008916093321
"DNK","Denmark",2018,0.303008916093321
"DNK","Denmark",2019,0.303008916093321
"DNK","Denmark",2020,0.303008916093321
"DNK","Denmark",2021,0.303008916093321
"DNK","Denmark",2022,0.303008916093321
"DJI","Djibouti",1995,0.37386555946507
"DJI","Djibouti",1996,0.37386555946507
"DJI","Djibouti",1997,0.37386555946507
"DJI","Djibouti",1998,0.37386555946507
"DJI","Djibouti",1999,0.37386555946507
"DJI","Djibouti",2000,0.37386555946507
"DJI","Djibouti",2001,0.37386555946507
"DJI","Djibouti",2002,0.37386555946507
"DJI","Djibouti",2003,0.37386555946507
"DJI","Djibouti",2004,0.37386555946507
"DJI","Djibouti",2005,0.37386555946507
"DJI","Djibouti",2006,0.37386555946507
"DJI","Djibouti",2007,0.37386555946507
"DJI","Djibouti",2008,0.37386555946507
"DJI","Djibouti",2009,0.37386555946507
"DJI","Djibouti",2010,0.37386555946507
"DJI","Djibouti",2011,0.37386555946507
"DJI","Djibouti",2012,0.37386555946507
"DJI","Djibouti",2013,0.37386555946507
"DJI","Djibouti",2014,0.37386555946507
"DJI","Djibouti",2015,0.37386555946507
"DJI","Djibouti",2016,0.37386555946507
"DJI","Djibouti",2017,0.37386555946507
"DJI","Djibouti",2018,0.37386555946507
"DJI","Djibouti",2019,0.37386555946507
"DJI","Djibouti",2020,0.37386555946507
"DJI","Djibouti",2021,0.37386555946507
"DJI","Djibouti",2022,0.37386555946507
"DMA","Dominica",1995,0.337359539105986
"DMA","Dominica",1996,0.337359539105986
"DMA","Dominica",1997,0.337359539105986
"DMA","Dominica",1998,0.337359539105986
"DMA","Dominica",1999,0.337359539105986
"DMA","Dominica",2000,0.337359539105986
"DMA","Dominica",2001,0.337359539105986
"DMA","Dominica",2002,0.337359539105986
"DMA","Dominica",2003,0.337359539105986
"DMA","Dominica",2004,0.337359539105986
"DMA","Dominica",2005,0.337359539105986
"DMA","Dominica",2006,0.337359539105986
"DMA","Dominica",2007,0.337359539105986
"DMA","Dominica",2008,0.337359539105986
"DMA","Dominica",2009,0.337359539105986
"DMA","Dominica",2010,0.337359539105986
"DMA","Dominica",2011,0.337359539105986
"DMA","Dominica",2012,0.337359539105986
"DMA","Dominica",2013,0.337359539105986
"DMA","Dominica",2014,0.337359539105986
"DMA","Dominica",2015,0.337359539105986
"DMA","Dominica",2016,0.337359539105986
"DMA","Dominica",2017,0.337359539105986
"DMA","Dominica",2018,0.337359539105986
"DMA","Dominica",2019,0.337359539105986
"DMA","Dominica",2020,0.337359539105986
"DMA","Dominica",2021,0.337359539105986
"DMA","Dominica",2022,0.337359539105986
"DOM","Dominican Republic",1995,0.518281730175789
"DOM","Dominican Republic",1996,0.518281730175789
"DOM","Dominican Republic",1997,0.518281730175789
"DOM","Dominican Republic",1998,0.518281730175789
"DOM","Dominican Republic",1999,0.518281730175789
"DOM","Dominican Republic",2000,0.518281730175789
"DOM","Dominican Republic",2001,0.518281730175789
"DOM","Dominican Republic",2002,0.518281730175789
"DOM","Dominican Republic",2003,0.518281730175789
"DOM","Dominican Republic",2004,0.518281730175789
"DOM","Dominican Republic",2005,0.518281730175789
"DOM","Dominican Republic",2006,0.518281730175789
"DOM","Dominican Republic",2007,0.518281730175789
"DOM","Dominican Republic",2008,0.518281730175789
"DOM","Dominican Republic",2009,0.518281730175789
"DOM","Dominican Republic",2010,0.518281730175789
"DOM","Dominican Republic",2011,0.518281730175789
"DOM","Dominican Republic",2012,0.518281730175789
"DOM","Dominican Republic",2013,0.518281730175789
"DOM","Dominican Republic",2014,0.518281730175789
"DOM","Dominican Republic",2015,0.518281730175789
"DOM","Dominican Republic",2016,0.518281730175789
"DOM","Dominican Republic",2017,0.518281730175789
"DOM","Dominican Republic",2018,0.518281730175789
"DOM","Dominican Republic",2019,0.518281730175789
"DOM","Dominican Republic",2020,0.518281730175789
"DOM","Dominican Republic",2021,0.518281730175789
"DOM","Dominican Republic",2022,0.518281730175789
"ECU","Ecuador",1995,0.693573311565414
"ECU","Ecuador",1996,0.693573311565414
"ECU","Ecuador",1997,0.693573311565414
"ECU","Ecuador",1998,0.693573311565414
"ECU","Ecuador",1999,0.693573311565414
"ECU","Ecuador",2000,0.693573311565414
"ECU","Ecuador",2001,0.693573311565414
"ECU","Ecuador",2002,0.693573311565414
"ECU","Ecuador",2003,0.693573311565414
"ECU","Ecuador",2004,0.693573311565414
"ECU","Ecuador",2005,0.693573311565414
"ECU","Ecuador",2006,0.693573311565414
"ECU","Ecuador",2007,0.693573311565414
"ECU","Ecuador",2008,0.693573311565414
"ECU","Ecuador",2009,0.693573311565414
"ECU","Ecuador",2010,0.693573311565414
"ECU","Ecuador",2011,0.693573311565414
"ECU","Ecuador",2012,0.693573311565414
"ECU","Ecuador",2013,0.693573311565414
"ECU","Ecuador",2014,0.693573311565414
"ECU","Ecuador",2015,0.693573311565414
"ECU","Ecuador",2016,0.693573311565414
"ECU","Ecuador",2017,0.693573311565414
"ECU","Ecuador",2018,0.693573311565414
"ECU","Ecuador",2019,0.693573311565414
"ECU","Ecuador",2020,0.693573311565414
"ECU","Ecuador",2021,0.693573311565414
"ECU","Ecuador",2022,0.693573311565414
"EGY","Egypt",1995,0.0753958044195254
"EGY","Egypt",1996,0.0753958044195254
"EGY","Egypt",1997,0.0753958044195254
"EGY","Egypt",1998,0.0753958044195254
"EGY","Egypt",1999,0.0753958044195254
"EGY","Egypt",2000,0.0753958044195254
"EGY","Egypt",2001,0.0753958044195254
"EGY","Egypt",2002,0.0753958044195254
"EGY","Egypt",2003,0.0753958044195254
"EGY","Egypt",2004,0.0753958044195254
"EGY","Egypt",2005,0.0753958044195254
"EGY","Egypt",2006,0.0753958044195254
"EGY","Egypt",2007,0.0753958044195254
"EGY","Egypt",2008,0.0753958044195254
"EGY","Egypt",2009,0.0753958044195254
"EGY","Egypt",2010,0.0753958044195254
"EGY","Egypt",2011,0.0753958044195254
"EGY","Egypt",2012,0.0753958044195254
"EGY","Egypt",2013,0.0753958044195254
"EGY","Egypt",2014,0.0753958044195254
"EGY","Egypt",2015,0.0753958044195254
"EGY","Egypt",2016,0.0753958044195254
"EGY","Egypt",2017,0.0753958044195254
"EGY","Egypt",2018,0.0753958044195254
"EGY","Egypt",2019,0.0753958044195254
"EGY","Egypt",2020,0.0753958044195254
"EGY","Egypt",2021,0.0753958044195254
"EGY","Egypt",2022,0.0753958044195254
"SLV","El Salvador",1995,0.353700530872208
"SLV","El Salvador",1996,0.353700530872208
"SLV","El Salvador",1997,0.353700530872208
"SLV","El Salvador",1998,0.353700530872208
"SLV","El Salvador",1999,0.353700530872208
"SLV","El Salvador",2000,0.353700530872208
"SLV","El Salvador",2001,0.353700530872208
"SLV","El Salvador",2002,0.353700530872208
"SLV","El Salvador",2003,0.353700530872208
"SLV","El Salvador",2004,0.353700530872208
"SLV","El Salvador",2005,0.353700530872208
"SLV","El Salvador",2006,0.353700530872208
"SLV","El Salvador",2007,0.353700530872208
"SLV","El Salvador",2008,0.353700530872208
"SLV","El Salvador",2009,0.353700530872208
"SLV","El Salvador",2010,0.353700530872208
"SLV","El Salvador",2011,0.353700530872208
"SLV","El Salvador",2012,0.353700530872208
"SLV","El Salvador",2013,0.353700530872208
"SLV","El Salvador",2014,0.353700530872208
"SLV","El Salvador",2015,0.353700530872208
"SLV","El Salvador",2016,0.353700530872208
"SLV","El Salvador",2017,0.353700530872208
"SLV","El Salvador",2018,0.353700530872208
"SLV","El Salvador",2019,0.353700530872208
"SLV","El Salvador",2020,0.353700530872208
"SLV","El Salvador",2021,0.353700530872208
"SLV","El Salvador",2022,0.353700530872208
"GNQ","Equatorial Guinea",1995,0.194351089599943
"GNQ","Equatorial Guinea",1996,0.194351089599943
"GNQ","Equatorial Guinea",1997,0.194351089599943
"GNQ","Equatorial Guinea",1998,0.194351089599943
"GNQ","Equatorial Guinea",1999,0.194351089599943
"GNQ","Equatorial Guinea",2000,0.194351089599943
"GNQ","Equatorial Guinea",2001,0.194351089599943
"GNQ","Equatorial Guinea",2002,0.194351089599943
"GNQ","Equatorial Guinea",2003,0.194351089599943
"GNQ","Equatorial Guinea",2004,0.194351089599943
"GNQ","Equatorial Guinea",2005,0.194351089599943
"GNQ","Equatorial Guinea",2006,0.194351089599943
"GNQ","Equatorial Guinea",2007,0.194351089599943
"GNQ","Equatorial Guinea",2008,0.194351089599943
"GNQ","Equatorial Guinea",2009,0.194351089599943
"GNQ","Equatorial Guinea",2010,0.194351089599943
"GNQ","Equatorial Guinea",2011,0.194351089599943
"GNQ","Equatorial Guinea",2012,0.194351089599943
"GNQ","Equatorial Guinea",2013,0.194351089599943
"GNQ","Equatorial Guinea",2014,0.194351089599943
"GNQ","Equatorial Guinea",2015,0.194351089599943
"GNQ","Equatorial Guinea",2016,0.194351089599943
"GNQ","Equatorial Guinea",2017,0.194351089599943
"GNQ","Equatorial Guinea",2018,0.194351089599943
"GNQ","Equatorial Guinea",2019,0.194351089599943
"GNQ","Equatorial Guinea",2020,0.194351089599943
"GNQ","Equatorial Guinea",2021,0.194351089599943
"GNQ","Equatorial Guinea",2022,0.194351089599943
"ERI","Eritrea",1995,0.348928488499463
"ERI","Eritrea",1996,0.348928488499463
"ERI","Eritrea",1997,0.348928488499463
"ERI","Eritrea",1998,0.348928488499463
"ERI","Eritrea",1999,0.348928488499463
"ERI","Eritrea",2000,0.348928488499463
"ERI","Eritrea",2001,0.348928488499463
"ERI","Eritrea",2002,0.348928488499463
"ERI","Eritrea",2003,0.348928488499463
"ERI","Eritrea",2004,0.348928488499463
"ERI","Eritrea",2005,0.348928488499463
"ERI","Eritrea",2006,0.348928488499463
"ERI","Eritrea",2007,0.348928488499463
"ERI","Eritrea",2008,0.348928488499463
"ERI","Eritrea",2009,0.348928488499463
"ERI","Eritrea",2010,0.348928488499463
"ERI","Eritrea",2011,0.348928488499463
"ERI","Eritrea",2012,0.348928488499463
"ERI","Eritrea",2013,0.348928488499463
"ERI","Eritrea",2014,0.348928488499463
"ERI","Eritrea",2015,0.348928488499463
"ERI","Eritrea",2016,0.348928488499463
"ERI","Eritrea",2017,0.348928488499463
"ERI","Eritrea",2018,0.348928488499463
"ERI","Eritrea",2019,0.348928488499463
"ERI","Eritrea",2020,0.348928488499463
"ERI","Eritrea",2021,0.348928488499463
"ERI","Eritrea",2022,0.348928488499463
"EST","Estonia",1995,0.162710739116982
"EST","Estonia",1996,0.162710739116982
"EST","Estonia",1997,0.162710739116982
"EST","Estonia",1998,0.162710739116982
"EST","Estonia",1999,0.162710739116982
"EST","Estonia",2000,0.162710739116982
"EST","Estonia",2001,0.162710739116982
"EST","Estonia",2002,0.162710739116982
"EST","Estonia",2003,0.162710739116982
"EST","Estonia",2004,0.162710739116982
"EST","Estonia",2005,0.162710739116982
"EST","Estonia",2006,0.162710739116982
"EST","Estonia",2007,0.162710739116982
"EST","Estonia",2008,0.162710739116982
"EST","Estonia",2009,0.162710739116982
"EST","Estonia",2010,0.162710739116982
"EST","Estonia",2011,0.162710739116982
"EST","Estonia",2012,0.162710739116982
"EST","Estonia",2013,0.162710739116982
"EST","Estonia",2014,0.162710739116982
"EST","Estonia",2015,0.162710739116982
"EST","Estonia",2016,0.162710739116982
"EST","Estonia",2017,0.162710739116982
"EST","Estonia",2018,0.162710739116982
"EST","Estonia",2019,0.162710739116982
"EST","Estonia",2020,0.162710739116982
"EST","Estonia",2021,0.162710739116982
"EST","Estonia",2022,0.162710739116982
"ETH","Ethiopia",1995,0.312609893016123
"ETH","Ethiopia",1996,0.312609893016123
"ETH","Ethiopia",1997,0.312609893016123
"ETH","Ethiopia",1998,0.312609893016123
"ETH","Ethiopia",1999,0.312609893016123
"ETH","Ethiopia",2000,0.312609893016123
"ETH","Ethiopia",2001,0.312609893016123
"ETH","Ethiopia",2002,0.312609893016123
"ETH","Ethiopia",2003,0.312609893016123
"ETH","Ethiopia",2004,0.312609893016123
"ETH","Ethiopia",2005,0.312609893016123
"ETH","Ethiopia",2006,0.312609893016123
"ETH","Ethiopia",2007,0.312609893016123
"ETH","Ethiopia",2008,0.312609893016123
"ETH","Ethiopia",2009,0.312609893016123
"ETH","Ethiopia",2010,0.312609893016123
"ETH","Ethiopia",2011,0.312609893016123
"ETH","Ethiopia",2012,0.312609893016123
"ETH","Ethiopia",2013,0.312609893016123
"ETH","Ethiopia",2014,0.312609893016123
"ETH","Ethiopia",2015,0.312609893016123
"ETH","Ethiopia",2016,0.312609893016123
"ETH","Ethiopia",2017,0.312609893016123
"ETH","Ethiopia",2018,0.312609893016123
"ETH","Ethiopia",2019,0.312609893016123
"ETH","Ethiopia",2020,0.312609893016123
"ETH","Ethiopia",2021,0.312609893016123
"ETH","Ethiopia",2022,0.312609893016123
"FJI","Fiji",1995,0.218521420396393
"FJI","Fiji",1996,0.218521420396393
"FJI","Fiji",1997,0.218521420396393
"FJI","Fiji",1998,0.218521420396393
"FJI","Fiji",1999,0.218521420396393
"FJI","Fiji",2000,0.218521420396393
"FJI","Fiji",2001,0.218521420396393
"FJI","Fiji",2002,0.218521420396393
"FJI","Fiji",2003,0.218521420396393
"FJI","Fiji",2004,0.218521420396393
"FJI","Fiji",2005,0.218521420396393
"FJI","Fiji",2006,0.218521420396393
"FJI","Fiji",2007,0.218521420396393
"FJI","Fiji",2008,0.218521420396393
"FJI","Fiji",2009,0.218521420396393
"FJI","Fiji",2010,0.218521420396393
"FJI","Fiji",2011,0.218521420396393
"FJI","Fiji",2012,0.218521420396393
"FJI","Fiji",2013,0.218521420396393
"FJI","Fiji",2014,0.218521420396393
"FJI","Fiji",2015,0.218521420396393
"FJI","Fiji",2016,0.218521420396393
"FJI","Fiji",2017,0.218521420396393
"FJI","Fiji",2018,0.218521420396393
"FJI","Fiji",2019,0.218521420396393
"FJI","Fiji",2020,0.218521420396393
"FJI","Fiji",2021,0.218521420396393
"FJI","Fiji",2022,0.218521420396393
"FIN","Finland",1995,0.147735851933173
"FIN","Finland",1996,0.147735851933173
"FIN","Finland",1997,0.147735851933173
"FIN","Finland",1998,0.147735851933173
"FIN","Finland",1999,0.147735851933173
"FIN","Finland",2000,0.147735851933173
"FIN","Finland",2001,0.147735851933173
"FIN","Finland",2002,0.147735851933173
"FIN","Finland",2003,0.147735851933173
"FIN","Finland",2004,0.147735851933173
"FIN","Finland",2005,0.147735851933173
"FIN","Finland",2006,0.147735851933173
"FIN","Finland",2007,0.147735851933173
"FIN","Finland",2008,0.147735851933173
"FIN","Finland",2009,0.147735851933173
"FIN","Finland",2010,0.147735851933173
"FIN","Finland",2011,0.147735851933173
"FIN","Finland",2012,0.147735851933173
"FIN","Finland",2013,0.147735851933173
"FIN","Finland",2014,0.147735851933173
"FIN","Finland",2015,0.147735851933173
"FIN","Finland",2016,0.147735851933173
"FIN","Finland",2017,0.147735851933173
"FIN","Finland",2018,0.147735851933173
"FIN","Finland",2019,0.147735851933173
"FIN","Finland",2020,0.147735851933173
"FIN","Finland",2021,0.147735851933173
"FIN","Finland",2022,0.147735851933173
"FRA","France",1995,0.113442687869396
"FRA","France",1996,0.113442687869396
"FRA","France",1997,0.113442687869396
"FRA","France",1998,0.113442687869396
"FRA","France",1999,0.113442687869396
"FRA","France",2000,0.113442687869396
"FRA","France",2001,0.113442687869396
"FRA","France",2002,0.113442687869396
"FRA","France",2003,0.113442687869396
"FRA","France",2004,0.113442687869396
"FRA","France",2005,0.113442687869396
"FRA","France",2006,0.113442687869396
"FRA","France",2007,0.113442687869396
"FRA","France",2008,0.113442687869396
"FRA","France",2009,0.113442687869396
"FRA","France",2010,0.113442687869396
"FRA","France",2011,0.113442687869396
"FRA","France",2012,0.113442687869396
"FRA","France",2013,0.113442687869396
"FRA","France",2014,0.113442687869396
"FRA","France",2015,0.113442687869396
"FRA","France",2016,0.113442687869396
"FRA","France",2017,0.113442687869396
"FRA","France",2018,0.113442687869396
"FRA","France",2019,0.113442687869396
"FRA","France",2020,0.113442687869396
"FRA","France",2021,0.113442687869396
"FRA","France",2022,0.113442687869396
"GAB","Gabon",1995,0.563192015148401
"GAB","Gabon",1996,0.563192015148401
"GAB","Gabon",1997,0.563192015148401
"GAB","Gabon",1998,0.563192015148401
"GAB","Gabon",1999,0.563192015148401
"GAB","Gabon",2000,0.563192015148401
"GAB","Gabon",2001,0.563192015148401
"GAB","Gabon",2002,0.563192015148401
"GAB","Gabon",2003,0.563192015148401
"GAB","Gabon",2004,0.563192015148401
"GAB","Gabon",2005,0.563192015148401
"GAB","Gabon",2006,0.563192015148401
"GAB","Gabon",2007,0.563192015148401
"GAB","Gabon",2008,0.563192015148401
"GAB","Gabon",2009,0.563192015148401
"GAB","Gabon",2010,0.563192015148401
"GAB","Gabon",2011,0.563192015148401
"GAB","Gabon",2012,0.563192015148401
"GAB","Gabon",2013,0.563192015148401
"GAB","Gabon",2014,0.563192015148401
"GAB","Gabon",2015,0.563192015148401
"GAB","Gabon",2016,0.563192015148401
"GAB","Gabon",2017,0.563192015148401
"GAB","Gabon",2018,0.563192015148401
"GAB","Gabon",2019,0.563192015148401
"GAB","Gabon",2020,0.563192015148401
"GAB","Gabon",2021,0.563192015148401
"GAB","Gabon",2022,0.563192015148401
"GMB","Gambia",1995,0.31923053466745
"GMB","Gambia",1996,0.31923053466745
"GMB","Gambia",1997,0.31923053466745
"GMB","Gambia",1998,0.31923053466745
"GMB","Gambia",1999,0.31923053466745
"GMB","Gambia",2000,0.31923053466745
"GMB","Gambia",2001,0.31923053466745
"GMB","Gambia",2002,0.31923053466745
"GMB","Gambia",2003,0.31923053466745
"GMB","Gambia",2004,0.31923053466745
"GMB","Gambia",2005,0.31923053466745
"GMB","Gambia",2006,0.31923053466745
"GMB","Gambia",2007,0.31923053466745
"GMB","Gambia",2008,0.31923053466745
"GMB","Gambia",2009,0.31923053466745
"GMB","Gambia",2010,0.31923053466745
"GMB","Gambia",2011,0.31923053466745
"GMB","Gambia",2012,0.31923053466745
"GMB","Gambia",2013,0.31923053466745
"GMB","Gambia",2014,0.31923053466745
"GMB","Gambia",2015,0.31923053466745
"GMB","Gambia",2016,0.31923053466745
"GMB","Gambia",2017,0.31923053466745
"GMB","Gambia",2018,0.31923053466745
"GMB","Gambia",2019,0.31923053466745
"GMB","Gambia",2020,0.31923053466745
"GMB","Gambia",2021,0.31923053466745
"GMB","Gambia",2022,0.31923053466745
"GEO","Georgia",1995,0.0650208914802198
"GEO","Georgia",1996,0.0650208914802198
"GEO","Georgia",1997,0.0650208914802198
"GEO","Georgia",1998,0.0650208914802198
"GEO","Georgia",1999,0.0650208914802198
"GEO","Georgia",2000,0.0650208914802198
"GEO","Georgia",2001,0.0650208914802198
"GEO","Georgia",2002,0.0650208914802198
"GEO","Georgia",2003,0.0650208914802198
"GEO","Georgia",2004,0.0650208914802198
"GEO","Georgia",2005,0.0650208914802198
"GEO","Georgia",2006,0.0650208914802198
"GEO","Georgia",2007,0.0650208914802198
"GEO","Georgia",2008,0.0650208914802198
"GEO","Georgia",2009,0.0650208914802198
"GEO","Georgia",2010,0.0650208914802198
"GEO","Georgia",2011,0.0650208914802198
"GEO","Georgia",2012,0.0650208914802198
"GEO","Georgia",2013,0.0650208914802198
"GEO","Georgia",2014,0.0650208914802198
"GEO","Georgia",2015,0.0650208914802198
"GEO","Georgia",2016,0.0650208914802198
"GEO","Georgia",2017,0.0650208914802198
"GEO","Georgia",2018,0.0650208914802198
"GEO","Georgia",2019,0.0650208914802198
"GEO","Georgia",2020,0.0650208914802198
"GEO","Georgia",2021,0.0650208914802198
"GEO","Georgia",2022,0.0650208914802198
"DEU","Germany",1995,0.0479105084561446
"DEU","Germany",1996,0.0479105084561446
"DEU","Germany",1997,0.0479105084561446
"DEU","Germany",1998,0.0479105084561446
"DEU","Germany",1999,0.0479105084561446
"DEU","Germany",2000,0.0479105084561446
"DEU","Germany",2001,0.0479105084561446
"DEU","Germany",2002,0.0479105084561446
"DEU","Germany",2003,0.0479105084561446
"DEU","Germany",2004,0.0479105084561446
"DEU","Germany",2005,0.0479105084561446
"DEU","Germany",2006,0.0479105084561446
"DEU","Germany",2007,0.0479105084561446
"DEU","Germany",2008,0.0479105084561446
"DEU","Germany",2009,0.0479105084561446
"DEU","Germany",2010,0.0479105084561446
"DEU","Germany",2011,0.0479105084561446
"DEU","Germany",2012,0.0479105084561446
"DEU","Germany",2013,0.0479105084561446
"DEU","Germany",2014,0.0479105084561446
"DEU","Germany",2015,0.0479105084561446
"DEU","Germany",2016,0.0479105084561446
"DEU","Germany",2017,0.0479105084561446
"DEU","Germany",2018,0.0479105084561446
"DEU","Germany",2019,0.0479105084561446
"DEU","Germany",2020,0.0479105084561446
"DEU","Germany",2021,0.0479105084561446
"DEU","Germany",2022,0.0479105084561446
"GHA","Ghana",1995,0.415786417088564
"GHA","Ghana",1996,0.415786417088564
"GHA","Ghana",1997,0.415786417088564
"GHA","Ghana",1998,0.415786417088564
"GHA","Ghana",1999,0.415786417088564
"GHA","Ghana",2000,0.415786417088564
"GHA","Ghana",2001,0.415786417088564
"GHA","Ghana",2002,0.415786417088564
"GHA","Ghana",2003,0.415786417088564
"GHA","Ghana",2004,0.415786417088564
"GHA","Ghana",2005,0.415786417088564
"GHA","Ghana",2006,0.415786417088564
"GHA","Ghana",2007,0.415786417088564
"GHA","Ghana",2008,0.415786417088564
"GHA","Ghana",2009,0.415786417088564
"GHA","Ghana",2010,0.415786417088564
"GHA","Ghana",2011,0.415786417088564
"GHA","Ghana",2012,0.415786417088564
"GHA","Ghana",2013,0.415786417088564
"GHA","Ghana",2014,0.415786417088564
"GHA","Ghana",2015,0.415786417088564
"GHA","Ghana",2016,0.415786417088564
"GHA","Ghana",2017,0.415786417088564
"GHA","Ghana",2018,0.415786417088564
"GHA","Ghana",2019,0.415786417088564
"GHA","Ghana",2020,0.415786417088564
"GHA","Ghana",2021,0.415786417088564
"GHA","Ghana",2022,0.415786417088564
"GRC","Greece",1995,0.282259549107168
"GRC","Greece",1996,0.282259549107168
"GRC","Greece",1997,0.282259549107168
"GRC","Greece",1998,0.282259549107168
"GRC","Greece",1999,0.282259549107168
"GRC","Greece",2000,0.282259549107168
"GRC","Greece",2001,0.282259549107168
"GRC","Greece",2002,0.282259549107168
"GRC","Greece",2003,0.282259549107168
"GRC","Greece",2004,0.282259549107168
"GRC","Greece",2005,0.282259549107168
"GRC","Greece",2006,0.282259549107168
"GRC","Greece",2007,0.282259549107168
"GRC","Greece",2008,0.282259549107168
"GRC","Greece",2009,0.282259549107168
"GRC","Greece",2010,0.282259549107168
"GRC","Greece",2011,0.282259549107168
"GRC","Greece",2012,0.282259549107168
"GRC","Greece",2013,0.282259549107168
"GRC","Greece",2014,0.282259549107168
"GRC","Greece",2015,0.282259549107168
"GRC","Greece",2016,0.282259549107168
"GRC","Greece",2017,0.282259549107168
"GRC","Greece",2018,0.282259549107168
"GRC","Greece",2019,0.282259549107168
"GRC","Greece",2020,0.282259549107168
"GRC","Greece",2021,0.282259549107168
"GRC","Greece",2022,0.282259549107168
"GRD","Grenada",1995,0.383956915811687
"GRD","Grenada",1996,0.383956915811687
"GRD","Grenada",1997,0.383956915811687
"GRD","Grenada",1998,0.383956915811687
"GRD","Grenada",1999,0.383956915811687
"GRD","Grenada",2000,0.383956915811687
"GRD","Grenada",2001,0.383956915811687
"GRD","Grenada",2002,0.383956915811687
"GRD","Grenada",2003,0.383956915811687
"GRD","Grenada",2004,0.383956915811687
"GRD","Grenada",2005,0.383956915811687
"GRD","Grenada",2006,0.383956915811687
"GRD","Grenada",2007,0.383956915811687
"GRD","Grenada",2008,0.383956915811687
"GRD","Grenada",2009,0.383956915811687
"GRD","Grenada",2010,0.383956915811687
"GRD","Grenada",2011,0.383956915811687
"GRD","Grenada",2012,0.383956915811687
"GRD","Grenada",2013,0.383956915811687
"GRD","Grenada",2014,0.383956915811687
"GRD","Grenada",2015,0.383956915811687
"GRD","Grenada",2016,0.383956915811687
"GRD","Grenada",2017,0.383956915811687
"GRD","Grenada",2018,0.383956915811687
"GRD","Grenada",2019,0.383956915811687
"GRD","Grenada",2020,0.383956915811687
"GRD","Grenada",2021,0.383956915811687
"GRD","Grenada",2022,0.383956915811687
"GTM","Guatemala",1995,0.251176752075227
"GTM","Guatemala",1996,0.251176752075227
"GTM","Guatemala",1997,0.251176752075227
"GTM","Guatemala",1998,0.251176752075227
"GTM","Guatemala",1999,0.251176752075227
"GTM","Guatemala",2000,0.251176752075227
"GTM","Guatemala",2001,0.251176752075227
"GTM","Guatemala",2002,0.251176752075227
"GTM","Guatemala",2003,0.251176752075227
"GTM","Guatemala",2004,0.251176752075227
"GTM","Guatemala",2005,0.251176752075227
"GTM","Guatemala",2006,0.251176752075227
"GTM","Guatemala",2007,0.251176752075227
"GTM","Guatemala",2008,0.251176752075227
"GTM","Guatemala",2009,0.251176752075227
"GTM","Guatemala",2010,0.251176752075227
"GTM","Guatemala",2011,0.251176752075227
"GTM","Guatemala",2012,0.251176752075227
"GTM","Guatemala",2013,0.251176752075227
"GTM","Guatemala",2014,0.251176752075227
"GTM","Guatemala",2015,0.251176752075227
"GTM","Guatemala",2016,0.251176752075227
"GTM","Guatemala",2017,0.251176752075227
"GTM","Guatemala",2018,0.251176752075227
"GTM","Guatemala",2019,0.251176752075227
"GTM","Guatemala",2020,0.251176752075227
"GTM","Guatemala",2021,0.251176752075227
"GTM","Guatemala",2022,0.251176752075227
"GIN","Guinea",1995,0.331393627095342
"GIN","Guinea",1996,0.331393627095342
"GIN","Guinea",1997,0.331393627095342
"GIN","Guinea",1998,0.331393627095342
"GIN","Guinea",1999,0.331393627095342
"GIN","Guinea",2000,0.331393627095342
"GIN","Guinea",2001,0.331393627095342
"GIN","Guinea",2002,0.331393627095342
"GIN","Guinea",2003,0.331393627095342
"GIN","Guinea",2004,0.331393627095342
"GIN","Guinea",2005,0.331393627095342
"GIN","Guinea",2006,0.331393627095342
"GIN","Guinea",2007,0.331393627095342
"GIN","Guinea",2008,0.331393627095342
"GIN","Guinea",2009,0.331393627095342
"GIN","Guinea",2010,0.331393627095342
"GIN","Guinea",2011,0.331393627095342
"GIN","Guinea",2012,0.331393627095342
"GIN","Guinea",2013,0.331393627095342
"GIN","Guinea",2014,0.331393627095342
"GIN","Guinea",2015,0.331393627095342
"GIN","Guinea",2016,0.331393627095342
"GIN","Guinea",2017,0.331393627095342
"GIN","Guinea",2018,0.331393627095342
"GIN","Guinea",2019,0.331393627095342
"GIN","Guinea",2020,0.331393627095342
"GIN","Guinea",2021,0.331393627095342
"GIN","Guinea",2022,0.331393627095342
"GNB","Guinea-Bissau",1995,0.33105583389464
"GNB","Guinea-Bissau",1996,0.33105583389464
"GNB","Guinea-Bissau",1997,0.33105583389464
"GNB","Guinea-Bissau",1998,0.33105583389464
"GNB","Guinea-Bissau",1999,0.33105583389464
"GNB","Guinea-Bissau",2000,0.33105583389464
"GNB","Guinea-Bissau",2001,0.33105583389464
"GNB","Guinea-Bissau",2002,0.33105583389464
"GNB","Guinea-Bissau",2003,0.33105583389464
"GNB","Guinea-Bissau",2004,0.33105583389464
"GNB","Guinea-Bissau",2005,0.33105583389464
"GNB","Guinea-Bissau",2006,0.33105583389464
"GNB","Guinea-Bissau",2007,0.33105583389464
"GNB","Guinea-Bissau",2008,0.33105583389464
"GNB","Guinea-Bissau",2009,0.33105583389464
"GNB","Guinea-Bissau",2010,0.33105583389464
"GNB","Guinea-Bissau",2011,0.33105583389464
"GNB","Guinea-Bissau",2012,0.33105583389464
"GNB","Guinea-Bissau",2013,0.33105583389464
"GNB","Guinea-Bissau",2014,0.33105583389464
"GNB","Guinea-Bissau",2015,0.33105583389464
"GNB","Guinea-Bissau",2016,0.33105583389464
"GNB","Guinea-Bissau",2017,0.33105583389464
"GNB","Guinea-Bissau",2018,0.33105583389464
"GNB","Guinea-Bissau",2019,0.33105583389464
"GNB","Guinea-Bissau",2020,0.33105583389464
"GNB","Guinea-Bissau",2021,0.33105583389464
"GNB","Guinea-Bissau",2022,0.33105583389464
"GUY","Guyana",1995,0.369515380080781
"GUY","Guyana",1996,0.369515380080781
"GUY","Guyana",1997,0.369515380080781
"GUY","Guyana",1998,0.369515380080781
"GUY","Guyana",1999,0.369515380080781
"GUY","Guyana",2000,0.369515380080781
"GUY","Guyana",2001,0.369515380080781
"GUY","Guyana",2002,0.369515380080781
"GUY","Guyana",2003,0.369515380080781
"GUY","Guyana",2004,0.369515380080781
"GUY","Guyana",2005,0.369515380080781
"GUY","Guyana",2006,0.369515380080781
"GUY","Guyana",2007,0.369515380080781
"GUY","Guyana",2008,0.369515380080781
"GUY","Guyana",2009,0.369515380080781
"GUY","Guyana",2010,0.369515380080781
"GUY","Guyana",2011,0.369515380080781
"GUY","Guyana",2012,0.369515380080781
"GUY","Guyana",2013,0.369515380080781
"GUY","Guyana",2014,0.369515380080781
"GUY","Guyana",2015,0.369515380080781
"GUY","Guyana",2016,0.369515380080781
"GUY","Guyana",2017,0.369515380080781
"GUY","Guyana",2018,0.369515380080781
"GUY","Guyana",2019,0.369515380080781
"GUY","Guyana",2020,0.369515380080781
"GUY","Guyana",2021,0.369515380080781
"GUY","Guyana",2022,0.369515380080781
"HTI","Haiti",1995,0.517534257876834
"HTI","Haiti",1996,0.517534257876834
"HTI","Haiti",1997,0.517534257876834
"HTI","Haiti",1998,0.517534257876834
"HTI","Haiti",1999,0.517534257876834
"HTI","Haiti",2000,0.517534257876834
"HTI","Haiti",2001,0.517534257876834
"HTI","Haiti",2002,0.517534257876834
"HTI","Haiti",2003,0.517534257876834
"HTI","Haiti",2004,0.517534257876834
"HTI","Haiti",2005,0.517534257876834
"HTI","Haiti",2006,0.517534257876834
"HTI","Haiti",2007,0.517534257876834
"HTI","Haiti",2008,0.517534257876834
"HTI","Haiti",2009,0.517534257876834
"HTI","Haiti",2010,0.517534257876834
"HTI","Haiti",2011,0.517534257876834
"HTI","Haiti",2012,0.517534257876834
"HTI","Haiti",2013,0.517534257876834
"HTI","Haiti",2014,0.517534257876834
"HTI","Haiti",2015,0.517534257876834
"HTI","Haiti",2016,0.517534257876834
"HTI","Haiti",2017,0.517534257876834
"HTI","Haiti",2018,0.517534257876834
"HTI","Haiti",2019,0.517534257876834
"HTI","Haiti",2020,0.517534257876834
"HTI","Haiti",2021,0.517534257876834
"HTI","Haiti",2022,0.517534257876834
"HND","Honduras",1995,0.336841881725933
"HND","Honduras",1996,0.336841881725933
"HND","Honduras",1997,0.336841881725933
"HND","Honduras",1998,0.336841881725933
"HND","Honduras",1999,0.336841881725933
"HND","Honduras",2000,0.336841881725933
"HND","Honduras",2001,0.336841881725933
"HND","Honduras",2002,0.336841881725933
"HND","Honduras",2003,0.336841881725933
"HND","Honduras",2004,0.336841881725933
"HND","Honduras",2005,0.336841881725933
"HND","Honduras",2006,0.336841881725933
"HND","Honduras",2007,0.336841881725933
"HND","Honduras",2008,0.336841881725933
"HND","Honduras",2009,0.336841881725933
"HND","Honduras",2010,0.336841881725933
"HND","Honduras",2011,0.336841881725933
"HND","Honduras",2012,0.336841881725933
"HND","Honduras",2013,0.336841881725933
"HND","Honduras",2014,0.336841881725933
"HND","Honduras",2015,0.336841881725933
"HND","Honduras",2016,0.336841881725933
"HND","Honduras",2017,0.336841881725933
"HND","Honduras",2018,0.336841881725933
"HND","Honduras",2019,0.336841881725933
"HND","Honduras",2020,0.336841881725933
"HND","Honduras",2021,0.336841881725933
"HND","Honduras",2022,0.336841881725933
"HUN","Hungary",1995,0.067445719705006
"HUN","Hungary",1996,0.067445719705006
"HUN","Hungary",1997,0.067445719705006
"HUN","Hungary",1998,0.067445719705006
"HUN","Hungary",1999,0.067445719705006
"HUN","Hungary",2000,0.067445719705006
"HUN","Hungary",2001,0.067445719705006
"HUN","Hungary",2002,0.067445719705006
"HUN","Hungary",2003,0.067445719705006
"HUN","Hungary",2004,0.067445719705006
"HUN","Hungary",2005,0.067445719705006
"HUN","Hungary",2006,0.067445719705006
"HUN","Hungary",2007,0.067445719705006
"HUN","Hungary",2008,0.067445719705006
"HUN","Hungary",2009,0.067445719705006
"HUN","Hungary",2010,0.067445719705006
"HUN","Hungary",2011,0.067445719705006
"HUN","Hungary",2012,0.067445719705006
"HUN","Hungary",2013,0.067445719705006
"HUN","Hungary",2014,0.067445719705006
"HUN","Hungary",2015,0.067445719705006
"HUN","Hungary",2016,0.067445719705006
"HUN","Hungary",2017,0.067445719705006
"HUN","Hungary",2018,0.067445719705006
"HUN","Hungary",2019,0.067445719705006
"HUN","Hungary",2020,0.067445719705006
"HUN","Hungary",2021,0.067445719705006
"HUN","Hungary",2022,0.067445719705006
"ISL","Iceland",1995,0.0665735667681647
"ISL","Iceland",1996,0.0665735667681647
"ISL","Iceland",1997,0.0665735667681647
"ISL","Iceland",1998,0.0665735667681647
"ISL","Iceland",1999,0.0665735667681647
"ISL","Iceland",2000,0.0665735667681647
"ISL","Iceland",2001,0.0665735667681647
"ISL","Iceland",2002,0.0665735667681647
"ISL","Iceland",2003,0.0665735667681647
"ISL","Iceland",2004,0.0665735667681647
"ISL","Iceland",2005,0.0665735667681647
"ISL","Iceland",2006,0.0665735667681647
"ISL","Iceland",2007,0.0665735667681647
"ISL","Iceland",2008,0.0665735667681647
"ISL","Iceland",2009,0.0665735667681647
"ISL","Iceland",2010,0.0665735667681647
"ISL","Iceland",2011,0.0665735667681647
"ISL","Iceland",2012,0.0665735667681647
"ISL","Iceland",2013,0.0665735667681647
"ISL","Iceland",2014,0.0665735667681647
"ISL","Iceland",2015,0.0665735667681647
"ISL","Iceland",2016,0.0665735667681647
"ISL","Iceland",2017,0.0665735667681647
"ISL","Iceland",2018,0.0665735667681647
"ISL","Iceland",2019,0.0665735667681647
"ISL","Iceland",2020,0.0665735667681647
"ISL","Iceland",2021,0.0665735667681647
"ISL","Iceland",2022,0.0665735667681647
"IND","India",1995,0.0979269101022677
"IND","India",1996,0.0979269101022677
"IND","India",1997,0.0979269101022677
"IND","India",1998,0.0979269101022677
"IND","India",1999,0.0979269101022677
"IND","India",2000,0.0979269101022677
"IND","India",2001,0.0979269101022677
"IND","India",2002,0.0979269101022677
"IND","India",2003,0.0979269101022677
"IND","India",2004,0.0979269101022677
"IND","India",2005,0.0979269101022677
"IND","India",2006,0.0979269101022677
"IND","India",2007,0.0979269101022677
"IND","India",2008,0.0979269101022677
"IND","India",2009,0.0979269101022677
"IND","India",2010,0.0979269101022677
"IND","India",2011,0.0979269101022677
"IND","India",2012,0.0979269101022677
"IND","India",2013,0.0979269101022677
"IND","India",2014,0.0979269101022677
"IND","India",2015,0.0979269101022677
"IND","India",2016,0.0979269101022677
"IND","India",2017,0.0979269101022677
"IND","India",2018,0.0979269101022677
"IND","India",2019,0.0979269101022677
"IND","India",2020,0.0979269101022677
"IND","India",2021,0.0979269101022677
"IND","India",2022,0.0979269101022677
"IDN","Indonesia",1995,0.545125023181658
"IDN","Indonesia",1996,0.545125023181658
"IDN","Indonesia",1997,0.545125023181658
"IDN","Indonesia",1998,0.545125023181658
"IDN","Indonesia",1999,0.545125023181658
"IDN","Indonesia",2000,0.545125023181658
"IDN","Indonesia",2001,0.545125023181658
"IDN","Indonesia",2002,0.545125023181658
"IDN","Indonesia",2003,0.545125023181658
"IDN","Indonesia",2004,0.545125023181658
"IDN","Indonesia",2005,0.545125023181658
"IDN","Indonesia",2006,0.545125023181658
"IDN","Indonesia",2007,0.545125023181658
"IDN","Indonesia",2008,0.545125023181658
"IDN","Indonesia",2009,0.545125023181658
"IDN","Indonesia",2010,0.545125023181658
"IDN","Indonesia",2011,0.545125023181658
"IDN","Indonesia",2012,0.545125023181658
"IDN","Indonesia",2013,0.545125023181658
"IDN","Indonesia",2014,0.545125023181658
"IDN","Indonesia",2015,0.545125023181658
"IDN","Indonesia",2016,0.545125023181658
"IDN","Indonesia",2017,0.545125023181658
"IDN","Indonesia",2018,0.545125023181658
"IDN","Indonesia",2019,0.545125023181658
"IDN","Indonesia",2020,0.545125023181658
"IDN","Indonesia",2021,0.545125023181658
"IDN","Indonesia",2022,0.545125023181658
"IRN","Iran, Islamic Republic of",1995,0.120783551928751
"IRN","Iran, Islamic Republic of",1996,0.120783551928751
"IRN","Iran, Islamic Republic of",1997,0.120783551928751
"IRN","Iran, Islamic Republic of",1998,0.120783551928751
"IRN","Iran, Islamic Republic of",1999,0.120783551928751
"IRN","Iran, Islamic Republic of",2000,0.120783551928751
"IRN","Iran, Islamic Republic of",2001,0.120783551928751
"IRN","Iran, Islamic Republic of",2002,0.120783551928751
"IRN","Iran, Islamic Republic of",2003,0.120783551928751
"IRN","Iran, Islamic Republic of",2004,0.120783551928751
"IRN","Iran, Islamic Republic of",2005,0.120783551928751
"IRN","Iran, Islamic Republic of",2006,0.120783551928751
"IRN","Iran, Islamic Republic of",2007,0.120783551928751
"IRN","Iran, Islamic Republic of",2008,0.120783551928751
"IRN","Iran, Islamic Republic of",2009,0.120783551928751
"IRN","Iran, Islamic Republic of",2010,0.120783551928751
"IRN","Iran, Islamic Republic of",2011,0.120783551928751
"IRN","Iran, Islamic Republic of",2012,0.120783551928751
"IRN","Iran, Islamic Republic of",2013,0.120783551928751
"IRN","Iran, Islamic Republic of",2014,0.120783551928751
"IRN","Iran, Islamic Republic of",2015,0.120783551928751
"IRN","Iran, Islamic Republic of",2016,0.120783551928751
"IRN","Iran, Islamic Republic of",2017,0.120783551928751
"IRN","Iran, Islamic Republic of",2018,0.120783551928751
"IRN","Iran, Islamic Republic of",2019,0.120783551928751
"IRN","Iran, Islamic Republic of",2020,0.120783551928751
"IRN","Iran, Islamic Republic of",2021,0.120783551928751
"IRN","Iran, Islamic Republic of",2022,0.120783551928751
"IRQ","Iraq",1995,0.134182462919939
"IRQ","Iraq",1996,0.134182462919939
"IRQ","Iraq",1997,0.134182462919939
"IRQ","Iraq",1998,0.134182462919939
"IRQ","Iraq",1999,0.134182462919939
"IRQ","Iraq",2000,0.134182462919939
"IRQ","Iraq",2001,0.134182462919939
"IRQ","Iraq",2002,0.134182462919939
"IRQ","Iraq",2003,0.134182462919939
"IRQ","Iraq",2004,0.134182462919939
"IRQ","Iraq",2005,0.134182462919939
"IRQ","Iraq",2006,0.134182462919939
"IRQ","Iraq",2007,0.134182462919939
"IRQ","Iraq",2008,0.134182462919939
"IRQ","Iraq",2009,0.134182462919939
"IRQ","Iraq",2010,0.134182462919939
"IRQ","Iraq",2011,0.134182462919939
"IRQ","Iraq",2012,0.134182462919939
"IRQ","Iraq",2013,0.134182462919939
"IRQ","Iraq",2014,0.134182462919939
"IRQ","Iraq",2015,0.134182462919939
"IRQ","Iraq",2016,0.134182462919939
"IRQ","Iraq",2017,0.134182462919939
"IRQ","Iraq",2018,0.134182462919939
"IRQ","Iraq",2019,0.134182462919939
"IRQ","Iraq",2020,0.134182462919939
"IRQ","Iraq",2021,0.134182462919939
"IRQ","Iraq",2022,0.134182462919939
"IRL","Ireland",1995,0.113034909826704
"IRL","Ireland",1996,0.113034909826704
"IRL","Ireland",1997,0.113034909826704
"IRL","Ireland",1998,0.113034909826704
"IRL","Ireland",1999,0.113034909826704
"IRL","Ireland",2000,0.113034909826704
"IRL","Ireland",2001,0.113034909826704
"IRL","Ireland",2002,0.113034909826704
"IRL","Ireland",2003,0.113034909826704
"IRL","Ireland",2004,0.113034909826704
"IRL","Ireland",2005,0.113034909826704
"IRL","Ireland",2006,0.113034909826704
"IRL","Ireland",2007,0.113034909826704
"IRL","Ireland",2008,0.113034909826704
"IRL","Ireland",2009,0.113034909826704
"IRL","Ireland",2010,0.113034909826704
"IRL","Ireland",2011,0.113034909826704
"IRL","Ireland",2012,0.113034909826704
"IRL","Ireland",2013,0.113034909826704
"IRL","Ireland",2014,0.113034909826704
"IRL","Ireland",2015,0.113034909826704
"IRL","Ireland",2016,0.113034909826704
"IRL","Ireland",2017,0.113034909826704
"IRL","Ireland",2018,0.113034909826704
"IRL","Ireland",2019,0.113034909826704
"IRL","Ireland",2020,0.113034909826704
"IRL","Ireland",2021,0.113034909826704
"IRL","Ireland",2022,0.113034909826704
"ISR","Israel",1995,0.0767708931019886
"ISR","Israel",1996,0.0767708931019886
"ISR","Israel",1997,0.0767708931019886
"ISR","Israel",1998,0.0767708931019886
"ISR","Israel",1999,0.0767708931019886
"ISR","Israel",2000,0.0767708931019886
"ISR","Israel",2001,0.0767708931019886
"ISR","Israel",2002,0.0767708931019886
"ISR","Israel",2003,0.0767708931019886
"ISR","Israel",2004,0.0767708931019886
"ISR","Israel",2005,0.0767708931019886
"ISR","Israel",2006,0.0767708931019886
"ISR","Israel",2007,0.0767708931019886
"ISR","Israel",2008,0.0767708931019886
"ISR","Israel",2009,0.0767708931019886
"ISR","Israel",2010,0.0767708931019886
"ISR","Israel",2011,0.0767708931019886
"ISR","Israel",2012,0.0767708931019886
"ISR","Israel",2013,0.0767708931019886
"ISR","Israel",2014,0.0767708931019886
"ISR","Israel",2015,0.0767708931019886
"ISR","Israel",2016,0.0767708931019886
"ISR","Israel",2017,0.0767708931019886
"ISR","Israel",2018,0.0767708931019886
"ISR","Israel",2019,0.0767708931019886
"ISR","Israel",2020,0.0767708931019886
"ISR","Israel",2021,0.0767708931019886
"ISR","Israel",2022,0.0767708931019886
"ITA","Italy",1995,0.173639801775894
"ITA","Italy",1996,0.173639801775894
"ITA","Italy",1997,0.173639801775894
"ITA","Italy",1998,0.173639801775894
"ITA","Italy",1999,0.173639801775894
"ITA","Italy",2000,0.173639801775894
"ITA","Italy",2001,0.173639801775894
"ITA","Italy",2002,0.173639801775894
"ITA","Italy",2003,0.173639801775894
"ITA","Italy",2004,0.173639801775894
"ITA","Italy",2005,0.173639801775894
"ITA","Italy",2006,0.173639801775894
"ITA","Italy",2007,0.173639801775894
"ITA","Italy",2008,0.173639801775894
"ITA","Italy",2009,0.173639801775894
"ITA","Italy",2010,0.173639801775894
"ITA","Italy",2011,0.173639801775894
"ITA","Italy",2012,0.173639801775894
"ITA","Italy",2013,0.173639801775894
"ITA","Italy",2014,0.173639801775894
"ITA","Italy",2015,0.173639801775894
"ITA","Italy",2016,0.173639801775894
"ITA","Italy",2017,0.173639801775894
"ITA","Italy",2018,0.173639801775894
"ITA","Italy",2019,0.173639801775894
"ITA","Italy",2020,0.173639801775894
"ITA","Italy",2021,0.173639801775894
"ITA","Italy",2022,0.173639801775894
"JAM","Jamaica",1995,0.406364700054646
"JAM","Jamaica",1996,0.406364700054646
"JAM","Jamaica",1997,0.406364700054646
"JAM","Jamaica",1998,0.406364700054646
"JAM","Jamaica",1999,0.406364700054646
"JAM","Jamaica",2000,0.406364700054646
"JAM","Jamaica",2001,0.406364700054646
"JAM","Jamaica",2002,0.406364700054646
"JAM","Jamaica",2003,0.406364700054646
"JAM","Jamaica",2004,0.406364700054646
"JAM","Jamaica",2005,0.406364700054646
"JAM","Jamaica",2006,0.406364700054646
"JAM","Jamaica",2007,0.406364700054646
"JAM","Jamaica",2008,0.406364700054646
"JAM","Jamaica",2009,0.406364700054646
"JAM","Jamaica",2010,0.406364700054646
"JAM","Jamaica",2011,0.406364700054646
"JAM","Jamaica",2012,0.406364700054646
"JAM","Jamaica",2013,0.406364700054646
"JAM","Jamaica",2014,0.406364700054646
"JAM","Jamaica",2015,0.406364700054646
"JAM","Jamaica",2016,0.406364700054646
"JAM","Jamaica",2017,0.406364700054646
"JAM","Jamaica",2018,0.406364700054646
"JAM","Jamaica",2019,0.406364700054646
"JAM","Jamaica",2020,0.406364700054646
"JAM","Jamaica",2021,0.406364700054646
"JAM","Jamaica",2022,0.406364700054646
"JPN","Japan",1995,0.365291365103073
"JPN","Japan",1996,0.365291365103073
"JPN","Japan",1997,0.365291365103073
"JPN","Japan",1998,0.365291365103073
"JPN","Japan",1999,0.365291365103073
"JPN","Japan",2000,0.365291365103073
"JPN","Japan",2001,0.365291365103073
"JPN","Japan",2002,0.365291365103073
"JPN","Japan",2003,0.365291365103073
"JPN","Japan",2004,0.365291365103073
"JPN","Japan",2005,0.365291365103073
"JPN","Japan",2006,0.365291365103073
"JPN","Japan",2007,0.365291365103073
"JPN","Japan",2008,0.365291365103073
"JPN","Japan",2009,0.365291365103073
"JPN","Japan",2010,0.365291365103073
"JPN","Japan",2011,0.365291365103073
"JPN","Japan",2012,0.365291365103073
"JPN","Japan",2013,0.365291365103073
"JPN","Japan",2014,0.365291365103073
"JPN","Japan",2015,0.365291365103073
"JPN","Japan",2016,0.365291365103073
"JPN","Japan",2017,0.365291365103073
"JPN","Japan",2018,0.365291365103073
"JPN","Japan",2019,0.365291365103073
"JPN","Japan",2020,0.365291365103073
"JPN","Japan",2021,0.365291365103073
"JPN","Japan",2022,0.365291365103073
"JOR","Jordan",1995,0.0777696634786212
"JOR","Jordan",1996,0.0777696634786212
"JOR","Jordan",1997,0.0777696634786212
"JOR","Jordan",1998,0.0777696634786212
"JOR","Jordan",1999,0.0777696634786212
"JOR","Jordan",2000,0.0777696634786212
"JOR","Jordan",2001,0.0777696634786212
"JOR","Jordan",2002,0.0777696634786212
"JOR","Jordan",2003,0.0777696634786212
"JOR","Jordan",2004,0.0777696634786212
"JOR","Jordan",2005,0.0777696634786212
"JOR","Jordan",2006,0.0777696634786212
"JOR","Jordan",2007,0.0777696634786212
"JOR","Jordan",2008,0.0777696634786212
"JOR","Jordan",2009,0.0777696634786212
"JOR","Jordan",2010,0.0777696634786212
"JOR","Jordan",2011,0.0777696634786212
"JOR","Jordan",2012,0.0777696634786212
"JOR","Jordan",2013,0.0777696634786212
"JOR","Jordan",2014,0.0777696634786212
"JOR","Jordan",2015,0.0777696634786212
"JOR","Jordan",2016,0.0777696634786212
"JOR","Jordan",2017,0.0777696634786212
"JOR","Jordan",2018,0.0777696634786212
"JOR","Jordan",2019,0.0777696634786212
"JOR","Jordan",2020,0.0777696634786212
"JOR","Jordan",2021,0.0777696634786212
"JOR","Jordan",2022,0.0777696634786212
"KAZ","Kazakhstan",1995,0.0336160343656747
"KAZ","Kazakhstan",1996,0.0336160343656747
"KAZ","Kazakhstan",1997,0.0336160343656747
"KAZ","Kazakhstan",1998,0.0336160343656747
"KAZ","Kazakhstan",1999,0.0336160343656747
"KAZ","Kazakhstan",2000,0.0336160343656747
"KAZ","Kazakhstan",2001,0.0336160343656747
"KAZ","Kazakhstan",2002,0.0336160343656747
"KAZ","Kazakhstan",2003,0.0336160343656747
"KAZ","Kazakhstan",2004,0.0336160343656747
"KAZ","Kazakhstan",2005,0.0336160343656747
"KAZ","Kazakhstan",2006,0.0336160343656747
"KAZ","Kazakhstan",2007,0.0336160343656747
"KAZ","Kazakhstan",2008,0.0336160343656747
"KAZ","Kazakhstan",2009,0.0336160343656747
"KAZ","Kazakhstan",2010,0.0336160343656747
"KAZ","Kazakhstan",2011,0.0336160343656747
"KAZ","Kazakhstan",2012,0.0336160343656747
"KAZ","Kazakhstan",2013,0.0336160343656747
"KAZ","Kazakhstan",2014,0.0336160343656747
"KAZ","Kazakhstan",2015,0.0336160343656747
"KAZ","Kazakhstan",2016,0.0336160343656747
"KAZ","Kazakhstan",2017,0.0336160343656747
"KAZ","Kazakhstan",2018,0.0336160343656747
"KAZ","Kazakhstan",2019,0.0336160343656747
"KAZ","Kazakhstan",2020,0.0336160343656747
"KAZ","Kazakhstan",2021,0.0336160343656747
"KAZ","Kazakhstan",2022,0.0336160343656747
"KEN","Kenya",1995,0.278674461128852
"KEN","Kenya",1996,0.278674461128852
"KEN","Kenya",1997,0.278674461128852
"KEN","Kenya",1998,0.278674461128852
"KEN","Kenya",1999,0.278674461128852
"KEN","Kenya",2000,0.278674461128852
"KEN","Kenya",2001,0.278674461128852
"KEN","Kenya",2002,0.278674461128852
"KEN","Kenya",2003,0.278674461128852
"KEN","Kenya",2004,0.278674461128852
"KEN","Kenya",2005,0.278674461128852
"KEN","Kenya",2006,0.278674461128852
"KEN","Kenya",2007,0.278674461128852
"KEN","Kenya",2008,0.278674461128852
"KEN","Kenya",2009,0.278674461128852
"KEN","Kenya",2010,0.278674461128852
"KEN","Kenya",2011,0.278674461128852
"KEN","Kenya",2012,0.278674461128852
"KEN","Kenya",2013,0.278674461128852
"KEN","Kenya",2014,0.278674461128852
"KEN","Kenya",2015,0.278674461128852
"KEN","Kenya",2016,0.278674461128852
"KEN","Kenya",2017,0.278674461128852
"KEN","Kenya",2018,0.278674461128852
"KEN","Kenya",2019,0.278674461128852
"KEN","Kenya",2020,0.278674461128852
"KEN","Kenya",2021,0.278674461128852
"KEN","Kenya",2022,0.278674461128852
"KIR","Kiribati",1995,0.109857435093541
"KIR","Kiribati",1996,0.109857435093541
"KIR","Kiribati",1997,0.109857435093541
"KIR","Kiribati",1998,0.109857435093541
"KIR","Kiribati",1999,0.109857435093541
"KIR","Kiribati",2000,0.109857435093541
"KIR","Kiribati",2001,0.109857435093541
"KIR","Kiribati",2002,0.109857435093541
"KIR","Kiribati",2003,0.109857435093541
"KIR","Kiribati",2004,0.109857435093541
"KIR","Kiribati",2005,0.109857435093541
"KIR","Kiribati",2006,0.109857435093541
"KIR","Kiribati",2007,0.109857435093541
"KIR","Kiribati",2008,0.109857435093541
"KIR","Kiribati",2009,0.109857435093541
"KIR","Kiribati",2010,0.109857435093541
"KIR","Kiribati",2011,0.109857435093541
"KIR","Kiribati",2012,0.109857435093541
"KIR","Kiribati",2013,0.109857435093541
"KIR","Kiribati",2014,0.109857435093541
"KIR","Kiribati",2015,0.109857435093541
"KIR","Kiribati",2016,0.109857435093541
"KIR","Kiribati",2017,0.109857435093541
"KIR","Kiribati",2018,0.109857435093541
"KIR","Kiribati",2019,0.109857435093541
"KIR","Kiribati",2020,0.109857435093541
"KIR","Kiribati",2021,0.109857435093541
"KIR","Kiribati",2022,0.109857435093541
"PRK","Korea, Democratic People's Repub",1995,0.104078477692346
"PRK","Korea, Democratic People's Repub",1996,0.104078477692346
"PRK","Korea, Democratic People's Repub",1997,0.104078477692346
"PRK","Korea, Democratic People's Repub",1998,0.104078477692346
"PRK","Korea, Democratic People's Repub",1999,0.104078477692346
"PRK","Korea, Democratic People's Repub",2000,0.104078477692346
"PRK","Korea, Democratic People's Repub",2001,0.104078477692346
"PRK","Korea, Democratic People's Repub",2002,0.104078477692346
"PRK","Korea, Democratic People's Repub",2003,0.104078477692346
"PRK","Korea, Democratic People's Repub",2004,0.104078477692346
"PRK","Korea, Democratic People's Repub",2005,0.104078477692346
"PRK","Korea, Democratic People's Repub",2006,0.104078477692346
"PRK","Korea, Democratic People's Repub",2007,0.104078477692346
"PRK","Korea, Democratic People's Repub",2008,0.104078477692346
"PRK","Korea, Democratic People's Repub",2009,0.104078477692346
"PRK","Korea, Democratic People's Repub",2010,0.104078477692346
"PRK","Korea, Democratic People's Repub",2011,0.104078477692346
"PRK","Korea, Democratic People's Repub",2012,0.104078477692346
"PRK","Korea, Democratic People's Repub",2013,0.104078477692346
"PRK","Korea, Democratic People's Repub",2014,0.104078477692346
"PRK","Korea, Democratic People's Repub",2015,0.104078477692346
"PRK","Korea, Democratic People's Repub",2016,0.104078477692346
"PRK","Korea, Democratic People's Repub",2017,0.104078477692346
"PRK","Korea, Democratic People's Repub",2018,0.104078477692346
"PRK","Korea, Democratic People's Repub",2019,0.104078477692346
"PRK","Korea, Democratic People's Repub",2020,0.104078477692346
"PRK","Korea, Democratic People's Repub",2021,0.104078477692346
"PRK","Korea, Democratic People's Repub",2022,0.104078477692346
"KOR","Korea, Republic of",1995,0.175885961945202
"KOR","Korea, Republic of",1996,0.175885961945202
"KOR","Korea, Republic of",1997,0.175885961945202
"KOR","Korea, Republic of",1998,0.175885961945202
"KOR","Korea, Republic of",1999,0.175885961945202
"KOR","Korea, Republic of",2000,0.175885961945202
"KOR","Korea, Republic of",2001,0.175885961945202
"KOR","Korea, Republic of",2002,0.175885961945202
"KOR","Korea, Republic of",2003,0.175885961945202
"KOR","Korea, Republic of",2004,0.175885961945202
"KOR","Korea, Republic of",2005,0.175885961945202
"KOR","Korea, Republic of",2006,0.175885961945202
"KOR","Korea, Republic of",2007,0.175885961945202
"KOR","Korea, Republic of",2008,0.175885961945202
"KOR","Korea, Republic of",2009,0.175885961945202
"KOR","Korea, Republic of",2010,0.175885961945202
"KOR","Korea, Republic of",2011,0.175885961945202
"KOR","Korea, Republic of",2012,0.175885961945202
"KOR","Korea, Republic of",2013,0.175885961945202
"KOR","Korea, Republic of",2014,0.175885961945202
"KOR","Korea, Republic of",2015,0.175885961945202
"KOR","Korea, Republic of",2016,0.175885961945202
"KOR","Korea, Republic of",2017,0.175885961945202
"KOR","Korea, Republic of",2018,0.175885961945202
"KOR","Korea, Republic of",2019,0.175885961945202
"KOR","Korea, Republic of",2020,0.175885961945202
"KOR","Korea, Republic of",2021,0.175885961945202
"KOR","Korea, Republic of",2022,0.175885961945202
"KWT","Kuwait",1995,0.261801188773686
"KWT","Kuwait",1996,0.261801188773686
"KWT","Kuwait",1997,0.261801188773686
"KWT","Kuwait",1998,0.261801188773686
"KWT","Kuwait",1999,0.261801188773686
"KWT","Kuwait",2000,0.261801188773686
"KWT","Kuwait",2001,0.261801188773686
"KWT","Kuwait",2002,0.261801188773686
"KWT","Kuwait",2003,0.261801188773686
"KWT","Kuwait",2004,0.261801188773686
"KWT","Kuwait",2005,0.261801188773686
"KWT","Kuwait",2006,0.261801188773686
"KWT","Kuwait",2007,0.261801188773686
"KWT","Kuwait",2008,0.261801188773686
"KWT","Kuwait",2009,0.261801188773686
"KWT","Kuwait",2010,0.261801188773686
"KWT","Kuwait",2011,0.261801188773686
"KWT","Kuwait",2012,0.261801188773686
"KWT","Kuwait",2013,0.261801188773686
"KWT","Kuwait",2014,0.261801188773686
"KWT","Kuwait",2015,0.261801188773686
"KWT","Kuwait",2016,0.261801188773686
"KWT","Kuwait",2017,0.261801188773686
"KWT","Kuwait",2018,0.261801188773686
"KWT","Kuwait",2019,0.261801188773686
"KWT","Kuwait",2020,0.261801188773686
"KWT","Kuwait",2021,0.261801188773686
"KWT","Kuwait",2022,0.261801188773686
"KGZ","Kyrgyzstan",1995,0.0845686591986005
"KGZ","Kyrgyzstan",1996,0.0845686591986005
"KGZ","Kyrgyzstan",1997,0.0845686591986005
"KGZ","Kyrgyzstan",1998,0.0845686591986005
"KGZ","Kyrgyzstan",1999,0.0845686591986005
"KGZ","Kyrgyzstan",2000,0.0845686591986005
"KGZ","Kyrgyzstan",2001,0.0845686591986005
"KGZ","Kyrgyzstan",2002,0.0845686591986005
"KGZ","Kyrgyzstan",2003,0.0845686591986005
"KGZ","Kyrgyzstan",2004,0.0845686591986005
"KGZ","Kyrgyzstan",2005,0.0845686591986005
"KGZ","Kyrgyzstan",2006,0.0845686591986005
"KGZ","Kyrgyzstan",2007,0.0845686591986005
"KGZ","Kyrgyzstan",2008,0.0845686591986005
"KGZ","Kyrgyzstan",2009,0.0845686591986005
"KGZ","Kyrgyzstan",2010,0.0845686591986005
"KGZ","Kyrgyzstan",2011,0.0845686591986005
"KGZ","Kyrgyzstan",2012,0.0845686591986005
"KGZ","Kyrgyzstan",2013,0.0845686591986005
"KGZ","Kyrgyzstan",2014,0.0845686591986005
"KGZ","Kyrgyzstan",2015,0.0845686591986005
"KGZ","Kyrgyzstan",2016,0.0845686591986005
"KGZ","Kyrgyzstan",2017,0.0845686591986005
"KGZ","Kyrgyzstan",2018,0.0845686591986005
"KGZ","Kyrgyzstan",2019,0.0845686591986005
"KGZ","Kyrgyzstan",2020,0.0845686591986005
"KGZ","Kyrgyzstan",2021,0.0845686591986005
"KGZ","Kyrgyzstan",2022,0.0845686591986005
"LAO","Lao People's Democratic Republic",1995,0.0487682941200383
"LAO","Lao People's Democratic Republic",1996,0.0487682941200383
"LAO","Lao People's Democratic Republic",1997,0.0487682941200383
"LAO","Lao People's Democratic Republic",1998,0.0487682941200383
"LAO","Lao People's Democratic Republic",1999,0.0487682941200383
"LAO","Lao People's Democratic Republic",2000,0.0487682941200383
"LAO","Lao People's Democratic Republic",2001,0.0487682941200383
"LAO","Lao People's Democratic Republic",2002,0.0487682941200383
"LAO","Lao People's Democratic Republic",2003,0.0487682941200383
"LAO","Lao People's Democratic Republic",2004,0.0487682941200383
"LAO","Lao People's Democratic Republic",2005,0.0487682941200383
"LAO","Lao People's Democratic Republic",2006,0.0487682941200383
"LAO","Lao People's Democratic Republic",2007,0.0487682941200383
"LAO","Lao People's Democratic Republic",2008,0.0487682941200383
"LAO","Lao People's Democratic Republic",2009,0.0487682941200383
"LAO","Lao People's Democratic Republic",2010,0.0487682941200383
"LAO","Lao People's Democratic Republic",2011,0.0487682941200383
"LAO","Lao People's Democratic Republic",2012,0.0487682941200383
"LAO","Lao People's Democratic Republic",2013,0.0487682941200383
"LAO","Lao People's Democratic Republic",2014,0.0487682941200383
"LAO","Lao People's Democratic Republic",2015,0.0487682941200383
"LAO","Lao People's Democratic Republic",2016,0.0487682941200383
"LAO","Lao People's Democratic Republic",2017,0.0487682941200383
"LAO","Lao People's Democratic Republic",2018,0.0487682941200383
"LAO","Lao People's Democratic Republic",2019,0.0487682941200383
"LAO","Lao People's Democratic Republic",2020,0.0487682941200383
"LAO","Lao People's Democratic Republic",2021,0.0487682941200383
"LAO","Lao People's Democratic Republic",2022,0.0487682941200383
"LVA","Latvia",1995,0.206611868759977
"LVA","Latvia",1996,0.206611868759977
"LVA","Latvia",1997,0.206611868759977
"LVA","Latvia",1998,0.206611868759977
"LVA","Latvia",1999,0.206611868759977
"LVA","Latvia",2000,0.206611868759977
"LVA","Latvia",2001,0.206611868759977
"LVA","Latvia",2002,0.206611868759977
"LVA","Latvia",2003,0.206611868759977
"LVA","Latvia",2004,0.206611868759977
"LVA","Latvia",2005,0.206611868759977
"LVA","Latvia",2006,0.206611868759977
"LVA","Latvia",2007,0.206611868759977
"LVA","Latvia",2008,0.206611868759977
"LVA","Latvia",2009,0.206611868759977
"LVA","Latvia",2010,0.206611868759977
"LVA","Latvia",2011,0.206611868759977
"LVA","Latvia",2012,0.206611868759977
"LVA","Latvia",2013,0.206611868759977
"LVA","Latvia",2014,0.206611868759977
"LVA","Latvia",2015,0.206611868759977
"LVA","Latvia",2016,0.206611868759977
"LVA","Latvia",2017,0.206611868759977
"LVA","Latvia",2018,0.206611868759977
"LVA","Latvia",2019,0.206611868759977
"LVA","Latvia",2020,0.206611868759977
"LVA","Latvia",2021,0.206611868759977
"LVA","Latvia",2022,0.206611868759977
"LBN","Lebanon",1995,0.0823300264412106
"LBN","Lebanon",1996,0.0823300264412106
"LBN","Lebanon",1997,0.0823300264412106
"LBN","Lebanon",1998,0.0823300264412106
"LBN","Lebanon",1999,0.0823300264412106
"LBN","Lebanon",2000,0.0823300264412106
"LBN","Lebanon",2001,0.0823300264412106
"LBN","Lebanon",2002,0.0823300264412106
"LBN","Lebanon",2003,0.0823300264412106
"LBN","Lebanon",2004,0.0823300264412106
"LBN","Lebanon",2005,0.0823300264412106
"LBN","Lebanon",2006,0.0823300264412106
"LBN","Lebanon",2007,0.0823300264412106
"LBN","Lebanon",2008,0.0823300264412106
"LBN","Lebanon",2009,0.0823300264412106
"LBN","Lebanon",2010,0.0823300264412106
"LBN","Lebanon",2011,0.0823300264412106
"LBN","Lebanon",2012,0.0823300264412106
"LBN","Lebanon",2013,0.0823300264412106
"LBN","Lebanon",2014,0.0823300264412106
"LBN","Lebanon",2015,0.0823300264412106
"LBN","Lebanon",2016,0.0823300264412106
"LBN","Lebanon",2017,0.0823300264412106
"LBN","Lebanon",2018,0.0823300264412106
"LBN","Lebanon",2019,0.0823300264412106
"LBN","Lebanon",2020,0.0823300264412106
"LBN","Lebanon",2021,0.0823300264412106
"LBN","Lebanon",2022,0.0823300264412106
"LSO","Lesotho",1995,0.107476915102086
"LSO","Lesotho",1996,0.107476915102086
"LSO","Lesotho",1997,0.107476915102086
"LSO","Lesotho",1998,0.107476915102086
"LSO","Lesotho",1999,0.107476915102086
"LSO","Lesotho",2000,0.107476915102086
"LSO","Lesotho",2001,0.107476915102086
"LSO","Lesotho",2002,0.107476915102086
"LSO","Lesotho",2003,0.107476915102086
"LSO","Lesotho",2004,0.107476915102086
"LSO","Lesotho",2005,0.107476915102086
"LSO","Lesotho",2006,0.107476915102086
"LSO","Lesotho",2007,0.107476915102086
"LSO","Lesotho",2008,0.107476915102086
"LSO","Lesotho",2009,0.107476915102086
"LSO","Lesotho",2010,0.107476915102086
"LSO","Lesotho",2011,0.107476915102086
"LSO","Lesotho",2012,0.107476915102086
"LSO","Lesotho",2013,0.107476915102086
"LSO","Lesotho",2014,0.107476915102086
"LSO","Lesotho",2015,0.107476915102086
"LSO","Lesotho",2016,0.107476915102086
"LSO","Lesotho",2017,0.107476915102086
"LSO","Lesotho",2018,0.107476915102086
"LSO","Lesotho",2019,0.107476915102086
"LSO","Lesotho",2020,0.107476915102086
"LSO","Lesotho",2021,0.107476915102086
"LSO","Lesotho",2022,0.107476915102086
"LBR","Liberia",1995,0.360804731682801
"LBR","Liberia",1996,0.360804731682801
"LBR","Liberia",1997,0.360804731682801
"LBR","Liberia",1998,0.360804731682801
"LBR","Liberia",1999,0.360804731682801
"LBR","Liberia",2000,0.360804731682801
"LBR","Liberia",2001,0.360804731682801
"LBR","Liberia",2002,0.360804731682801
"LBR","Liberia",2003,0.360804731682801
"LBR","Liberia",2004,0.360804731682801
"LBR","Liberia",2005,0.360804731682801
"LBR","Liberia",2006,0.360804731682801
"LBR","Liberia",2007,0.360804731682801
"LBR","Liberia",2008,0.360804731682801
"LBR","Liberia",2009,0.360804731682801
"LBR","Liberia",2010,0.360804731682801
"LBR","Liberia",2011,0.360804731682801
"LBR","Liberia",2012,0.360804731682801
"LBR","Liberia",2013,0.360804731682801
"LBR","Liberia",2014,0.360804731682801
"LBR","Liberia",2015,0.360804731682801
"LBR","Liberia",2016,0.360804731682801
"LBR","Liberia",2017,0.360804731682801
"LBR","Liberia",2018,0.360804731682801
"LBR","Liberia",2019,0.360804731682801
"LBR","Liberia",2020,0.360804731682801
"LBR","Liberia",2021,0.360804731682801
"LBR","Liberia",2022,0.360804731682801
"LBY","Libyan Arab Jamahiriya",1995,0.0511452130366282
"LBY","Libyan Arab Jamahiriya",1996,0.0511452130366282
"LBY","Libyan Arab Jamahiriya",1997,0.0511452130366282
"LBY","Libyan Arab Jamahiriya",1998,0.0511452130366282
"LBY","Libyan Arab Jamahiriya",1999,0.0511452130366282
"LBY","Libyan Arab Jamahiriya",2000,0.0511452130366282
"LBY","Libyan Arab Jamahiriya",2001,0.0511452130366282
"LBY","Libyan Arab Jamahiriya",2002,0.0511452130366282
"LBY","Libyan Arab Jamahiriya",2003,0.0511452130366282
"LBY","Libyan Arab Jamahiriya",2004,0.0511452130366282
"LBY","Libyan Arab Jamahiriya",2005,0.0511452130366282
"LBY","Libyan Arab Jamahiriya",2006,0.0511452130366282
"LBY","Libyan Arab Jamahiriya",2007,0.0511452130366282
"LBY","Libyan Arab Jamahiriya",2008,0.0511452130366282
"LBY","Libyan Arab Jamahiriya",2009,0.0511452130366282
"LBY","Libyan Arab Jamahiriya",2010,0.0511452130366282
"LBY","Libyan Arab Jamahiriya",2011,0.0511452130366282
"LBY","Libyan Arab Jamahiriya",2012,0.0511452130366282
"LBY","Libyan Arab Jamahiriya",2013,0.0511452130366282
"LBY","Libyan Arab Jamahiriya",2014,0.0511452130366282
"LBY","Libyan Arab Jamahiriya",2015,0.0511452130366282
"LBY","Libyan Arab Jamahiriya",2016,0.0511452130366282
"LBY","Libyan Arab Jamahiriya",2017,0.0511452130366282
"LBY","Libyan Arab Jamahiriya",2018,0.0511452130366282
"LBY","Libyan Arab Jamahiriya",2019,0.0511452130366282
"LBY","Libyan Arab Jamahiriya",2020,0.0511452130366282
"LBY","Libyan Arab Jamahiriya",2021,0.0511452130366282
"LBY","Libyan Arab Jamahiriya",2022,0.0511452130366282
"LIE","Liechtenstein",1995,0.0775081293910589
"LIE","Liechtenstein",1996,0.0775081293910589
"LIE","Liechtenstein",1997,0.0775081293910589
"LIE","Liechtenstein",1998,0.0775081293910589
"LIE","Liechtenstein",1999,0.0775081293910589
"LIE","Liechtenstein",2000,0.0775081293910589
"LIE","Liechtenstein",2001,0.0775081293910589
"LIE","Liechtenstein",2002,0.0775081293910589
"LIE","Liechtenstein",2003,0.0775081293910589
"LIE","Liechtenstein",2004,0.0775081293910589
"LIE","Liechtenstein",2005,0.0775081293910589
"LIE","Liechtenstein",2006,0.0775081293910589
"LIE","Liechtenstein",2007,0.0775081293910589
"LIE","Liechtenstein",2008,0.0775081293910589
"LIE","Liechtenstein",2009,0.0775081293910589
"LIE","Liechtenstein",2010,0.0775081293910589
"LIE","Liechtenstein",2011,0.0775081293910589
"LIE","Liechtenstein",2012,0.0775081293910589
"LIE","Liechtenstein",2013,0.0775081293910589
"LIE","Liechtenstein",2014,0.0775081293910589
"LIE","Liechtenstein",2015,0.0775081293910589
"LIE","Liechtenstein",2016,0.0775081293910589
"LIE","Liechtenstein",2017,0.0775081293910589
"LIE","Liechtenstein",2018,0.0775081293910589
"LIE","Liechtenstein",2019,0.0775081293910589
"LIE","Liechtenstein",2020,0.0775081293910589
"LIE","Liechtenstein",2021,0.0775081293910589
"LIE","Liechtenstein",2022,0.0775081293910589
"LTU","Lithuania",1995,0.23557105492167
"LTU","Lithuania",1996,0.23557105492167
"LTU","Lithuania",1997,0.23557105492167
"LTU","Lithuania",1998,0.23557105492167
"LTU","Lithuania",1999,0.23557105492167
"LTU","Lithuania",2000,0.23557105492167
"LTU","Lithuania",2001,0.23557105492167
"LTU","Lithuania",2002,0.23557105492167
"LTU","Lithuania",2003,0.23557105492167
"LTU","Lithuania",2004,0.23557105492167
"LTU","Lithuania",2005,0.23557105492167
"LTU","Lithuania",2006,0.23557105492167
"LTU","Lithuania",2007,0.23557105492167
"LTU","Lithuania",2008,0.23557105492167
"LTU","Lithuania",2009,0.23557105492167
"LTU","Lithuania",2010,0.23557105492167
"LTU","Lithuania",2011,0.23557105492167
"LTU","Lithuania",2012,0.23557105492167
"LTU","Lithuania",2013,0.23557105492167
"LTU","Lithuania",2014,0.23557105492167
"LTU","Lithuania",2015,0.23557105492167
"LTU","Lithuania",2016,0.23557105492167
"LTU","Lithuania",2017,0.23557105492167
"LTU","Lithuania",2018,0.23557105492167
"LTU","Lithuania",2019,0.23557105492167
"LTU","Lithuania",2020,0.23557105492167
"LTU","Lithuania",2021,0.23557105492167
"LTU","Lithuania",2022,0.23557105492167
"LUX","Luxembourg",1995,0.0437953854092134
"LUX","Luxembourg",1996,0.0437953854092134
"LUX","Luxembourg",1997,0.0437953854092134
"LUX","Luxembourg",1998,0.0437953854092134
"LUX","Luxembourg",1999,0.0437953854092134
"LUX","Luxembourg",2000,0.0437953854092134
"LUX","Luxembourg",2001,0.0437953854092134
"LUX","Luxembourg",2002,0.0437953854092134
"LUX","Luxembourg",2003,0.0437953854092134
"LUX","Luxembourg",2004,0.0437953854092134
"LUX","Luxembourg",2005,0.0437953854092134
"LUX","Luxembourg",2006,0.0437953854092134
"LUX","Luxembourg",2007,0.0437953854092134
"LUX","Luxembourg",2008,0.0437953854092134
"LUX","Luxembourg",2009,0.0437953854092134
"LUX","Luxembourg",2010,0.0437953854092134
"LUX","Luxembourg",2011,0.0437953854092134
"LUX","Luxembourg",2012,0.0437953854092134
"LUX","Luxembourg",2013,0.0437953854092134
"LUX","Luxembourg",2014,0.0437953854092134
"LUX","Luxembourg",2015,0.0437953854092134
"LUX","Luxembourg",2016,0.0437953854092134
"LUX","Luxembourg",2017,0.0437953854092134
"LUX","Luxembourg",2018,0.0437953854092134
"LUX","Luxembourg",2019,0.0437953854092134
"LUX","Luxembourg",2020,0.0437953854092134
"LUX","Luxembourg",2021,0.0437953854092134
"LUX","Luxembourg",2022,0.0437953854092134
"MKD","Macedonia",1995,0.0818675521102484
"MKD","Macedonia",1996,0.0818675521102484
"MKD","Macedonia",1997,0.0818675521102484
"MKD","Macedonia",1998,0.0818675521102484
"MKD","Macedonia",1999,0.0818675521102484
"MKD","Macedonia",2000,0.0818675521102484
"MKD","Macedonia",2001,0.0818675521102484
"MKD","Macedonia",2002,0.0818675521102484
"MKD","Macedonia",2003,0.0818675521102484
"MKD","Macedonia",2004,0.0818675521102484
"MKD","Macedonia",2005,0.0818675521102484
"MKD","Macedonia",2006,0.0818675521102484
"MKD","Macedonia",2007,0.0818675521102484
"MKD","Macedonia",2008,0.0818675521102484
"MKD","Macedonia",2009,0.0818675521102484
"MKD","Macedonia",2010,0.0818675521102484
"MKD","Macedonia",2011,0.0818675521102484
"MKD","Macedonia",2012,0.0818675521102484
"MKD","Macedonia",2013,0.0818675521102484
"MKD","Macedonia",2014,0.0818675521102484
"MKD","Macedonia",2015,0.0818675521102484
"MKD","Macedonia",2016,0.0818675521102484
"MKD","Macedonia",2017,0.0818675521102484
"MKD","Macedonia",2018,0.0818675521102484
"MKD","Macedonia",2019,0.0818675521102484
"MKD","Macedonia",2020,0.0818675521102484
"MKD","Macedonia",2021,0.0818675521102484
"MKD","Macedonia",2022,0.0818675521102484
"MDG","Madagascar",1995,0.181033633989666
"MDG","Madagascar",1996,0.181033633989666
"MDG","Madagascar",1997,0.181033633989666
"MDG","Madagascar",1998,0.181033633989666
"MDG","Madagascar",1999,0.181033633989666
"MDG","Madagascar",2000,0.181033633989666
"MDG","Madagascar",2001,0.181033633989666
"MDG","Madagascar",2002,0.181033633989666
"MDG","Madagascar",2003,0.181033633989666
"MDG","Madagascar",2004,0.181033633989666
"MDG","Madagascar",2005,0.181033633989666
"MDG","Madagascar",2006,0.181033633989666
"MDG","Madagascar",2007,0.181033633989666
"MDG","Madagascar",2008,0.181033633989666
"MDG","Madagascar",2009,0.181033633989666
"MDG","Madagascar",2010,0.181033633989666
"MDG","Madagascar",2011,0.181033633989666
"MDG","Madagascar",2012,0.181033633989666
"MDG","Madagascar",2013,0.181033633989666
"MDG","Madagascar",2014,0.181033633989666
"MDG","Madagascar",2015,0.181033633989666
"MDG","Madagascar",2016,0.181033633989666
"MDG","Madagascar",2017,0.181033633989666
"MDG","Madagascar",2018,0.181033633989666
"MDG","Madagascar",2019,0.181033633989666
"MDG","Madagascar",2020,0.181033633989666
"MDG","Madagascar",2021,0.181033633989666
"MDG","Madagascar",2022,0.181033633989666
"MWI","Malawi",1995,0.103714733679969
"MWI","Malawi",1996,0.103714733679969
"MWI","Malawi",1997,0.103714733679969
"MWI","Malawi",1998,0.103714733679969
"MWI","Malawi",1999,0.103714733679969
"MWI","Malawi",2000,0.103714733679969
"MWI","Malawi",2001,0.103714733679969
"MWI","Malawi",2002,0.103714733679969
"MWI","Malawi",2003,0.103714733679969
"MWI","Malawi",2004,0.103714733679969
"MWI","Malawi",2005,0.103714733679969
"MWI","Malawi",2006,0.103714733679969
"MWI","Malawi",2007,0.103714733679969
"MWI","Malawi",2008,0.103714733679969
"MWI","Malawi",2009,0.103714733679969
"MWI","Malawi",2010,0.103714733679969
"MWI","Malawi",2011,0.103714733679969
"MWI","Malawi",2012,0.103714733679969
"MWI","Malawi",2013,0.103714733679969
"MWI","Malawi",2014,0.103714733679969
"MWI","Malawi",2015,0.103714733679969
"MWI","Malawi",2016,0.103714733679969
"MWI","Malawi",2017,0.103714733679969
"MWI","Malawi",2018,0.103714733679969
"MWI","Malawi",2019,0.103714733679969
"MWI","Malawi",2020,0.103714733679969
"MWI","Malawi",2021,0.103714733679969
"MWI","Malawi",2022,0.103714733679969
"MYS","Malaysia",1995,0.56439048912219
"MYS","Malaysia",1996,0.56439048912219
"MYS","Malaysia",1997,0.56439048912219
"MYS","Malaysia",1998,0.56439048912219
"MYS","Malaysia",1999,0.56439048912219
"MYS","Malaysia",2000,0.56439048912219
"MYS","Malaysia",2001,0.56439048912219
"MYS","Malaysia",2002,0.56439048912219
"MYS","Malaysia",2003,0.56439048912219
"MYS","Malaysia",2004,0.56439048912219
"MYS","Malaysia",2005,0.56439048912219
"MYS","Malaysia",2006,0.56439048912219
"MYS","Malaysia",2007,0.56439048912219
"MYS","Malaysia",2008,0.56439048912219
"MYS","Malaysia",2009,0.56439048912219
"MYS","Malaysia",2010,0.56439048912219
"MYS","Malaysia",2011,0.56439048912219
"MYS","Malaysia",2012,0.56439048912219
"MYS","Malaysia",2013,0.56439048912219
"MYS","Malaysia",2014,0.56439048912219
"MYS","Malaysia",2015,0.56439048912219
"MYS","Malaysia",2016,0.56439048912219
"MYS","Malaysia",2017,0.56439048912219
"MYS","Malaysia",2018,0.56439048912219
"MYS","Malaysia",2019,0.56439048912219
"MYS","Malaysia",2020,0.56439048912219
"MYS","Malaysia",2021,0.56439048912219
"MYS","Malaysia",2022,0.56439048912219
"MDV","Maldives",1995,0.474758857314601
"MDV","Maldives",1996,0.474758857314601
"MDV","Maldives",1997,0.474758857314601
"MDV","Maldives",1998,0.474758857314601
"MDV","Maldives",1999,0.474758857314601
"MDV","Maldives",2000,0.474758857314601
"MDV","Maldives",2001,0.474758857314601
"MDV","Maldives",2002,0.474758857314601
"MDV","Maldives",2003,0.474758857314601
"MDV","Maldives",2004,0.474758857314601
"MDV","Maldives",2005,0.474758857314601
"MDV","Maldives",2006,0.474758857314601
"MDV","Maldives",2007,0.474758857314601
"MDV","Maldives",2008,0.474758857314601
"MDV","Maldives",2009,0.474758857314601
"MDV","Maldives",2010,0.474758857314601
"MDV","Maldives",2011,0.474758857314601
"MDV","Maldives",2012,0.474758857314601
"MDV","Maldives",2013,0.474758857314601
"MDV","Maldives",2014,0.474758857314601
"MDV","Maldives",2015,0.474758857314601
"MDV","Maldives",2016,0.474758857314601
"MDV","Maldives",2017,0.474758857314601
"MDV","Maldives",2018,0.474758857314601
"MDV","Maldives",2019,0.474758857314601
"MDV","Maldives",2020,0.474758857314601
"MDV","Maldives",2021,0.474758857314601
"MDV","Maldives",2022,0.474758857314601
"MLI","Mali",1995,0.176936381357383
"MLI","Mali",1996,0.176936381357383
"MLI","Mali",1997,0.176936381357383
"MLI","Mali",1998,0.176936381357383
"MLI","Mali",1999,0.176936381357383
"MLI","Mali",2000,0.176936381357383
"MLI","Mali",2001,0.176936381357383
"MLI","Mali",2002,0.176936381357383
"MLI","Mali",2003,0.176936381357383
"MLI","Mali",2004,0.176936381357383
"MLI","Mali",2005,0.176936381357383
"MLI","Mali",2006,0.176936381357383
"MLI","Mali",2007,0.176936381357383
"MLI","Mali",2008,0.176936381357383
"MLI","Mali",2009,0.176936381357383
"MLI","Mali",2010,0.176936381357383
"MLI","Mali",2011,0.176936381357383
"MLI","Mali",2012,0.176936381357383
"MLI","Mali",2013,0.176936381357383
"MLI","Mali",2014,0.176936381357383
"MLI","Mali",2015,0.176936381357383
"MLI","Mali",2016,0.176936381357383
"MLI","Mali",2017,0.176936381357383
"MLI","Mali",2018,0.176936381357383
"MLI","Mali",2019,0.176936381357383
"MLI","Mali",2020,0.176936381357383
"MLI","Mali",2021,0.176936381357383
"MLI","Mali",2022,0.176936381357383
"MLT","Malta",1995,0.337596899162267
"MLT","Malta",1996,0.337596899162267
"MLT","Malta",1997,0.337596899162267
"MLT","Malta",1998,0.337596899162267
"MLT","Malta",1999,0.337596899162267
"MLT","Malta",2000,0.337596899162267
"MLT","Malta",2001,0.337596899162267
"MLT","Malta",2002,0.337596899162267
"MLT","Malta",2003,0.337596899162267
"MLT","Malta",2004,0.337596899162267
"MLT","Malta",2005,0.337596899162267
"MLT","Malta",2006,0.337596899162267
"MLT","Malta",2007,0.337596899162267
"MLT","Malta",2008,0.337596899162267
"MLT","Malta",2009,0.337596899162267
"MLT","Malta",2010,0.337596899162267
"MLT","Malta",2011,0.337596899162267
"MLT","Malta",2012,0.337596899162267
"MLT","Malta",2013,0.337596899162267
"MLT","Malta",2014,0.337596899162267
"MLT","Malta",2015,0.337596899162267
"MLT","Malta",2016,0.337596899162267
"MLT","Malta",2017,0.337596899162267
"MLT","Malta",2018,0.337596899162267
"MLT","Malta",2019,0.337596899162267
"MLT","Malta",2020,0.337596899162267
"MLT","Malta",2021,0.337596899162267
"MLT","Malta",2022,0.337596899162267
"MHL","Marshall Islands",1995,0.332503881111158
"MHL","Marshall Islands",1996,0.332503881111158
"MHL","Marshall Islands",1997,0.332503881111158
"MHL","Marshall Islands",1998,0.332503881111158
"MHL","Marshall Islands",1999,0.332503881111158
"MHL","Marshall Islands",2000,0.332503881111158
"MHL","Marshall Islands",2001,0.332503881111158
"MHL","Marshall Islands",2002,0.332503881111158
"MHL","Marshall Islands",2003,0.332503881111158
"MHL","Marshall Islands",2004,0.332503881111158
"MHL","Marshall Islands",2005,0.332503881111158
"MHL","Marshall Islands",2006,0.332503881111158
"MHL","Marshall Islands",2007,0.332503881111158
"MHL","Marshall Islands",2008,0.332503881111158
"MHL","Marshall Islands",2009,0.332503881111158
"MHL","Marshall Islands",2010,0.332503881111158
"MHL","Marshall Islands",2011,0.332503881111158
"MHL","Marshall Islands",2012,0.332503881111158
"MHL","Marshall Islands",2013,0.332503881111158
"MHL","Marshall Islands",2014,0.332503881111158
"MHL","Marshall Islands",2015,0.332503881111158
"MHL","Marshall Islands",2016,0.332503881111158
"MHL","Marshall Islands",2017,0.332503881111158
"MHL","Marshall Islands",2018,0.332503881111158
"MHL","Marshall Islands",2019,0.332503881111158
"MHL","Marshall Islands",2020,0.332503881111158
"MHL","Marshall Islands",2021,0.332503881111158
"MHL","Marshall Islands",2022,0.332503881111158
"MRT","Mauritania",1995,0.149802299918948
"MRT","Mauritania",1996,0.149802299918948
"MRT","Mauritania",1997,0.149802299918948
"MRT","Mauritania",1998,0.149802299918948
"MRT","Mauritania",1999,0.149802299918948
"MRT","Mauritania",2000,0.149802299918948
"MRT","Mauritania",2001,0.149802299918948
"MRT","Mauritania",2002,0.149802299918948
"MRT","Mauritania",2003,0.149802299918948
"MRT","Mauritania",2004,0.149802299918948
"MRT","Mauritania",2005,0.149802299918948
"MRT","Mauritania",2006,0.149802299918948
"MRT","Mauritania",2007,0.149802299918948
"MRT","Mauritania",2008,0.149802299918948
"MRT","Mauritania",2009,0.149802299918948
"MRT","Mauritania",2010,0.149802299918948
"MRT","Mauritania",2011,0.149802299918948
"MRT","Mauritania",2012,0.149802299918948
"MRT","Mauritania",2013,0.149802299918948
"MRT","Mauritania",2014,0.149802299918948
"MRT","Mauritania",2015,0.149802299918948
"MRT","Mauritania",2016,0.149802299918948
"MRT","Mauritania",2017,0.149802299918948
"MRT","Mauritania",2018,0.149802299918948
"MRT","Mauritania",2019,0.149802299918948
"MRT","Mauritania",2020,0.149802299918948
"MRT","Mauritania",2021,0.149802299918948
"MRT","Mauritania",2022,0.149802299918948
"MUS","Mauritius",1995,0.214380730244754
"MUS","Mauritius",1996,0.214380730244754
"MUS","Mauritius",1997,0.214380730244754
"MUS","Mauritius",1998,0.214380730244754
"MUS","Mauritius",1999,0.214380730244754
"MUS","Mauritius",2000,0.214380730244754
"MUS","Mauritius",2001,0.214380730244754
"MUS","Mauritius",2002,0.214380730244754
"MUS","Mauritius",2003,0.214380730244754
"MUS","Mauritius",2004,0.214380730244754
"MUS","Mauritius",2005,0.214380730244754
"MUS","Mauritius",2006,0.214380730244754
"MUS","Mauritius",2007,0.214380730244754
"MUS","Mauritius",2008,0.214380730244754
"MUS","Mauritius",2009,0.214380730244754
"MUS","Mauritius",2010,0.214380730244754
"MUS","Mauritius",2011,0.214380730244754
"MUS","Mauritius",2012,0.214380730244754
"MUS","Mauritius",2013,0.214380730244754
"MUS","Mauritius",2014,0.214380730244754
"MUS","Mauritius",2015,0.214380730244754
"MUS","Mauritius",2016,0.214380730244754
"MUS","Mauritius",2017,0.214380730244754
"MUS","Mauritius",2018,0.214380730244754
"MUS","Mauritius",2019,0.214380730244754
"MUS","Mauritius",2020,0.214380730244754
"MUS","Mauritius",2021,0.214380730244754
"MUS","Mauritius",2022,0.214380730244754
"MEX","Mexico",1995,0.166605716877218
"MEX","Mexico",1996,0.166605716877218
"MEX","Mexico",1997,0.166605716877218
"MEX","Mexico",1998,0.166605716877218
"MEX","Mexico",1999,0.166605716877218
"MEX","Mexico",2000,0.166605716877218
"MEX","Mexico",2001,0.166605716877218
"MEX","Mexico",2002,0.166605716877218
"MEX","Mexico",2003,0.166605716877218
"MEX","Mexico",2004,0.166605716877218
"MEX","Mexico",2005,0.166605716877218
"MEX","Mexico",2006,0.166605716877218
"MEX","Mexico",2007,0.166605716877218
"MEX","Mexico",2008,0.166605716877218
"MEX","Mexico",2009,0.166605716877218
"MEX","Mexico",2010,0.166605716877218
"MEX","Mexico",2011,0.166605716877218
"MEX","Mexico",2012,0.166605716877218
"MEX","Mexico",2013,0.166605716877218
"MEX","Mexico",2014,0.166605716877218
"MEX","Mexico",2015,0.166605716877218
"MEX","Mexico",2016,0.166605716877218
"MEX","Mexico",2017,0.166605716877218
"MEX","Mexico",2018,0.166605716877218
"MEX","Mexico",2019,0.166605716877218
"MEX","Mexico",2020,0.166605716877218
"MEX","Mexico",2021,0.166605716877218
"MEX","Mexico",2022,0.166605716877218
"FSM","Micronesia, Federated States of",1995,0.381682710764581
"FSM","Micronesia, Federated States of",1996,0.381682710764581
"FSM","Micronesia, Federated States of",1997,0.381682710764581
"FSM","Micronesia, Federated States of",1998,0.381682710764581
"FSM","Micronesia, Federated States of",1999,0.381682710764581
"FSM","Micronesia, Federated States of",2000,0.381682710764581
"FSM","Micronesia, Federated States of",2001,0.381682710764581
"FSM","Micronesia, Federated States of",2002,0.381682710764581
"FSM","Micronesia, Federated States of",2003,0.381682710764581
"FSM","Micronesia, Federated States of",2004,0.381682710764581
"FSM","Micronesia, Federated States of",2005,0.381682710764581
"FSM","Micronesia, Federated States of",2006,0.381682710764581
"FSM","Micronesia, Federated States of",2007,0.381682710764581
"FSM","Micronesia, Federated States of",2008,0.381682710764581
"FSM","Micronesia, Federated States of",2009,0.381682710764581
"FSM","Micronesia, Federated States of",2010,0.381682710764581
"FSM","Micronesia, Federated States of",2011,0.381682710764581
"FSM","Micronesia, Federated States of",2012,0.381682710764581
"FSM","Micronesia, Federated States of",2013,0.381682710764581
"FSM","Micronesia, Federated States of",2014,0.381682710764581
"FSM","Micronesia, Federated States of",2015,0.381682710764581
"FSM","Micronesia, Federated States of",2016,0.381682710764581
"FSM","Micronesia, Federated States of",2017,0.381682710764581
"FSM","Micronesia, Federated States of",2018,0.381682710764581
"FSM","Micronesia, Federated States of",2019,0.381682710764581
"FSM","Micronesia, Federated States of",2020,0.381682710764581
"FSM","Micronesia, Federated States of",2021,0.381682710764581
"FSM","Micronesia, Federated States of",2022,0.381682710764581
"MDA","Moldova, Republic of",1995,0.158912768022079
"MDA","Moldova, Republic of",1996,0.158912768022079
"MDA","Moldova, Republic of",1997,0.158912768022079
"MDA","Moldova, Republic of",1998,0.158912768022079
"MDA","Moldova, Republic of",1999,0.158912768022079
"MDA","Moldova, Republic of",2000,0.158912768022079
"MDA","Moldova, Republic of",2001,0.158912768022079
"MDA","Moldova, Republic of",2002,0.158912768022079
"MDA","Moldova, Republic of",2003,0.158912768022079
"MDA","Moldova, Republic of",2004,0.158912768022079
"MDA","Moldova, Republic of",2005,0.158912768022079
"MDA","Moldova, Republic of",2006,0.158912768022079
"MDA","Moldova, Republic of",2007,0.158912768022079
"MDA","Moldova, Republic of",2008,0.158912768022079
"MDA","Moldova, Republic of",2009,0.158912768022079
"MDA","Moldova, Republic of",2010,0.158912768022079
"MDA","Moldova, Republic of",2011,0.158912768022079
"MDA","Moldova, Republic of",2012,0.158912768022079
"MDA","Moldova, Republic of",2013,0.158912768022079
"MDA","Moldova, Republic of",2014,0.158912768022079
"MDA","Moldova, Republic of",2015,0.158912768022079
"MDA","Moldova, Republic of",2016,0.158912768022079
"MDA","Moldova, Republic of",2017,0.158912768022079
"MDA","Moldova, Republic of",2018,0.158912768022079
"MDA","Moldova, Republic of",2019,0.158912768022079
"MDA","Moldova, Republic of",2020,0.158912768022079
"MDA","Moldova, Republic of",2021,0.158912768022079
"MDA","Moldova, Republic of",2022,0.158912768022079
"MCO","Monaco",1995,0.15841160378845
"MCO","Monaco",1996,0.15841160378845
"MCO","Monaco",1997,0.15841160378845
"MCO","Monaco",1998,0.15841160378845
"MCO","Monaco",1999,0.15841160378845
"MCO","Monaco",2000,0.15841160378845
"MCO","Monaco",2001,0.15841160378845
"MCO","Monaco",2002,0.15841160378845
"MCO","Monaco",2003,0.15841160378845
"MCO","Monaco",2004,0.15841160378845
"MCO","Monaco",2005,0.15841160378845
"MCO","Monaco",2006,0.15841160378845
"MCO","Monaco",2007,0.15841160378845
"MCO","Monaco",2008,0.15841160378845
"MCO","Monaco",2009,0.15841160378845
"MCO","Monaco",2010,0.15841160378845
"MCO","Monaco",2011,0.15841160378845
"MCO","Monaco",2012,0.15841160378845
"MCO","Monaco",2013,0.15841160378845
"MCO","Monaco",2014,0.15841160378845
"MCO","Monaco",2015,0.15841160378845
"MCO","Monaco",2016,0.15841160378845
"MCO","Monaco",2017,0.15841160378845
"MCO","Monaco",2018,0.15841160378845
"MCO","Monaco",2019,0.15841160378845
"MCO","Monaco",2020,0.15841160378845
"MCO","Monaco",2021,0.15841160378845
"MCO","Monaco",2022,0.15841160378845
"MNG","Mongolia",1995,0.111272175580289
"MNG","Mongolia",1996,0.111272175580289
"MNG","Mongolia",1997,0.111272175580289
"MNG","Mongolia",1998,0.111272175580289
"MNG","Mongolia",1999,0.111272175580289
"MNG","Mongolia",2000,0.111272175580289
"MNG","Mongolia",2001,0.111272175580289
"MNG","Mongolia",2002,0.111272175580289
"MNG","Mongolia",2003,0.111272175580289
"MNG","Mongolia",2004,0.111272175580289
"MNG","Mongolia",2005,0.111272175580289
"MNG","Mongolia",2006,0.111272175580289
"MNG","Mongolia",2007,0.111272175580289
"MNG","Mongolia",2008,0.111272175580289
"MNG","Mongolia",2009,0.111272175580289
"MNG","Mongolia",2010,0.111272175580289
"MNG","Mongolia",2011,0.111272175580289
"MNG","Mongolia",2012,0.111272175580289
"MNG","Mongolia",2013,0.111272175580289
"MNG","Mongolia",2014,0.111272175580289
"MNG","Mongolia",2015,0.111272175580289
"MNG","Mongolia",2016,0.111272175580289
"MNG","Mongolia",2017,0.111272175580289
"MNG","Mongolia",2018,0.111272175580289
"MNG","Mongolia",2019,0.111272175580289
"MNG","Mongolia",2020,0.111272175580289
"MNG","Mongolia",2021,0.111272175580289
"MNG","Mongolia",2022,0.111272175580289
"MNE","Montenegro",1995,0.0933365800834798
"MNE","Montenegro",1996,0.0933365800834798
"MNE","Montenegro",1997,0.0933365800834798
"MNE","Montenegro",1998,0.0933365800834798
"MNE","Montenegro",1999,0.0933365800834798
"MNE","Montenegro",2000,0.0933365800834798
"MNE","Montenegro",2001,0.0933365800834798
"MNE","Montenegro",2002,0.0933365800834798
"MNE","Montenegro",2003,0.0933365800834798
"MNE","Montenegro",2004,0.0933365800834798
"MNE","Montenegro",2005,0.0933365800834798
"MNE","Montenegro",2006,0.0933365800834798
"MNE","Montenegro",2007,0.0933365800834798
"MNE","Montenegro",2008,0.0933365800834798
"MNE","Montenegro",2009,0.0933365800834798
"MNE","Montenegro",2010,0.0933365800834798
"MNE","Montenegro",2011,0.0933365800834798
"MNE","Montenegro",2012,0.0933365800834798
"MNE","Montenegro",2013,0.0933365800834798
"MNE","Montenegro",2014,0.0933365800834798
"MNE","Montenegro",2015,0.0933365800834798
"MNE","Montenegro",2016,0.0933365800834798
"MNE","Montenegro",2017,0.0933365800834798
"MNE","Montenegro",2018,0.0933365800834798
"MNE","Montenegro",2019,0.0933365800834798
"MNE","Montenegro",2020,0.0933365800834798
"MNE","Montenegro",2021,0.0933365800834798
"MNE","Montenegro",2022,0.0933365800834798
"MAR","Morocco",1995,0.112293267382232
"MAR","Morocco",1996,0.112293267382232
"MAR","Morocco",1997,0.112293267382232
"MAR","Morocco",1998,0.112293267382232
"MAR","Morocco",1999,0.112293267382232
"MAR","Morocco",2000,0.112293267382232
"MAR","Morocco",2001,0.112293267382232
"MAR","Morocco",2002,0.112293267382232
"MAR","Morocco",2003,0.112293267382232
"MAR","Morocco",2004,0.112293267382232
"MAR","Morocco",2005,0.112293267382232
"MAR","Morocco",2006,0.112293267382232
"MAR","Morocco",2007,0.112293267382232
"MAR","Morocco",2008,0.112293267382232
"MAR","Morocco",2009,0.112293267382232
"MAR","Morocco",2010,0.112293267382232
"MAR","Morocco",2011,0.112293267382232
"MAR","Morocco",2012,0.112293267382232
"MAR","Morocco",2013,0.112293267382232
"MAR","Morocco",2014,0.112293267382232
"MAR","Morocco",2015,0.112293267382232
"MAR","Morocco",2016,0.112293267382232
"MAR","Morocco",2017,0.112293267382232
"MAR","Morocco",2018,0.112293267382232
"MAR","Morocco",2019,0.112293267382232
"MAR","Morocco",2020,0.112293267382232
"MAR","Morocco",2021,0.112293267382232
"MAR","Morocco",2022,0.112293267382232
"MOZ","Mozambique",1995,0.143749720208233
"MOZ","Mozambique",1996,0.143749720208233
"MOZ","Mozambique",1997,0.143749720208233
"MOZ","Mozambique",1998,0.143749720208233
"MOZ","Mozambique",1999,0.143749720208233
"MOZ","Mozambique",2000,0.143749720208233
"MOZ","Mozambique",2001,0.143749720208233
"MOZ","Mozambique",2002,0.143749720208233
"MOZ","Mozambique",2003,0.143749720208233
"MOZ","Mozambique",2004,0.143749720208233
"MOZ","Mozambique",2005,0.143749720208233
"MOZ","Mozambique",2006,0.143749720208233
"MOZ","Mozambique",2007,0.143749720208233
"MOZ","Mozambique",2008,0.143749720208233
"MOZ","Mozambique",2009,0.143749720208233
"MOZ","Mozambique",2010,0.143749720208233
"MOZ","Mozambique",2011,0.143749720208233
"MOZ","Mozambique",2012,0.143749720208233
"MOZ","Mozambique",2013,0.143749720208233
"MOZ","Mozambique",2014,0.143749720208233
"MOZ","Mozambique",2015,0.143749720208233
"MOZ","Mozambique",2016,0.143749720208233
"MOZ","Mozambique",2017,0.143749720208233
"MOZ","Mozambique",2018,0.143749720208233
"MOZ","Mozambique",2019,0.143749720208233
"MOZ","Mozambique",2020,0.143749720208233
"MOZ","Mozambique",2021,0.143749720208233
"MOZ","Mozambique",2022,0.143749720208233
"MMR","Myanmar",1995,0.197788334835895
"MMR","Myanmar",1996,0.197788334835895
"MMR","Myanmar",1997,0.197788334835895
"MMR","Myanmar",1998,0.197788334835895
"MMR","Myanmar",1999,0.197788334835895
"MMR","Myanmar",2000,0.197788334835895
"MMR","Myanmar",2001,0.197788334835895
"MMR","Myanmar",2002,0.197788334835895
"MMR","Myanmar",2003,0.197788334835895
"MMR","Myanmar",2004,0.197788334835895
"MMR","Myanmar",2005,0.197788334835895
"MMR","Myanmar",2006,0.197788334835895
"MMR","Myanmar",2007,0.197788334835895
"MMR","Myanmar",2008,0.197788334835895
"MMR","Myanmar",2009,0.197788334835895
"MMR","Myanmar",2010,0.197788334835895
"MMR","Myanmar",2011,0.197788334835895
"MMR","Myanmar",2012,0.197788334835895
"MMR","Myanmar",2013,0.197788334835895
"MMR","Myanmar",2014,0.197788334835895
"MMR","Myanmar",2015,0.197788334835895
"MMR","Myanmar",2016,0.197788334835895
"MMR","Myanmar",2017,0.197788334835895
"MMR","Myanmar",2018,0.197788334835895
"MMR","Myanmar",2019,0.197788334835895
"MMR","Myanmar",2020,0.197788334835895
"MMR","Myanmar",2021,0.197788334835895
"MMR","Myanmar",2022,0.197788334835895
"NAM","Namibia",1995,0.143751317469109
"NAM","Namibia",1996,0.143751317469109
"NAM","Namibia",1997,0.143751317469109
"NAM","Namibia",1998,0.143751317469109
"NAM","Namibia",1999,0.143751317469109
"NAM","Namibia",2000,0.143751317469109
"NAM","Namibia",2001,0.143751317469109
"NAM","Namibia",2002,0.143751317469109
"NAM","Namibia",2003,0.143751317469109
"NAM","Namibia",2004,0.143751317469109
"NAM","Namibia",2005,0.143751317469109
"NAM","Namibia",2006,0.143751317469109
"NAM","Namibia",2007,0.143751317469109
"NAM","Namibia",2008,0.143751317469109
"NAM","Namibia",2009,0.143751317469109
"NAM","Namibia",2010,0.143751317469109
"NAM","Namibia",2011,0.143751317469109
"NAM","Namibia",2012,0.143751317469109
"NAM","Namibia",2013,0.143751317469109
"NAM","Namibia",2014,0.143751317469109
"NAM","Namibia",2015,0.143751317469109
"NAM","Namibia",2016,0.143751317469109
"NAM","Namibia",2017,0.143751317469109
"NAM","Namibia",2018,0.143751317469109
"NAM","Namibia",2019,0.143751317469109
"NAM","Namibia",2020,0.143751317469109
"NAM","Namibia",2021,0.143751317469109
"NAM","Namibia",2022,0.143751317469109
"NRU","Nauru",1995,0.117440825540616
"NRU","Nauru",1996,0.117440825540616
"NRU","Nauru",1997,0.117440825540616
"NRU","Nauru",1998,0.117440825540616
"NRU","Nauru",1999,0.117440825540616
"NRU","Nauru",2000,0.117440825540616
"NRU","Nauru",2001,0.117440825540616
"NRU","Nauru",2002,0.117440825540616
"NRU","Nauru",2003,0.117440825540616
"NRU","Nauru",2004,0.117440825540616
"NRU","Nauru",2005,0.117440825540616
"NRU","Nauru",2006,0.117440825540616
"NRU","Nauru",2007,0.117440825540616
"NRU","Nauru",2008,0.117440825540616
"NRU","Nauru",2009,0.117440825540616
"NRU","Nauru",2010,0.117440825540616
"NRU","Nauru",2011,0.117440825540616
"NRU","Nauru",2012,0.117440825540616
"NRU","Nauru",2013,0.117440825540616
"NRU","Nauru",2014,0.117440825540616
"NRU","Nauru",2015,0.117440825540616
"NRU","Nauru",2016,0.117440825540616
"NRU","Nauru",2017,0.117440825540616
"NRU","Nauru",2018,0.117440825540616
"NRU","Nauru",2019,0.117440825540616
"NRU","Nauru",2020,0.117440825540616
"NRU","Nauru",2021,0.117440825540616
"NRU","Nauru",2022,0.117440825540616
"NPL","Nepal",1995,0.037333496816168
"NPL","Nepal",1996,0.037333496816168
"NPL","Nepal",1997,0.037333496816168
"NPL","Nepal",1998,0.037333496816168
"NPL","Nepal",1999,0.037333496816168
"NPL","Nepal",2000,0.037333496816168
"NPL","Nepal",2001,0.037333496816168
"NPL","Nepal",2002,0.037333496816168
"NPL","Nepal",2003,0.037333496816168
"NPL","Nepal",2004,0.037333496816168
"NPL","Nepal",2005,0.037333496816168
"NPL","Nepal",2006,0.037333496816168
"NPL","Nepal",2007,0.037333496816168
"NPL","Nepal",2008,0.037333496816168
"NPL","Nepal",2009,0.037333496816168
"NPL","Nepal",2010,0.037333496816168
"NPL","Nepal",2011,0.037333496816168
"NPL","Nepal",2012,0.037333496816168
"NPL","Nepal",2013,0.037333496816168
"NPL","Nepal",2014,0.037333496816168
"NPL","Nepal",2015,0.037333496816168
"NPL","Nepal",2016,0.037333496816168
"NPL","Nepal",2017,0.037333496816168
"NPL","Nepal",2018,0.037333496816168
"NPL","Nepal",2019,0.037333496816168
"NPL","Nepal",2020,0.037333496816168
"NPL","Nepal",2021,0.037333496816168
"NPL","Nepal",2022,0.037333496816168
"NLD","Netherlands",1995,0.205546277191263
"NLD","Netherlands",1996,0.205546277191263
"NLD","Netherlands",1997,0.205546277191263
"NLD","Netherlands",1998,0.205546277191263
"NLD","Netherlands",1999,0.205546277191263
"NLD","Netherlands",2000,0.205546277191263
"NLD","Netherlands",2001,0.205546277191263
"NLD","Netherlands",2002,0.205546277191263
"NLD","Netherlands",2003,0.205546277191263
"NLD","Netherlands",2004,0.205546277191263
"NLD","Netherlands",2005,0.205546277191263
"NLD","Netherlands",2006,0.205546277191263
"NLD","Netherlands",2007,0.205546277191263
"NLD","Netherlands",2008,0.205546277191263
"NLD","Netherlands",2009,0.205546277191263
"NLD","Netherlands",2010,0.205546277191263
"NLD","Netherlands",2011,0.205546277191263
"NLD","Netherlands",2012,0.205546277191263
"NLD","Netherlands",2013,0.205546277191263
"NLD","Netherlands",2014,0.205546277191263
"NLD","Netherlands",2015,0.205546277191263
"NLD","Netherlands",2016,0.205546277191263
"NLD","Netherlands",2017,0.205546277191263
"NLD","Netherlands",2018,0.205546277191263
"NLD","Netherlands",2019,0.205546277191263
"NLD","Netherlands",2020,0.205546277191263
"NLD","Netherlands",2021,0.205546277191263
"NLD","Netherlands",2022,0.205546277191263
"NZL","New Zealand",1995,0.223844052527098
"NZL","New Zealand",1996,0.223844052527098
"NZL","New Zealand",1997,0.223844052527098
"NZL","New Zealand",1998,0.223844052527098
"NZL","New Zealand",1999,0.223844052527098
"NZL","New Zealand",2000,0.223844052527098
"NZL","New Zealand",2001,0.223844052527098
"NZL","New Zealand",2002,0.223844052527098
"NZL","New Zealand",2003,0.223844052527098
"NZL","New Zealand",2004,0.223844052527098
"NZL","New Zealand",2005,0.223844052527098
"NZL","New Zealand",2006,0.223844052527098
"NZL","New Zealand",2007,0.223844052527098
"NZL","New Zealand",2008,0.223844052527098
"NZL","New Zealand",2009,0.223844052527098
"NZL","New Zealand",2010,0.223844052527098
"NZL","New Zealand",2011,0.223844052527098
"NZL","New Zealand",2012,0.223844052527098
"NZL","New Zealand",2013,0.223844052527098
"NZL","New Zealand",2014,0.223844052527098
"NZL","New Zealand",2015,0.223844052527098
"NZL","New Zealand",2016,0.223844052527098
"NZL","New Zealand",2017,0.223844052527098
"NZL","New Zealand",2018,0.223844052527098
"NZL","New Zealand",2019,0.223844052527098
"NZL","New Zealand",2020,0.223844052527098
"NZL","New Zealand",2021,0.223844052527098
"NZL","New Zealand",2022,0.223844052527098
"NIC","Nicaragua",1995,0.30585601381044
"NIC","Nicaragua",1996,0.30585601381044
"NIC","Nicaragua",1997,0.30585601381044
"NIC","Nicaragua",1998,0.30585601381044
"NIC","Nicaragua",1999,0.30585601381044
"NIC","Nicaragua",2000,0.30585601381044
"NIC","Nicaragua",2001,0.30585601381044
"NIC","Nicaragua",2002,0.30585601381044
"NIC","Nicaragua",2003,0.30585601381044
"NIC","Nicaragua",2004,0.30585601381044
"NIC","Nicaragua",2005,0.30585601381044
"NIC","Nicaragua",2006,0.30585601381044
"NIC","Nicaragua",2007,0.30585601381044
"NIC","Nicaragua",2008,0.30585601381044
"NIC","Nicaragua",2009,0.30585601381044
"NIC","Nicaragua",2010,0.30585601381044
"NIC","Nicaragua",2011,0.30585601381044
"NIC","Nicaragua",2012,0.30585601381044
"NIC","Nicaragua",2013,0.30585601381044
"NIC","Nicaragua",2014,0.30585601381044
"NIC","Nicaragua",2015,0.30585601381044
"NIC","Nicaragua",2016,0.30585601381044
"NIC","Nicaragua",2017,0.30585601381044
"NIC","Nicaragua",2018,0.30585601381044
"NIC","Nicaragua",2019,0.30585601381044
"NIC","Nicaragua",2020,0.30585601381044
"NIC","Nicaragua",2021,0.30585601381044
"NIC","Nicaragua",2022,0.30585601381044
"NER","Niger",1995,0.128109225416789
"NER","Niger",1996,0.128109225416789
"NER","Niger",1997,0.128109225416789
"NER","Niger",1998,0.128109225416789
"NER","Niger",1999,0.128109225416789
"NER","Niger",2000,0.128109225416789
"NER","Niger",2001,0.128109225416789
"NER","Niger",2002,0.128109225416789
"NER","Niger",2003,0.128109225416789
"NER","Niger",2004,0.128109225416789
"NER","Niger",2005,0.128109225416789
"NER","Niger",2006,0.128109225416789
"NER","Niger",2007,0.128109225416789
"NER","Niger",2008,0.128109225416789
"NER","Niger",2009,0.128109225416789
"NER","Niger",2010,0.128109225416789
"NER","Niger",2011,0.128109225416789
"NER","Niger",2012,0.128109225416789
"NER","Niger",2013,0.128109225416789
"NER","Niger",2014,0.128109225416789
"NER","Niger",2015,0.128109225416789
"NER","Niger",2016,0.128109225416789
"NER","Niger",2017,0.128109225416789
"NER","Niger",2018,0.128109225416789
"NER","Niger",2019,0.128109225416789
"NER","Niger",2020,0.128109225416789
"NER","Niger",2021,0.128109225416789
"NER","Niger",2022,0.128109225416789
"NGA","Nigeria",1995,0.174920109766109
"NGA","Nigeria",1996,0.174920109766109
"NGA","Nigeria",1997,0.174920109766109
"NGA","Nigeria",1998,0.174920109766109
"NGA","Nigeria",1999,0.174920109766109
"NGA","Nigeria",2000,0.174920109766109
"NGA","Nigeria",2001,0.174920109766109
"NGA","Nigeria",2002,0.174920109766109
"NGA","Nigeria",2003,0.174920109766109
"NGA","Nigeria",2004,0.174920109766109
"NGA","Nigeria",2005,0.174920109766109
"NGA","Nigeria",2006,0.174920109766109
"NGA","Nigeria",2007,0.174920109766109
"NGA","Nigeria",2008,0.174920109766109
"NGA","Nigeria",2009,0.174920109766109
"NGA","Nigeria",2010,0.174920109766109
"NGA","Nigeria",2011,0.174920109766109
"NGA","Nigeria",2012,0.174920109766109
"NGA","Nigeria",2013,0.174920109766109
"NGA","Nigeria",2014,0.174920109766109
"NGA","Nigeria",2015,0.174920109766109
"NGA","Nigeria",2016,0.174920109766109
"NGA","Nigeria",2017,0.174920109766109
"NGA","Nigeria",2018,0.174920109766109
"NGA","Nigeria",2019,0.174920109766109
"NGA","Nigeria",2020,0.174920109766109
"NGA","Nigeria",2021,0.174920109766109
"NGA","Nigeria",2022,0.174920109766109
"NOR","Norway",1995,0.130141303243682
"NOR","Norway",1996,0.130141303243682
"NOR","Norway",1997,0.130141303243682
"NOR","Norway",1998,0.130141303243682
"NOR","Norway",1999,0.130141303243682
"NOR","Norway",2000,0.130141303243682
"NOR","Norway",2001,0.130141303243682
"NOR","Norway",2002,0.130141303243682
"NOR","Norway",2003,0.130141303243682
"NOR","Norway",2004,0.130141303243682
"NOR","Norway",2005,0.130141303243682
"NOR","Norway",2006,0.130141303243682
"NOR","Norway",2007,0.130141303243682
"NOR","Norway",2008,0.130141303243682
"NOR","Norway",2009,0.130141303243682
"NOR","Norway",2010,0.130141303243682
"NOR","Norway",2011,0.130141303243682
"NOR","Norway",2012,0.130141303243682
"NOR","Norway",2013,0.130141303243682
"NOR","Norway",2014,0.130141303243682
"NOR","Norway",2015,0.130141303243682
"NOR","Norway",2016,0.130141303243682
"NOR","Norway",2017,0.130141303243682
"NOR","Norway",2018,0.130141303243682
"NOR","Norway",2019,0.130141303243682
"NOR","Norway",2020,0.130141303243682
"NOR","Norway",2021,0.130141303243682
"NOR","Norway",2022,0.130141303243682
"OMN","Oman",1995,0.283918549679314
"OMN","Oman",1996,0.283918549679314
"OMN","Oman",1997,0.283918549679314
"OMN","Oman",1998,0.283918549679314
"OMN","Oman",1999,0.283918549679314
"OMN","Oman",2000,0.283918549679314
"OMN","Oman",2001,0.283918549679314
"OMN","Oman",2002,0.283918549679314
"OMN","Oman",2003,0.283918549679314
"OMN","Oman",2004,0.283918549679314
"OMN","Oman",2005,0.283918549679314
"OMN","Oman",2006,0.283918549679314
"OMN","Oman",2007,0.283918549679314
"OMN","Oman",2008,0.283918549679314
"OMN","Oman",2009,0.283918549679314
"OMN","Oman",2010,0.283918549679314
"OMN","Oman",2011,0.283918549679314
"OMN","Oman",2012,0.283918549679314
"OMN","Oman",2013,0.283918549679314
"OMN","Oman",2014,0.283918549679314
"OMN","Oman",2015,0.283918549679314
"OMN","Oman",2016,0.283918549679314
"OMN","Oman",2017,0.283918549679314
"OMN","Oman",2018,0.283918549679314
"OMN","Oman",2019,0.283918549679314
"OMN","Oman",2020,0.283918549679314
"OMN","Oman",2021,0.283918549679314
"OMN","Oman",2022,0.283918549679314
"PAK","Pakistan",1995,0.103796453958029
"PAK","Pakistan",1996,0.103796453958029
"PAK","Pakistan",1997,0.103796453958029
"PAK","Pakistan",1998,0.103796453958029
"PAK","Pakistan",1999,0.103796453958029
"PAK","Pakistan",2000,0.103796453958029
"PAK","Pakistan",2001,0.103796453958029
"PAK","Pakistan",2002,0.103796453958029
"PAK","Pakistan",2003,0.103796453958029
"PAK","Pakistan",2004,0.103796453958029
"PAK","Pakistan",2005,0.103796453958029
"PAK","Pakistan",2006,0.103796453958029
"PAK","Pakistan",2007,0.103796453958029
"PAK","Pakistan",2008,0.103796453958029
"PAK","Pakistan",2009,0.103796453958029
"PAK","Pakistan",2010,0.103796453958029
"PAK","Pakistan",2011,0.103796453958029
"PAK","Pakistan",2012,0.103796453958029
"PAK","Pakistan",2013,0.103796453958029
"PAK","Pakistan",2014,0.103796453958029
"PAK","Pakistan",2015,0.103796453958029
"PAK","Pakistan",2016,0.103796453958029
"PAK","Pakistan",2017,0.103796453958029
"PAK","Pakistan",2018,0.103796453958029
"PAK","Pakistan",2019,0.103796453958029
"PAK","Pakistan",2020,0.103796453958029
"PAK","Pakistan",2021,0.103796453958029
"PAK","Pakistan",2022,0.103796453958029
"PLW","Palau",1995,0.435598275250468
"PLW","Palau",1996,0.435598275250468
"PLW","Palau",1997,0.435598275250468
"PLW","Palau",1998,0.435598275250468
"PLW","Palau",1999,0.435598275250468
"PLW","Palau",2000,0.435598275250468
"PLW","Palau",2001,0.435598275250468
"PLW","Palau",2002,0.435598275250468
"PLW","Palau",2003,0.435598275250468
"PLW","Palau",2004,0.435598275250468
"PLW","Palau",2005,0.435598275250468
"PLW","Palau",2006,0.435598275250468
"PLW","Palau",2007,0.435598275250468
"PLW","Palau",2008,0.435598275250468
"PLW","Palau",2009,0.435598275250468
"PLW","Palau",2010,0.435598275250468
"PLW","Palau",2011,0.435598275250468
"PLW","Palau",2012,0.435598275250468
"PLW","Palau",2013,0.435598275250468
"PLW","Palau",2014,0.435598275250468
"PLW","Palau",2015,0.435598275250468
"PLW","Palau",2016,0.435598275250468
"PLW","Palau",2017,0.435598275250468
"PLW","Palau",2018,0.435598275250468
"PLW","Palau",2019,0.435598275250468
"PLW","Palau",2020,0.435598275250468
"PLW","Palau",2021,0.435598275250468
"PLW","Palau",2022,0.435598275250468
"PAN","Panama",1995,0.335667742838923
"PAN","Panama",1996,0.335667742838923
"PAN","Panama",1997,0.335667742838923
"PAN","Panama",1998,0.335667742838923
"PAN","Panama",1999,0.335667742838923
"PAN","Panama",2000,0.335667742838923
"PAN","Panama",2001,0.335667742838923
"PAN","Panama",2002,0.335667742838923
"PAN","Panama",2003,0.335667742838923
"PAN","Panama",2004,0.335667742838923
"PAN","Panama",2005,0.335667742838923
"PAN","Panama",2006,0.335667742838923
"PAN","Panama",2007,0.335667742838923
"PAN","Panama",2008,0.335667742838923
"PAN","Panama",2009,0.335667742838923
"PAN","Panama",2010,0.335667742838923
"PAN","Panama",2011,0.335667742838923
"PAN","Panama",2012,0.335667742838923
"PAN","Panama",2013,0.335667742838923
"PAN","Panama",2014,0.335667742838923
"PAN","Panama",2015,0.335667742838923
"PAN","Panama",2016,0.335667742838923
"PAN","Panama",2017,0.335667742838923
"PAN","Panama",2018,0.335667742838923
"PAN","Panama",2019,0.335667742838923
"PAN","Panama",2020,0.335667742838923
"PAN","Panama",2021,0.335667742838923
"PAN","Panama",2022,0.335667742838923
"PNG","Papua New Guinea",1995,0.372231009145954
"PNG","Papua New Guinea",1996,0.372231009145954
"PNG","Papua New Guinea",1997,0.372231009145954
"PNG","Papua New Guinea",1998,0.372231009145954
"PNG","Papua New Guinea",1999,0.372231009145954
"PNG","Papua New Guinea",2000,0.372231009145954
"PNG","Papua New Guinea",2001,0.372231009145954
"PNG","Papua New Guinea",2002,0.372231009145954
"PNG","Papua New Guinea",2003,0.372231009145954
"PNG","Papua New Guinea",2004,0.372231009145954
"PNG","Papua New Guinea",2005,0.372231009145954
"PNG","Papua New Guinea",2006,0.372231009145954
"PNG","Papua New Guinea",2007,0.372231009145954
"PNG","Papua New Guinea",2008,0.372231009145954
"PNG","Papua New Guinea",2009,0.372231009145954
"PNG","Papua New Guinea",2010,0.372231009145954
"PNG","Papua New Guinea",2011,0.372231009145954
"PNG","Papua New Guinea",2012,0.372231009145954
"PNG","Papua New Guinea",2013,0.372231009145954
"PNG","Papua New Guinea",2014,0.372231009145954
"PNG","Papua New Guinea",2015,0.372231009145954
"PNG","Papua New Guinea",2016,0.372231009145954
"PNG","Papua New Guinea",2017,0.372231009145954
"PNG","Papua New Guinea",2018,0.372231009145954
"PNG","Papua New Guinea",2019,0.372231009145954
"PNG","Papua New Guinea",2020,0.372231009145954
"PNG","Papua New Guinea",2021,0.372231009145954
"PNG","Papua New Guinea",2022,0.372231009145954
"PRY","Paraguay",1995,0.0843638948842033
"PRY","Paraguay",1996,0.0843638948842033
"PRY","Paraguay",1997,0.0843638948842033
"PRY","Paraguay",1998,0.0843638948842033
"PRY","Paraguay",1999,0.0843638948842033
"PRY","Paraguay",2000,0.0843638948842033
"PRY","Paraguay",2001,0.0843638948842033
"PRY","Paraguay",2002,0.0843638948842033
"PRY","Paraguay",2003,0.0843638948842033
"PRY","Paraguay",2004,0.0843638948842033
"PRY","Paraguay",2005,0.0843638948842033
"PRY","Paraguay",2006,0.0843638948842033
"PRY","Paraguay",2007,0.0843638948842033
"PRY","Paraguay",2008,0.0843638948842033
"PRY","Paraguay",2009,0.0843638948842033
"PRY","Paraguay",2010,0.0843638948842033
"PRY","Paraguay",2011,0.0843638948842033
"PRY","Paraguay",2012,0.0843638948842033
"PRY","Paraguay",2013,0.0843638948842033
"PRY","Paraguay",2014,0.0843638948842033
"PRY","Paraguay",2015,0.0843638948842033
"PRY","Paraguay",2016,0.0843638948842033
"PRY","Paraguay",2017,0.0843638948842033
"PRY","Paraguay",2018,0.0843638948842033
"PRY","Paraguay",2019,0.0843638948842033
"PRY","Paraguay",2020,0.0843638948842033
"PRY","Paraguay",2021,0.0843638948842033
"PRY","Paraguay",2022,0.0843638948842033
"PER","Peru",1995,0.385054213845815
"PER","Peru",1996,0.385054213845815
"PER","Peru",1997,0.385054213845815
"PER","Peru",1998,0.385054213845815
"PER","Peru",1999,0.385054213845815
"PER","Peru",2000,0.385054213845815
"PER","Peru",2001,0.385054213845815
"PER","Peru",2002,0.385054213845815
"PER","Peru",2003,0.385054213845815
"PER","Peru",2004,0.385054213845815
"PER","Peru",2005,0.385054213845815
"PER","Peru",2006,0.385054213845815
"PER","Peru",2007,0.385054213845815
"PER","Peru",2008,0.385054213845815
"PER","Peru",2009,0.385054213845815
"PER","Peru",2010,0.385054213845815
"PER","Peru",2011,0.385054213845815
"PER","Peru",2012,0.385054213845815
"PER","Peru",2013,0.385054213845815
"PER","Peru",2014,0.385054213845815
"PER","Peru",2015,0.385054213845815
"PER","Peru",2016,0.385054213845815
"PER","Peru",2017,0.385054213845815
"PER","Peru",2018,0.385054213845815
"PER","Peru",2019,0.385054213845815
"PER","Peru",2020,0.385054213845815
"PER","Peru",2021,0.385054213845815
"PER","Peru",2022,0.385054213845815
"PHL","Philippines",1995,0.357163164481148
"PHL","Philippines",1996,0.357163164481148
"PHL","Philippines",1997,0.357163164481148
"PHL","Philippines",1998,0.357163164481148
"PHL","Philippines",1999,0.357163164481148
"PHL","Philippines",2000,0.357163164481148
"PHL","Philippines",2001,0.357163164481148
"PHL","Philippines",2002,0.357163164481148
"PHL","Philippines",2003,0.357163164481148
"PHL","Philippines",2004,0.357163164481148
"PHL","Philippines",2005,0.357163164481148
"PHL","Philippines",2006,0.357163164481148
"PHL","Philippines",2007,0.357163164481148
"PHL","Philippines",2008,0.357163164481148
"PHL","Philippines",2009,0.357163164481148
"PHL","Philippines",2010,0.357163164481148
"PHL","Philippines",2011,0.357163164481148
"PHL","Philippines",2012,0.357163164481148
"PHL","Philippines",2013,0.357163164481148
"PHL","Philippines",2014,0.357163164481148
"PHL","Philippines",2015,0.357163164481148
"PHL","Philippines",2016,0.357163164481148
"PHL","Philippines",2017,0.357163164481148
"PHL","Philippines",2018,0.357163164481148
"PHL","Philippines",2019,0.357163164481148
"PHL","Philippines",2020,0.357163164481148
"PHL","Philippines",2021,0.357163164481148
"PHL","Philippines",2022,0.357163164481148
"POL","Poland",1995,0.0696209119093932
"POL","Poland",1996,0.0696209119093932
"POL","Poland",1997,0.0696209119093932
"POL","Poland",1998,0.0696209119093932
"POL","Poland",1999,0.0696209119093932
"POL","Poland",2000,0.0696209119093932
"POL","Poland",2001,0.0696209119093932
"POL","Poland",2002,0.0696209119093932
"POL","Poland",2003,0.0696209119093932
"POL","Poland",2004,0.0696209119093932
"POL","Poland",2005,0.0696209119093932
"POL","Poland",2006,0.0696209119093932
"POL","Poland",2007,0.0696209119093932
"POL","Poland",2008,0.0696209119093932
"POL","Poland",2009,0.0696209119093932
"POL","Poland",2010,0.0696209119093932
"POL","Poland",2011,0.0696209119093932
"POL","Poland",2012,0.0696209119093932
"POL","Poland",2013,0.0696209119093932
"POL","Poland",2014,0.0696209119093932
"POL","Poland",2015,0.0696209119093932
"POL","Poland",2016,0.0696209119093932
"POL","Poland",2017,0.0696209119093932
"POL","Poland",2018,0.0696209119093932
"POL","Poland",2019,0.0696209119093932
"POL","Poland",2020,0.0696209119093932
"POL","Poland",2021,0.0696209119093932
"POL","Poland",2022,0.0696209119093932
"PRT","Portugal",1995,0.0762143976147299
"PRT","Portugal",1996,0.0762143976147299
"PRT","Portugal",1997,0.0762143976147299
"PRT","Portugal",1998,0.0762143976147299
"PRT","Portugal",1999,0.0762143976147299
"PRT","Portugal",2000,0.0762143976147299
"PRT","Portugal",2001,0.0762143976147299
"PRT","Portugal",2002,0.0762143976147299
"PRT","Portugal",2003,0.0762143976147299
"PRT","Portugal",2004,0.0762143976147299
"PRT","Portugal",2005,0.0762143976147299
"PRT","Portugal",2006,0.0762143976147299
"PRT","Portugal",2007,0.0762143976147299
"PRT","Portugal",2008,0.0762143976147299
"PRT","Portugal",2009,0.0762143976147299
"PRT","Portugal",2010,0.0762143976147299
"PRT","Portugal",2011,0.0762143976147299
"PRT","Portugal",2012,0.0762143976147299
"PRT","Portugal",2013,0.0762143976147299
"PRT","Portugal",2014,0.0762143976147299
"PRT","Portugal",2015,0.0762143976147299
"PRT","Portugal",2016,0.0762143976147299
"PRT","Portugal",2017,0.0762143976147299
"PRT","Portugal",2018,0.0762143976147299
"PRT","Portugal",2019,0.0762143976147299
"PRT","Portugal",2020,0.0762143976147299
"PRT","Portugal",2021,0.0762143976147299
"PRT","Portugal",2022,0.0762143976147299
"QAT","Qatar",1995,0.25987902184532
"QAT","Qatar",1996,0.25987902184532
"QAT","Qatar",1997,0.25987902184532
"QAT","Qatar",1998,0.25987902184532
"QAT","Qatar",1999,0.25987902184532
"QAT","Qatar",2000,0.25987902184532
"QAT","Qatar",2001,0.25987902184532
"QAT","Qatar",2002,0.25987902184532
"QAT","Qatar",2003,0.25987902184532
"QAT","Qatar",2004,0.25987902184532
"QAT","Qatar",2005,0.25987902184532
"QAT","Qatar",2006,0.25987902184532
"QAT","Qatar",2007,0.25987902184532
"QAT","Qatar",2008,0.25987902184532
"QAT","Qatar",2009,0.25987902184532
"QAT","Qatar",2010,0.25987902184532
"QAT","Qatar",2011,0.25987902184532
"QAT","Qatar",2012,0.25987902184532
"QAT","Qatar",2013,0.25987902184532
"QAT","Qatar",2014,0.25987902184532
"QAT","Qatar",2015,0.25987902184532
"QAT","Qatar",2016,0.25987902184532
"QAT","Qatar",2017,0.25987902184532
"QAT","Qatar",2018,0.25987902184532
"QAT","Qatar",2019,0.25987902184532
"QAT","Qatar",2020,0.25987902184532
"QAT","Qatar",2021,0.25987902184532
"QAT","Qatar",2022,0.25987902184532
"ROU","Romania",1995,0.101562982706814
"ROU","Romania",1996,0.101562982706814
"ROU","Romania",1997,0.101562982706814
"ROU","Romania",1998,0.101562982706814
"ROU","Romania",1999,0.101562982706814
"ROU","Romania",2000,0.101562982706814
"ROU","Romania",2001,0.101562982706814
"ROU","Romania",2002,0.101562982706814
"ROU","Romania",2003,0.101562982706814
"ROU","Romania",2004,0.101562982706814
"ROU","Romania",2005,0.101562982706814
"ROU","Romania",2006,0.101562982706814
"ROU","Romania",2007,0.101562982706814
"ROU","Romania",2008,0.101562982706814
"ROU","Romania",2009,0.101562982706814
"ROU","Romania",2010,0.101562982706814
"ROU","Romania",2011,0.101562982706814
"ROU","Romania",2012,0.101562982706814
"ROU","Romania",2013,0.101562982706814
"ROU","Romania",2014,0.101562982706814
"ROU","Romania",2015,0.101562982706814
"ROU","Romania",2016,0.101562982706814
"ROU","Romania",2017,0.101562982706814
"ROU","Romania",2018,0.101562982706814
"ROU","Romania",2019,0.101562982706814
"ROU","Romania",2020,0.101562982706814
"ROU","Romania",2021,0.101562982706814
"ROU","Romania",2022,0.101562982706814
"RUS","Russian Federation",1995,0.0748940101442758
"RUS","Russian Federation",1996,0.0748940101442758
"RUS","Russian Federation",1997,0.0748940101442758
"RUS","Russian Federation",1998,0.0748940101442758
"RUS","Russian Federation",1999,0.0748940101442758
"RUS","Russian Federation",2000,0.0748940101442758
"RUS","Russian Federation",2001,0.0748940101442758
"RUS","Russian Federation",2002,0.0748940101442758
"RUS","Russian Federation",2003,0.0748940101442758
"RUS","Russian Federation",2004,0.0748940101442758
"RUS","Russian Federation",2005,0.0748940101442758
"RUS","Russian Federation",2006,0.0748940101442758
"RUS","Russian Federation",2007,0.0748940101442758
"RUS","Russian Federation",2008,0.0748940101442758
"RUS","Russian Federation",2009,0.0748940101442758
"RUS","Russian Federation",2010,0.0748940101442758
"RUS","Russian Federation",2011,0.0748940101442758
"RUS","Russian Federation",2012,0.0748940101442758
"RUS","Russian Federation",2013,0.0748940101442758
"RUS","Russian Federation",2014,0.0748940101442758
"RUS","Russian Federation",2015,0.0748940101442758
"RUS","Russian Federation",2016,0.0748940101442758
"RUS","Russian Federation",2017,0.0748940101442758
"RUS","Russian Federation",2018,0.0748940101442758
"RUS","Russian Federation",2019,0.0748940101442758
"RUS","Russian Federation",2020,0.0748940101442758
"RUS","Russian Federation",2021,0.0748940101442758
"RUS","Russian Federation",2022,0.0748940101442758
"RWA","Rwanda",1995,0.431558386932814
"RWA","Rwanda",1996,0.431558386932814
"RWA","Rwanda",1997,0.431558386932814
"RWA","Rwanda",1998,0.431558386932814
"RWA","Rwanda",1999,0.431558386932814
"RWA","Rwanda",2000,0.431558386932814
"RWA","Rwanda",2001,0.431558386932814
"RWA","Rwanda",2002,0.431558386932814
"RWA","Rwanda",2003,0.431558386932814
"RWA","Rwanda",2004,0.431558386932814
"RWA","Rwanda",2005,0.431558386932814
"RWA","Rwanda",2006,0.431558386932814
"RWA","Rwanda",2007,0.431558386932814
"RWA","Rwanda",2008,0.431558386932814
"RWA","Rwanda",2009,0.431558386932814
"RWA","Rwanda",2010,0.431558386932814
"RWA","Rwanda",2011,0.431558386932814
"RWA","Rwanda",2012,0.431558386932814
"RWA","Rwanda",2013,0.431558386932814
"RWA","Rwanda",2014,0.431558386932814
"RWA","Rwanda",2015,0.431558386932814
"RWA","Rwanda",2016,0.431558386932814
"RWA","Rwanda",2017,0.431558386932814
"RWA","Rwanda",2018,0.431558386932814
"RWA","Rwanda",2019,0.431558386932814
"RWA","Rwanda",2020,0.431558386932814
"RWA","Rwanda",2021,0.431558386932814
"RWA","Rwanda",2022,0.431558386932814
"KNA","Saint Kitts and Nevis",1995,0.369040680943346
"KNA","Saint Kitts and Nevis",1996,0.369040680943346
"KNA","Saint Kitts and Nevis",1997,0.369040680943346
"KNA","Saint Kitts and Nevis",1998,0.369040680943346
"KNA","Saint Kitts and Nevis",1999,0.369040680943346
"KNA","Saint Kitts and Nevis",2000,0.369040680943346
"KNA","Saint Kitts and Nevis",2001,0.369040680943346
"KNA","Saint Kitts and Nevis",2002,0.369040680943346
"KNA","Saint Kitts and Nevis",2003,0.369040680943346
"KNA","Saint Kitts and Nevis",2004,0.369040680943346
"KNA","Saint Kitts and Nevis",2005,0.369040680943346
"KNA","Saint Kitts and Nevis",2006,0.369040680943346
"KNA","Saint Kitts and Nevis",2007,0.369040680943346
"KNA","Saint Kitts and Nevis",2008,0.369040680943346
"KNA","Saint Kitts and Nevis",2009,0.369040680943346
"KNA","Saint Kitts and Nevis",2010,0.369040680943346
"KNA","Saint Kitts and Nevis",2011,0.369040680943346
"KNA","Saint Kitts and Nevis",2012,0.369040680943346
"KNA","Saint Kitts and Nevis",2013,0.369040680943346
"KNA","Saint Kitts and Nevis",2014,0.369040680943346
"KNA","Saint Kitts and Nevis",2015,0.369040680943346
"KNA","Saint Kitts and Nevis",2016,0.369040680943346
"KNA","Saint Kitts and Nevis",2017,0.369040680943346
"KNA","Saint Kitts and Nevis",2018,0.369040680943346
"KNA","Saint Kitts and Nevis",2019,0.369040680943346
"KNA","Saint Kitts and Nevis",2020,0.369040680943346
"KNA","Saint Kitts and Nevis",2021,0.369040680943346
"KNA","Saint Kitts and Nevis",2022,0.369040680943346
"LCA","Saint Lucia",1995,0.341752267077824
"LCA","Saint Lucia",1996,0.341752267077824
"LCA","Saint Lucia",1997,0.341752267077824
"LCA","Saint Lucia",1998,0.341752267077824
"LCA","Saint Lucia",1999,0.341752267077824
"LCA","Saint Lucia",2000,0.341752267077824
"LCA","Saint Lucia",2001,0.341752267077824
"LCA","Saint Lucia",2002,0.341752267077824
"LCA","Saint Lucia",2003,0.341752267077824
"LCA","Saint Lucia",2004,0.341752267077824
"LCA","Saint Lucia",2005,0.341752267077824
"LCA","Saint Lucia",2006,0.341752267077824
"LCA","Saint Lucia",2007,0.341752267077824
"LCA","Saint Lucia",2008,0.341752267077824
"LCA","Saint Lucia",2009,0.341752267077824
"LCA","Saint Lucia",2010,0.341752267077824
"LCA","Saint Lucia",2011,0.341752267077824
"LCA","Saint Lucia",2012,0.341752267077824
"LCA","Saint Lucia",2013,0.341752267077824
"LCA","Saint Lucia",2014,0.341752267077824
"LCA","Saint Lucia",2015,0.341752267077824
"LCA","Saint Lucia",2016,0.341752267077824
"LCA","Saint Lucia",2017,0.341752267077824
"LCA","Saint Lucia",2018,0.341752267077824
"LCA","Saint Lucia",2019,0.341752267077824
"LCA","Saint Lucia",2020,0.341752267077824
"LCA","Saint Lucia",2021,0.341752267077824
"LCA","Saint Lucia",2022,0.341752267077824
"VCT","Saint Vincent and the Grenadines",1995,0.384383917706356
"VCT","Saint Vincent and the Grenadines",1996,0.384383917706356
"VCT","Saint Vincent and the Grenadines",1997,0.384383917706356
"VCT","Saint Vincent and the Grenadines",1998,0.384383917706356
"VCT","Saint Vincent and the Grenadines",1999,0.384383917706356
"VCT","Saint Vincent and the Grenadines",2000,0.384383917706356
"VCT","Saint Vincent and the Grenadines",2001,0.384383917706356
"VCT","Saint Vincent and the Grenadines",2002,0.384383917706356
"VCT","Saint Vincent and the Grenadines",2003,0.384383917706356
"VCT","Saint Vincent and the Grenadines",2004,0.384383917706356
"VCT","Saint Vincent and the Grenadines",2005,0.384383917706356
"VCT","Saint Vincent and the Grenadines",2006,0.384383917706356
"VCT","Saint Vincent and the Grenadines",2007,0.384383917706356
"VCT","Saint Vincent and the Grenadines",2008,0.384383917706356
"VCT","Saint Vincent and the Grenadines",2009,0.384383917706356
"VCT","Saint Vincent and the Grenadines",2010,0.384383917706356
"VCT","Saint Vincent and the Grenadines",2011,0.384383917706356
"VCT","Saint Vincent and the Grenadines",2012,0.384383917706356
"VCT","Saint Vincent and the Grenadines",2013,0.384383917706356
"VCT","Saint Vincent and the Grenadines",2014,0.384383917706356
"VCT","Saint Vincent and the Grenadines",2015,0.384383917706356
"VCT","Saint Vincent and the Grenadines",2016,0.384383917706356
"VCT","Saint Vincent and the Grenadines",2017,0.384383917706356
"VCT","Saint Vincent and the Grenadines",2018,0.384383917706356
"VCT","Saint Vincent and the Grenadines",2019,0.384383917706356
"VCT","Saint Vincent and the Grenadines",2020,0.384383917706356
"VCT","Saint Vincent and the Grenadines",2021,0.384383917706356
"VCT","Saint Vincent and the Grenadines",2022,0.384383917706356
"WSM","Samoa",1995,0.339073017746297
"WSM","Samoa",1996,0.339073017746297
"WSM","Samoa",1997,0.339073017746297
"WSM","Samoa",1998,0.339073017746297
"WSM","Samoa",1999,0.339073017746297
"WSM","Samoa",2000,0.339073017746297
"WSM","Samoa",2001,0.339073017746297
"WSM","Samoa",2002,0.339073017746297
"WSM","Samoa",2003,0.339073017746297
"WSM","Samoa",2004,0.339073017746297
"WSM","Samoa",2005,0.339073017746297
"WSM","Samoa",2006,0.339073017746297
"WSM","Samoa",2007,0.339073017746297
"WSM","Samoa",2008,0.339073017746297
"WSM","Samoa",2009,0.339073017746297
"WSM","Samoa",2010,0.339073017746297
"WSM","Samoa",2011,0.339073017746297
"WSM","Samoa",2012,0.339073017746297
"WSM","Samoa",2013,0.339073017746297
"WSM","Samoa",2014,0.339073017746297
"WSM","Samoa",2015,0.339073017746297
"WSM","Samoa",2016,0.339073017746297
"WSM","Samoa",2017,0.339073017746297
"WSM","Samoa",2018,0.339073017746297
"WSM","Samoa",2019,0.339073017746297
"WSM","Samoa",2020,0.339073017746297
"WSM","Samoa",2021,0.339073017746297
"WSM","Samoa",2022,0.339073017746297
"SMR","San Marino",1995,0.0843520235037044
"SMR","San Marino",1996,0.0843520235037044
"SMR","San Marino",1997,0.0843520235037044
"SMR","San Marino",1998,0.0843520235037044
"SMR","San Marino",1999,0.0843520235037044
"SMR","San Marino",2000,0.0843520235037044
"SMR","San Marino",2001,0.0843520235037044
"SMR","San Marino",2002,0.0843520235037044
"SMR","San Marino",2003,0.0843520235037044
"SMR","San Marino",2004,0.0843520235037044
"SMR","San Marino",2005,0.0843520235037044
"SMR","San Marino",2006,0.0843520235037044
"SMR","San Marino",2007,0.0843520235037044
"SMR","San Marino",2008,0.0843520235037044
"SMR","San Marino",2009,0.0843520235037044
"SMR","San Marino",2010,0.0843520235037044
"SMR","San Marino",2011,0.0843520235037044
"SMR","San Marino",2012,0.0843520235037044
"SMR","San Marino",2013,0.0843520235037044
"SMR","San Marino",2014,0.0843520235037044
"SMR","San Marino",2015,0.0843520235037044
"SMR","San Marino",2016,0.0843520235037044
"SMR","San Marino",2017,0.0843520235037044
"SMR","San Marino",2018,0.0843520235037044
"SMR","San Marino",2019,0.0843520235037044
"SMR","San Marino",2020,0.0843520235037044
"SMR","San Marino",2021,0.0843520235037044
"SMR","San Marino",2022,0.0843520235037044
"STP","Sao Tome and Principe",1995,0.44614998197483
"STP","Sao Tome and Principe",1996,0.44614998197483
"STP","Sao Tome and Principe",1997,0.44614998197483
"STP","Sao Tome and Principe",1998,0.44614998197483
"STP","Sao Tome and Principe",1999,0.44614998197483
"STP","Sao Tome and Principe",2000,0.44614998197483
"STP","Sao Tome and Principe",2001,0.44614998197483
"STP","Sao Tome and Principe",2002,0.44614998197483
"STP","Sao Tome and Principe",2003,0.44614998197483
"STP","Sao Tome and Principe",2004,0.44614998197483
"STP","Sao Tome and Principe",2005,0.44614998197483
"STP","Sao Tome and Principe",2006,0.44614998197483
"STP","Sao Tome and Principe",2007,0.44614998197483
"STP","Sao Tome and Principe",2008,0.44614998197483
"STP","Sao Tome and Principe",2009,0.44614998197483
"STP","Sao Tome and Principe",2010,0.44614998197483
"STP","Sao Tome and Principe",2011,0.44614998197483
"STP","Sao Tome and Principe",2012,0.44614998197483
"STP","Sao Tome and Principe",2013,0.44614998197483
"STP","Sao Tome and Principe",2014,0.44614998197483
"STP","Sao Tome and Principe",2015,0.44614998197483
"STP","Sao Tome and Principe",2016,0.44614998197483
"STP","Sao Tome and Principe",2017,0.44614998197483
"STP","Sao Tome and Principe",2018,0.44614998197483
"STP","Sao Tome and Principe",2019,0.44614998197483
"STP","Sao Tome and Principe",2020,0.44614998197483
"STP","Sao Tome and Principe",2021,0.44614998197483
"STP","Sao Tome and Principe",2022,0.44614998197483
"SAU","Saudi Arabia",1995,0.296041421512613
"SAU","Saudi Arabia",1996,0.296041421512613
"SAU","Saudi Arabia",1997,0.296041421512613
"SAU","Saudi Arabia",1998,0.296041421512613
"SAU","Saudi Arabia",1999,0.296041421512613
"SAU","Saudi Arabia",2000,0.296041421512613
"SAU","Saudi Arabia",2001,0.296041421512613
"SAU","Saudi Arabia",2002,0.296041421512613
"SAU","Saudi Arabia",2003,0.296041421512613
"SAU","Saudi Arabia",2004,0.296041421512613
"SAU","Saudi Arabia",2005,0.296041421512613
"SAU","Saudi Arabia",2006,0.296041421512613
"SAU","Saudi Arabia",2007,0.296041421512613
"SAU","Saudi Arabia",2008,0.296041421512613
"SAU","Saudi Arabia",2009,0.296041421512613
"SAU","Saudi Arabia",2010,0.296041421512613
"SAU","Saudi Arabia",2011,0.296041421512613
"SAU","Saudi Arabia",2012,0.296041421512613
"SAU","Saudi Arabia",2013,0.296041421512613
"SAU","Saudi Arabia",2014,0.296041421512613
"SAU","Saudi Arabia",2015,0.296041421512613
"SAU","Saudi Arabia",2016,0.296041421512613
"SAU","Saudi Arabia",2017,0.296041421512613
"SAU","Saudi Arabia",2018,0.296041421512613
"SAU","Saudi Arabia",2019,0.296041421512613
"SAU","Saudi Arabia",2020,0.296041421512613
"SAU","Saudi Arabia",2021,0.296041421512613
"SAU","Saudi Arabia",2022,0.296041421512613
"SEN","Senegal",1995,0.324553827071531
"SEN","Senegal",1996,0.324553827071531
"SEN","Senegal",1997,0.324553827071531
"SEN","Senegal",1998,0.324553827071531
"SEN","Senegal",1999,0.324553827071531
"SEN","Senegal",2000,0.324553827071531
"SEN","Senegal",2001,0.324553827071531
"SEN","Senegal",2002,0.324553827071531
"SEN","Senegal",2003,0.324553827071531
"SEN","Senegal",2004,0.324553827071531
"SEN","Senegal",2005,0.324553827071531
"SEN","Senegal",2006,0.324553827071531
"SEN","Senegal",2007,0.324553827071531
"SEN","Senegal",2008,0.324553827071531
"SEN","Senegal",2009,0.324553827071531
"SEN","Senegal",2010,0.324553827071531
"SEN","Senegal",2011,0.324553827071531
"SEN","Senegal",2012,0.324553827071531
"SEN","Senegal",2013,0.324553827071531
"SEN","Senegal",2014,0.324553827071531
"SEN","Senegal",2015,0.324553827071531
"SEN","Senegal",2016,0.324553827071531
"SEN","Senegal",2017,0.324553827071531
"SEN","Senegal",2018,0.324553827071531
"SEN","Senegal",2019,0.324553827071531
"SEN","Senegal",2020,0.324553827071531
"SEN","Senegal",2021,0.324553827071531
"SEN","Senegal",2022,0.324553827071531
"SRB","Serbia",1995,0.0786405591879905
"SRB","Serbia",1996,0.0786405591879905
"SRB","Serbia",1997,0.0786405591879905
"SRB","Serbia",1998,0.0786405591879905
"SRB","Serbia",1999,0.0786405591879905
"SRB","Serbia",2000,0.0786405591879905
"SRB","Serbia",2001,0.0786405591879905
"SRB","Serbia",2002,0.0786405591879905
"SRB","Serbia",2003,0.0786405591879905
"SRB","Serbia",2004,0.0786405591879905
"SRB","Serbia",2005,0.0786405591879905
"SRB","Serbia",2006,0.0786405591879905
"SRB","Serbia",2007,0.0786405591879905
"SRB","Serbia",2008,0.0786405591879905
"SRB","Serbia",2009,0.0786405591879905
"SRB","Serbia",2010,0.0786405591879905
"SRB","Serbia",2011,0.0786405591879905
"SRB","Serbia",2012,0.0786405591879905
"SRB","Serbia",2013,0.0786405591879905
"SRB","Serbia",2014,0.0786405591879905
"SRB","Serbia",2015,0.0786405591879905
"SRB","Serbia",2016,0.0786405591879905
"SRB","Serbia",2017,0.0786405591879905
"SRB","Serbia",2018,0.0786405591879905
"SRB","Serbia",2019,0.0786405591879905
"SRB","Serbia",2020,0.0786405591879905
"SRB","Serbia",2021,0.0786405591879905
"SRB","Serbia",2022,0.0786405591879905
"SYC","Seychelles",1995,0.398621712078844
"SYC","Seychelles",1996,0.398621712078844
"SYC","Seychelles",1997,0.398621712078844
"SYC","Seychelles",1998,0.398621712078844
"SYC","Seychelles",1999,0.398621712078844
"SYC","Seychelles",2000,0.398621712078844
"SYC","Seychelles",2001,0.398621712078844
"SYC","Seychelles",2002,0.398621712078844
"SYC","Seychelles",2003,0.398621712078844
"SYC","Seychelles",2004,0.398621712078844
"SYC","Seychelles",2005,0.398621712078844
"SYC","Seychelles",2006,0.398621712078844
"SYC","Seychelles",2007,0.398621712078844
"SYC","Seychelles",2008,0.398621712078844
"SYC","Seychelles",2009,0.398621712078844
"SYC","Seychelles",2010,0.398621712078844
"SYC","Seychelles",2011,0.398621712078844
"SYC","Seychelles",2012,0.398621712078844
"SYC","Seychelles",2013,0.398621712078844
"SYC","Seychelles",2014,0.398621712078844
"SYC","Seychelles",2015,0.398621712078844
"SYC","Seychelles",2016,0.398621712078844
"SYC","Seychelles",2017,0.398621712078844
"SYC","Seychelles",2018,0.398621712078844
"SYC","Seychelles",2019,0.398621712078844
"SYC","Seychelles",2020,0.398621712078844
"SYC","Seychelles",2021,0.398621712078844
"SYC","Seychelles",2022,0.398621712078844
"SLE","Sierra Leone",1995,0.314971797483534
"SLE","Sierra Leone",1996,0.314971797483534
"SLE","Sierra Leone",1997,0.314971797483534
"SLE","Sierra Leone",1998,0.314971797483534
"SLE","Sierra Leone",1999,0.314971797483534
"SLE","Sierra Leone",2000,0.314971797483534
"SLE","Sierra Leone",2001,0.314971797483534
"SLE","Sierra Leone",2002,0.314971797483534
"SLE","Sierra Leone",2003,0.314971797483534
"SLE","Sierra Leone",2004,0.314971797483534
"SLE","Sierra Leone",2005,0.314971797483534
"SLE","Sierra Leone",2006,0.314971797483534
"SLE","Sierra Leone",2007,0.314971797483534
"SLE","Sierra Leone",2008,0.314971797483534
"SLE","Sierra Leone",2009,0.314971797483534
"SLE","Sierra Leone",2010,0.314971797483534
"SLE","Sierra Leone",2011,0.314971797483534
"SLE","Sierra Leone",2012,0.314971797483534
"SLE","Sierra Leone",2013,0.314971797483534
"SLE","Sierra Leone",2014,0.314971797483534
"SLE","Sierra Leone",2015,0.314971797483534
"SLE","Sierra Leone",2016,0.314971797483534
"SLE","Sierra Leone",2017,0.314971797483534
"SLE","Sierra Leone",2018,0.314971797483534
"SLE","Sierra Leone",2019,0.314971797483534
"SLE","Sierra Leone",2020,0.314971797483534
"SLE","Sierra Leone",2021,0.314971797483534
"SLE","Sierra Leone",2022,0.314971797483534
"SGP","Singapore",1995,0.638524414170419
"SGP","Singapore",1996,0.638524414170419
"SGP","Singapore",1997,0.638524414170419
"SGP","Singapore",1998,0.638524414170419
"SGP","Singapore",1999,0.638524414170419
"SGP","Singapore",2000,0.638524414170419
"SGP","Singapore",2001,0.638524414170419
"SGP","Singapore",2002,0.638524414170419
"SGP","Singapore",2003,0.638524414170419
"SGP","Singapore",2004,0.638524414170419
"SGP","Singapore",2005,0.638524414170419
"SGP","Singapore",2006,0.638524414170419
"SGP","Singapore",2007,0.638524414170419
"SGP","Singapore",2008,0.638524414170419
"SGP","Singapore",2009,0.638524414170419
"SGP","Singapore",2010,0.638524414170419
"SGP","Singapore",2011,0.638524414170419
"SGP","Singapore",2012,0.638524414170419
"SGP","Singapore",2013,0.638524414170419
"SGP","Singapore",2014,0.638524414170419
"SGP","Singapore",2015,0.638524414170419
"SGP","Singapore",2016,0.638524414170419
"SGP","Singapore",2017,0.638524414170419
"SGP","Singapore",2018,0.638524414170419
"SGP","Singapore",2019,0.638524414170419
"SGP","Singapore",2020,0.638524414170419
"SGP","Singapore",2021,0.638524414170419
"SGP","Singapore",2022,0.638524414170419
"SVK","Slovakia",1995,0.0696504895963253
"SVK","Slovakia",1996,0.0696504895963253
"SVK","Slovakia",1997,0.0696504895963253
"SVK","Slovakia",1998,0.0696504895963253
"SVK","Slovakia",1999,0.0696504895963253
"SVK","Slovakia",2000,0.0696504895963253
"SVK","Slovakia",2001,0.0696504895963253
"SVK","Slovakia",2002,0.0696504895963253
"SVK","Slovakia",2003,0.0696504895963253
"SVK","Slovakia",2004,0.0696504895963253
"SVK","Slovakia",2005,0.0696504895963253
"SVK","Slovakia",2006,0.0696504895963253
"SVK","Slovakia",2007,0.0696504895963253
"SVK","Slovakia",2008,0.0696504895963253
"SVK","Slovakia",2009,0.0696504895963253
"SVK","Slovakia",2010,0.0696504895963253
"SVK","Slovakia",2011,0.0696504895963253
"SVK","Slovakia",2012,0.0696504895963253
"SVK","Slovakia",2013,0.0696504895963253
"SVK","Slovakia",2014,0.0696504895963253
"SVK","Slovakia",2015,0.0696504895963253
"SVK","Slovakia",2016,0.0696504895963253
"SVK","Slovakia",2017,0.0696504895963253
"SVK","Slovakia",2018,0.0696504895963253
"SVK","Slovakia",2019,0.0696504895963253
"SVK","Slovakia",2020,0.0696504895963253
"SVK","Slovakia",2021,0.0696504895963253
"SVK","Slovakia",2022,0.0696504895963253
"SVN","Slovenia",1995,0.0713715260280238
"SVN","Slovenia",1996,0.0713715260280238
"SVN","Slovenia",1997,0.0713715260280238
"SVN","Slovenia",1998,0.0713715260280238
"SVN","Slovenia",1999,0.0713715260280238
"SVN","Slovenia",2000,0.0713715260280238
"SVN","Slovenia",2001,0.0713715260280238
"SVN","Slovenia",2002,0.0713715260280238
"SVN","Slovenia",2003,0.0713715260280238
"SVN","Slovenia",2004,0.0713715260280238
"SVN","Slovenia",2005,0.0713715260280238
"SVN","Slovenia",2006,0.0713715260280238
"SVN","Slovenia",2007,0.0713715260280238
"SVN","Slovenia",2008,0.0713715260280238
"SVN","Slovenia",2009,0.0713715260280238
"SVN","Slovenia",2010,0.0713715260280238
"SVN","Slovenia",2011,0.0713715260280238
"SVN","Slovenia",2012,0.0713715260280238
"SVN","Slovenia",2013,0.0713715260280238
"SVN","Slovenia",2014,0.0713715260280238
"SVN","Slovenia",2015,0.0713715260280238
"SVN","Slovenia",2016,0.0713715260280238
"SVN","Slovenia",2017,0.0713715260280238
"SVN","Slovenia",2018,0.0713715260280238
"SVN","Slovenia",2019,0.0713715260280238
"SVN","Slovenia",2020,0.0713715260280238
"SVN","Slovenia",2021,0.0713715260280238
"SVN","Slovenia",2022,0.0713715260280238
"SLB","Solomon Islands",1995,0.567064086198493
"SLB","Solomon Islands",1996,0.567064086198493
"SLB","Solomon Islands",1997,0.567064086198493
"SLB","Solomon Islands",1998,0.567064086198493
"SLB","Solomon Islands",1999,0.567064086198493
"SLB","Solomon Islands",2000,0.567064086198493
"SLB","Solomon Islands",2001,0.567064086198493
"SLB","Solomon Islands",2002,0.567064086198493
"SLB","Solomon Islands",2003,0.567064086198493
"SLB","Solomon Islands",2004,0.567064086198493
"SLB","Solomon Islands",2005,0.567064086198493
"SLB","Solomon Islands",2006,0.567064086198493
"SLB","Solomon Islands",2007,0.567064086198493
"SLB","Solomon Islands",2008,0.567064086198493
"SLB","Solomon Islands",2009,0.567064086198493
"SLB","Solomon Islands",2010,0.567064086198493
"SLB","Solomon Islands",2011,0.567064086198493
"SLB","Solomon Islands",2012,0.567064086198493
"SLB","Solomon Islands",2013,0.567064086198493
"SLB","Solomon Islands",2014,0.567064086198493
"SLB","Solomon Islands",2015,0.567064086198493
"SLB","Solomon Islands",2016,0.567064086198493
"SLB","Solomon Islands",2017,0.567064086198493
"SLB","Solomon Islands",2018,0.567064086198493
"SLB","Solomon Islands",2019,0.567064086198493
"SLB","Solomon Islands",2020,0.567064086198493
"SLB","Solomon Islands",2021,0.567064086198493
"SLB","Solomon Islands",2022,0.567064086198493
"SOM","Somalia",1995,0.327328072705829
"SOM","Somalia",1996,0.327328072705829
"SOM","Somalia",1997,0.327328072705829
"SOM","Somalia",1998,0.327328072705829
"SOM","Somalia",1999,0.327328072705829
"SOM","Somalia",2000,0.327328072705829
"SOM","Somalia",2001,0.327328072705829
"SOM","Somalia",2002,0.327328072705829
"SOM","Somalia",2003,0.327328072705829
"SOM","Somalia",2004,0.327328072705829
"SOM","Somalia",2005,0.327328072705829
"SOM","Somalia",2006,0.327328072705829
"SOM","Somalia",2007,0.327328072705829
"SOM","Somalia",2008,0.327328072705829
"SOM","Somalia",2009,0.327328072705829
"SOM","Somalia",2010,0.327328072705829
"SOM","Somalia",2011,0.327328072705829
"SOM","Somalia",2012,0.327328072705829
"SOM","Somalia",2013,0.327328072705829
"SOM","Somalia",2014,0.327328072705829
"SOM","Somalia",2015,0.327328072705829
"SOM","Somalia",2016,0.327328072705829
"SOM","Somalia",2017,0.327328072705829
"SOM","Somalia",2018,0.327328072705829
"SOM","Somalia",2019,0.327328072705829
"SOM","Somalia",2020,0.327328072705829
"SOM","Somalia",2021,0.327328072705829
"SOM","Somalia",2022,0.327328072705829
"ZAF","South Africa",1995,0.0867465931869535
"ZAF","South Africa",1996,0.0867465931869535
"ZAF","South Africa",1997,0.0867465931869535
"ZAF","South Africa",1998,0.0867465931869535
"ZAF","South Africa",1999,0.0867465931869535
"ZAF","South Africa",2000,0.0867465931869535
"ZAF","South Africa",2001,0.0867465931869535
"ZAF","South Africa",2002,0.0867465931869535
"ZAF","South Africa",2003,0.0867465931869535
"ZAF","South Africa",2004,0.0867465931869535
"ZAF","South Africa",2005,0.0867465931869535
"ZAF","South Africa",2006,0.0867465931869535
"ZAF","South Africa",2007,0.0867465931869535
"ZAF","South Africa",2008,0.0867465931869535
"ZAF","South Africa",2009,0.0867465931869535
"ZAF","South Africa",2010,0.0867465931869535
"ZAF","South Africa",2011,0.0867465931869535
"ZAF","South Africa",2012,0.0867465931869535
"ZAF","South Africa",2013,0.0867465931869535
"ZAF","South Africa",2014,0.0867465931869535
"ZAF","South Africa",2015,0.0867465931869535
"ZAF","South Africa",2016,0.0867465931869535
"ZAF","South Africa",2017,0.0867465931869535
"ZAF","South Africa",2018,0.0867465931869535
"ZAF","South Africa",2019,0.0867465931869535
"ZAF","South Africa",2020,0.0867465931869535
"ZAF","South Africa",2021,0.0867465931869535
"ZAF","South Africa",2022,0.0867465931869535
"ESP","Spain",1995,0.084219332238171
"ESP","Spain",1996,0.084219332238171
"ESP","Spain",1997,0.084219332238171
"ESP","Spain",1998,0.084219332238171
"ESP","Spain",1999,0.084219332238171
"ESP","Spain",2000,0.084219332238171
"ESP","Spain",2001,0.084219332238171
"ESP","Spain",2002,0.084219332238171
"ESP","Spain",2003,0.084219332238171
"ESP","Spain",2004,0.084219332238171
"ESP","Spain",2005,0.084219332238171
"ESP","Spain",2006,0.084219332238171
"ESP","Spain",2007,0.084219332238171
"ESP","Spain",2008,0.084219332238171
"ESP","Spain",2009,0.084219332238171
"ESP","Spain",2010,0.084219332238171
"ESP","Spain",2011,0.084219332238171
"ESP","Spain",2012,0.084219332238171
"ESP","Spain",2013,0.084219332238171
"ESP","Spain",2014,0.084219332238171
"ESP","Spain",2015,0.084219332238171
"ESP","Spain",2016,0.084219332238171
"ESP","Spain",2017,0.084219332238171
"ESP","Spain",2018,0.084219332238171
"ESP","Spain",2019,0.084219332238171
"ESP","Spain",2020,0.084219332238171
"ESP","Spain",2021,0.084219332238171
"ESP","Spain",2022,0.084219332238171
"LKA","Sri Lanka",1995,0.352926191207595
"LKA","Sri Lanka",1996,0.352926191207595
"LKA","Sri Lanka",1997,0.352926191207595
"LKA","Sri Lanka",1998,0.352926191207595
"LKA","Sri Lanka",1999,0.352926191207595
"LKA","Sri Lanka",2000,0.352926191207595
"LKA","Sri Lanka",2001,0.352926191207595
"LKA","Sri Lanka",2002,0.352926191207595
"LKA","Sri Lanka",2003,0.352926191207595
"LKA","Sri Lanka",2004,0.352926191207595
"LKA","Sri Lanka",2005,0.352926191207595
"LKA","Sri Lanka",2006,0.352926191207595
"LKA","Sri Lanka",2007,0.352926191207595
"LKA","Sri Lanka",2008,0.352926191207595
"LKA","Sri Lanka",2009,0.352926191207595
"LKA","Sri Lanka",2010,0.352926191207595
"LKA","Sri Lanka",2011,0.352926191207595
"LKA","Sri Lanka",2012,0.352926191207595
"LKA","Sri Lanka",2013,0.352926191207595
"LKA","Sri Lanka",2014,0.352926191207595
"LKA","Sri Lanka",2015,0.352926191207595
"LKA","Sri Lanka",2016,0.352926191207595
"LKA","Sri Lanka",2017,0.352926191207595
"LKA","Sri Lanka",2018,0.352926191207595
"LKA","Sri Lanka",2019,0.352926191207595
"LKA","Sri Lanka",2020,0.352926191207595
"LKA","Sri Lanka",2021,0.352926191207595
"LKA","Sri Lanka",2022,0.352926191207595
"SDN","Sudan",1995,0.202526698785826
"SDN","Sudan",1996,0.202526698785826
"SDN","Sudan",1997,0.202526698785826
"SDN","Sudan",1998,0.202526698785826
"SDN","Sudan",1999,0.202526698785826
"SDN","Sudan",2000,0.202526698785826
"SDN","Sudan",2001,0.202526698785826
"SDN","Sudan",2002,0.202526698785826
"SDN","Sudan",2003,0.202526698785826
"SDN","Sudan",2004,0.202526698785826
"SDN","Sudan",2005,0.202526698785826
"SDN","Sudan",2006,0.202526698785826
"SDN","Sudan",2007,0.202526698785826
"SDN","Sudan",2008,0.202526698785826
"SDN","Sudan",2009,0.202526698785826
"SDN","Sudan",2010,0.202526698785826
"SDN","Sudan",2011,0.202526698785826
"SDN","Sudan",2012,0.202526698785826
"SDN","Sudan",2013,0.202526698785826
"SDN","Sudan",2014,0.202526698785826
"SDN","Sudan",2015,0.202526698785826
"SDN","Sudan",2016,0.202526698785826
"SDN","Sudan",2017,0.202526698785826
"SDN","Sudan",2018,0.202526698785826
"SDN","Sudan",2019,0.202526698785826
"SDN","Sudan",2020,0.202526698785826
"SDN","Sudan",2021,0.202526698785826
"SDN","Sudan",2022,0.202526698785826
"SUR","Suriname",1995,0.352486876026867
"SUR","Suriname",1996,0.352486876026867
"SUR","Suriname",1997,0.352486876026867
"SUR","Suriname",1998,0.352486876026867
"SUR","Suriname",1999,0.352486876026867
"SUR","Suriname",2000,0.352486876026867
"SUR","Suriname",2001,0.352486876026867
"SUR","Suriname",2002,0.352486876026867
"SUR","Suriname",2003,0.352486876026867
"SUR","Suriname",2004,0.352486876026867
"SUR","Suriname",2005,0.352486876026867
"SUR","Suriname",2006,0.352486876026867
"SUR","Suriname",2007,0.352486876026867
"SUR","Suriname",2008,0.352486876026867
"SUR","Suriname",2009,0.352486876026867
"SUR","Suriname",2010,0.352486876026867
"SUR","Suriname",2011,0.352486876026867
"SUR","Suriname",2012,0.352486876026867
"SUR","Suriname",2013,0.352486876026867
"SUR","Suriname",2014,0.352486876026867
"SUR","Suriname",2015,0.352486876026867
"SUR","Suriname",2016,0.352486876026867
"SUR","Suriname",2017,0.352486876026867
"SUR","Suriname",2018,0.352486876026867
"SUR","Suriname",2019,0.352486876026867
"SUR","Suriname",2020,0.352486876026867
"SUR","Suriname",2021,0.352486876026867
"SUR","Suriname",2022,0.352486876026867
"SWZ","Swaziland",1995,0.0717230547367446
"SWZ","Swaziland",1996,0.0717230547367446
"SWZ","Swaziland",1997,0.0717230547367446
"SWZ","Swaziland",1998,0.0717230547367446
"SWZ","Swaziland",1999,0.0717230547367446
"SWZ","Swaziland",2000,0.0717230547367446
"SWZ","Swaziland",2001,0.0717230547367446
"SWZ","Swaziland",2002,0.0717230547367446
"SWZ","Swaziland",2003,0.0717230547367446
"SWZ","Swaziland",2004,0.0717230547367446
"SWZ","Swaziland",2005,0.0717230547367446
"SWZ","Swaziland",2006,0.0717230547367446
"SWZ","Swaziland",2007,0.0717230547367446
"SWZ","Swaziland",2008,0.0717230547367446
"SWZ","Swaziland",2009,0.0717230547367446
"SWZ","Swaziland",2010,0.0717230547367446
"SWZ","Swaziland",2011,0.0717230547367446
"SWZ","Swaziland",2012,0.0717230547367446
"SWZ","Swaziland",2013,0.0717230547367446
"SWZ","Swaziland",2014,0.0717230547367446
"SWZ","Swaziland",2015,0.0717230547367446
"SWZ","Swaziland",2016,0.0717230547367446
"SWZ","Swaziland",2017,0.0717230547367446
"SWZ","Swaziland",2018,0.0717230547367446
"SWZ","Swaziland",2019,0.0717230547367446
"SWZ","Swaziland",2020,0.0717230547367446
"SWZ","Swaziland",2021,0.0717230547367446
"SWZ","Swaziland",2022,0.0717230547367446
"SWE","Sweden",1995,0.128856090815696
"SWE","Sweden",1996,0.128856090815696
"SWE","Sweden",1997,0.128856090815696
"SWE","Sweden",1998,0.128856090815696
"SWE","Sweden",1999,0.128856090815696
"SWE","Sweden",2000,0.128856090815696
"SWE","Sweden",2001,0.128856090815696
"SWE","Sweden",2002,0.128856090815696
"SWE","Sweden",2003,0.128856090815696
"SWE","Sweden",2004,0.128856090815696
"SWE","Sweden",2005,0.128856090815696
"SWE","Sweden",2006,0.128856090815696
"SWE","Sweden",2007,0.128856090815696
"SWE","Sweden",2008,0.128856090815696
"SWE","Sweden",2009,0.128856090815696
"SWE","Sweden",2010,0.128856090815696
"SWE","Sweden",2011,0.128856090815696
"SWE","Sweden",2012,0.128856090815696
"SWE","Sweden",2013,0.128856090815696
"SWE","Sweden",2014,0.128856090815696
"SWE","Sweden",2015,0.128856090815696
"SWE","Sweden",2016,0.128856090815696
"SWE","Sweden",2017,0.128856090815696
"SWE","Sweden",2018,0.128856090815696
"SWE","Sweden",2019,0.128856090815696
"SWE","Sweden",2020,0.128856090815696
"SWE","Sweden",2021,0.128856090815696
"SWE","Sweden",2022,0.128856090815696
"CHE","Switzerland",1995,0.0777553229908128
"CHE","Switzerland",1996,0.0777553229908128
"CHE","Switzerland",1997,0.0777553229908128
"CHE","Switzerland",1998,0.0777553229908128
"CHE","Switzerland",1999,0.0777553229908128
"CHE","Switzerland",2000,0.0777553229908128
"CHE","Switzerland",2001,0.0777553229908128
"CHE","Switzerland",2002,0.0777553229908128
"CHE","Switzerland",2003,0.0777553229908128
"CHE","Switzerland",2004,0.0777553229908128
"CHE","Switzerland",2005,0.0777553229908128
"CHE","Switzerland",2006,0.0777553229908128
"CHE","Switzerland",2007,0.0777553229908128
"CHE","Switzerland",2008,0.0777553229908128
"CHE","Switzerland",2009,0.0777553229908128
"CHE","Switzerland",2010,0.0777553229908128
"CHE","Switzerland",2011,0.0777553229908128
"CHE","Switzerland",2012,0.0777553229908128
"CHE","Switzerland",2013,0.0777553229908128
"CHE","Switzerland",2014,0.0777553229908128
"CHE","Switzerland",2015,0.0777553229908128
"CHE","Switzerland",2016,0.0777553229908128
"CHE","Switzerland",2017,0.0777553229908128
"CHE","Switzerland",2018,0.0777553229908128
"CHE","Switzerland",2019,0.0777553229908128
"CHE","Switzerland",2020,0.0777553229908128
"CHE","Switzerland",2021,0.0777553229908128
"CHE","Switzerland",2022,0.0777553229908128
"SYR","Syrian Arab Republic",1995,0.091578110041076
"SYR","Syrian Arab Republic",1996,0.091578110041076
"SYR","Syrian Arab Republic",1997,0.091578110041076
"SYR","Syrian Arab Republic",1998,0.091578110041076
"SYR","Syrian Arab Republic",1999,0.091578110041076
"SYR","Syrian Arab Republic",2000,0.091578110041076
"SYR","Syrian Arab Republic",2001,0.091578110041076
"SYR","Syrian Arab Republic",2002,0.091578110041076
"SYR","Syrian Arab Republic",2003,0.091578110041076
"SYR","Syrian Arab Republic",2004,0.091578110041076
"SYR","Syrian Arab Republic",2005,0.091578110041076
"SYR","Syrian Arab Republic",2006,0.091578110041076
"SYR","Syrian Arab Republic",2007,0.091578110041076
"SYR","Syrian Arab Republic",2008,0.091578110041076
"SYR","Syrian Arab Republic",2009,0.091578110041076
"SYR","Syrian Arab Republic",2010,0.091578110041076
"SYR","Syrian Arab Republic",2011,0.091578110041076
"SYR","Syrian Arab Republic",2012,0.091578110041076
"SYR","Syrian Arab Republic",2013,0.091578110041076
"SYR","Syrian Arab Republic",2014,0.091578110041076
"SYR","Syrian Arab Republic",2015,0.091578110041076
"SYR","Syrian Arab Republic",2016,0.091578110041076
"SYR","Syrian Arab Republic",2017,0.091578110041076
"SYR","Syrian Arab Republic",2018,0.091578110041076
"SYR","Syrian Arab Republic",2019,0.091578110041076
"SYR","Syrian Arab Republic",2020,0.091578110041076
"SYR","Syrian Arab Republic",2021,0.091578110041076
"SYR","Syrian Arab Republic",2022,0.091578110041076
"TJK","Tajikistan",1995,0.0582058602753409
"TJK","Tajikistan",1996,0.0582058602753409
"TJK","Tajikistan",1997,0.0582058602753409
"TJK","Tajikistan",1998,0.0582058602753409
"TJK","Tajikistan",1999,0.0582058602753409
"TJK","Tajikistan",2000,0.0582058602753409
"TJK","Tajikistan",2001,0.0582058602753409
"TJK","Tajikistan",2002,0.0582058602753409
"TJK","Tajikistan",2003,0.0582058602753409
"TJK","Tajikistan",2004,0.0582058602753409
"TJK","Tajikistan",2005,0.0582058602753409
"TJK","Tajikistan",2006,0.0582058602753409
"TJK","Tajikistan",2007,0.0582058602753409
"TJK","Tajikistan",2008,0.0582058602753409
"TJK","Tajikistan",2009,0.0582058602753409
"TJK","Tajikistan",2010,0.0582058602753409
"TJK","Tajikistan",2011,0.0582058602753409
"TJK","Tajikistan",2012,0.0582058602753409
"TJK","Tajikistan",2013,0.0582058602753409
"TJK","Tajikistan",2014,0.0582058602753409
"TJK","Tajikistan",2015,0.0582058602753409
"TJK","Tajikistan",2016,0.0582058602753409
"TJK","Tajikistan",2017,0.0582058602753409
"TJK","Tajikistan",2018,0.0582058602753409
"TJK","Tajikistan",2019,0.0582058602753409
"TJK","Tajikistan",2020,0.0582058602753409
"TJK","Tajikistan",2021,0.0582058602753409
"TJK","Tajikistan",2022,0.0582058602753409
"TZA","Tanzania, United Republic of",1995,0.186091754992601
"TZA","Tanzania, United Republic of",1996,0.186091754992601
"TZA","Tanzania, United Republic of",1997,0.186091754992601
"TZA","Tanzania, United Republic of",1998,0.186091754992601
"TZA","Tanzania, United Republic of",1999,0.186091754992601
"TZA","Tanzania, United Republic of",2000,0.186091754992601
"TZA","Tanzania, United Republic of",2001,0.186091754992601
"TZA","Tanzania, United Republic of",2002,0.186091754992601
"TZA","Tanzania, United Republic of",2003,0.186091754992601
"TZA","Tanzania, United Republic of",2004,0.186091754992601
"TZA","Tanzania, United Republic of",2005,0.186091754992601
"TZA","Tanzania, United Republic of",2006,0.186091754992601
"TZA","Tanzania, United Republic of",2007,0.186091754992601
"TZA","Tanzania, United Republic of",2008,0.186091754992601
"TZA","Tanzania, United Republic of",2009,0.186091754992601
"TZA","Tanzania, United Republic of",2010,0.186091754992601
"TZA","Tanzania, United Republic of",2011,0.186091754992601
"TZA","Tanzania, United Republic of",2012,0.186091754992601
"TZA","Tanzania, United Republic of",2013,0.186091754992601
"TZA","Tanzania, United Republic of",2014,0.186091754992601
"TZA","Tanzania, United Republic of",2015,0.186091754992601
"TZA","Tanzania, United Republic of",2016,0.186091754992601
"TZA","Tanzania, United Republic of",2017,0.186091754992601
"TZA","Tanzania, United Republic of",2018,0.186091754992601
"TZA","Tanzania, United Republic of",2019,0.186091754992601
"TZA","Tanzania, United Republic of",2020,0.186091754992601
"TZA","Tanzania, United Republic of",2021,0.186091754992601
"TZA","Tanzania, United Republic of",2022,0.186091754992601
"THA","Thailand",1995,0.23380209155479
"THA","Thailand",1996,0.23380209155479
"THA","Thailand",1997,0.23380209155479
"THA","Thailand",1998,0.23380209155479
"THA","Thailand",1999,0.23380209155479
"THA","Thailand",2000,0.23380209155479
"THA","Thailand",2001,0.23380209155479
"THA","Thailand",2002,0.23380209155479
"THA","Thailand",2003,0.23380209155479
"THA","Thailand",2004,0.23380209155479
"THA","Thailand",2005,0.23380209155479
"THA","Thailand",2006,0.23380209155479
"THA","Thailand",2007,0.23380209155479
"THA","Thailand",2008,0.23380209155479
"THA","Thailand",2009,0.23380209155479
"THA","Thailand",2010,0.23380209155479
"THA","Thailand",2011,0.23380209155479
"THA","Thailand",2012,0.23380209155479
"THA","Thailand",2013,0.23380209155479
"THA","Thailand",2014,0.23380209155479
"THA","Thailand",2015,0.23380209155479
"THA","Thailand",2016,0.23380209155479
"THA","Thailand",2017,0.23380209155479
"THA","Thailand",2018,0.23380209155479
"THA","Thailand",2019,0.23380209155479
"THA","Thailand",2020,0.23380209155479
"THA","Thailand",2021,0.23380209155479
"THA","Thailand",2022,0.23380209155479
"TLS","Timor-Leste",1995,0.409957933866478
"TLS","Timor-Leste",1996,0.409957933866478
"TLS","Timor-Leste",1997,0.409957933866478
"TLS","Timor-Leste",1998,0.409957933866478
"TLS","Timor-Leste",1999,0.409957933866478
"TLS","Timor-Leste",2000,0.409957933866478
"TLS","Timor-Leste",2001,0.409957933866478
"TLS","Timor-Leste",2002,0.409957933866478
"TLS","Timor-Leste",2003,0.409957933866478
"TLS","Timor-Leste",2004,0.409957933866478
"TLS","Timor-Leste",2005,0.409957933866478
"TLS","Timor-Leste",2006,0.409957933866478
"TLS","Timor-Leste",2007,0.409957933866478
"TLS","Timor-Leste",2008,0.409957933866478
"TLS","Timor-Leste",2009,0.409957933866478
"TLS","Timor-Leste",2010,0.409957933866478
"TLS","Timor-Leste",2011,0.409957933866478
"TLS","Timor-Leste",2012,0.409957933866478
"TLS","Timor-Leste",2013,0.409957933866478
"TLS","Timor-Leste",2014,0.409957933866478
"TLS","Timor-Leste",2015,0.409957933866478
"TLS","Timor-Leste",2016,0.409957933866478
"TLS","Timor-Leste",2017,0.409957933866478
"TLS","Timor-Leste",2018,0.409957933866478
"TLS","Timor-Leste",2019,0.409957933866478
"TLS","Timor-Leste",2020,0.409957933866478
"TLS","Timor-Leste",2021,0.409957933866478
"TLS","Timor-Leste",2022,0.409957933866478
"TGO","Togo",1995,0.410254702869172
"TGO","Togo",1996,0.410254702869172
"TGO","Togo",1997,0.410254702869172
"TGO","Togo",1998,0.410254702869172
"TGO","Togo",1999,0.410254702869172
"TGO","Togo",2000,0.410254702869172
"TGO","Togo",2001,0.410254702869172
"TGO","Togo",2002,0.410254702869172
"TGO","Togo",2003,0.410254702869172
"TGO","Togo",2004,0.410254702869172
"TGO","Togo",2005,0.410254702869172
"TGO","Togo",2006,0.410254702869172
"TGO","Togo",2007,0.410254702869172
"TGO","Togo",2008,0.410254702869172
"TGO","Togo",2009,0.410254702869172
"TGO","Togo",2010,0.410254702869172
"TGO","Togo",2011,0.410254702869172
"TGO","Togo",2012,0.410254702869172
"TGO","Togo",2013,0.410254702869172
"TGO","Togo",2014,0.410254702869172
"TGO","Togo",2015,0.410254702869172
"TGO","Togo",2016,0.410254702869172
"TGO","Togo",2017,0.410254702869172
"TGO","Togo",2018,0.410254702869172
"TGO","Togo",2019,0.410254702869172
"TGO","Togo",2020,0.410254702869172
"TGO","Togo",2021,0.410254702869172
"TGO","Togo",2022,0.410254702869172
"TON","Tonga",1995,0.19426245885444
"TON","Tonga",1996,0.19426245885444
"TON","Tonga",1997,0.19426245885444
"TON","Tonga",1998,0.19426245885444
"TON","Tonga",1999,0.19426245885444
"TON","Tonga",2000,0.19426245885444
"TON","Tonga",2001,0.19426245885444
"TON","Tonga",2002,0.19426245885444
"TON","Tonga",2003,0.19426245885444
"TON","Tonga",2004,0.19426245885444
"TON","Tonga",2005,0.19426245885444
"TON","Tonga",2006,0.19426245885444
"TON","Tonga",2007,0.19426245885444
"TON","Tonga",2008,0.19426245885444
"TON","Tonga",2009,0.19426245885444
"TON","Tonga",2010,0.19426245885444
"TON","Tonga",2011,0.19426245885444
"TON","Tonga",2012,0.19426245885444
"TON","Tonga",2013,0.19426245885444
"TON","Tonga",2014,0.19426245885444
"TON","Tonga",2015,0.19426245885444
"TON","Tonga",2016,0.19426245885444
"TON","Tonga",2017,0.19426245885444
"TON","Tonga",2018,0.19426245885444
"TON","Tonga",2019,0.19426245885444
"TON","Tonga",2020,0.19426245885444
"TON","Tonga",2021,0.19426245885444
"TON","Tonga",2022,0.19426245885444
"TTO","Trinidad and Tobago",1995,0.395652909286924
"TTO","Trinidad and Tobago",1996,0.395652909286924
"TTO","Trinidad and Tobago",1997,0.395652909286924
"TTO","Trinidad and Tobago",1998,0.395652909286924
"TTO","Trinidad and Tobago",1999,0.395652909286924
"TTO","Trinidad and Tobago",2000,0.395652909286924
"TTO","Trinidad and Tobago",2001,0.395652909286924
"TTO","Trinidad and Tobago",2002,0.395652909286924
"TTO","Trinidad and Tobago",2003,0.395652909286924
"TTO","Trinidad and Tobago",2004,0.395652909286924
"TTO","Trinidad and Tobago",2005,0.395652909286924
"TTO","Trinidad and Tobago",2006,0.395652909286924
"TTO","Trinidad and Tobago",2007,0.395652909286924
"TTO","Trinidad and Tobago",2008,0.395652909286924
"TTO","Trinidad and Tobago",2009,0.395652909286924
"TTO","Trinidad and Tobago",2010,0.395652909286924
"TTO","Trinidad and Tobago",2011,0.395652909286924
"TTO","Trinidad and Tobago",2012,0.395652909286924
"TTO","Trinidad and Tobago",2013,0.395652909286924
"TTO","Trinidad and Tobago",2014,0.395652909286924
"TTO","Trinidad and Tobago",2015,0.395652909286924
"TTO","Trinidad and Tobago",2016,0.395652909286924
"TTO","Trinidad and Tobago",2017,0.395652909286924
"TTO","Trinidad and Tobago",2018,0.395652909286924
"TTO","Trinidad and Tobago",2019,0.395652909286924
"TTO","Trinidad and Tobago",2020,0.395652909286924
"TTO","Trinidad and Tobago",2021,0.395652909286924
"TTO","Trinidad and Tobago",2022,0.395652909286924
"TUN","Tunisia",1995,0.116590336906902
"TUN","Tunisia",1996,0.116590336906902
"TUN","Tunisia",1997,0.116590336906902
"TUN","Tunisia",1998,0.116590336906902
"TUN","Tunisia",1999,0.116590336906902
"TUN","Tunisia",2000,0.116590336906902
"TUN","Tunisia",2001,0.116590336906902
"TUN","Tunisia",2002,0.116590336906902
"TUN","Tunisia",2003,0.116590336906902
"TUN","Tunisia",2004,0.116590336906902
"TUN","Tunisia",2005,0.116590336906902
"TUN","Tunisia",2006,0.116590336906902
"TUN","Tunisia",2007,0.116590336906902
"TUN","Tunisia",2008,0.116590336906902
"TUN","Tunisia",2009,0.116590336906902
"TUN","Tunisia",2010,0.116590336906902
"TUN","Tunisia",2011,0.116590336906902
"TUN","Tunisia",2012,0.116590336906902
"TUN","Tunisia",2013,0.116590336906902
"TUN","Tunisia",2014,0.116590336906902
"TUN","Tunisia",2015,0.116590336906902
"TUN","Tunisia",2016,0.116590336906902
"TUN","Tunisia",2017,0.116590336906902
"TUN","Tunisia",2018,0.116590336906902
"TUN","Tunisia",2019,0.116590336906902
"TUN","Tunisia",2020,0.116590336906902
"TUN","Tunisia",2021,0.116590336906902
"TUN","Tunisia",2022,0.116590336906902
"TUR","Turkey",1995,0.123656239202827
"TUR","Turkey",1996,0.123656239202827
"TUR","Turkey",1997,0.123656239202827
"TUR","Turkey",1998,0.123656239202827
"TUR","Turkey",1999,0.123656239202827
"TUR","Turkey",2000,0.123656239202827
"TUR","Turkey",2001,0.123656239202827
"TUR","Turkey",2002,0.123656239202827
"TUR","Turkey",2003,0.123656239202827
"TUR","Turkey",2004,0.123656239202827
"TUR","Turkey",2005,0.123656239202827
"TUR","Turkey",2006,0.123656239202827
"TUR","Turkey",2007,0.123656239202827
"TUR","Turkey",2008,0.123656239202827
"TUR","Turkey",2009,0.123656239202827
"TUR","Turkey",2010,0.123656239202827
"TUR","Turkey",2011,0.123656239202827
"TUR","Turkey",2012,0.123656239202827
"TUR","Turkey",2013,0.123656239202827
"TUR","Turkey",2014,0.123656239202827
"TUR","Turkey",2015,0.123656239202827
"TUR","Turkey",2016,0.123656239202827
"TUR","Turkey",2017,0.123656239202827
"TUR","Turkey",2018,0.123656239202827
"TUR","Turkey",2019,0.123656239202827
"TUR","Turkey",2020,0.123656239202827
"TUR","Turkey",2021,0.123656239202827
"TUR","Turkey",2022,0.123656239202827
"TKM","Turkmenistan",1995,0.0670275948683056
"TKM","Turkmenistan",1996,0.0670275948683056
"TKM","Turkmenistan",1997,0.0670275948683056
"TKM","Turkmenistan",1998,0.0670275948683056
"TKM","Turkmenistan",1999,0.0670275948683056
"TKM","Turkmenistan",2000,0.0670275948683056
"TKM","Turkmenistan",2001,0.0670275948683056
"TKM","Turkmenistan",2002,0.0670275948683056
"TKM","Turkmenistan",2003,0.0670275948683056
"TKM","Turkmenistan",2004,0.0670275948683056
"TKM","Turkmenistan",2005,0.0670275948683056
"TKM","Turkmenistan",2006,0.0670275948683056
"TKM","Turkmenistan",2007,0.0670275948683056
"TKM","Turkmenistan",2008,0.0670275948683056
"TKM","Turkmenistan",2009,0.0670275948683056
"TKM","Turkmenistan",2010,0.0670275948683056
"TKM","Turkmenistan",2011,0.0670275948683056
"TKM","Turkmenistan",2012,0.0670275948683056
"TKM","Turkmenistan",2013,0.0670275948683056
"TKM","Turkmenistan",2014,0.0670275948683056
"TKM","Turkmenistan",2015,0.0670275948683056
"TKM","Turkmenistan",2016,0.0670275948683056
"TKM","Turkmenistan",2017,0.0670275948683056
"TKM","Turkmenistan",2018,0.0670275948683056
"TKM","Turkmenistan",2019,0.0670275948683056
"TKM","Turkmenistan",2020,0.0670275948683056
"TKM","Turkmenistan",2021,0.0670275948683056
"TKM","Turkmenistan",2022,0.0670275948683056
"TUV","Tuvalu",1995,0.559986593716793
"TUV","Tuvalu",1996,0.559986593716793
"TUV","Tuvalu",1997,0.559986593716793
"TUV","Tuvalu",1998,0.559986593716793
"TUV","Tuvalu",1999,0.559986593716793
"TUV","Tuvalu",2000,0.559986593716793
"TUV","Tuvalu",2001,0.559986593716793
"TUV","Tuvalu",2002,0.559986593716793
"TUV","Tuvalu",2003,0.559986593716793
"TUV","Tuvalu",2004,0.559986593716793
"TUV","Tuvalu",2005,0.559986593716793
"TUV","Tuvalu",2006,0.559986593716793
"TUV","Tuvalu",2007,0.559986593716793
"TUV","Tuvalu",2008,0.559986593716793
"TUV","Tuvalu",2009,0.559986593716793
"TUV","Tuvalu",2010,0.559986593716793
"TUV","Tuvalu",2011,0.559986593716793
"TUV","Tuvalu",2012,0.559986593716793
"TUV","Tuvalu",2013,0.559986593716793
"TUV","Tuvalu",2014,0.559986593716793
"TUV","Tuvalu",2015,0.559986593716793
"TUV","Tuvalu",2016,0.559986593716793
"TUV","Tuvalu",2017,0.559986593716793
"TUV","Tuvalu",2018,0.559986593716793
"TUV","Tuvalu",2019,0.559986593716793
"TUV","Tuvalu",2020,0.559986593716793
"TUV","Tuvalu",2021,0.559986593716793
"TUV","Tuvalu",2022,0.559986593716793
"UGA","Uganda",1995,0.122493010484022
"UGA","Uganda",1996,0.122493010484022
"UGA","Uganda",1997,0.122493010484022
"UGA","Uganda",1998,0.122493010484022
"UGA","Uganda",1999,0.122493010484022
"UGA","Uganda",2000,0.122493010484022
"UGA","Uganda",2001,0.122493010484022
"UGA","Uganda",2002,0.122493010484022
"UGA","Uganda",2003,0.122493010484022
"UGA","Uganda",2004,0.122493010484022
"UGA","Uganda",2005,0.122493010484022
"UGA","Uganda",2006,0.122493010484022
"UGA","Uganda",2007,0.122493010484022
"UGA","Uganda",2008,0.122493010484022
"UGA","Uganda",2009,0.122493010484022
"UGA","Uganda",2010,0.122493010484022
"UGA","Uganda",2011,0.122493010484022
"UGA","Uganda",2012,0.122493010484022
"UGA","Uganda",2013,0.122493010484022
"UGA","Uganda",2014,0.122493010484022
"UGA","Uganda",2015,0.122493010484022
"UGA","Uganda",2016,0.122493010484022
"UGA","Uganda",2017,0.122493010484022
"UGA","Uganda",2018,0.122493010484022
"UGA","Uganda",2019,0.122493010484022
"UGA","Uganda",2020,0.122493010484022
"UGA","Uganda",2021,0.122493010484022
"UGA","Uganda",2022,0.122493010484022
"UKR","Ukraine",1995,0.0962965209333093
"UKR","Ukraine",1996,0.0962965209333093
"UKR","Ukraine",1997,0.0962965209333093
"UKR","Ukraine",1998,0.0962965209333093
"UKR","Ukraine",1999,0.0962965209333093
"UKR","Ukraine",2000,0.0962965209333093
"UKR","Ukraine",2001,0.0962965209333093
"UKR","Ukraine",2002,0.0962965209333093
"UKR","Ukraine",2003,0.0962965209333093
"UKR","Ukraine",2004,0.0962965209333093
"UKR","Ukraine",2005,0.0962965209333093
"UKR","Ukraine",2006,0.0962965209333093
"UKR","Ukraine",2007,0.0962965209333093
"UKR","Ukraine",2008,0.0962965209333093
"UKR","Ukraine",2009,0.0962965209333093
"UKR","Ukraine",2010,0.0962965209333093
"UKR","Ukraine",2011,0.0962965209333093
"UKR","Ukraine",2012,0.0962965209333093
"UKR","Ukraine",2013,0.0962965209333093
"UKR","Ukraine",2014,0.0962965209333093
"UKR","Ukraine",2015,0.0962965209333093
"UKR","Ukraine",2016,0.0962965209333093
"UKR","Ukraine",2017,0.0962965209333093
"UKR","Ukraine",2018,0.0962965209333093
"UKR","Ukraine",2019,0.0962965209333093
"UKR","Ukraine",2020,0.0962965209333093
"UKR","Ukraine",2021,0.0962965209333093
"UKR","Ukraine",2022,0.0962965209333093
"ARE","United Arab Emirates",1995,0.286323905895686
"ARE","United Arab Emirates",1996,0.286323905895686
"ARE","United Arab Emirates",1997,0.286323905895686
"ARE","United Arab Emirates",1998,0.286323905895686
"ARE","United Arab Emirates",1999,0.286323905895686
"ARE","United Arab Emirates",2000,0.286323905895686
"ARE","United Arab Emirates",2001,0.286323905895686
"ARE","United Arab Emirates",2002,0.286323905895686
"ARE","United Arab Emirates",2003,0.286323905895686
"ARE","United Arab Emirates",2004,0.286323905895686
"ARE","United Arab Emirates",2005,0.286323905895686
"ARE","United Arab Emirates",2006,0.286323905895686
"ARE","United Arab Emirates",2007,0.286323905895686
"ARE","United Arab Emirates",2008,0.286323905895686
"ARE","United Arab Emirates",2009,0.286323905895686
"ARE","United Arab Emirates",2010,0.286323905895686
"ARE","United Arab Emirates",2011,0.286323905895686
"ARE","United Arab Emirates",2012,0.286323905895686
"ARE","United Arab Emirates",2013,0.286323905895686
"ARE","United Arab Emirates",2014,0.286323905895686
"ARE","United Arab Emirates",2015,0.286323905895686
"ARE","United Arab Emirates",2016,0.286323905895686
"ARE","United Arab Emirates",2017,0.286323905895686
"ARE","United Arab Emirates",2018,0.286323905895686
"ARE","United Arab Emirates",2019,0.286323905895686
"ARE","United Arab Emirates",2020,0.286323905895686
"ARE","United Arab Emirates",2021,0.286323905895686
"ARE","United Arab Emirates",2022,0.286323905895686
"GBR","United Kingdom",1995,0.114439540794417
"GBR","United Kingdom",1996,0.114439540794417
"GBR","United Kingdom",1997,0.114439540794417
"GBR","United Kingdom",1998,0.114439540794417
"GBR","United Kingdom",1999,0.114439540794417
"GBR","United Kingdom",2000,0.114439540794417
"GBR","United Kingdom",2001,0.114439540794417
"GBR","United Kingdom",2002,0.114439540794417
"GBR","United Kingdom",2003,0.114439540794417
"GBR","United Kingdom",2004,0.114439540794417
"GBR","United Kingdom",2005,0.114439540794417
"GBR","United Kingdom",2006,0.114439540794417
"GBR","United Kingdom",2007,0.114439540794417
"GBR","United Kingdom",2008,0.114439540794417
"GBR","United Kingdom",2009,0.114439540794417
"GBR","United Kingdom",2010,0.114439540794417
"GBR","United Kingdom",2011,0.114439540794417
"GBR","United Kingdom",2012,0.114439540794417
"GBR","United Kingdom",2013,0.114439540794417
"GBR","United Kingdom",2014,0.114439540794417
"GBR","United Kingdom",2015,0.114439540794417
"GBR","United Kingdom",2016,0.114439540794417
"GBR","United Kingdom",2017,0.114439540794417
"GBR","United Kingdom",2018,0.114439540794417
"GBR","United Kingdom",2019,0.114439540794417
"GBR","United Kingdom",2020,0.114439540794417
"GBR","United Kingdom",2021,0.114439540794417
"GBR","United Kingdom",2022,0.114439540794417
"USA","United States",1995,0.075779999033408
"USA","United States",1996,0.075779999033408
"USA","United States",1997,0.075779999033408
"USA","United States",1998,0.075779999033408
"USA","United States",1999,0.075779999033408
"USA","United States",2000,0.075779999033408
"USA","United States",2001,0.075779999033408
"USA","United States",2002,0.075779999033408
"USA","United States",2003,0.075779999033408
"USA","United States",2004,0.075779999033408
"USA","United States",2005,0.075779999033408
"USA","United States",2006,0.075779999033408
"USA","United States",2007,0.075779999033408
"USA","United States",2008,0.075779999033408
"USA","United States",2009,0.075779999033408
"USA","United States",2010,0.075779999033408
"USA","United States",2011,0.075779999033408
"USA","United States",2012,0.075779999033408
"USA","United States",2013,0.075779999033408
"USA","United States",2014,0.075779999033408
"USA","United States",2015,0.075779999033408
"USA","United States",2016,0.075779999033408
"USA","United States",2017,0.075779999033408
"USA","United States",2018,0.075779999033408
"USA","United States",2019,0.075779999033408
"USA","United States",2020,0.075779999033408
"USA","United States",2021,0.075779999033408
"USA","United States",2022,0.075779999033408
"URY","Uruguay",1995,0
"URY","Uruguay",1996,0
"URY","Uruguay",1997,0
"URY","Uruguay",1998,0
"URY","Uruguay",1999,0
"URY","Uruguay",2000,0
"URY","Uruguay",2001,0
"URY","Uruguay",2002,0
"URY","Uruguay",2003,0
"URY","Uruguay",2004,0
"URY","Uruguay",2005,0
"URY","Uruguay",2006,0
"URY","Uruguay",2007,0
"URY","Uruguay",2008,0
"URY","Uruguay",2009,0
"URY","Uruguay",2010,0
"URY","Uruguay",2011,0
"URY","Uruguay",2012,0
"URY","Uruguay",2013,0
"URY","Uruguay",2014,0
"URY","Uruguay",2015,0
"URY","Uruguay",2016,0
"URY","Uruguay",2017,0
"URY","Uruguay",2018,0
"URY","Uruguay",2019,0
"URY","Uruguay",2020,0
"URY","Uruguay",2021,0
"URY","Uruguay",2022,0
"UZB","Uzbekistan",1995,0.0421617783799819
"UZB","Uzbekistan",1996,0.0421617783799819
"UZB","Uzbekistan",1997,0.0421617783799819
"UZB","Uzbekistan",1998,0.0421617783799819
"UZB","Uzbekistan",1999,0.0421617783799819
"UZB","Uzbekistan",2000,0.0421617783799819
"UZB","Uzbekistan",2001,0.0421617783799819
"UZB","Uzbekistan",2002,0.0421617783799819
"UZB","Uzbekistan",2003,0.0421617783799819
"UZB","Uzbekistan",2004,0.0421617783799819
"UZB","Uzbekistan",2005,0.0421617783799819
"UZB","Uzbekistan",2006,0.0421617783799819
"UZB","Uzbekistan",2007,0.0421617783799819
"UZB","Uzbekistan",2008,0.0421617783799819
"UZB","Uzbekistan",2009,0.0421617783799819
"UZB","Uzbekistan",2010,0.0421617783799819
"UZB","Uzbekistan",2011,0.0421617783799819
"UZB","Uzbekistan",2012,0.0421617783799819
"UZB","Uzbekistan",2013,0.0421617783799819
"UZB","Uzbekistan",2014,0.0421617783799819
"UZB","Uzbekistan",2015,0.0421617783799819
"UZB","Uzbekistan",2016,0.0421617783799819
"UZB","Uzbekistan",2017,0.0421617783799819
"UZB","Uzbekistan",2018,0.0421617783799819
"UZB","Uzbekistan",2019,0.0421617783799819
"UZB","Uzbekistan",2020,0.0421617783799819
"UZB","Uzbekistan",2021,0.0421617783799819
"UZB","Uzbekistan",2022,0.0421617783799819
"VUT","Vanuatu",1995,0.260592493955128
"VUT","Vanuatu",1996,0.260592493955128
"VUT","Vanuatu",1997,0.260592493955128
"VUT","Vanuatu",1998,0.260592493955128
"VUT","Vanuatu",1999,0.260592493955128
"VUT","Vanuatu",2000,0.260592493955128
"VUT","Vanuatu",2001,0.260592493955128
"VUT","Vanuatu",2002,0.260592493955128
"VUT","Vanuatu",2003,0.260592493955128
"VUT","Vanuatu",2004,0.260592493955128
"VUT","Vanuatu",2005,0.260592493955128
"VUT","Vanuatu",2006,0.260592493955128
"VUT","Vanuatu",2007,0.260592493955128
"VUT","Vanuatu",2008,0.260592493955128
"VUT","Vanuatu",2009,0.260592493955128
"VUT","Vanuatu",2010,0.260592493955128
"VUT","Vanuatu",2011,0.260592493955128
"VUT","Vanuatu",2012,0.260592493955128
"VUT","Vanuatu",2013,0.260592493955128
"VUT","Vanuatu",2014,0.260592493955128
"VUT","Vanuatu",2015,0.260592493955128
"VUT","Vanuatu",2016,0.260592493955128
"VUT","Vanuatu",2017,0.260592493955128
"VUT","Vanuatu",2018,0.260592493955128
"VUT","Vanuatu",2019,0.260592493955128
"VUT","Vanuatu",2020,0.260592493955128
"VUT","Vanuatu",2021,0.260592493955128
"VUT","Vanuatu",2022,0.260592493955128
"VEN","Venezuela, Bolivarian Republic o",1995,0.280540998621966
"VEN","Venezuela, Bolivarian Republic o",1996,0.280540998621966
"VEN","Venezuela, Bolivarian Republic o",1997,0.280540998621966
"VEN","Venezuela, Bolivarian Republic o",1998,0.280540998621966
"VEN","Venezuela, Bolivarian Republic o",1999,0.280540998621966
"VEN","Venezuela, Bolivarian Republic o",2000,0.280540998621966
"VEN","Venezuela, Bolivarian Republic o",2001,0.280540998621966
"VEN","Venezuela, Bolivarian Republic o",2002,0.280540998621966
"VEN","Venezuela, Bolivarian Republic o",2003,0.280540998621966
"VEN","Venezuela, Bolivarian Republic o",2004,0.280540998621966
"VEN","Venezuela, Bolivarian Republic o",2005,0.280540998621966
"VEN","Venezuela, Bolivarian Republic o",2006,0.280540998621966
"VEN","Venezuela, Bolivarian Republic o",2007,0.280540998621966
"VEN","Venezuela, Bolivarian Republic o",2008,0.280540998621966
"VEN","Venezuela, Bolivarian Republic o",2009,0.280540998621966
"VEN","Venezuela, Bolivarian Republic o",2010,0.280540998621966
"VEN","Venezuela, Bolivarian Republic o",2011,0.280540998621966
"VEN","Venezuela, Bolivarian Republic o",2012,0.280540998621966
"VEN","Venezuela, Bolivarian Republic o",2013,0.280540998621966
"VEN","Venezuela, Bolivarian Republic o",2014,0.280540998621966
"VEN","Venezuela, Bolivarian Republic o",2015,0.280540998621966
"VEN","Venezuela, Bolivarian Republic o",2016,0.280540998621966
"VEN","Venezuela, Bolivarian Republic o",2017,0.280540998621966
"VEN","Venezuela, Bolivarian Republic o",2018,0.280540998621966
"VEN","Venezuela, Bolivarian Republic o",2019,0.280540998621966
"VEN","Venezuela, Bolivarian Republic o",2020,0.280540998621966
"VEN","Venezuela, Bolivarian Republic o",2021,0.280540998621966
"VEN","Venezuela, Bolivarian Republic o",2022,0.280540998621966
"VNM","Viet Nam",1995,0.156146026165753
"VNM","Viet Nam",1996,0.156146026165753
"VNM","Viet Nam",1997,0.156146026165753
"VNM","Viet Nam",1998,0.156146026165753
"VNM","Viet Nam",1999,0.156146026165753
"VNM","Viet Nam",2000,0.156146026165753
"VNM","Viet Nam",2001,0.156146026165753
"VNM","Viet Nam",2002,0.156146026165753
"VNM","Viet Nam",2003,0.156146026165753
"VNM","Viet Nam",2004,0.156146026165753
"VNM","Viet Nam",2005,0.156146026165753
"VNM","Viet Nam",2006,0.156146026165753
"VNM","Viet Nam",2007,0.156146026165753
"VNM","Viet Nam",2008,0.156146026165753
"VNM","Viet Nam",2009,0.156146026165753
"VNM","Viet Nam",2010,0.156146026165753
"VNM","Viet Nam",2011,0.156146026165753
"VNM","Viet Nam",2012,0.156146026165753
"VNM","Viet Nam",2013,0.156146026165753
"VNM","Viet Nam",2014,0.156146026165753
"VNM","Viet Nam",2015,0.156146026165753
"VNM","Viet Nam",2016,0.156146026165753
"VNM","Viet Nam",2017,0.156146026165753
"VNM","Viet Nam",2018,0.156146026165753
"VNM","Viet Nam",2019,0.156146026165753
"VNM","Viet Nam",2020,0.156146026165753
"VNM","Viet Nam",2021,0.156146026165753
"VNM","Viet Nam",2022,0.156146026165753
"YEM","Yemen",1995,0.318724031476098
"YEM","Yemen",1996,0.318724031476098
"YEM","Yemen",1997,0.318724031476098
"YEM","Yemen",1998,0.318724031476098
"YEM","Yemen",1999,0.318724031476098
"YEM","Yemen",2000,0.318724031476098
"YEM","Yemen",2001,0.318724031476098
"YEM","Yemen",2002,0.318724031476098
"YEM","Yemen",2003,0.318724031476098
"YEM","Yemen",2004,0.318724031476098
"YEM","Yemen",2005,0.318724031476098
"YEM","Yemen",2006,0.318724031476098
"YEM","Yemen",2007,0.318724031476098
"YEM","Yemen",2008,0.318724031476098
"YEM","Yemen",2009,0.318724031476098
"YEM","Yemen",2010,0.318724031476098
"YEM","Yemen",2011,0.318724031476098
"YEM","Yemen",2012,0.318724031476098
"YEM","Yemen",2013,0.318724031476098
"YEM","Yemen",2014,0.318724031476098
"YEM","Yemen",2015,0.318724031476098
"YEM","Yemen",2016,0.318724031476098
"YEM","Yemen",2017,0.318724031476098
"YEM","Yemen",2018,0.318724031476098
"YEM","Yemen",2019,0.318724031476098
"YEM","Yemen",2020,0.318724031476098
"YEM","Yemen",2021,0.318724031476098
"YEM","Yemen",2022,0.318724031476098
"ZMB","Zambia",1995,0.172928575728026
"ZMB","Zambia",1996,0.172928575728026
"ZMB","Zambia",1997,0.172928575728026
"ZMB","Zambia",1998,0.172928575728026
"ZMB","Zambia",1999,0.172928575728026
"ZMB","Zambia",2000,0.172928575728026
"ZMB","Zambia",2001,0.172928575728026
"ZMB","Zambia",2002,0.172928575728026
"ZMB","Zambia",2003,0.172928575728026
"ZMB","Zambia",2004,0.172928575728026
"ZMB","Zambia",2005,0.172928575728026
"ZMB","Zambia",2006,0.172928575728026
"ZMB","Zambia",2007,0.172928575728026
"ZMB","Zambia",2008,0.172928575728026
"ZMB","Zambia",2009,0.172928575728026
"ZMB","Zambia",2010,0.172928575728026
"ZMB","Zambia",2011,0.172928575728026
"ZMB","Zambia",2012,0.172928575728026
"ZMB","Zambia",2013,0.172928575728026
"ZMB","Zambia",2014,0.172928575728026
"ZMB","Zambia",2015,0.172928575728026
"ZMB","Zambia",2016,0.172928575728026
"ZMB","Zambia",2017,0.172928575728026
"ZMB","Zambia",2018,0.172928575728026
"ZMB","Zambia",2019,0.172928575728026
"ZMB","Zambia",2020,0.172928575728026
"ZMB","Zambia",2021,0.172928575728026
"ZMB","Zambia",2022,0.172928575728026
"ZWE","Zimbabwe",1995,0.0841787602363373
"ZWE","Zimbabwe",1996,0.0841787602363373
"ZWE","Zimbabwe",1997,0.0841787602363373
"ZWE","Zimbabwe",1998,0.0841787602363373
"ZWE","Zimbabwe",1999,0.0841787602363373
"ZWE","Zimbabwe",2000,0.0841787602363373
"ZWE","Zimbabwe",2001,0.0841787602363373
"ZWE","Zimbabwe",2002,0.0841787602363373
"ZWE","Zimbabwe",2003,0.0841787602363373
"ZWE","Zimbabwe",2004,0.0841787602363373
"ZWE","Zimbabwe",2005,0.0841787602363373
"ZWE","Zimbabwe",2006,0.0841787602363373
"ZWE","Zimbabwe",2007,0.0841787602363373
"ZWE","Zimbabwe",2008,0.0841787602363373
"ZWE","Zimbabwe",2009,0.0841787602363373
"ZWE","Zimbabwe",2010,0.0841787602363373
"ZWE","Zimbabwe",2011,0.0841787602363373
"ZWE","Zimbabwe",2012,0.0841787602363373
"ZWE","Zimbabwe",2013,0.0841787602363373
"ZWE","Zimbabwe",2014,0.0841787602363373
"ZWE","Zimbabwe",2015,0.0841787602363373
"ZWE","Zimbabwe",2016,0.0841787602363373
"ZWE","Zimbabwe",2017,0.0841787602363373
"ZWE","Zimbabwe",2018,0.0841787602363373
"ZWE","Zimbabwe",2019,0.0841787602363373
"ZWE","Zimbabwe",2020,0.0841787602363373
"ZWE","Zimbabwe",2021,0.0841787602363373
"ZWE","Zimbabwe",2022,0.0841787602363373
