"ISO3","Name","Year","Value: health"
"AFG","Afghanistan",1995,0.752259244949805
"AFG","Afghanistan",1996,0.752259244949805
"AFG","Afghanistan",1997,0.752259244949805
"AFG","Afghanistan",1998,0.752259244949805
"AFG","Afghanistan",1999,0.752259244949805
"AFG","Afghanistan",2000,0.752259244949805
"AFG","Afghanistan",2001,0.751571815095708
"AFG","Afghanistan",2002,0.751571815095708
"AFG","Afghanistan",2003,0.702516849513638
"AFG","Afghanistan",2004,0.725281431146979
"AFG","Afghanistan",2005,0.765268873278156
"AFG","Afghanistan",2006,0.7858909470951
"AFG","Afghanistan",2007,0.769331745726113
"AFG","Afghanistan",2008,0.78523362066942
"AFG","Afghanistan",2009,0.808476622698479
"AFG","Afghanistan",2010,0.766060773707382
"AFG","Afghanistan",2011,0.807279764709776
"AFG","Afghanistan",2012,0.810057018734108
"AFG","Afghanistan",2013,0.826930747820662
"AFG","Afghanistan",2014,0.823565662022563
"AFG","Afghanistan",2015,0.787886305464177
"AFG","Afghanistan",2016,0.807603256974774
"AFG","Afghanistan",2017,0.812133733684434
"AFG","Afghanistan",2018,0.813163938859675
"AFG","Afghanistan",2019,0.814458631465823
"AFG","Afghanistan",2020,0.788563903932032
"AFG","Afghanistan",2021,0.810838203556907
"AFG","Afghanistan",2022,0.810838203556907
"ALB","Albania",1995,0.434422283439614
"ALB","Albania",1996,0.434281991632655
"ALB","Albania",1997,0.434059862938304
"ALB","Albania",1998,0.436608497431383
"ALB","Albania",1999,0.436438978164642
"ALB","Albania",2000,0.436421441688772
"ALB","Albania",2001,0.450292623330532
"ALB","Albania",2002,0.443079985553007
"ALB","Albania",2003,0.448567408428276
"ALB","Albania",2004,0.438996906476985
"ALB","Albania",2005,0.435249197708242
"ALB","Albania",2006,0.430395373061346
"ALB","Albania",2007,0.427085657612886
"ALB","Albania",2008,0.410794013139522
"ALB","Albania",2009,0.413023841834995
"ALB","Albania",2010,0.404412939994171
"ALB","Albania",2011,0.397332745735484
"ALB","Albania",2012,0.395548633677915
"ALB","Albania",2013,0.386640521104298
"ALB","Albania",2014,0.376569516169449
"ALB","Albania",2015,0.372251648839617
"ALB","Albania",2016,0.370001885164947
"ALB","Albania",2017,0.363473310978131
"ALB","Albania",2018,0.351267408617281
"ALB","Albania",2019,0.341512304862916
"ALB","Albania",2020,0.330312551063934
"ALB","Albania",2021,0.32639783127254
"ALB","Albania",2022,0.323205431517185
"DZA","Algeria",1995,0.435942354775823
"DZA","Algeria",1996,0.435942354775823
"DZA","Algeria",1997,0.435942354775823
"DZA","Algeria",1998,0.435042149014506
"DZA","Algeria",1999,0.435042149014506
"DZA","Algeria",2000,0.435042149014506
"DZA","Algeria",2001,0.434433580005981
"DZA","Algeria",2002,0.433169030858226
"DZA","Algeria",2003,0.432647966579755
"DZA","Algeria",2004,0.432084439854187
"DZA","Algeria",2005,0.432253829436384
"DZA","Algeria",2006,0.431574788509548
"DZA","Algeria",2007,0.431692165937821
"DZA","Algeria",2008,0.43101900752375
"DZA","Algeria",2009,0.430615425596221
"DZA","Algeria",2010,0.43000303277952
"DZA","Algeria",2011,0.427879868827793
"DZA","Algeria",2012,0.426252488277087
"DZA","Algeria",2013,0.422826322837018
"DZA","Algeria",2014,0.4195769193125
"DZA","Algeria",2015,0.416203989233474
"DZA","Algeria",2016,0.407274739332028
"DZA","Algeria",2017,0.40413398811953
"DZA","Algeria",2018,0.405449536341409
"DZA","Algeria",2019,0.4023083298501
"DZA","Algeria",2020,0.3990250142131
"DZA","Algeria",2021,0.402478010312892
"DZA","Algeria",2022,0.40240414839787
"AND","Andorra",1995,0.559633511086694
"AND","Andorra",1996,0.559633511086694
"AND","Andorra",1997,0.556459408954258
"AND","Andorra",1998,0.554512860132709
"AND","Andorra",1999,0.552434787742137
"AND","Andorra",2000,0.550374251827435
"AND","Andorra",2001,0.539531666567054
"AND","Andorra",2002,0.525962161272595
"AND","Andorra",2003,0.512147146355477
"AND","Andorra",2004,0.502426895834443
"AND","Andorra",2005,0.486130472835074
"AND","Andorra",2006,0.476778480707679
"AND","Andorra",2007,0.460832782993022
"AND","Andorra",2008,0.44921859378921
"AND","Andorra",2009,0.428459132705278
"AND","Andorra",2010,0.416844955482182
"AND","Andorra",2011,0.40523076096333
"AND","Andorra",2012,0.393616579327718
"AND","Andorra",2013,0.382002381846596
"AND","Andorra",2014,0.370388197346485
"AND","Andorra",2015,0.357169418079832
"AND","Andorra",2016,0.352658600461856
"AND","Andorra",2017,0.352658590357199
"AND","Andorra",2018,0.352658601568744
"AND","Andorra",2019,0.352658598467768
"AND","Andorra",2020,0.352658594080994
"AND","Andorra",2021,0.352658590357199
"AND","Andorra",2022,0.352658590357199
"AGO","Angola",1995,0.503661968349889
"AGO","Angola",1996,0.503661968349889
"AGO","Angola",1997,0.503661968349889
"AGO","Angola",1998,0.503661968349889
"AGO","Angola",1999,0.503661968349889
"AGO","Angola",2000,0.503661968349889
"AGO","Angola",2001,0.510012845593129
"AGO","Angola",2002,0.50895191769304
"AGO","Angola",2003,0.507262179262364
"AGO","Angola",2004,0.51288224260939
"AGO","Angola",2005,0.526746910354423
"AGO","Angola",2006,0.552456289992461
"AGO","Angola",2007,0.536765141188509
"AGO","Angola",2008,0.541505941077604
"AGO","Angola",2009,0.55416590413573
"AGO","Angola",2010,0.556329047153006
"AGO","Angola",2011,0.559848177544777
"AGO","Angola",2012,0.561285481634096
"AGO","Angola",2013,0.570177547528314
"AGO","Angola",2014,0.580549429532331
"AGO","Angola",2015,0.583274790879634
"AGO","Angola",2016,0.596189481729088
"AGO","Angola",2017,0.59815944670153
"AGO","Angola",2018,0.612781706647956
"AGO","Angola",2019,0.616562369515272
"AGO","Angola",2020,0.627509115905229
"AGO","Angola",2021,0.622776245158622
"AGO","Angola",2022,0.622776245158622
"ATG","Antigua and Barbuda",1995,0.45958190183188
"ATG","Antigua and Barbuda",1996,0.456241203178682
"ATG","Antigua and Barbuda",1997,0.456241203178682
"ATG","Antigua and Barbuda",1998,0.456241203178682
"ATG","Antigua and Barbuda",1999,0.464816539879019
"ATG","Antigua and Barbuda",2000,0.464816539879019
"ATG","Antigua and Barbuda",2001,0.462429142402462
"ATG","Antigua and Barbuda",2002,0.462983952574224
"ATG","Antigua and Barbuda",2003,0.461796847932957
"ATG","Antigua and Barbuda",2004,0.462169911752661
"ATG","Antigua and Barbuda",2005,0.463139324442917
"ATG","Antigua and Barbuda",2006,0.463005818068335
"ATG","Antigua and Barbuda",2007,0.447126625560465
"ATG","Antigua and Barbuda",2008,0.458177944133069
"ATG","Antigua and Barbuda",2009,0.456792793647036
"ATG","Antigua and Barbuda",2010,0.457655482307836
"ATG","Antigua and Barbuda",2011,0.457015754209267
"ATG","Antigua and Barbuda",2012,0.456553441647884
"ATG","Antigua and Barbuda",2013,0.446499409382414
"ATG","Antigua and Barbuda",2014,0.443506303600746
"ATG","Antigua and Barbuda",2015,0.445014440525549
"ATG","Antigua and Barbuda",2016,0.445254509833609
"ATG","Antigua and Barbuda",2017,0.424405159927722
"ATG","Antigua and Barbuda",2018,0.42469698852062
"ATG","Antigua and Barbuda",2019,0.381925965483348
"ATG","Antigua and Barbuda",2020,0.382698461026308
"ATG","Antigua and Barbuda",2021,0.382458002493263
"ATG","Antigua and Barbuda",2022,0.382458002493263
"ARG","Argentina",1995,0.432534528692055
"ARG","Argentina",1996,0.432534528692055
"ARG","Argentina",1997,0.432534528692055
"ARG","Argentina",1998,0.432534528692055
"ARG","Argentina",1999,0.432534528692055
"ARG","Argentina",2000,0.432534528692055
"ARG","Argentina",2001,0.433393695055347
"ARG","Argentina",2002,0.442826381080824
"ARG","Argentina",2003,0.432689547062691
"ARG","Argentina",2004,0.466377702406793
"ARG","Argentina",2005,0.436136179113858
"ARG","Argentina",2006,0.430425016408561
"ARG","Argentina",2007,0.429100340355716
"ARG","Argentina",2008,0.43235265595378
"ARG","Argentina",2009,0.427904353790207
"ARG","Argentina",2010,0.427299333999651
"ARG","Argentina",2011,0.428057410748044
"ARG","Argentina",2012,0.426947866855696
"ARG","Argentina",2013,0.39997481827458
"ARG","Argentina",2014,0.400295178701091
"ARG","Argentina",2015,0.398526035678904
"ARG","Argentina",2016,0.408057189950732
"ARG","Argentina",2017,0.408915619885321
"ARG","Argentina",2018,0.407978135559125
"ARG","Argentina",2019,0.407149940341428
"ARG","Argentina",2020,0.391779826363376
"ARG","Argentina",2021,0.397438353254643
"ARG","Argentina",2022,0.397438353254643
"ARM","Armenia",1995,0.476955298655412
"ARM","Armenia",1996,0.476955298655412
"ARM","Armenia",1997,0.476955298655412
"ARM","Armenia",1998,0.476955298655412
"ARM","Armenia",1999,0.476955298655412
"ARM","Armenia",2000,0.476955298655412
"ARM","Armenia",2001,0.509765128189154
"ARM","Armenia",2002,0.453443117595378
"ARM","Armenia",2003,0.439381206155701
"ARM","Armenia",2004,0.441005104704962
"ARM","Armenia",2005,0.475483931322399
"ARM","Armenia",2006,0.473964495356229
"ARM","Armenia",2007,0.477095093795611
"ARM","Armenia",2008,0.43987091251076
"ARM","Armenia",2009,0.432311421226884
"ARM","Armenia",2010,0.426451579971304
"ARM","Armenia",2011,0.42232655473683
"ARM","Armenia",2012,0.420729059091708
"ARM","Armenia",2013,0.415624657499387
"ARM","Armenia",2014,0.412407690803238
"ARM","Armenia",2015,0.410490260319501
"ARM","Armenia",2016,0.415095703671632
"ARM","Armenia",2017,0.402571547957881
"ARM","Armenia",2018,0.402162532443832
"ARM","Armenia",2019,0.40100045547286
"ARM","Armenia",2020,0.401633706378241
"ARM","Armenia",2021,0.40048006387574
"ARM","Armenia",2022,0.400550381224734
"AUS","Australia",1995,0.1382888032106
"AUS","Australia",1996,0.206698595578725
"AUS","Australia",1997,0.212672688358374
"AUS","Australia",1998,0.21336830190121
"AUS","Australia",1999,0.213806713797955
"AUS","Australia",2000,0.214192516267091
"AUS","Australia",2001,0.210658461768111
"AUS","Australia",2002,0.214109770157273
"AUS","Australia",2003,0.213562762048117
"AUS","Australia",2004,0.211414089142853
"AUS","Australia",2005,0.213415715526777
"AUS","Australia",2006,0.212880398401535
"AUS","Australia",2007,0.20920020660364
"AUS","Australia",2008,0.208384305864481
"AUS","Australia",2009,0.204745032510283
"AUS","Australia",2010,0.205022238767009
"AUS","Australia",2011,0.202628055199567
"AUS","Australia",2012,0.206447629581995
"AUS","Australia",2013,0.195443036362476
"AUS","Australia",2014,0.193832148717219
"AUS","Australia",2015,0.192870110679146
"AUS","Australia",2016,0.191224150082149
"AUS","Australia",2017,0.169364478299219
"AUS","Australia",2018,0.167496016030703
"AUS","Australia",2019,0.160834511885165
"AUS","Australia",2020,0.164315394920965
"AUS","Australia",2021,0.173378722775321
"AUS","Australia",2022,0.173206173338244
"AUT","Austria",1995,0.231800608889354
"AUT","Austria",1996,0.230654892465859
"AUT","Austria",1997,0.229456566614756
"AUT","Austria",1998,0.228211476827999
"AUT","Austria",1999,0.227369725986248
"AUT","Austria",2000,0.226112945215579
"AUT","Austria",2001,0.225186957803792
"AUT","Austria",2002,0.224190835213824
"AUT","Austria",2003,0.223665109828506
"AUT","Austria",2004,0.221754389975713
"AUT","Austria",2005,0.220673698191729
"AUT","Austria",2006,0.219020116317743
"AUT","Austria",2007,0.218108916843605
"AUT","Austria",2008,0.216846954016766
"AUT","Austria",2009,0.215608337861388
"AUT","Austria",2010,0.214632754203483
"AUT","Austria",2011,0.213791590649116
"AUT","Austria",2012,0.213309057218061
"AUT","Austria",2013,0.212497312244716
"AUT","Austria",2014,0.211568660883227
"AUT","Austria",2015,0.211253829914779
"AUT","Austria",2016,0.211318955902471
"AUT","Austria",2017,0.210536519793654
"AUT","Austria",2018,0.210066520326394
"AUT","Austria",2019,0.189037752699478
"AUT","Austria",2020,0.188134827039556
"AUT","Austria",2021,0.187506485462364
"AUT","Austria",2022,0.187503448966558
"AZE","Azerbaijan",1995,0.404389089468994
"AZE","Azerbaijan",1996,0.406084282136409
"AZE","Azerbaijan",1997,0.408942727703187
"AZE","Azerbaijan",1998,0.411684263430834
"AZE","Azerbaijan",1999,0.412391567957583
"AZE","Azerbaijan",2000,0.413613275776513
"AZE","Azerbaijan",2001,0.40224963906934
"AZE","Azerbaijan",2002,0.393126795514703
"AZE","Azerbaijan",2003,0.395422865890996
"AZE","Azerbaijan",2004,0.382256889126843
"AZE","Azerbaijan",2005,0.36810437123321
"AZE","Azerbaijan",2006,0.364287146118639
"AZE","Azerbaijan",2007,0.355360316027569
"AZE","Azerbaijan",2008,0.345152199566975
"AZE","Azerbaijan",2009,0.342342925463814
"AZE","Azerbaijan",2010,0.345299187415237
"AZE","Azerbaijan",2011,0.345253188607898
"AZE","Azerbaijan",2012,0.344941182494699
"AZE","Azerbaijan",2013,0.337224216765587
"AZE","Azerbaijan",2014,0.337161485300337
"AZE","Azerbaijan",2015,0.334095605788524
"AZE","Azerbaijan",2016,0.332427362332474
"AZE","Azerbaijan",2017,0.333488600693481
"AZE","Azerbaijan",2018,0.332895739500612
"AZE","Azerbaijan",2019,0.331148378367717
"AZE","Azerbaijan",2020,0.330859790126764
"AZE","Azerbaijan",2021,0.331610119553242
"AZE","Azerbaijan",2022,0.331610119553242
"BHS","Bahamas",1995,0.446694962614266
"BHS","Bahamas",1996,0.446449451952089
"BHS","Bahamas",1997,0.446449451952089
"BHS","Bahamas",1998,0.451087849819653
"BHS","Bahamas",1999,0.451087849819653
"BHS","Bahamas",2000,0.451087849819653
"BHS","Bahamas",2001,0.450757258079688
"BHS","Bahamas",2002,0.450566796420471
"BHS","Bahamas",2003,0.450308886754484
"BHS","Bahamas",2004,0.450178760585109
"BHS","Bahamas",2005,0.449818962185642
"BHS","Bahamas",2006,0.451380955678648
"BHS","Bahamas",2007,0.451031857871426
"BHS","Bahamas",2008,0.439634726588811
"BHS","Bahamas",2009,0.439289336419015
"BHS","Bahamas",2010,0.439277037278785
"BHS","Bahamas",2011,0.442743767446309
"BHS","Bahamas",2012,0.442794919077123
"BHS","Bahamas",2013,0.442555399379344
"BHS","Bahamas",2014,0.442661182668854
"BHS","Bahamas",2015,0.442921519679394
"BHS","Bahamas",2016,0.442575816362498
"BHS","Bahamas",2017,0.44496272288205
"BHS","Bahamas",2018,0.440801289648515
"BHS","Bahamas",2019,0.440563886226024
"BHS","Bahamas",2020,0.439765868545069
"BHS","Bahamas",2021,0.440204731609205
"BHS","Bahamas",2022,0.440204731609205
"BHR","Bahrain",1995,0.376435379975459
"BHR","Bahrain",1996,0.376435379975459
"BHR","Bahrain",1997,0.376435379975459
"BHR","Bahrain",1998,0.376435379975459
"BHR","Bahrain",1999,0.376435379975459
"BHR","Bahrain",2000,0.376765065721811
"BHR","Bahrain",2001,0.374413865949868
"BHR","Bahrain",2002,0.374496729028653
"BHR","Bahrain",2003,0.373885147662994
"BHR","Bahrain",2004,0.373841748115517
"BHR","Bahrain",2005,0.37403134781065
"BHR","Bahrain",2006,0.373434952540747
"BHR","Bahrain",2007,0.372811112230451
"BHR","Bahrain",2008,0.373162913299515
"BHR","Bahrain",2009,0.373003262594179
"BHR","Bahrain",2010,0.37261274372836
"BHR","Bahrain",2011,0.371051401595436
"BHR","Bahrain",2012,0.370374511167348
"BHR","Bahrain",2013,0.370133138661831
"BHR","Bahrain",2014,0.370203265252989
"BHR","Bahrain",2015,0.370164441440358
"BHR","Bahrain",2016,0.371416910836484
"BHR","Bahrain",2017,0.370874253688283
"BHR","Bahrain",2018,0.370332205124821
"BHR","Bahrain",2019,0.369790765146099
"BHR","Bahrain",2020,0.369160481358368
"BHR","Bahrain",2021,0.368530197570636
"BHR","Bahrain",2022,0.367899913782904
"BGD","Bangladesh",1995,0.735261527704919
"BGD","Bangladesh",1996,0.735261527704919
"BGD","Bangladesh",1997,0.735267373196875
"BGD","Bangladesh",1998,0.735267373196875
"BGD","Bangladesh",1999,0.735267373196875
"BGD","Bangladesh",2000,0.735267373196875
"BGD","Bangladesh",2001,0.744947056558298
"BGD","Bangladesh",2002,0.744128621696709
"BGD","Bangladesh",2003,0.740350509712107
"BGD","Bangladesh",2004,0.740603264178454
"BGD","Bangladesh",2005,0.735397245748445
"BGD","Bangladesh",2006,0.726007458415677
"BGD","Bangladesh",2007,0.72437658697975
"BGD","Bangladesh",2008,0.724230321001239
"BGD","Bangladesh",2009,0.728368003309797
"BGD","Bangladesh",2010,0.7241527393049
"BGD","Bangladesh",2011,0.72002261539735
"BGD","Bangladesh",2012,0.721114756270609
"BGD","Bangladesh",2013,0.718569403594247
"BGD","Bangladesh",2014,0.71158702304052
"BGD","Bangladesh",2015,0.705709195942662
"BGD","Bangladesh",2016,0.693762867768095
"BGD","Bangladesh",2017,0.68992243740967
"BGD","Bangladesh",2018,0.685301895688456
"BGD","Bangladesh",2019,0.680752938935463
"BGD","Bangladesh",2020,0.676371133243115
"BGD","Bangladesh",2021,0.686494246959762
"BGD","Bangladesh",2022,0.685109601460212
"BRB","Barbados",1995,0.433475439403215
"BRB","Barbados",1996,0.433475439403215
"BRB","Barbados",1997,0.433475439403215
"BRB","Barbados",1998,0.433475439403215
"BRB","Barbados",1999,0.433475439403215
"BRB","Barbados",2000,0.426408239627682
"BRB","Barbados",2001,0.424829956799399
"BRB","Barbados",2002,0.442819861015844
"BRB","Barbados",2003,0.440668735060979
"BRB","Barbados",2004,0.435375278124
"BRB","Barbados",2005,0.442561390233943
"BRB","Barbados",2006,0.445540960391759
"BRB","Barbados",2007,0.449340943053193
"BRB","Barbados",2008,0.459177553964214
"BRB","Barbados",2009,0.462220215687291
"BRB","Barbados",2010,0.452204997513944
"BRB","Barbados",2011,0.458383760609072
"BRB","Barbados",2012,0.435546799261425
"BRB","Barbados",2013,0.448021901409056
"BRB","Barbados",2014,0.451818110894675
"BRB","Barbados",2015,0.447080641482905
"BRB","Barbados",2016,0.44687299067115
"BRB","Barbados",2017,0.443212796775986
"BRB","Barbados",2018,0.451509448605125
"BRB","Barbados",2019,0.4487391088468
"BRB","Barbados",2020,0.447593738567151
"BRB","Barbados",2021,0.446814428243752
"BRB","Barbados",2022,0.446814428243752
"BLR","Belarus",1995,0.280625281321844
"BLR","Belarus",1996,0.279860106424725
"BLR","Belarus",1997,0.279120651692215
"BLR","Belarus",1998,0.270948653936884
"BLR","Belarus",1999,0.269280935081665
"BLR","Belarus",2000,0.269161102496554
"BLR","Belarus",2001,0.267609644245098
"BLR","Belarus",2002,0.26537176948301
"BLR","Belarus",2003,0.264403730973964
"BLR","Belarus",2004,0.263441273060328
"BLR","Belarus",2005,0.262692227343341
"BLR","Belarus",2006,0.262977153897685
"BLR","Belarus",2007,0.262701892401606
"BLR","Belarus",2008,0.261598528656899
"BLR","Belarus",2009,0.26110399306608
"BLR","Belarus",2010,0.261453259387309
"BLR","Belarus",2011,0.252768744634592
"BLR","Belarus",2012,0.251998090961839
"BLR","Belarus",2013,0.251356788551405
"BLR","Belarus",2014,0.248984805288059
"BLR","Belarus",2015,0.248376877019254
"BLR","Belarus",2016,0.253084546859623
"BLR","Belarus",2017,0.251044421735367
"BLR","Belarus",2018,0.248224085258633
"BLR","Belarus",2019,0.24601613537362
"BLR","Belarus",2020,0.245878539578479
"BLR","Belarus",2021,0.245709566186698
"BLR","Belarus",2022,0.245461196387016
"BEL","Belgium",1995,0.279773970149051
"BEL","Belgium",1996,0.279411549647742
"BEL","Belgium",1997,0.279014056194692
"BEL","Belgium",1998,0.278710090612949
"BEL","Belgium",1999,0.2841990075602
"BEL","Belgium",2000,0.284058715753241
"BEL","Belgium",2001,0.283959203838658
"BEL","Belgium",2002,0.283900608620724
"BEL","Belgium",2003,0.283912167880413
"BEL","Belgium",2004,0.261971602406446
"BEL","Belgium",2005,0.258436228090065
"BEL","Belgium",2006,0.255348690026686
"BEL","Belgium",2007,0.252247188565809
"BEL","Belgium",2008,0.249242792211375
"BEL","Belgium",2009,0.245797569225546
"BEL","Belgium",2010,0.241857848542187
"BEL","Belgium",2011,0.237331330544967
"BEL","Belgium",2012,0.233176643988855
"BEL","Belgium",2013,0.228698196818536
"BEL","Belgium",2014,0.224235006854425
"BEL","Belgium",2015,0.217653488489825
"BEL","Belgium",2016,0.213554018341175
"BEL","Belgium",2017,0.211428077875347
"BEL","Belgium",2018,0.20909526338063
"BEL","Belgium",2019,0.161738198045203
"BEL","Belgium",2020,0.155409790567253
"BEL","Belgium",2021,0.134541869851055
"BEL","Belgium",2022,0.133835063396843
"BLZ","Belize",1995,0.456593766625524
"BLZ","Belize",1996,0.456958525323616
"BLZ","Belize",1997,0.456958525323616
"BLZ","Belize",1998,0.456958525323616
"BLZ","Belize",1999,0.456958525323616
"BLZ","Belize",2000,0.453479288511046
"BLZ","Belize",2001,0.453861498012336
"BLZ","Belize",2002,0.451699806925557
"BLZ","Belize",2003,0.460749165461842
"BLZ","Belize",2004,0.458822694412119
"BLZ","Belize",2005,0.456246288867402
"BLZ","Belize",2006,0.455586227979359
"BLZ","Belize",2007,0.469698271026037
"BLZ","Belize",2008,0.444746812590714
"BLZ","Belize",2009,0.443960549861449
"BLZ","Belize",2010,0.425503411754663
"BLZ","Belize",2011,0.434597515920794
"BLZ","Belize",2012,0.426900271726866
"BLZ","Belize",2013,0.418190691151748
"BLZ","Belize",2014,0.466483130378433
"BLZ","Belize",2015,0.421870224300028
"BLZ","Belize",2016,0.412725885998623
"BLZ","Belize",2017,0.410684196765167
"BLZ","Belize",2018,0.417402961832332
"BLZ","Belize",2019,0.420425470810367
"BLZ","Belize",2020,0.420321115416017
"BLZ","Belize",2021,0.42004816625667
"BLZ","Belize",2022,0.42004816625667
"BEN","Benin",1995,0.615745945174299
"BEN","Benin",1996,0.615745945174299
"BEN","Benin",1997,0.615745945174299
"BEN","Benin",1998,0.615745945174299
"BEN","Benin",1999,0.615745945174299
"BEN","Benin",2000,0.615745945174299
"BEN","Benin",2001,0.660972027714378
"BEN","Benin",2002,0.678641736632706
"BEN","Benin",2003,0.663360031271522
"BEN","Benin",2004,0.66996429973589
"BEN","Benin",2005,0.697552855077126
"BEN","Benin",2006,0.703990675588077
"BEN","Benin",2007,0.685847002012533
"BEN","Benin",2008,0.736836739744377
"BEN","Benin",2009,0.739344815758494
"BEN","Benin",2010,0.766198352962105
"BEN","Benin",2011,0.765885152922637
"BEN","Benin",2012,0.762419136469845
"BEN","Benin",2013,0.741823613048808
"BEN","Benin",2014,0.741967448463936
"BEN","Benin",2015,0.710573955993188
"BEN","Benin",2016,0.753444413699246
"BEN","Benin",2017,0.73890370904829
"BEN","Benin",2018,0.762711861787112
"BEN","Benin",2019,0.762799984206683
"BEN","Benin",2020,0.762318754554353
"BEN","Benin",2021,0.762301367799622
"BEN","Benin",2022,0.762283825028049
"BTN","Bhutan",1995,0.713330818954591
"BTN","Bhutan",1996,0.713330818954591
"BTN","Bhutan",1997,0.713330818954591
"BTN","Bhutan",1998,0.713330818954591
"BTN","Bhutan",1999,0.714095409302515
"BTN","Bhutan",2000,0.714095409302515
"BTN","Bhutan",2001,0.787871380127269
"BTN","Bhutan",2002,0.716753759077116
"BTN","Bhutan",2003,0.732383503799276
"BTN","Bhutan",2004,0.770050660169389
"BTN","Bhutan",2005,0.77929129820285
"BTN","Bhutan",2006,0.845555862240305
"BTN","Bhutan",2007,0.788224053269265
"BTN","Bhutan",2008,0.743849945770043
"BTN","Bhutan",2009,0.701854131247395
"BTN","Bhutan",2010,0.714009119341167
"BTN","Bhutan",2011,0.704345557178422
"BTN","Bhutan",2012,0.69564207728948
"BTN","Bhutan",2013,0.701008108048172
"BTN","Bhutan",2014,0.691244233350929
"BTN","Bhutan",2015,0.664731348236826
"BTN","Bhutan",2016,0.661024953435119
"BTN","Bhutan",2017,0.70469604055221
"BTN","Bhutan",2018,0.666411089628955
"BTN","Bhutan",2019,0.672565260584305
"BTN","Bhutan",2020,0.655922023900341
"BTN","Bhutan",2021,0.770468289359492
"BTN","Bhutan",2022,0.770700912920038
"BOL","Bolivia, Plurinational State of",1995,0.548022818244339
"BOL","Bolivia, Plurinational State of",1996,0.548022818244339
"BOL","Bolivia, Plurinational State of",1997,0.548022818244339
"BOL","Bolivia, Plurinational State of",1998,0.548022818244339
"BOL","Bolivia, Plurinational State of",1999,0.548022818244339
"BOL","Bolivia, Plurinational State of",2000,0.548022818244339
"BOL","Bolivia, Plurinational State of",2001,0.540831301239618
"BOL","Bolivia, Plurinational State of",2002,0.542483293501807
"BOL","Bolivia, Plurinational State of",2003,0.553755534123054
"BOL","Bolivia, Plurinational State of",2004,0.553440182576236
"BOL","Bolivia, Plurinational State of",2005,0.540090022879777
"BOL","Bolivia, Plurinational State of",2006,0.524889273842172
"BOL","Bolivia, Plurinational State of",2007,0.530810958483876
"BOL","Bolivia, Plurinational State of",2008,0.537913800038817
"BOL","Bolivia, Plurinational State of",2009,0.522241567398119
"BOL","Bolivia, Plurinational State of",2010,0.514843304717223
"BOL","Bolivia, Plurinational State of",2011,0.520916493427943
"BOL","Bolivia, Plurinational State of",2012,0.519307273612114
"BOL","Bolivia, Plurinational State of",2013,0.513117217984085
"BOL","Bolivia, Plurinational State of",2014,0.507154522076627
"BOL","Bolivia, Plurinational State of",2015,0.50861319471831
"BOL","Bolivia, Plurinational State of",2016,0.502557792464074
"BOL","Bolivia, Plurinational State of",2017,0.496918423716174
"BOL","Bolivia, Plurinational State of",2018,0.492246761496555
"BOL","Bolivia, Plurinational State of",2019,0.488813777193753
"BOL","Bolivia, Plurinational State of",2020,0.500079704798956
"BOL","Bolivia, Plurinational State of",2021,0.491061322846344
"BOL","Bolivia, Plurinational State of",2022,0.491061322846344
"BIH","Bosnia and Herzegovina",1995,0.428117603976639
"BIH","Bosnia and Herzegovina",1996,0.428117603976639
"BIH","Bosnia and Herzegovina",1997,0.428117603976639
"BIH","Bosnia and Herzegovina",1998,0.428117603976639
"BIH","Bosnia and Herzegovina",1999,0.428117603976639
"BIH","Bosnia and Herzegovina",2000,0.428456642510122
"BIH","Bosnia and Herzegovina",2001,0.397830359052197
"BIH","Bosnia and Herzegovina",2002,0.399152652997497
"BIH","Bosnia and Herzegovina",2003,0.393992901864948
"BIH","Bosnia and Herzegovina",2004,0.388037237437331
"BIH","Bosnia and Herzegovina",2005,0.386234617992174
"BIH","Bosnia and Herzegovina",2006,0.38633063227325
"BIH","Bosnia and Herzegovina",2007,0.384611766802296
"BIH","Bosnia and Herzegovina",2008,0.382773609136601
"BIH","Bosnia and Herzegovina",2009,0.384215700075151
"BIH","Bosnia and Herzegovina",2010,0.381040993936673
"BIH","Bosnia and Herzegovina",2011,0.380883497528821
"BIH","Bosnia and Herzegovina",2012,0.369499898661198
"BIH","Bosnia and Herzegovina",2013,0.358382519513214
"BIH","Bosnia and Herzegovina",2014,0.348361266341103
"BIH","Bosnia and Herzegovina",2015,0.349819096453078
"BIH","Bosnia and Herzegovina",2016,0.339621789005413
"BIH","Bosnia and Herzegovina",2017,0.334431905333694
"BIH","Bosnia and Herzegovina",2018,0.327555890025069
"BIH","Bosnia and Herzegovina",2019,0.334020266622421
"BIH","Bosnia and Herzegovina",2020,0.333096784251371
"BIH","Bosnia and Herzegovina",2021,0.328941113581645
"BIH","Bosnia and Herzegovina",2022,0.328941113581645
"BWA","Botswana",1995,0.61489438820472
"BWA","Botswana",1996,0.61489438820472
"BWA","Botswana",1997,0.61489438820472
"BWA","Botswana",1998,0.61489438820472
"BWA","Botswana",1999,0.61195527484894
"BWA","Botswana",2000,0.615189000999332
"BWA","Botswana",2001,0.600551592528696
"BWA","Botswana",2002,0.592977628253108
"BWA","Botswana",2003,0.585866715330946
"BWA","Botswana",2004,0.572632296748745
"BWA","Botswana",2005,0.574196779959218
"BWA","Botswana",2006,0.564509008284175
"BWA","Botswana",2007,0.589421192575504
"BWA","Botswana",2008,0.571128343026386
"BWA","Botswana",2009,0.533029627433039
"BWA","Botswana",2010,0.515299330978874
"BWA","Botswana",2011,0.511761571026255
"BWA","Botswana",2012,0.508457790413554
"BWA","Botswana",2013,0.535597535616502
"BWA","Botswana",2014,0.527313082992438
"BWA","Botswana",2015,0.518794229300734
"BWA","Botswana",2016,0.499625404276744
"BWA","Botswana",2017,0.524815989846617
"BWA","Botswana",2018,0.506554612959625
"BWA","Botswana",2019,0.513689381661782
"BWA","Botswana",2020,0.487108740144168
"BWA","Botswana",2021,0.484556213145663
"BWA","Botswana",2022,0.484556213145663
"BRA","Brazil",1995,0.479139975809318
"BRA","Brazil",1996,0.477398019206251
"BRA","Brazil",1997,0.475960028184927
"BRA","Brazil",1998,0.474761702333823
"BRA","Brazil",1999,0.472633943261619
"BRA","Brazil",2000,0.465484906598694
"BRA","Brazil",2001,0.46631706105668
"BRA","Brazil",2002,0.460760340601658
"BRA","Brazil",2003,0.454931861622879
"BRA","Brazil",2004,0.452964294646309
"BRA","Brazil",2005,0.446815291254957
"BRA","Brazil",2006,0.443566454002398
"BRA","Brazil",2007,0.439956543069183
"BRA","Brazil",2008,0.436328098352569
"BRA","Brazil",2009,0.433417273236137
"BRA","Brazil",2010,0.430516988085061
"BRA","Brazil",2011,0.424795977767071
"BRA","Brazil",2012,0.41927213089587
"BRA","Brazil",2013,0.394868145877817
"BRA","Brazil",2014,0.38658272775263
"BRA","Brazil",2015,0.382804657659235
"BRA","Brazil",2016,0.379732869967959
"BRA","Brazil",2017,0.374142434637795
"BRA","Brazil",2018,0.370342762794125
"BRA","Brazil",2019,0.384021332661422
"BRA","Brazil",2020,0.382569126083478
"BRA","Brazil",2021,0.392888940050331
"BRA","Brazil",2022,0.392829561558044
"BRN","Brunei Darussalam",1995,0.3736848249251
"BRN","Brunei Darussalam",1996,0.3736848249251
"BRN","Brunei Darussalam",1997,0.3736848249251
"BRN","Brunei Darussalam",1998,0.3736848249251
"BRN","Brunei Darussalam",1999,0.3736848249251
"BRN","Brunei Darussalam",2000,0.372299443331386
"BRN","Brunei Darussalam",2001,0.372299443331386
"BRN","Brunei Darussalam",2002,0.351562560615336
"BRN","Brunei Darussalam",2003,0.351562560615336
"BRN","Brunei Darussalam",2004,0.357069014038456
"BRN","Brunei Darussalam",2005,0.357858155452597
"BRN","Brunei Darussalam",2006,0.35943643828088
"BRN","Brunei Darussalam",2007,0.361707411906021
"BRN","Brunei Darussalam",2008,0.358033520211296
"BRN","Brunei Darussalam",2009,0.360988416395359
"BRN","Brunei Darussalam",2010,0.3383400578095
"BRN","Brunei Darussalam",2011,0.333342162186604
"BRN","Brunei Darussalam",2012,0.330851982613091
"BRN","Brunei Darussalam",2013,0.336305826608602
"BRN","Brunei Darussalam",2014,0.347827291255067
"BRN","Brunei Darussalam",2015,0.342426056687166
"BRN","Brunei Darussalam",2016,0.34384651123262
"BRN","Brunei Darussalam",2017,0.34847614086225
"BRN","Brunei Darussalam",2018,0.350150874307816
"BRN","Brunei Darussalam",2019,0.350150874307816
"BRN","Brunei Darussalam",2020,0.350150874307816
"BRN","Brunei Darussalam",2021,0.339532538168647
"BRN","Brunei Darussalam",2022,0.339532538168647
"BGR","Bulgaria",1995,0.37766989535268
"BGR","Bulgaria",1996,0.376596663029447
"BGR","Bulgaria",1997,0.380300366733151
"BGR","Bulgaria",1998,0.379907549673667
"BGR","Bulgaria",1999,0.381591051357169
"BGR","Bulgaria",2000,0.39476445203057
"BGR","Bulgaria",2001,0.395844194800817
"BGR","Bulgaria",2002,0.395309047522855
"BGR","Bulgaria",2003,0.392557752325834
"BGR","Bulgaria",2004,0.3917643406078
"BGR","Bulgaria",2005,0.388300177492734
"BGR","Bulgaria",2006,0.386585171320061
"BGR","Bulgaria",2007,0.384669721451804
"BGR","Bulgaria",2008,0.383473380225331
"BGR","Bulgaria",2009,0.381769516132021
"BGR","Bulgaria",2010,0.379816371726735
"BGR","Bulgaria",2011,0.377202696106365
"BGR","Bulgaria",2012,0.374101980574326
"BGR","Bulgaria",2013,0.370935652308761
"BGR","Bulgaria",2014,0.368737264020809
"BGR","Bulgaria",2015,0.366012465734617
"BGR","Bulgaria",2016,0.366784137780433
"BGR","Bulgaria",2017,0.363981880990146
"BGR","Bulgaria",2018,0.357595526255624
"BGR","Bulgaria",2019,0.355588389136979
"BGR","Bulgaria",2020,0.353569290797626
"BGR","Bulgaria",2021,0.341426074961226
"BGR","Bulgaria",2022,0.33938330699052
"BFA","Burkina Faso",1995,0.767392419071969
"BFA","Burkina Faso",1996,0.767386573580012
"BFA","Burkina Faso",1997,0.767369037104143
"BFA","Burkina Faso",1998,0.767369037104143
"BFA","Burkina Faso",1999,0.767369037104143
"BFA","Burkina Faso",2000,0.767369037104143
"BFA","Burkina Faso",2001,0.752699793841683
"BFA","Burkina Faso",2002,0.762348634836882
"BFA","Burkina Faso",2003,0.795575822735206
"BFA","Burkina Faso",2004,0.777581446482165
"BFA","Burkina Faso",2005,0.784863485515796
"BFA","Burkina Faso",2006,0.779566551403927
"BFA","Burkina Faso",2007,0.774313018198293
"BFA","Burkina Faso",2008,0.769983489577469
"BFA","Burkina Faso",2009,0.764515222951052
"BFA","Burkina Faso",2010,0.75846919273074
"BFA","Burkina Faso",2011,0.753879778936881
"BFA","Burkina Faso",2012,0.747672551786147
"BFA","Burkina Faso",2013,0.743506918969773
"BFA","Burkina Faso",2014,0.707909114391538
"BFA","Burkina Faso",2015,0.707657751386587
"BFA","Burkina Faso",2016,0.695728271237611
"BFA","Burkina Faso",2017,0.65761666035276
"BFA","Burkina Faso",2018,0.636290298341236
"BFA","Burkina Faso",2019,0.634453386400274
"BFA","Burkina Faso",2020,0.643006200339132
"BFA","Burkina Faso",2021,0.642090554680331
"BFA","Burkina Faso",2022,0.641602187534963
"BDI","Burundi",1995,0.639571103709142
"BDI","Burundi",1996,0.639571103709142
"BDI","Burundi",1997,0.639571103709142
"BDI","Burundi",1998,0.639571103709142
"BDI","Burundi",1999,0.639571103709142
"BDI","Burundi",2000,0.639592147480185
"BDI","Burundi",2001,0.787966151152601
"BDI","Burundi",2002,0.763637536249936
"BDI","Burundi",2003,0.778729954800835
"BDI","Burundi",2004,0.808072082334519
"BDI","Burundi",2005,0.821798454723261
"BDI","Burundi",2006,0.816387233734361
"BDI","Burundi",2007,0.810976012745461
"BDI","Burundi",2008,0.805564791756561
"BDI","Burundi",2009,0.800153570767661
"BDI","Burundi",2010,0.791347288050366
"BDI","Burundi",2011,0.786153519362251
"BDI","Burundi",2012,0.780426641807695
"BDI","Burundi",2013,0.775078552131926
"BDI","Burundi",2014,0.76370918870754
"BDI","Burundi",2015,0.758367488420279
"BDI","Burundi",2016,0.759041297694967
"BDI","Burundi",2017,0.75189747289013
"BDI","Burundi",2018,0.74672474797306
"BDI","Burundi",2019,0.745067990387109
"BDI","Burundi",2020,0.7425975403208
"BDI","Burundi",2021,0.741741760298353
"BDI","Burundi",2022,0.741741760298353
"KHM","Cambodia",1995,0.598608046499211
"KHM","Cambodia",1996,0.598608046499211
"KHM","Cambodia",1997,0.598608046499211
"KHM","Cambodia",1998,0.598625582975081
"KHM","Cambodia",1999,0.598625582975081
"KHM","Cambodia",2000,0.59898800347639
"KHM","Cambodia",2001,0.623287077597289
"KHM","Cambodia",2002,0.618835050489471
"KHM","Cambodia",2003,0.626029334535988
"KHM","Cambodia",2004,0.650723067291429
"KHM","Cambodia",2005,0.633831334294666
"KHM","Cambodia",2006,0.65764012592911
"KHM","Cambodia",2007,0.703541672410017
"KHM","Cambodia",2008,0.623931108764966
"KHM","Cambodia",2009,0.616840981475122
"KHM","Cambodia",2010,0.596436961666627
"KHM","Cambodia",2011,0.57329345597008
"KHM","Cambodia",2012,0.614172415310478
"KHM","Cambodia",2013,0.60326195101115
"KHM","Cambodia",2014,0.619073897257287
"KHM","Cambodia",2015,0.600621936514171
"KHM","Cambodia",2016,0.584650671131538
"KHM","Cambodia",2017,0.525832101778763
"KHM","Cambodia",2018,0.507723834531285
"KHM","Cambodia",2019,0.50308288919254
"KHM","Cambodia",2020,0.500196084186352
"KHM","Cambodia",2021,0.543277263878504
"KHM","Cambodia",2022,0.540727587204252
"CMR","Cameroon",1995,0.57866969308268
"CMR","Cameroon",1996,0.57866969308268
"CMR","Cameroon",1997,0.57866969308268
"CMR","Cameroon",1998,0.57866969308268
"CMR","Cameroon",1999,0.57866969308268
"CMR","Cameroon",2000,0.57866969308268
"CMR","Cameroon",2001,0.572471095347002
"CMR","Cameroon",2002,0.577482397702685
"CMR","Cameroon",2003,0.566711760670697
"CMR","Cameroon",2004,0.569419716682686
"CMR","Cameroon",2005,0.584920025783755
"CMR","Cameroon",2006,0.580892704144092
"CMR","Cameroon",2007,0.580602402729036
"CMR","Cameroon",2008,0.583847506263825
"CMR","Cameroon",2009,0.578222403811256
"CMR","Cameroon",2010,0.589653719006609
"CMR","Cameroon",2011,0.612295457423854
"CMR","Cameroon",2012,0.579239082214211
"CMR","Cameroon",2013,0.572121806639954
"CMR","Cameroon",2014,0.591652371814679
"CMR","Cameroon",2015,0.583545856083526
"CMR","Cameroon",2016,0.57967532039671
"CMR","Cameroon",2017,0.574004289693054
"CMR","Cameroon",2018,0.607712925836818
"CMR","Cameroon",2019,0.595805003365155
"CMR","Cameroon",2020,0.585172123823335
"CMR","Cameroon",2021,0.62076735978321
"CMR","Cameroon",2022,0.62076735978321
"CAN","Canada",1995,0.248110955714839
"CAN","Canada",1996,0.248110955714839
"CAN","Canada",1997,0.248110955714839
"CAN","Canada",1998,0.249507443743271
"CAN","Canada",1999,0.248110955714839
"CAN","Canada",2000,0.248110955714839
"CAN","Canada",2001,0.250363510612617
"CAN","Canada",2002,0.253466573102544
"CAN","Canada",2003,0.252703586081127
"CAN","Canada",2004,0.249390778502122
"CAN","Canada",2005,0.248403571858979
"CAN","Canada",2006,0.247166559118322
"CAN","Canada",2007,0.245957448156027
"CAN","Canada",2008,0.244040119036164
"CAN","Canada",2009,0.242903428394769
"CAN","Canada",2010,0.247946256782485
"CAN","Canada",2011,0.247816903466622
"CAN","Canada",2012,0.244447298136949
"CAN","Canada",2013,0.24235862229187
"CAN","Canada",2014,0.239845760330245
"CAN","Canada",2015,0.238494568185807
"CAN","Canada",2016,0.238658709334727
"CAN","Canada",2017,0.236252090758771
"CAN","Canada",2018,0.23667825153158
"CAN","Canada",2019,0.228154983210997
"CAN","Canada",2020,0.229802809793868
"CAN","Canada",2021,0.234472792012413
"CAN","Canada",2022,0.234471980433375
"CPV","Cape Verde",1995,0.511344962386435
"CPV","Cape Verde",1996,0.511344962386435
"CPV","Cape Verde",1997,0.511344962386435
"CPV","Cape Verde",1998,0.511344962386435
"CPV","Cape Verde",1999,0.511344962386435
"CPV","Cape Verde",2000,0.511344962386435
"CPV","Cape Verde",2001,0.513618707811069
"CPV","Cape Verde",2002,0.513792531376996
"CPV","Cape Verde",2003,0.503129574530405
"CPV","Cape Verde",2004,0.520267929095819
"CPV","Cape Verde",2005,0.533163866575339
"CPV","Cape Verde",2006,0.565094158954502
"CPV","Cape Verde",2007,0.531272945601894
"CPV","Cape Verde",2008,0.539664941669505
"CPV","Cape Verde",2009,0.51288514415826
"CPV","Cape Verde",2010,0.53650171940752
"CPV","Cape Verde",2011,0.525204361784868
"CPV","Cape Verde",2012,0.597458247756567
"CPV","Cape Verde",2013,0.618922124690078
"CPV","Cape Verde",2014,0.615993300519947
"CPV","Cape Verde",2015,0.519886349569021
"CPV","Cape Verde",2016,0.526379353101558
"CPV","Cape Verde",2017,0.550399070711846
"CPV","Cape Verde",2018,0.562961779563508
"CPV","Cape Verde",2019,0.538942591466196
"CPV","Cape Verde",2020,0.582241148303863
"CPV","Cape Verde",2021,0.57935871158021
"CPV","Cape Verde",2022,0.57935871158021
"CAF","Central African Republic",1995,0.709837468513848
"CAF","Central African Republic",1996,0.709837468513848
"CAF","Central African Republic",1997,0.709837468513848
"CAF","Central African Republic",1998,0.709837468513848
"CAF","Central African Republic",1999,0.709837468513848
"CAF","Central African Republic",2000,0.709837468513848
"CAF","Central African Republic",2001,0.680468326063562
"CAF","Central African Republic",2002,0.72716131545146
"CAF","Central African Republic",2003,0.706832459449892
"CAF","Central African Republic",2004,0.689252533661667
"CAF","Central African Republic",2005,0.757935523866422
"CAF","Central African Republic",2006,0.735280658100431
"CAF","Central African Republic",2007,0.751396730385216
"CAF","Central African Republic",2008,0.739879505865126
"CAF","Central African Republic",2009,0.792258940692569
"CAF","Central African Republic",2010,0.75604703686923
"CAF","Central African Republic",2011,0.788739473921147
"CAF","Central African Republic",2012,0.764478067032057
"CAF","Central African Republic",2013,0.787580104194056
"CAF","Central African Republic",2014,0.788185729501975
"CAF","Central African Republic",2015,0.788937358046688
"CAF","Central African Republic",2016,0.789531189087498
"CAF","Central African Republic",2017,0.790120389256788
"CAF","Central African Republic",2018,0.790459577971701
"CAF","Central African Republic",2019,0.785394059914152
"CAF","Central African Republic",2020,0.791617346288854
"CAF","Central African Republic",2021,0.79219132155721
"CAF","Central African Republic",2022,0.79205034898357
"TCD","Chad",1995,0.718012482672965
"TCD","Chad",1996,0.718012482672965
"TCD","Chad",1997,0.718012482672965
"TCD","Chad",1998,0.717994946197095
"TCD","Chad",1999,0.717924800293616
"TCD","Chad",2000,0.71753899782448
"TCD","Chad",2001,0.716539338797078
"TCD","Chad",2002,0.709975650300176
"TCD","Chad",2003,0.790736568171601
"TCD","Chad",2004,0.751918234759493
"TCD","Chad",2005,0.748671132099465
"TCD","Chad",2006,0.754234958782625
"TCD","Chad",2007,0.72531600777813
"TCD","Chad",2008,0.72174814269345
"TCD","Chad",2009,0.733736945929002
"TCD","Chad",2010,0.720039423617503
"TCD","Chad",2011,0.758198494121903
"TCD","Chad",2012,0.745409705929288
"TCD","Chad",2013,0.727711783459423
"TCD","Chad",2014,0.743420153983737
"TCD","Chad",2015,0.77795940718099
"TCD","Chad",2016,0.809416569560773
"TCD","Chad",2017,0.792646734793618
"TCD","Chad",2018,0.788035789406218
"TCD","Chad",2019,0.787289757891
"TCD","Chad",2020,0.796526992704035
"TCD","Chad",2021,0.803344892133005
"TCD","Chad",2022,0.803212762943428
"CHL","Chile",1995,0.371010216142442
"CHL","Chile",1996,0.371010216142442
"CHL","Chile",1997,0.371010216142442
"CHL","Chile",1998,0.371010216142442
"CHL","Chile",1999,0.371010216142442
"CHL","Chile",2000,0.371010216142442
"CHL","Chile",2001,0.370407401090526
"CHL","Chile",2002,0.36982978757317
"CHL","Chile",2003,0.369015336917612
"CHL","Chile",2004,0.36530805484216
"CHL","Chile",2005,0.361814380044642
"CHL","Chile",2006,0.358034862341311
"CHL","Chile",2007,0.354378080534322
"CHL","Chile",2008,0.350831332840855
"CHL","Chile",2009,0.347273368239891
"CHL","Chile",2010,0.341244047905389
"CHL","Chile",2011,0.335040950881047
"CHL","Chile",2012,0.328569725283961
"CHL","Chile",2013,0.322204393016418
"CHL","Chile",2014,0.276113430150824
"CHL","Chile",2015,0.261309882972358
"CHL","Chile",2016,0.256123770573156
"CHL","Chile",2017,0.249668241379393
"CHL","Chile",2018,0.242267141550248
"CHL","Chile",2019,0.298738535519097
"CHL","Chile",2020,0.293671343403626
"CHL","Chile",2021,0.290933234187472
"CHL","Chile",2022,0.290881322864806
"CHN","China",1995,0.510852935034831
"CHN","China",1996,0.510642497324394
"CHN","China",1997,0.510389972071868
"CHN","China",1998,0.510333855349085
"CHN","China",1999,0.510025213373776
"CHN","China",2000,0.509786717301947
"CHN","China",2001,0.510209341918588
"CHN","China",2002,0.509462280876126
"CHN","China",2003,0.5048094035514
"CHN","China",2004,0.499993912464898
"CHN","China",2005,0.495620924663721
"CHN","China",2006,0.489723622981501
"CHN","China",2007,0.484113361982164
"CHN","China",2008,0.477736476691336
"CHN","China",2009,0.47049270115786
"CHN","China",2010,0.463668746372287
"CHN","China",2011,0.456346491885392
"CHN","China",2012,0.448422627489302
"CHN","China",2013,0.440138911358399
"CHN","China",2014,0.432147371598761
"CHN","China",2015,0.423710236372318
"CHN","China",2016,0.415027445687953
"CHN","China",2017,0.405923725039362
"CHN","China",2018,0.396674552145588
"CHN","China",2019,0.386915251013947
"CHN","China",2020,0.382001365758968
"CHN","China",2021,0.379325024823685
"CHN","China",2022,0.376721086205787
"COL","Colombia",1995,0.498471780494405
"COL","Colombia",1996,0.498144432944835
"COL","Colombia",1997,0.497828776379179
"COL","Colombia",1998,0.497402055466347
"COL","Colombia",1999,0.49706886242482
"COL","Colombia",2000,0.496665523479815
"COL","Colombia",2001,0.495107471915189
"COL","Colombia",2002,0.498247261053684
"COL","Colombia",2003,0.502104492565806
"COL","Colombia",2004,0.496750226323695
"COL","Colombia",2005,0.493193206266355
"COL","Colombia",2006,0.489993399544877
"COL","Colombia",2007,0.486767843347736
"COL","Colombia",2008,0.482473033413804
"COL","Colombia",2009,0.480435931836833
"COL","Colombia",2010,0.478614473998959
"COL","Colombia",2011,0.477070339739044
"COL","Colombia",2012,0.477149466559844
"COL","Colombia",2013,0.475045050231174
"COL","Colombia",2014,0.472854005129295
"COL","Colombia",2015,0.470786868130337
"COL","Colombia",2016,0.468679933462374
"COL","Colombia",2017,0.467115528113657
"COL","Colombia",2018,0.465861867128781
"COL","Colombia",2019,0.464654451420359
"COL","Colombia",2020,0.463693547816767
"COL","Colombia",2021,0.463282951159509
"COL","Colombia",2022,0.463054505640236
"COM","Comoros",1995,0.562129160616263
"COM","Comoros",1996,0.562129160616263
"COM","Comoros",1997,0.562129160616263
"COM","Comoros",1998,0.562129160616263
"COM","Comoros",1999,0.562129160616263
"COM","Comoros",2000,0.562129160616263
"COM","Comoros",2001,0.57649833262694
"COM","Comoros",2002,0.569001562060364
"COM","Comoros",2003,0.601230599062203
"COM","Comoros",2004,0.606750710999561
"COM","Comoros",2005,0.591801400400353
"COM","Comoros",2006,0.569108249952899
"COM","Comoros",2007,0.557552992607528
"COM","Comoros",2008,0.558573553741997
"COM","Comoros",2009,0.558015825476859
"COM","Comoros",2010,0.585198192330061
"COM","Comoros",2011,0.628008843804045
"COM","Comoros",2012,0.630124209945113
"COM","Comoros",2013,0.645072891013871
"COM","Comoros",2014,0.677404788414255
"COM","Comoros",2015,0.60555675389249
"COM","Comoros",2016,0.617754130265405
"COM","Comoros",2017,0.667200992560619
"COM","Comoros",2018,0.615089833632891
"COM","Comoros",2019,0.645786798226865
"COM","Comoros",2020,0.607657382979153
"COM","Comoros",2021,0.701656523470099
"COM","Comoros",2022,0.701656523470099
"COG","Congo",1995,0.648643286048982
"COG","Congo",1996,0.648643286048982
"COG","Congo",1997,0.648643286048982
"COG","Congo",1998,0.645255238910935
"COG","Congo",1999,0.645255238910935
"COG","Congo",2000,0.645255238910935
"COG","Congo",2001,0.626032166850675
"COG","Congo",2002,0.645990483714624
"COG","Congo",2003,0.639517961531639
"COG","Congo",2004,0.70298707458081
"COG","Congo",2005,0.704170214114097
"COG","Congo",2006,0.667527284267403
"COG","Congo",2007,0.673211041603817
"COG","Congo",2008,0.619132750590067
"COG","Congo",2009,0.665995814979003
"COG","Congo",2010,0.611402535382591
"COG","Congo",2011,0.65961568141384
"COG","Congo",2012,0.690705026747257
"COG","Congo",2013,0.644682677596913
"COG","Congo",2014,0.628561573886202
"COG","Congo",2015,0.626971401226923
"COG","Congo",2016,0.52455938182851
"COG","Congo",2017,0.536178655296637
"COG","Congo",2018,0.520506961043534
"COG","Congo",2019,0.531140311143428
"COG","Congo",2020,0.55874899932985
"COG","Congo",2021,0.529675647440025
"COG","Congo",2022,0.529675647440025
"COD","Congo, the Democratic Republic o",1995,0.77773295678244
"COD","Congo, the Democratic Republic o",1996,0.77773295678244
"COD","Congo, the Democratic Republic o",1997,0.77773295678244
"COD","Congo, the Democratic Republic o",1998,0.77773295678244
"COD","Congo, the Democratic Republic o",1999,0.77773295678244
"COD","Congo, the Democratic Republic o",2000,0.77773295678244
"COD","Congo, the Democratic Republic o",2001,0.720584812393377
"COD","Congo, the Democratic Republic o",2002,0.726424699285663
"COD","Congo, the Democratic Republic o",2003,0.752834169272373
"COD","Congo, the Democratic Republic o",2004,0.746301660362424
"COD","Congo, the Democratic Republic o",2005,0.75497476736358
"COD","Congo, the Democratic Republic o",2006,0.761698554923528
"COD","Congo, the Democratic Republic o",2007,0.785898174676892
"COD","Congo, the Democratic Republic o",2008,0.818014132931919
"COD","Congo, the Democratic Republic o",2009,0.820452973596814
"COD","Congo, the Democratic Republic o",2010,0.822023350329798
"COD","Congo, the Democratic Republic o",2011,0.82358464813713
"COD","Congo, the Democratic Republic o",2012,0.825137002100624
"COD","Congo, the Democratic Republic o",2013,0.824149463980432
"COD","Congo, the Democratic Republic o",2014,0.825684338790727
"COD","Congo, the Democratic Republic o",2015,0.826719674738817
"COD","Congo, the Democratic Republic o",2016,0.830260230803346
"COD","Congo, the Democratic Republic o",2017,0.830051561881924
"COD","Congo, the Democratic Republic o",2018,0.828747655050847
"COD","Congo, the Democratic Republic o",2019,0.829854554132971
"COD","Congo, the Democratic Republic o",2020,0.830953940790649
"COD","Congo, the Democratic Republic o",2021,0.83098794928272
"COD","Congo, the Democratic Republic o",2022,0.831026095522272
"CRI","Costa Rica",1995,0.471343759301826
"CRI","Costa Rica",1996,0.471115785115518
"CRI","Costa Rica",1997,0.470893656421167
"CRI","Costa Rica",1998,0.470297416241594
"CRI","Costa Rica",1999,0.465293675126741
"CRI","Costa Rica",2000,0.467105777633288
"CRI","Costa Rica",2001,0.466955966901408
"CRI","Costa Rica",2002,0.461269080207756
"CRI","Costa Rica",2003,0.46000190540695
"CRI","Costa Rica",2004,0.458568325063912
"CRI","Costa Rica",2005,0.457578867045026
"CRI","Costa Rica",2006,0.451978250076558
"CRI","Costa Rica",2007,0.450814492074843
"CRI","Costa Rica",2008,0.449627021056985
"CRI","Costa Rica",2009,0.44888944216679
"CRI","Costa Rica",2010,0.446732907489026
"CRI","Costa Rica",2011,0.444620213997464
"CRI","Costa Rica",2012,0.442152886180459
"CRI","Costa Rica",2013,0.439769699679168
"CRI","Costa Rica",2014,0.43677978033837
"CRI","Costa Rica",2015,0.433628271480335
"CRI","Costa Rica",2016,0.429697268779371
"CRI","Costa Rica",2017,0.427109322253602
"CRI","Costa Rica",2018,0.425195524093702
"CRI","Costa Rica",2019,0.422158003219409
"CRI","Costa Rica",2020,0.425150521362044
"CRI","Costa Rica",2021,0.425549829247376
"CRI","Costa Rica",2022,0.425237863312367
"CIV","Cote d'Ivoire",1995,0.64275344130074
"CIV","Cote d'Ivoire",1996,0.64275344130074
"CIV","Cote d'Ivoire",1997,0.64275344130074
"CIV","Cote d'Ivoire",1998,0.64275344130074
"CIV","Cote d'Ivoire",1999,0.64275344130074
"CIV","Cote d'Ivoire",2000,0.64275344130074
"CIV","Cote d'Ivoire",2001,0.639768720279894
"CIV","Cote d'Ivoire",2002,0.640372222361172
"CIV","Cote d'Ivoire",2003,0.636599285988739
"CIV","Cote d'Ivoire",2004,0.641994120587253
"CIV","Cote d'Ivoire",2005,0.631123383028157
"CIV","Cote d'Ivoire",2006,0.634939660380296
"CIV","Cote d'Ivoire",2007,0.63823425436722
"CIV","Cote d'Ivoire",2008,0.653524575581894
"CIV","Cote d'Ivoire",2009,0.644400061122054
"CIV","Cote d'Ivoire",2010,0.644012540277123
"CIV","Cote d'Ivoire",2011,0.651437432937963
"CIV","Cote d'Ivoire",2012,0.669515535061564
"CIV","Cote d'Ivoire",2013,0.626892024193637
"CIV","Cote d'Ivoire",2014,0.651689918177627
"CIV","Cote d'Ivoire",2015,0.648430177253225
"CIV","Cote d'Ivoire",2016,0.656952692812145
"CIV","Cote d'Ivoire",2017,0.643818884322586
"CIV","Cote d'Ivoire",2018,0.637293588946253
"CIV","Cote d'Ivoire",2019,0.640885108126825
"CIV","Cote d'Ivoire",2020,0.643397876801992
"CIV","Cote d'Ivoire",2021,0.653895029690759
"CIV","Cote d'Ivoire",2022,0.653429763980693
"HRV","Croatia",1995,0.334622679163524
"HRV","Croatia",1996,0.333388111262289
"HRV","Croatia",1997,0.331522230229742
"HRV","Croatia",1998,0.331374923832435
"HRV","Croatia",1999,0.331024194315039
"HRV","Croatia",2000,0.330799727423906
"HRV","Croatia",2001,0.330016311677144
"HRV","Croatia",2002,0.329752335948702
"HRV","Croatia",2003,0.329234650843446
"HRV","Croatia",2004,0.328141488370666
"HRV","Croatia",2005,0.32791740743043
"HRV","Croatia",2006,0.327145446279078
"HRV","Croatia",2007,0.325559066457926
"HRV","Croatia",2008,0.324217450449183
"HRV","Croatia",2009,0.325112757745297
"HRV","Croatia",2010,0.32308924340998
"HRV","Croatia",2011,0.321998403154739
"HRV","Croatia",2012,0.320842576590018
"HRV","Croatia",2013,0.319615097878464
"HRV","Croatia",2014,0.319241273318169
"HRV","Croatia",2015,0.318321565720582
"HRV","Croatia",2016,0.304388155454135
"HRV","Croatia",2017,0.303348561354481
"HRV","Croatia",2018,0.302715162126063
"HRV","Croatia",2019,0.302059565791446
"HRV","Croatia",2020,0.301839898879123
"HRV","Croatia",2021,0.301751979038432
"HRV","Croatia",2022,0.301751979038432
"CUB","Cuba",1995,0.308437312123737
"CUB","Cuba",1996,0.306783037900018
"CUB","Cuba",1997,0.305561330081088
"CUB","Cuba",1998,0.305210600563692
"CUB","Cuba",1999,0.304596823908249
"CUB","Cuba",2000,0.304105802583894
"CUB","Cuba",2001,0.303849345052278
"CUB","Cuba",2002,0.303577899599376
"CUB","Cuba",2003,0.303107176997736
"CUB","Cuba",2004,0.303311601600329
"CUB","Cuba",2005,0.303588423947439
"CUB","Cuba",2006,0.303350532941163
"CUB","Cuba",2007,0.296960477555028
"CUB","Cuba",2008,0.297424777087654
"CUB","Cuba",2009,0.297804493813983
"CUB","Cuba",2010,0.29511248106849
"CUB","Cuba",2011,0.296028852465474
"CUB","Cuba",2012,0.300907763594706
"CUB","Cuba",2013,0.301375250857638
"CUB","Cuba",2014,0.301809369404575
"CUB","Cuba",2015,0.301743766195497
"CUB","Cuba",2016,0.302549467749289
"CUB","Cuba",2017,0.302142934546226
"CUB","Cuba",2018,0.303498189793806
"CUB","Cuba",2019,0.304858096966729
"CUB","Cuba",2020,0.305528452029233
"CUB","Cuba",2021,0.305518326841984
"CUB","Cuba",2022,0.305015260798628
"CYP","Cyprus",1995,0.353851292759272
"CYP","Cyprus",1996,0.354040686698666
"CYP","Cyprus",1997,0.35402665751797
"CYP","Cyprus",1998,0.354138890963537
"CYP","Cyprus",1999,0.354447532938846
"CYP","Cyprus",2000,0.354868408359721
"CYP","Cyprus",2001,0.35459602583483
"CYP","Cyprus",2002,0.355835075463237
"CYP","Cyprus",2003,0.355920069213605
"CYP","Cyprus",2004,0.354685703763292
"CYP","Cyprus",2005,0.356013861129951
"CYP","Cyprus",2006,0.354588817016195
"CYP","Cyprus",2007,0.353143820856055
"CYP","Cyprus",2008,0.352247192279009
"CYP","Cyprus",2009,0.351313478710755
"CYP","Cyprus",2010,0.352880457045801
"CYP","Cyprus",2011,0.351708391575803
"CYP","Cyprus",2012,0.35174743927437
"CYP","Cyprus",2013,0.350471901775977
"CYP","Cyprus",2014,0.349238024366046
"CYP","Cyprus",2015,0.347891526846035
"CYP","Cyprus",2016,0.337488860562517
"CYP","Cyprus",2017,0.332794335170986
"CYP","Cyprus",2018,0.331252279648033
"CYP","Cyprus",2019,0.332224654600757
"CYP","Cyprus",2020,0.329237305018501
"CYP","Cyprus",2021,0.321459532882101
"CYP","Cyprus",2022,0.321428195855992
"CZE","Czech Republic",1995,0.241992898933477
"CZE","Czech Republic",1996,0.242337782958916
"CZE","Czech Republic",1997,0.241764924747169
"CZE","Czech Republic",1998,0.242326091975003
"CZE","Czech Republic",1999,0.241799997698909
"CZE","Czech Republic",2000,0.238766187373432
"CZE","Czech Republic",2001,0.236982548986533
"CZE","Czech Republic",2002,0.235931149979463
"CZE","Czech Republic",2003,0.236000693187921
"CZE","Czech Republic",2004,0.235548591248056
"CZE","Czech Republic",2005,0.235323077917853
"CZE","Czech Republic",2006,0.235476126888848
"CZE","Czech Republic",2007,0.235469952411275
"CZE","Czech Republic",2008,0.235596829991365
"CZE","Czech Republic",2009,0.234576594291177
"CZE","Czech Republic",2010,0.234443490163073
"CZE","Czech Republic",2011,0.234554495288802
"CZE","Czech Republic",2012,0.233675978496308
"CZE","Czech Republic",2013,0.233476611375873
"CZE","Czech Republic",2014,0.231852876310377
"CZE","Czech Republic",2015,0.230698385318299
"CZE","Czech Republic",2016,0.23034507566321
"CZE","Czech Republic",2017,0.226018959433214
"CZE","Czech Republic",2018,0.225069383840138
"CZE","Czech Republic",2019,0.223816798513643
"CZE","Czech Republic",2020,0.22220041001878
"CZE","Czech Republic",2021,0.213988928770172
"CZE","Czech Republic",2022,0.213427813010558
"DNK","Denmark",1995,0.223163398203433
"DNK","Denmark",1996,0.222485321136467
"DNK","Denmark",1997,0.220567999774701
"DNK","Denmark",1998,0.219463201794903
"DNK","Denmark",1999,0.219556729666209
"DNK","Denmark",2000,0.218340867339236
"DNK","Denmark",2001,0.218036901544387
"DNK","Denmark",2002,0.216791811326117
"DNK","Denmark",2003,0.217504966975833
"DNK","Denmark",2004,0.215809773251923
"DNK","Denmark",2005,0.214406859187311
"DNK","Denmark",2006,0.214108730797082
"DNK","Denmark",2007,0.215312904282194
"DNK","Denmark",2008,0.212297670516251
"DNK","Denmark",2009,0.209713218446396
"DNK","Denmark",2010,0.208424645822538
"DNK","Denmark",2011,0.207169335910377
"DNK","Denmark",2012,0.205771928000535
"DNK","Denmark",2013,0.205050761278465
"DNK","Denmark",2014,0.204339450336036
"DNK","Denmark",2015,0.203328167170379
"DNK","Denmark",2016,0.201870784391003
"DNK","Denmark",2017,0.200025711059222
"DNK","Denmark",2018,0.19847686876441
"DNK","Denmark",2019,0.19771544332016
"DNK","Denmark",2020,0.197571818269475
"DNK","Denmark",2021,0.197433308831333
"DNK","Denmark",2022,0.197299932702729
"DJI","Djibouti",1995,0.767386660282273
"DJI","Djibouti",1996,0.767744404390017
"DJI","Djibouti",1997,0.767744404390017
"DJI","Djibouti",1998,0.767744404390017
"DJI","Djibouti",1999,0.767821564883844
"DJI","Djibouti",2000,0.767821564883844
"DJI","Djibouti",2001,0.758762882563418
"DJI","Djibouti",2002,0.84313299200298
"DJI","Djibouti",2003,0.876730778068586
"DJI","Djibouti",2004,0.815171980055549
"DJI","Djibouti",2005,0.863920848309205
"DJI","Djibouti",2006,0.863123339869297
"DJI","Djibouti",2007,0.854401342896094
"DJI","Djibouti",2008,0.813388535901106
"DJI","Djibouti",2009,0.8093791537215
"DJI","Djibouti",2010,0.787547523513739
"DJI","Djibouti",2011,0.743021631783086
"DJI","Djibouti",2012,0.791161843636707
"DJI","Djibouti",2013,0.75204724713316
"DJI","Djibouti",2014,0.773740652394529
"DJI","Djibouti",2015,0.85676519010908
"DJI","Djibouti",2016,0.8421701578505
"DJI","Djibouti",2017,0.832750236626279
"DJI","Djibouti",2018,0.788857573424846
"DJI","Djibouti",2019,0.779453242263727
"DJI","Djibouti",2020,0.800714445750389
"DJI","Djibouti",2021,0.850027453027772
"DJI","Djibouti",2022,0.849948916735138
"DMA","Dominica",1995,0.471843995902618
"DMA","Dominica",1996,0.471642326430115
"DMA","Dominica",1997,0.471142536867826
"DMA","Dominica",1998,0.471142536867826
"DMA","Dominica",1999,0.471142536867826
"DMA","Dominica",2000,0.471142536867826
"DMA","Dominica",2001,0.438904718167062
"DMA","Dominica",2002,0.459795221379246
"DMA","Dominica",2003,0.444919146477626
"DMA","Dominica",2004,0.452887749398051
"DMA","Dominica",2005,0.442060721998291
"DMA","Dominica",2006,0.440897007203083
"DMA","Dominica",2007,0.446474937199275
"DMA","Dominica",2008,0.441235733148925
"DMA","Dominica",2009,0.444028008008845
"DMA","Dominica",2010,0.442136513206542
"DMA","Dominica",2011,0.4455216989853
"DMA","Dominica",2012,0.448633546651252
"DMA","Dominica",2013,0.434859908365962
"DMA","Dominica",2014,0.433319090018228
"DMA","Dominica",2015,0.431978575243679
"DMA","Dominica",2016,0.431318749835524
"DMA","Dominica",2017,0.440698519343838
"DMA","Dominica",2018,0.439720358530246
"DMA","Dominica",2019,0.430257336525233
"DMA","Dominica",2020,0.490794747980912
"DMA","Dominica",2021,0.523177364420699
"DMA","Dominica",2022,0.523177364420699
"DOM","Dominican Republic",1995,0.449573401108348
"DOM","Dominican Republic",1996,0.449573401108348
"DOM","Dominican Republic",1997,0.445738758384817
"DOM","Dominican Republic",1998,0.445738758384817
"DOM","Dominican Republic",1999,0.445738758384817
"DOM","Dominican Republic",2000,0.447615161302886
"DOM","Dominican Republic",2001,0.451332954471247
"DOM","Dominican Republic",2002,0.464005295734674
"DOM","Dominican Republic",2003,0.450684252290984
"DOM","Dominican Republic",2004,0.443609340950623
"DOM","Dominican Republic",2005,0.439657939080736
"DOM","Dominican Republic",2006,0.435142439198711
"DOM","Dominican Republic",2007,0.437511305354956
"DOM","Dominican Republic",2008,0.440929788365357
"DOM","Dominican Republic",2009,0.437687763653635
"DOM","Dominican Republic",2010,0.434985230458714
"DOM","Dominican Republic",2011,0.430236459471999
"DOM","Dominican Republic",2012,0.434292624670184
"DOM","Dominican Republic",2013,0.428889573579827
"DOM","Dominican Republic",2014,0.46815126608069
"DOM","Dominican Republic",2015,0.475306454650372
"DOM","Dominican Republic",2016,0.427019331146108
"DOM","Dominican Republic",2017,0.428640976051966
"DOM","Dominican Republic",2018,0.430851449163844
"DOM","Dominican Republic",2019,0.429971863174725
"DOM","Dominican Republic",2020,0.428550658458281
"DOM","Dominican Republic",2021,0.433505000869957
"DOM","Dominican Republic",2022,0.434237380466305
"ECU","Ecuador",1995,0.534748188288658
"ECU","Ecuador",1996,0.533736918180166
"ECU","Ecuador",1997,0.533561553421468
"ECU","Ecuador",1998,0.534029192777996
"ECU","Ecuador",1999,0.533520634977772
"ECU","Ecuador",2000,0.533234205871898
"ECU","Ecuador",2001,0.528410359288561
"ECU","Ecuador",2002,0.52311191706689
"ECU","Ecuador",2003,0.521192159885233
"ECU","Ecuador",2004,0.524618404228552
"ECU","Ecuador",2005,0.521024417852238
"ECU","Ecuador",2006,0.522730559752153
"ECU","Ecuador",2007,0.519031414204992
"ECU","Ecuador",2008,0.518912877695168
"ECU","Ecuador",2009,0.515132927723653
"ECU","Ecuador",2010,0.512942886109633
"ECU","Ecuador",2011,0.512801145181346
"ECU","Ecuador",2012,0.512165480751345
"ECU","Ecuador",2013,0.512796410106124
"ECU","Ecuador",2014,0.511699419548248
"ECU","Ecuador",2015,0.506785177611222
"ECU","Ecuador",2016,0.505052124212738
"ECU","Ecuador",2017,0.503621685511533
"ECU","Ecuador",2018,0.505306795046239
"ECU","Ecuador",2019,0.505157589778725
"ECU","Ecuador",2020,0.505836405091208
"ECU","Ecuador",2021,0.507502987507577
"ECU","Ecuador",2022,0.50786122882516
"EGY","Egypt",1995,0.518460183682777
"EGY","Egypt",1996,0.518460183682777
"EGY","Egypt",1997,0.52091529030455
"EGY","Egypt",1998,0.52091529030455
"EGY","Egypt",1999,0.52091529030455
"EGY","Egypt",2000,0.51788732547103
"EGY","Egypt",2001,0.513283500756948
"EGY","Egypt",2002,0.508680962620049
"EGY","Egypt",2003,0.513496794853349
"EGY","Egypt",2004,0.50879329882384
"EGY","Egypt",2005,0.503830443195115
"EGY","Egypt",2006,0.497941732417349
"EGY","Egypt",2007,0.495069055931381
"EGY","Egypt",2008,0.484941055673137
"EGY","Egypt",2009,0.48049084044276
"EGY","Egypt",2010,0.469002230074664
"EGY","Egypt",2011,0.462706109520128
"EGY","Egypt",2012,0.455653801091565
"EGY","Egypt",2013,0.450598610829799
"EGY","Egypt",2014,0.450357749686267
"EGY","Egypt",2015,0.439908762968319
"EGY","Egypt",2016,0.441033774574853
"EGY","Egypt",2017,0.435808486936069
"EGY","Egypt",2018,0.436546870767704
"EGY","Egypt",2019,0.437393730633252
"EGY","Egypt",2020,0.436400004821334
"EGY","Egypt",2021,0.433558036243772
"EGY","Egypt",2022,0.433541077474723
"SLV","El Salvador",1995,0.488629444179209
"SLV","El Salvador",1996,0.488629444179209
"SLV","El Salvador",1997,0.487500095133193
"SLV","El Salvador",1998,0.487500095133193
"SLV","El Salvador",1999,0.486405819038917
"SLV","El Salvador",2000,0.486405819038917
"SLV","El Salvador",2001,0.493576080465067
"SLV","El Salvador",2002,0.480797081284001
"SLV","El Salvador",2003,0.480692910948801
"SLV","El Salvador",2004,0.491640608652949
"SLV","El Salvador",2005,0.489118043793033
"SLV","El Salvador",2006,0.492403619633569
"SLV","El Salvador",2007,0.481193368649398
"SLV","El Salvador",2008,0.474097886798935
"SLV","El Salvador",2009,0.498814820971277
"SLV","El Salvador",2010,0.481084951648374
"SLV","El Salvador",2011,0.438629902623485
"SLV","El Salvador",2012,0.440985171307708
"SLV","El Salvador",2013,0.439105287888734
"SLV","El Salvador",2014,0.426923074943755
"SLV","El Salvador",2015,0.417381745108404
"SLV","El Salvador",2016,0.413243701057655
"SLV","El Salvador",2017,0.402652625822347
"SLV","El Salvador",2018,0.393472182020695
"SLV","El Salvador",2019,0.392284155842142
"SLV","El Salvador",2020,0.394168279298496
"SLV","El Salvador",2021,0.388930632232718
"SLV","El Salvador",2022,0.388930632232718
"GNQ","Equatorial Guinea",1995,0.563576594694346
"GNQ","Equatorial Guinea",1996,0.56324340165282
"GNQ","Equatorial Guinea",1997,0.56324340165282
"GNQ","Equatorial Guinea",1998,0.56324340165282
"GNQ","Equatorial Guinea",1999,0.56324340165282
"GNQ","Equatorial Guinea",2000,0.56324340165282
"GNQ","Equatorial Guinea",2001,0.661669079877943
"GNQ","Equatorial Guinea",2002,0.550923339699417
"GNQ","Equatorial Guinea",2003,0.539826605030943
"GNQ","Equatorial Guinea",2004,0.541376964371968
"GNQ","Equatorial Guinea",2005,0.541472497093736
"GNQ","Equatorial Guinea",2006,0.566521812835825
"GNQ","Equatorial Guinea",2007,0.568373601763256
"GNQ","Equatorial Guinea",2008,0.545958530075776
"GNQ","Equatorial Guinea",2009,0.563642724197508
"GNQ","Equatorial Guinea",2010,0.552534269325676
"GNQ","Equatorial Guinea",2011,0.550897436186426
"GNQ","Equatorial Guinea",2012,0.534649613789024
"GNQ","Equatorial Guinea",2013,0.522061893225972
"GNQ","Equatorial Guinea",2014,0.51412653774874
"GNQ","Equatorial Guinea",2015,0.523689232302695
"GNQ","Equatorial Guinea",2016,0.521626348551443
"GNQ","Equatorial Guinea",2017,0.527462616678932
"GNQ","Equatorial Guinea",2018,0.531500357015514
"GNQ","Equatorial Guinea",2019,0.516922373911928
"GNQ","Equatorial Guinea",2020,0.521320257067451
"GNQ","Equatorial Guinea",2021,0.513085387340745
"GNQ","Equatorial Guinea",2022,0.513085387340745
"ERI","Eritrea",1995,0.519681512630023
"ERI","Eritrea",1996,0.519681512630023
"ERI","Eritrea",1997,0.519681512630023
"ERI","Eritrea",1998,0.519681512630023
"ERI","Eritrea",1999,0.519681512630023
"ERI","Eritrea",2000,0.519576293774804
"ERI","Eritrea",2001,0.633524258896355
"ERI","Eritrea",2002,0.706908154667689
"ERI","Eritrea",2003,0.764056717890386
"ERI","Eritrea",2004,0.763951499035167
"ERI","Eritrea",2005,0.764021644938646
"ERI","Eritrea",2006,0.763986571986907
"ERI","Eritrea",2007,0.764030413176581
"ERI","Eritrea",2008,0.764030413176581
"ERI","Eritrea",2009,0.764030413176581
"ERI","Eritrea",2010,0.764039181414516
"ERI","Eritrea",2011,0.764030413176581
"ERI","Eritrea",2012,0.741707903089889
"ERI","Eritrea",2013,0.760558190954359
"ERI","Eritrea",2014,0.76091768870969
"ERI","Eritrea",2015,0.761391173558175
"ERI","Eritrea",2016,0.6979828657515
"ERI","Eritrea",2017,0.760084706105874
"ERI","Eritrea",2018,0.758988676364011
"ERI","Eritrea",2019,0.75907635874336
"ERI","Eritrea",2020,0.758979908126076
"ERI","Eritrea",2021,0.758979908126076
"ERI","Eritrea",2022,0.758979908126076
"EST","Estonia",1995,0.244093172167934
"EST","Estonia",1996,0.245636382044477
"EST","Estonia",1997,0.246080639433179
"EST","Estonia",1998,0.24783428702016
"EST","Estonia",1999,0.248062261206467
"EST","Estonia",2000,0.249137831726482
"EST","Estonia",2001,0.250701933081382
"EST","Estonia",2002,0.248717103248122
"EST","Estonia",2003,0.248166529021971
"EST","Estonia",2004,0.249614268904971
"EST","Estonia",2005,0.247766262775161
"EST","Estonia",2006,0.248444636225008
"EST","Estonia",2007,0.247106860614138
"EST","Estonia",2008,0.245924075253971
"EST","Estonia",2009,0.247669983698361
"EST","Estonia",2010,0.256285086345223
"EST","Estonia",2011,0.253313080187712
"EST","Estonia",2012,0.248132155048491
"EST","Estonia",2013,0.249340983667784
"EST","Estonia",2014,0.249216905960205
"EST","Estonia",2015,0.247083655554819
"EST","Estonia",2016,0.246257789240697
"EST","Estonia",2017,0.24468686034173
"EST","Estonia",2018,0.243965743040146
"EST","Estonia",2019,0.24428314907248
"EST","Estonia",2020,0.236255026483378
"EST","Estonia",2021,0.215176350085687
"EST","Estonia",2022,0.215171337192332
"ETH","Ethiopia",1995,0.806749806917316
"ETH","Ethiopia",1996,0.806749806917316
"ETH","Ethiopia",1997,0.806761497901229
"ETH","Ethiopia",1998,0.806773188885143
"ETH","Ethiopia",1999,0.806779034377099
"ETH","Ethiopia",2000,0.806773188885143
"ETH","Ethiopia",2001,0.808424576940003
"ETH","Ethiopia",2002,0.780193548025598
"ETH","Ethiopia",2003,0.785842876733076
"ETH","Ethiopia",2004,0.867601362885806
"ETH","Ethiopia",2005,0.826048663359927
"ETH","Ethiopia",2006,0.861491007926503
"ETH","Ethiopia",2007,0.858540016835893
"ETH","Ethiopia",2008,0.855624075965191
"ETH","Ethiopia",2009,0.852314541009008
"ETH","Ethiopia",2010,0.849294567641927
"ETH","Ethiopia",2011,0.846277933235699
"ETH","Ethiopia",2012,0.837885106607893
"ETH","Ethiopia",2013,0.807908734785797
"ETH","Ethiopia",2014,0.805848389505066
"ETH","Ethiopia",2015,0.772985256228916
"ETH","Ethiopia",2016,0.781375450496961
"ETH","Ethiopia",2017,0.824944453480427
"ETH","Ethiopia",2018,0.822318468218703
"ETH","Ethiopia",2019,0.821928462145643
"ETH","Ethiopia",2020,0.820972873337872
"ETH","Ethiopia",2021,0.817304957675622
"ETH","Ethiopia",2022,0.817196446117022
"FJI","Fiji",1995,0.44473689287141
"FJI","Fiji",1996,0.44473689287141
"FJI","Fiji",1997,0.44473689287141
"FJI","Fiji",1998,0.445432506414246
"FJI","Fiji",1999,0.445596180189031
"FJI","Fiji",2000,0.445596180189031
"FJI","Fiji",2001,0.455538406432666
"FJI","Fiji",2002,0.451103965239675
"FJI","Fiji",2003,0.439336918423754
"FJI","Fiji",2004,0.476292318582353
"FJI","Fiji",2005,0.446597483354225
"FJI","Fiji",2006,0.422170323814615
"FJI","Fiji",2007,0.414053462706586
"FJI","Fiji",2008,0.429273118474789
"FJI","Fiji",2009,0.428941512944086
"FJI","Fiji",2010,0.424485785719565
"FJI","Fiji",2011,0.414724567459782
"FJI","Fiji",2012,0.423880612255937
"FJI","Fiji",2013,0.406937939400904
"FJI","Fiji",2014,0.400266381142593
"FJI","Fiji",2015,0.389251084095404
"FJI","Fiji",2016,0.391018862202345
"FJI","Fiji",2017,0.386125355641251
"FJI","Fiji",2018,0.411257317759104
"FJI","Fiji",2019,0.414198798094761
"FJI","Fiji",2020,0.398585907261425
"FJI","Fiji",2021,0.42262693833809
"FJI","Fiji",2022,0.423001160658994
"FIN","Finland",1995,0.210891844163321
"FIN","Finland",1996,0.206396660848693
"FIN","Finland",1997,0.202217134099722
"FIN","Finland",1998,0.198154517189883
"FIN","Finland",1999,0.194290647006568
"FIN","Finland",2000,0.190911952655652
"FIN","Finland",2001,0.188531425590179
"FIN","Finland",2002,0.185998908550355
"FIN","Finland",2003,0.184110131526167
"FIN","Finland",2004,0.2188017080794
"FIN","Finland",2005,0.216362720148822
"FIN","Finland",2006,0.213777594854428
"FIN","Finland",2007,0.211993300022751
"FIN","Finland",2008,0.209250348775434
"FIN","Finland",2009,0.207618036948942
"FIN","Finland",2010,0.209539070662398
"FIN","Finland",2011,0.20738070674877
"FIN","Finland",2012,0.205339986991043
"FIN","Finland",2013,0.205122302400352
"FIN","Finland",2014,0.20315094461684
"FIN","Finland",2015,0.20251236021989
"FIN","Finland",2016,0.202072524409081
"FIN","Finland",2017,0.199750433812149
"FIN","Finland",2018,0.197615406804989
"FIN","Finland",2019,0.145868947468917
"FIN","Finland",2020,0.143500099957591
"FIN","Finland",2021,0.143172065250152
"FIN","Finland",2022,0.142901750016521
"FRA","France",1995,0.290730991327359
"FRA","France",1996,0.290597714110748
"FRA","France",1997,0.290478466074834
"FRA","France",1998,0.290394290990659
"FRA","France",1999,0.288619599632634
"FRA","France",2000,0.286901024997393
"FRA","France",2001,0.285208233305975
"FRA","France",2002,0.283690801089862
"FRA","France",2003,0.282110500198719
"FRA","France",2004,0.28048114028272
"FRA","France",2005,0.278809723697439
"FRA","France",2006,0.277461025917648
"FRA","France",2007,0.27860955605288
"FRA","France",2008,0.276664716834487
"FRA","France",2009,0.274972462226215
"FRA","France",2010,0.273252219274392
"FRA","France",2011,0.272892854813215
"FRA","France",2012,0.269728273648297
"FRA","France",2013,0.267287069772588
"FRA","France",2014,0.264846762300874
"FRA","France",2015,0.26234419710098
"FRA","France",2016,0.259982815446893
"FRA","France",2017,0.2577275205814
"FRA","France",2018,0.25532581003258
"FRA","France",2019,0.252686475342961
"FRA","France",2020,0.250342643055636
"FRA","France",2021,0.250195249081868
"FRA","France",2022,0.250048731482763
"GAB","Gabon",1995,0.496999807299402
"GAB","Gabon",1996,0.496999807299402
"GAB","Gabon",1997,0.496999807299402
"GAB","Gabon",1998,0.496999807299402
"GAB","Gabon",1999,0.496999807299402
"GAB","Gabon",2000,0.496999807299402
"GAB","Gabon",2001,0.489584886591396
"GAB","Gabon",2002,0.489765176703445
"GAB","Gabon",2003,0.488001238093453
"GAB","Gabon",2004,0.485714763350117
"GAB","Gabon",2005,0.500242901584415
"GAB","Gabon",2006,0.487084089964405
"GAB","Gabon",2007,0.488360342288862
"GAB","Gabon",2008,0.482850770741853
"GAB","Gabon",2009,0.477092697090827
"GAB","Gabon",2010,0.472607228459749
"GAB","Gabon",2011,0.470356074241417
"GAB","Gabon",2012,0.464272254050751
"GAB","Gabon",2013,0.461604110417898
"GAB","Gabon",2014,0.464079664640659
"GAB","Gabon",2015,0.462844066837682
"GAB","Gabon",2016,0.476565959555682
"GAB","Gabon",2017,0.471049085646415
"GAB","Gabon",2018,0.476004822974636
"GAB","Gabon",2019,0.47441211983978
"GAB","Gabon",2020,0.543391256929425
"GAB","Gabon",2021,0.496074802596844
"GAB","Gabon",2022,0.496074802596844
"GMB","Gambia",1995,0.64707857477696
"GMB","Gambia",1996,0.64707857477696
"GMB","Gambia",1997,0.64707857477696
"GMB","Gambia",1998,0.64707857477696
"GMB","Gambia",1999,0.64707857477696
"GMB","Gambia",2000,0.64707857477696
"GMB","Gambia",2001,0.647595730737313
"GMB","Gambia",2002,0.648074081700812
"GMB","Gambia",2003,0.648061518179122
"GMB","Gambia",2004,0.652825170726838
"GMB","Gambia",2005,0.652267558990206
"GMB","Gambia",2006,0.651736064276076
"GMB","Gambia",2007,0.649659882980885
"GMB","Gambia",2008,0.648741510560908
"GMB","Gambia",2009,0.648198269148431
"GMB","Gambia",2010,0.647652697250072
"GMB","Gambia",2011,0.647106090774549
"GMB","Gambia",2012,0.644321664197882
"GMB","Gambia",2013,0.643778157946091
"GMB","Gambia",2014,0.63814883112108
"GMB","Gambia",2015,0.641121295722714
"GMB","Gambia",2016,0.62818005447561
"GMB","Gambia",2017,0.644623657297602
"GMB","Gambia",2018,0.644197824193717
"GMB","Gambia",2019,0.633904469820215
"GMB","Gambia",2020,0.519541306750625
"GMB","Gambia",2021,0.576459600500294
"GMB","Gambia",2022,0.57755170015686
"GEO","Georgia",1995,0.392107939755387
"GEO","Georgia",1996,0.401887447798784
"GEO","Georgia",1997,0.397287045628938
"GEO","Georgia",1998,0.396117947237617
"GEO","Georgia",1999,0.395194359508474
"GEO","Georgia",2000,0.39674926036893
"GEO","Georgia",2001,0.398807938140568
"GEO","Georgia",2002,0.404713492186105
"GEO","Georgia",2003,0.393838280773869
"GEO","Georgia",2004,0.390148106569599
"GEO","Georgia",2005,0.387097980616578
"GEO","Georgia",2006,0.396947585610078
"GEO","Georgia",2007,0.403623634616707
"GEO","Georgia",2008,0.423108321866072
"GEO","Georgia",2009,0.395933609627391
"GEO","Georgia",2010,0.384697301534062
"GEO","Georgia",2011,0.383809430798002
"GEO","Georgia",2012,0.386282272028772
"GEO","Georgia",2013,0.384202155449237
"GEO","Georgia",2014,0.380127425321457
"GEO","Georgia",2015,0.378820933263379
"GEO","Georgia",2016,0.372166453630791
"GEO","Georgia",2017,0.367760000069347
"GEO","Georgia",2018,0.352828825184132
"GEO","Georgia",2019,0.351030512483067
"GEO","Georgia",2020,0.366220316418474
"GEO","Georgia",2021,0.363815083372929
"GEO","Georgia",2022,0.363287617906706
"DEU","Germany",1995,0.262846667546585
"DEU","Germany",1996,0.262502952619537
"DEU","Germany",1997,0.262397733764318
"DEU","Germany",1998,0.262096106379357
"DEU","Germany",1999,0.26185059571718
"DEU","Germany",2000,0.261464793248044
"DEU","Germany",2001,0.260327511838588
"DEU","Germany",2002,0.259127243001279
"DEU","Germany",2003,0.25737996950575
"DEU","Germany",2004,0.256398808039167
"DEU","Germany",2005,0.254940736246969
"DEU","Germany",2006,0.253889753976365
"DEU","Germany",2007,0.2524879949811
"DEU","Germany",2008,0.250925137108618
"DEU","Germany",2009,0.248948500071153
"DEU","Germany",2010,0.247855809878048
"DEU","Germany",2011,0.246468598604477
"DEU","Germany",2012,0.245444246642497
"DEU","Germany",2013,0.242231343930102
"DEU","Germany",2014,0.240154794498694
"DEU","Germany",2015,0.23915850117029
"DEU","Germany",2016,0.237171136622289
"DEU","Germany",2017,0.234992521077998
"DEU","Germany",2018,0.231437023721185
"DEU","Germany",2019,0.228902611488687
"DEU","Germany",2020,0.226590800297878
"DEU","Germany",2021,0.226163909850938
"DEU","Germany",2022,0.226149023786122
"GHA","Ghana",1995,0.616389260693804
"GHA","Ghana",1996,0.616389260693804
"GHA","Ghana",1997,0.616389260693804
"GHA","Ghana",1998,0.616389260693804
"GHA","Ghana",1999,0.616389260693804
"GHA","Ghana",2000,0.616389260693804
"GHA","Ghana",2001,0.618681334262161
"GHA","Ghana",2002,0.624097942989802
"GHA","Ghana",2003,0.608902235357419
"GHA","Ghana",2004,0.637877615308552
"GHA","Ghana",2005,0.616147993216433
"GHA","Ghana",2006,0.610372637323946
"GHA","Ghana",2007,0.591170987589103
"GHA","Ghana",2008,0.581972378385469
"GHA","Ghana",2009,0.581677150296585
"GHA","Ghana",2010,0.564441693947709
"GHA","Ghana",2011,0.55913093468408
"GHA","Ghana",2012,0.550256354507133
"GHA","Ghana",2013,0.593328145046484
"GHA","Ghana",2014,0.582686818498429
"GHA","Ghana",2015,0.628641716366339
"GHA","Ghana",2016,0.554102465531955
"GHA","Ghana",2017,0.546753637427912
"GHA","Ghana",2018,0.520635984052964
"GHA","Ghana",2019,0.523516345775962
"GHA","Ghana",2020,0.520251553910385
"GHA","Ghana",2021,0.517868921862518
"GHA","Ghana",2022,0.516894265586016
"GRC","Greece",1995,0.281656885344458
"GRC","Greece",1996,0.281651039852502
"GRC","Greece",1997,0.280978808277492
"GRC","Greece",1998,0.280195512355307
"GRC","Greece",1999,0.279587581191821
"GRC","Greece",2000,0.278956268060507
"GRC","Greece",2001,0.276594740051185
"GRC","Greece",2002,0.27333605544409
"GRC","Greece",2003,0.271993004302123
"GRC","Greece",2004,0.270834297023082
"GRC","Greece",2005,0.264664756461846
"GRC","Greece",2006,0.261778619653751
"GRC","Greece",2007,0.25917658632772
"GRC","Greece",2008,0.257074964416956
"GRC","Greece",2009,0.254676317091235
"GRC","Greece",2010,0.25305519879238
"GRC","Greece",2011,0.252535790298824
"GRC","Greece",2012,0.251945010739167
"GRC","Greece",2013,0.254903171147391
"GRC","Greece",2014,0.256685767414942
"GRC","Greece",2015,0.25722196724753
"GRC","Greece",2016,0.246483455983056
"GRC","Greece",2017,0.244513005099515
"GRC","Greece",2018,0.242236176424492
"GRC","Greece",2019,0.240276358689948
"GRC","Greece",2020,0.238803826426522
"GRC","Greece",2021,0.237459339874524
"GRC","Greece",2022,0.237317548768129
"GRD","Grenada",1995,0.466000498233824
"GRD","Grenada",1996,0.466000498233824
"GRD","Grenada",1997,0.468289008334834
"GRD","Grenada",1998,0.468289008334834
"GRD","Grenada",1999,0.466859785551444
"GRD","Grenada",2000,0.469428879266371
"GRD","Grenada",2001,0.468957131234618
"GRD","Grenada",2002,0.467515611944732
"GRD","Grenada",2003,0.468422267234797
"GRD","Grenada",2004,0.464160284726198
"GRD","Grenada",2005,0.462804224714041
"GRD","Grenada",2006,0.482016761662033
"GRD","Grenada",2007,0.472356825972781
"GRD","Grenada",2008,0.490379077410261
"GRD","Grenada",2009,0.46598664965643
"GRD","Grenada",2010,0.464536518419934
"GRD","Grenada",2011,0.454085974350803
"GRD","Grenada",2012,0.455027038181245
"GRD","Grenada",2013,0.456047457659879
"GRD","Grenada",2014,0.457073804336958
"GRD","Grenada",2015,0.456763645337064
"GRD","Grenada",2016,0.456472723802465
"GRD","Grenada",2017,0.456756102003659
"GRD","Grenada",2018,0.431278400548893
"GRD","Grenada",2019,0.42979361352973
"GRD","Grenada",2020,0.435149142853738
"GRD","Grenada",2021,0.457942988079269
"GRD","Grenada",2022,0.457942988079269
"GTM","Guatemala",1995,0.522639889933006
"GTM","Guatemala",1996,0.522639889933006
"GTM","Guatemala",1997,0.523811326521109
"GTM","Guatemala",1998,0.523811326521109
"GTM","Guatemala",1999,0.524260260303376
"GTM","Guatemala",2000,0.524260260303376
"GTM","Guatemala",2001,0.516516723708168
"GTM","Guatemala",2002,0.51596498668758
"GTM","Guatemala",2003,0.516739016498234
"GTM","Guatemala",2004,0.517844298488815
"GTM","Guatemala",2005,0.510466410975234
"GTM","Guatemala",2006,0.514770704719884
"GTM","Guatemala",2007,0.510472376332753
"GTM","Guatemala",2008,0.502849456832033
"GTM","Guatemala",2009,0.510746699805192
"GTM","Guatemala",2010,0.50118456184546
"GTM","Guatemala",2011,0.503023765703286
"GTM","Guatemala",2012,0.506029575820026
"GTM","Guatemala",2013,0.494158927272276
"GTM","Guatemala",2014,0.492438911161189
"GTM","Guatemala",2015,0.482311630753444
"GTM","Guatemala",2016,0.479548002502368
"GTM","Guatemala",2017,0.478559585559267
"GTM","Guatemala",2018,0.481569042301498
"GTM","Guatemala",2019,0.475923280418457
"GTM","Guatemala",2020,0.463369459851259
"GTM","Guatemala",2021,0.472651356690402
"GTM","Guatemala",2022,0.472651356690402
"GIN","Guinea",1995,0.618125909588835
"GIN","Guinea",1996,0.618125909588835
"GIN","Guinea",1997,0.618125909588835
"GIN","Guinea",1998,0.618125909588835
"GIN","Guinea",1999,0.618125909588835
"GIN","Guinea",2000,0.618392464022056
"GIN","Guinea",2001,0.62425572392395
"GIN","Guinea",2002,0.622911296983733
"GIN","Guinea",2003,0.623541790124982
"GIN","Guinea",2004,0.601894176471945
"GIN","Guinea",2005,0.588240805357093
"GIN","Guinea",2006,0.579478908471074
"GIN","Guinea",2007,0.572949642535612
"GIN","Guinea",2008,0.570180923262891
"GIN","Guinea",2009,0.567372506322747
"GIN","Guinea",2010,0.567968731388086
"GIN","Guinea",2011,0.613678331779238
"GIN","Guinea",2012,0.587408055509699
"GIN","Guinea",2013,0.59237519289114
"GIN","Guinea",2014,0.564071683044094
"GIN","Guinea",2015,0.600866660767981
"GIN","Guinea",2016,0.62985638718076
"GIN","Guinea",2017,0.507845229175756
"GIN","Guinea",2018,0.513528658025348
"GIN","Guinea",2019,0.514394820289195
"GIN","Guinea",2020,0.525700702641139
"GIN","Guinea",2021,0.597369735759086
"GIN","Guinea",2022,0.597369735759086
"GNB","Guinea-Bissau",1995,0.777478233019861
"GNB","Guinea-Bissau",1996,0.777478233019861
"GNB","Guinea-Bissau",1997,0.777478233019861
"GNB","Guinea-Bissau",1998,0.777478233019861
"GNB","Guinea-Bissau",1999,0.777478233019861
"GNB","Guinea-Bissau",2000,0.777478233019861
"GNB","Guinea-Bissau",2001,0.816489177596379
"GNB","Guinea-Bissau",2002,0.83803051779402
"GNB","Guinea-Bissau",2003,0.812708788806718
"GNB","Guinea-Bissau",2004,0.825638428127519
"GNB","Guinea-Bissau",2005,0.839396065275394
"GNB","Guinea-Bissau",2006,0.83826110851683
"GNB","Guinea-Bissau",2007,0.837113332851943
"GNB","Guinea-Bissau",2008,0.837378748626445
"GNB","Guinea-Bissau",2009,0.835789831895038
"GNB","Guinea-Bissau",2010,0.834602235539534
"GNB","Guinea-Bissau",2011,0.834347301149858
"GNB","Guinea-Bissau",2012,0.829336658906634
"GNB","Guinea-Bissau",2013,0.801301598394515
"GNB","Guinea-Bissau",2014,0.824851816584463
"GNB","Guinea-Bissau",2015,0.788341162344382
"GNB","Guinea-Bissau",2016,0.803081852108941
"GNB","Guinea-Bissau",2017,0.766848696737169
"GNB","Guinea-Bissau",2018,0.771834297009005
"GNB","Guinea-Bissau",2019,0.753721778985318
"GNB","Guinea-Bissau",2020,0.788372215773547
"GNB","Guinea-Bissau",2021,0.760846737203155
"GNB","Guinea-Bissau",2022,0.760771005322472
"GUY","Guyana",1995,0.42087609638541
"GUY","Guyana",1996,0.42087609638541
"GUY","Guyana",1997,0.421747074686943
"GUY","Guyana",1998,0.421747074686943
"GUY","Guyana",1999,0.421747074686943
"GUY","Guyana",2000,0.419987581608006
"GUY","Guyana",2001,0.423752354288382
"GUY","Guyana",2002,0.43164295662021
"GUY","Guyana",2003,0.451759455004336
"GUY","Guyana",2004,0.473336352675812
"GUY","Guyana",2005,0.506698900428733
"GUY","Guyana",2006,0.533352631931277
"GUY","Guyana",2007,0.56274018367524
"GUY","Guyana",2008,0.541692923083074
"GUY","Guyana",2009,0.547260698530562
"GUY","Guyana",2010,0.53433647300974
"GUY","Guyana",2011,0.501814110155534
"GUY","Guyana",2012,0.476390423835125
"GUY","Guyana",2013,0.476509727658684
"GUY","Guyana",2014,0.457682742922244
"GUY","Guyana",2015,0.450680287542831
"GUY","Guyana",2016,0.448179656103426
"GUY","Guyana",2017,0.444820836893879
"GUY","Guyana",2018,0.431545155137489
"GUY","Guyana",2019,0.418936561464615
"GUY","Guyana",2020,0.409142281360504
"GUY","Guyana",2021,0.408081455153829
"GUY","Guyana",2022,0.408996230221883
"HTI","Haiti",1995,0.721277581394661
"HTI","Haiti",1996,0.721277581394661
"HTI","Haiti",1997,0.721277581394661
"HTI","Haiti",1998,0.720702384986132
"HTI","Haiti",1999,0.720702384986132
"HTI","Haiti",2000,0.720702384986132
"HTI","Haiti",2001,0.719384897599653
"HTI","Haiti",2002,0.718067410213175
"HTI","Haiti",2003,0.716749922826697
"HTI","Haiti",2004,0.715432435440218
"HTI","Haiti",2005,0.71411494805374
"HTI","Haiti",2006,0.712797460667262
"HTI","Haiti",2007,0.711479973280784
"HTI","Haiti",2008,0.710162485894305
"HTI","Haiti",2009,0.708844998507827
"HTI","Haiti",2010,0.707527511121349
"HTI","Haiti",2011,0.699209452476825
"HTI","Haiti",2012,0.69789195499953
"HTI","Haiti",2013,0.695922110710694
"HTI","Haiti",2014,0.694604623324216
"HTI","Haiti",2015,0.700757674658276
"HTI","Haiti",2016,0.699440187271798
"HTI","Haiti",2017,0.69812269988532
"HTI","Haiti",2018,0.694932316875946
"HTI","Haiti",2019,0.694293951588358
"HTI","Haiti",2020,0.693655586300769
"HTI","Haiti",2021,0.693655586300769
"HTI","Haiti",2022,0.693655586300769
"HND","Honduras",1995,0.502465939005352
"HND","Honduras",1996,0.502465939005352
"HND","Honduras",1997,0.50140205946925
"HND","Honduras",1998,0.50140205946925
"HND","Honduras",1999,0.50140205946925
"HND","Honduras",2000,0.503038797217099
"HND","Honduras",2001,0.496600758295147
"HND","Honduras",2002,0.50956345020078
"HND","Honduras",2003,0.537865890197655
"HND","Honduras",2004,0.537251230782561
"HND","Honduras",2005,0.529743250449327
"HND","Honduras",2006,0.507862149347127
"HND","Honduras",2007,0.508851973574386
"HND","Honduras",2008,0.513900521241682
"HND","Honduras",2009,0.517955489004773
"HND","Honduras",2010,0.51212916455205
"HND","Honduras",2011,0.501395300405175
"HND","Honduras",2012,0.50415433167227
"HND","Honduras",2013,0.492097917627659
"HND","Honduras",2014,0.495368216291836
"HND","Honduras",2015,0.487749077656515
"HND","Honduras",2016,0.484636572070302
"HND","Honduras",2017,0.478472849198511
"HND","Honduras",2018,0.473736229746636
"HND","Honduras",2019,0.471412038234372
"HND","Honduras",2020,0.487282616109037
"HND","Honduras",2021,0.482892981061547
"HND","Honduras",2022,0.482415547444108
"HUN","Hungary",1995,0.294484776409075
"HUN","Hungary",1996,0.293870999753632
"HUN","Hungary",1997,0.294204192795158
"HUN","Hungary",1998,0.29337413293732
"HUN","Hungary",1999,0.293806699342109
"HUN","Hungary",2000,0.296898964587152
"HUN","Hungary",2001,0.294765415152326
"HUN","Hungary",2002,0.292455899272936
"HUN","Hungary",2003,0.292090844305524
"HUN","Hungary",2004,0.289401185178368
"HUN","Hungary",2005,0.289406132973508
"HUN","Hungary",2006,0.284160196646639
"HUN","Hungary",2007,0.284804609592966
"HUN","Hungary",2008,0.279438894808998
"HUN","Hungary",2009,0.276955088263466
"HUN","Hungary",2010,0.275275630409792
"HUN","Hungary",2011,0.272067572239217
"HUN","Hungary",2012,0.268063874982717
"HUN","Hungary",2013,0.264020738132714
"HUN","Hungary",2014,0.260616087135632
"HUN","Hungary",2015,0.25872719431699
"HUN","Hungary",2016,0.255340782536261
"HUN","Hungary",2017,0.249970858333114
"HUN","Hungary",2018,0.247639900605567
"HUN","Hungary",2019,0.247006644941022
"HUN","Hungary",2020,0.24926023774974
"HUN","Hungary",2021,0.249572295471211
"HUN","Hungary",2022,0.249521263101565
"ISL","Iceland",1995,0.225161384070271
"ISL","Iceland",1996,0.224487983396871
"ISL","Iceland",1997,0.218252012577566
"ISL","Iceland",1998,0.214976198885086
"ISL","Iceland",1999,0.215291855450743
"ISL","Iceland",2000,0.215993314485535
"ISL","Iceland",2001,0.216330014822235
"ISL","Iceland",2002,0.215039330198217
"ISL","Iceland",2003,0.212037085529306
"ISL","Iceland",2004,0.211553078795299
"ISL","Iceland",2005,0.209469745461966
"ISL","Iceland",2006,0.21127950977173
"ISL","Iceland",2007,0.20925229316118
"ISL","Iceland",2008,0.202805884631438
"ISL","Iceland",2009,0.199957960950181
"ISL","Iceland",2010,0.205548589457477
"ISL","Iceland",2011,0.203633606292493
"ISL","Iceland",2012,0.201339835248722
"ISL","Iceland",2013,0.198835626494514
"ISL","Iceland",2014,0.199417837493391
"ISL","Iceland",2015,0.197594044002931
"ISL","Iceland",2016,0.205962450288004
"ISL","Iceland",2017,0.203773898099452
"ISL","Iceland",2018,0.202370980029867
"ISL","Iceland",2019,0.197601058593279
"ISL","Iceland",2020,0.196338432330653
"ISL","Iceland",2021,0.196338432330653
"ISL","Iceland",2022,0.196338432330653
"IND","India",1995,0.720749180816437
"IND","India",1996,0.720749180816437
"IND","India",1997,0.720749180816437
"IND","India",1998,0.720749180816437
"IND","India",1999,0.720749180816437
"IND","India",2000,0.720749180816437
"IND","India",2001,0.7158580074685
"IND","India",2002,0.713632374146425
"IND","India",2003,0.704969553106946
"IND","India",2004,0.704381214857554
"IND","India",2005,0.696032724187853
"IND","India",2006,0.691372337975682
"IND","India",2007,0.68749206737479
"IND","India",2008,0.685263932290418
"IND","India",2009,0.676030869075608
"IND","India",2010,0.671394186385891
"IND","India",2011,0.666448062068034
"IND","India",2012,0.662462258081069
"IND","India",2013,0.654185637524835
"IND","India",2014,0.652527929074103
"IND","India",2015,0.647851445559194
"IND","India",2016,0.642985537151503
"IND","India",2017,0.633682988827897
"IND","India",2018,0.630926476413312
"IND","India",2019,0.627894261760558
"IND","India",2020,0.624409025036943
"IND","India",2021,0.62983200513768
"IND","India",2022,0.626265803734545
"IDN","Indonesia",1995,0.478648304698198
"IDN","Indonesia",1996,0.478648304698198
"IDN","Indonesia",1997,0.478648304698198
"IDN","Indonesia",1998,0.478648304698198
"IDN","Indonesia",1999,0.478648304698198
"IDN","Indonesia",2000,0.478648304698198
"IDN","Indonesia",2001,0.484683274606882
"IDN","Indonesia",2002,0.464559776722091
"IDN","Indonesia",2003,0.46206883044362
"IDN","Indonesia",2004,0.465074639143215
"IDN","Indonesia",2005,0.461323778341311
"IDN","Indonesia",2006,0.457811675433491
"IDN","Indonesia",2007,0.458196137773806
"IDN","Indonesia",2008,0.453166935069908
"IDN","Indonesia",2009,0.454464543189286
"IDN","Indonesia",2010,0.447601273507104
"IDN","Indonesia",2011,0.446611025445026
"IDN","Indonesia",2012,0.444565374867089
"IDN","Indonesia",2013,0.444164264232359
"IDN","Indonesia",2014,0.44862801682531
"IDN","Indonesia",2015,0.432347468440594
"IDN","Indonesia",2016,0.43093645955434
"IDN","Indonesia",2017,0.424320529435591
"IDN","Indonesia",2018,0.412875270501855
"IDN","Indonesia",2019,0.407949999919076
"IDN","Indonesia",2020,0.404457148856328
"IDN","Indonesia",2021,0.414658428712109
"IDN","Indonesia",2022,0.414658428712109
"IRN","Iran, Islamic Republic of",1995,0.448688419778618
"IRN","Iran, Islamic Republic of",1996,0.448688419778618
"IRN","Iran, Islamic Republic of",1997,0.448688419778618
"IRN","Iran, Islamic Republic of",1998,0.446943540429572
"IRN","Iran, Islamic Republic of",1999,0.446943540429572
"IRN","Iran, Islamic Republic of",2000,0.446943540429572
"IRN","Iran, Islamic Republic of",2001,0.447653070895498
"IRN","Iran, Islamic Republic of",2002,0.447685602870724
"IRN","Iran, Islamic Republic of",2003,0.44728806448834
"IRN","Iran, Islamic Republic of",2004,0.450567701473511
"IRN","Iran, Islamic Republic of",2005,0.451623267980113
"IRN","Iran, Islamic Republic of",2006,0.449778564694077
"IRN","Iran, Islamic Republic of",2007,0.449531869105392
"IRN","Iran, Islamic Republic of",2008,0.44950389494855
"IRN","Iran, Islamic Republic of",2009,0.449063434115618
"IRN","Iran, Islamic Republic of",2010,0.449047612525037
"IRN","Iran, Islamic Republic of",2011,0.446593575523028
"IRN","Iran, Islamic Republic of",2012,0.446589006622856
"IRN","Iran, Islamic Republic of",2013,0.446592344751898
"IRN","Iran, Islamic Republic of",2014,0.442314683462407
"IRN","Iran, Islamic Republic of",2015,0.443066006603625
"IRN","Iran, Islamic Republic of",2016,0.442992257561203
"IRN","Iran, Islamic Republic of",2017,0.437047456200557
"IRN","Iran, Islamic Republic of",2018,0.43782822047524
"IRN","Iran, Islamic Republic of",2019,0.437759960554313
"IRN","Iran, Islamic Republic of",2020,0.437734484734731
"IRN","Iran, Islamic Republic of",2021,0.439749909255135
"IRN","Iran, Islamic Republic of",2022,0.439749909255135
"IRQ","Iraq",1995,0.560341560733497
"IRQ","Iraq",1996,0.560341560733497
"IRQ","Iraq",1997,0.560341560733497
"IRQ","Iraq",1998,0.560341560733497
"IRQ","Iraq",1999,0.560341560733497
"IRQ","Iraq",2000,0.560341560733497
"IRQ","Iraq",2001,0.559957023459956
"IRQ","Iraq",2002,0.559533744017856
"IRQ","Iraq",2003,0.559112632323091
"IRQ","Iraq",2004,0.565682504724864
"IRQ","Iraq",2005,0.580174839049354
"IRQ","Iraq",2006,0.591421420811301
"IRQ","Iraq",2007,0.600462953951242
"IRQ","Iraq",2008,0.567101963438653
"IRQ","Iraq",2009,0.565059576500018
"IRQ","Iraq",2010,0.561429894902574
"IRQ","Iraq",2011,0.562558996201265
"IRQ","Iraq",2012,0.559870480534753
"IRQ","Iraq",2013,0.55325237998962
"IRQ","Iraq",2014,0.551062688784941
"IRQ","Iraq",2015,0.551573319549871
"IRQ","Iraq",2016,0.548019046202637
"IRQ","Iraq",2017,0.545801021863895
"IRQ","Iraq",2018,0.543849394586417
"IRQ","Iraq",2019,0.542332346783975
"IRQ","Iraq",2020,0.536062157166482
"IRQ","Iraq",2021,0.537454364077046
"IRQ","Iraq",2022,0.53627288223805
"IRL","Ireland",1995,0.330669081967368
"IRL","Ireland",1996,0.327652808117761
"IRL","Ireland",1997,0.323794783426403
"IRL","Ireland",1998,0.321557129105415
"IRL","Ireland",1999,0.317664031462318
"IRL","Ireland",2000,0.315194895659849
"IRL","Ireland",2001,0.30561470716867
"IRL","Ireland",2002,0.298915051782643
"IRL","Ireland",2003,0.298671374909854
"IRL","Ireland",2004,0.311876864471368
"IRL","Ireland",2005,0.304313948804763
"IRL","Ireland",2006,0.298198129710338
"IRL","Ireland",2007,0.285887769245538
"IRL","Ireland",2008,0.282543581955428
"IRL","Ireland",2009,0.283451900184775
"IRL","Ireland",2010,0.275677887564844
"IRL","Ireland",2011,0.272921104601458
"IRL","Ireland",2012,0.273652414270466
"IRL","Ireland",2013,0.27353957869043
"IRL","Ireland",2014,0.279361276747277
"IRL","Ireland",2015,0.27405830506297
"IRL","Ireland",2016,0.276266189232128
"IRL","Ireland",2017,0.255836516802467
"IRL","Ireland",2018,0.266075027495814
"IRL","Ireland",2019,0.246962253306826
"IRL","Ireland",2020,0.225738995832141
"IRL","Ireland",2021,0.246057418435283
"IRL","Ireland",2022,0.246033306314644
"ISR","Israel",1995,0.261167079296367
"ISR","Israel",1996,0.276137384197228
"ISR","Israel",1997,0.275973710422443
"ISR","Israel",1998,0.274880603426558
"ISR","Israel",1999,0.274570792352858
"ISR","Israel",2000,0.273033427968272
"ISR","Israel",2001,0.269450334756808
"ISR","Israel",2002,0.269845575765596
"ISR","Israel",2003,0.268244904817552
"ISR","Israel",2004,0.269511207606489
"ISR","Israel",2005,0.266897234925736
"ISR","Israel",2006,0.262506545116018
"ISR","Israel",2007,0.261374497739887
"ISR","Israel",2008,0.262220323065814
"ISR","Israel",2009,0.261192855145697
"ISR","Israel",2010,0.260084948126116
"ISR","Israel",2011,0.258520869098384
"ISR","Israel",2012,0.257586037873847
"ISR","Israel",2013,0.256085583176382
"ISR","Israel",2014,0.254595301229737
"ISR","Israel",2015,0.253570269048766
"ISR","Israel",2016,0.251328620219404
"ISR","Israel",2017,0.249642073723242
"ISR","Israel",2018,0.248420868207154
"ISR","Israel",2019,0.247100172718214
"ISR","Israel",2020,0.24035007378806
"ISR","Israel",2021,0.241012665789083
"ISR","Israel",2022,0.239739021154363
"ITA","Italy",1995,0.313929719361602
"ITA","Italy",1996,0.313235274917158
"ITA","Italy",1997,0.312547845063061
"ITA","Italy",1998,0.312021750786967
"ITA","Italy",1999,0.311699079630963
"ITA","Italy",2000,0.316419898935115
"ITA","Italy",2001,0.315625623062492
"ITA","Italy",2002,0.314788191605101
"ITA","Italy",2003,0.316917420849801
"ITA","Italy",2004,0.317362891315036
"ITA","Italy",2005,0.318180162585316
"ITA","Italy",2006,0.317026337481266
"ITA","Italy",2007,0.315676095977109
"ITA","Italy",2008,0.315784896653749
"ITA","Italy",2009,0.315802523088795
"ITA","Italy",2010,0.315820132324013
"ITA","Italy",2011,0.315494043545093
"ITA","Italy",2012,0.316265931707443
"ITA","Italy",2013,0.316033257158607
"ITA","Italy",2014,0.314138161118121
"ITA","Italy",2015,0.313197061362741
"ITA","Italy",2016,0.311379210853281
"ITA","Italy",2017,0.309414086165541
"ITA","Italy",2018,0.309862092259004
"ITA","Italy",2019,0.306992101364431
"ITA","Italy",2020,0.306556042280886
"ITA","Italy",2021,0.305691978330662
"ITA","Italy",2022,0.305683582592236
"JAM","Jamaica",1995,0.473531010240212
"JAM","Jamaica",1996,0.473531010240212
"JAM","Jamaica",1997,0.473531010240212
"JAM","Jamaica",1998,0.473531010240212
"JAM","Jamaica",1999,0.473531010240212
"JAM","Jamaica",2000,0.473531010240212
"JAM","Jamaica",2001,0.475926465215892
"JAM","Jamaica",2002,0.477400804792415
"JAM","Jamaica",2003,0.475175181404295
"JAM","Jamaica",2004,0.484744082712125
"JAM","Jamaica",2005,0.480813276594409
"JAM","Jamaica",2006,0.482865801470752
"JAM","Jamaica",2007,0.484715053620968
"JAM","Jamaica",2008,0.491777980540446
"JAM","Jamaica",2009,0.498951684783908
"JAM","Jamaica",2010,0.496809875323226
"JAM","Jamaica",2011,0.497492640499591
"JAM","Jamaica",2012,0.502168736960396
"JAM","Jamaica",2013,0.482482695096641
"JAM","Jamaica",2014,0.486808306266546
"JAM","Jamaica",2015,0.486118817382749
"JAM","Jamaica",2016,0.485811878122701
"JAM","Jamaica",2017,0.485774991081278
"JAM","Jamaica",2018,0.490435068092393
"JAM","Jamaica",2019,0.49124322171384
"JAM","Jamaica",2020,0.490728965000615
"JAM","Jamaica",2021,0.489367187305075
"JAM","Jamaica",2022,0.489367187305075
"JPN","Japan",1995,0.226646602231694
"JPN","Japan",1996,0.226646602231694
"JPN","Japan",1997,0.226646602231694
"JPN","Japan",1998,0.223751914614784
"JPN","Japan",1999,0.223751914614784
"JPN","Japan",2000,0.220925619253767
"JPN","Japan",2001,0.220676278898833
"JPN","Japan",2002,0.220429232019625
"JPN","Japan",2003,0.220196743572251
"JPN","Japan",2004,0.217568132278818
"JPN","Japan",2005,0.217348392132663
"JPN","Japan",2006,0.214790983270036
"JPN","Japan",2007,0.214496445313981
"JPN","Japan",2008,0.211182726047652
"JPN","Japan",2009,0.210905778638957
"JPN","Japan",2010,0.207118675595746
"JPN","Japan",2011,0.20685941273139
"JPN","Japan",2012,0.203680435913751
"JPN","Japan",2013,0.203438951577722
"JPN","Japan",2014,0.200225190847927
"JPN","Japan",2015,0.200001579011228
"JPN","Japan",2016,0.196969411536181
"JPN","Japan",2017,0.196763766156831
"JPN","Japan",2018,0.193601790938379
"JPN","Japan",2019,0.193505161353213
"JPN","Japan",2020,0.190336770011716
"JPN","Japan",2021,0.190246066675211
"JPN","Japan",2022,0.190158330255586
"JOR","Jordan",1995,0.408400812919894
"JOR","Jordan",1996,0.408400812919894
"JOR","Jordan",1997,0.408400812919894
"JOR","Jordan",1998,0.412206228183643
"JOR","Jordan",1999,0.406091843597036
"JOR","Jordan",2000,0.405793723507249
"JOR","Jordan",2001,0.403516129003678
"JOR","Jordan",2002,0.398681969400233
"JOR","Jordan",2003,0.404092816588826
"JOR","Jordan",2004,0.462992458379475
"JOR","Jordan",2005,0.394749268983236
"JOR","Jordan",2006,0.402722459161498
"JOR","Jordan",2007,0.391212576328058
"JOR","Jordan",2008,0.378312820163909
"JOR","Jordan",2009,0.386146760366956
"JOR","Jordan",2010,0.385214677373991
"JOR","Jordan",2011,0.37804138763888
"JOR","Jordan",2012,0.38920573917966
"JOR","Jordan",2013,0.386488221141891
"JOR","Jordan",2014,0.383785107342923
"JOR","Jordan",2015,0.349400586278799
"JOR","Jordan",2016,0.369725823078445
"JOR","Jordan",2017,0.371676482283529
"JOR","Jordan",2018,0.364638353001114
"JOR","Jordan",2019,0.358961499184533
"JOR","Jordan",2020,0.365538731285049
"JOR","Jordan",2021,0.385060168967535
"JOR","Jordan",2022,0.384974420447674
"KAZ","Kazakhstan",1995,0.304130434106455
"KAZ","Kazakhstan",1996,0.309882398191753
"KAZ","Kazakhstan",1997,0.319576562052583
"KAZ","Kazakhstan",1998,0.321302151278173
"KAZ","Kazakhstan",1999,0.324570950380305
"KAZ","Kazakhstan",2000,0.328646427372449
"KAZ","Kazakhstan",2001,0.323073344769312
"KAZ","Kazakhstan",2002,0.317928152177399
"KAZ","Kazakhstan",2003,0.314459456769457
"KAZ","Kazakhstan",2004,0.310892557096644
"KAZ","Kazakhstan",2005,0.307192380207221
"KAZ","Kazakhstan",2006,0.301107242599503
"KAZ","Kazakhstan",2007,0.297975247528262
"KAZ","Kazakhstan",2008,0.296821366935135
"KAZ","Kazakhstan",2009,0.290006711931233
"KAZ","Kazakhstan",2010,0.293051094986436
"KAZ","Kazakhstan",2011,0.282257271656579
"KAZ","Kazakhstan",2012,0.278647399716028
"KAZ","Kazakhstan",2013,0.275863479985232
"KAZ","Kazakhstan",2014,0.277969677667444
"KAZ","Kazakhstan",2015,0.274188864596447
"KAZ","Kazakhstan",2016,0.27054297176365
"KAZ","Kazakhstan",2017,0.270457052791441
"KAZ","Kazakhstan",2018,0.26890072402312
"KAZ","Kazakhstan",2019,0.268365908920232
"KAZ","Kazakhstan",2020,0.267389174625426
"KAZ","Kazakhstan",2021,0.267804741692399
"KAZ","Kazakhstan",2022,0.267804741692399
"KEN","Kenya",1995,0.704578423993065
"KEN","Kenya",1996,0.704578423993065
"KEN","Kenya",1997,0.704578423993065
"KEN","Kenya",1998,0.704578423993065
"KEN","Kenya",1999,0.704578423993065
"KEN","Kenya",2000,0.704578423993065
"KEN","Kenya",2001,0.704599371548104
"KEN","Kenya",2002,0.711186589699173
"KEN","Kenya",2003,0.715139035105655
"KEN","Kenya",2004,0.734371036246817
"KEN","Kenya",2005,0.72369542401698
"KEN","Kenya",2006,0.779908076904321
"KEN","Kenya",2007,0.778022317513538
"KEN","Kenya",2008,0.776626945293145
"KEN","Kenya",2009,0.774581081927471
"KEN","Kenya",2010,0.770469032497716
"KEN","Kenya",2011,0.750224653286676
"KEN","Kenya",2012,0.736724496941342
"KEN","Kenya",2013,0.728245725062587
"KEN","Kenya",2014,0.71095279663503
"KEN","Kenya",2015,0.697371171264238
"KEN","Kenya",2016,0.684615349652708
"KEN","Kenya",2017,0.712113056693335
"KEN","Kenya",2018,0.717319890865647
"KEN","Kenya",2019,0.695755847611004
"KEN","Kenya",2020,0.687789945928174
"KEN","Kenya",2021,0.69384838151844
"KEN","Kenya",2022,0.693321143159282
"KIR","Kiribati",1995,0.51128741682417
"KIR","Kiribati",1996,0.51128741682417
"KIR","Kiribati",1997,0.51128741682417
"KIR","Kiribati",1998,0.51128741682417
"KIR","Kiribati",1999,0.51128741682417
"KIR","Kiribati",2000,0.51128741682417
"KIR","Kiribati",2001,0.509801958949551
"KIR","Kiribati",2002,0.510211684103951
"KIR","Kiribati",2003,0.505773372005176
"KIR","Kiribati",2004,0.49701986759874
"KIR","Kiribati",2005,0.497719941045935
"KIR","Kiribati",2006,0.591720165327871
"KIR","Kiribati",2007,0.608103289156599
"KIR","Kiribati",2008,0.643067798114302
"KIR","Kiribati",2009,0.68238062406408
"KIR","Kiribati",2010,0.515614997064045
"KIR","Kiribati",2011,0.492035250488043
"KIR","Kiribati",2012,0.526953005421491
"KIR","Kiribati",2013,0.566935756309958
"KIR","Kiribati",2014,0.561876356127559
"KIR","Kiribati",2015,0.540499620551413
"KIR","Kiribati",2016,0.54221615429307
"KIR","Kiribati",2017,0.540568153454698
"KIR","Kiribati",2018,0.590989352548189
"KIR","Kiribati",2019,0.518406187709283
"KIR","Kiribati",2020,0.668249038607065
"KIR","Kiribati",2021,0.629106167163955
"KIR","Kiribati",2022,0.62844112702065
"PRK","Korea, Democratic People's Repub",1995,NA
"PRK","Korea, Democratic People's Repub",1996,NA
"PRK","Korea, Democratic People's Repub",1997,NA
"PRK","Korea, Democratic People's Repub",1998,NA
"PRK","Korea, Democratic People's Repub",1999,NA
"PRK","Korea, Democratic People's Repub",2000,NA
"PRK","Korea, Democratic People's Repub",2001,NA
"PRK","Korea, Democratic People's Repub",2002,NA
"PRK","Korea, Democratic People's Repub",2003,NA
"PRK","Korea, Democratic People's Repub",2004,NA
"PRK","Korea, Democratic People's Repub",2005,NA
"PRK","Korea, Democratic People's Repub",2006,NA
"PRK","Korea, Democratic People's Repub",2007,NA
"PRK","Korea, Democratic People's Repub",2008,NA
"PRK","Korea, Democratic People's Repub",2009,NA
"PRK","Korea, Democratic People's Repub",2010,NA
"PRK","Korea, Democratic People's Repub",2011,NA
"PRK","Korea, Democratic People's Repub",2012,NA
"PRK","Korea, Democratic People's Repub",2013,NA
"PRK","Korea, Democratic People's Repub",2014,NA
"PRK","Korea, Democratic People's Repub",2015,NA
"PRK","Korea, Democratic People's Repub",2016,NA
"PRK","Korea, Democratic People's Repub",2017,NA
"PRK","Korea, Democratic People's Repub",2018,NA
"PRK","Korea, Democratic People's Repub",2019,NA
"PRK","Korea, Democratic People's Repub",2020,NA
"PRK","Korea, Democratic People's Repub",2021,NA
"PRK","Korea, Democratic People's Repub",2022,NA
"KOR","Korea, Republic of",1995,0.300579184017758
"KOR","Korea, Republic of",1996,0.299942025394488
"KOR","Korea, Republic of",1997,0.290565856296097
"KOR","Korea, Republic of",1998,0.290109907923482
"KOR","Korea, Republic of",1999,0.288993418959771
"KOR","Korea, Republic of",2000,0.288625152966505
"KOR","Korea, Republic of",2001,0.284649201813139
"KOR","Korea, Republic of",2002,0.281616649618139
"KOR","Korea, Republic of",2003,0.280322483287605
"KOR","Korea, Republic of",2004,0.277756274463884
"KOR","Korea, Republic of",2005,0.276099091229768
"KOR","Korea, Republic of",2006,0.273819544195801
"KOR","Korea, Republic of",2007,0.271463743772147
"KOR","Korea, Republic of",2008,0.268510126319215
"KOR","Korea, Republic of",2009,0.266181453039585
"KOR","Korea, Republic of",2010,0.2637950817455
"KOR","Korea, Republic of",2011,0.261871591668873
"KOR","Korea, Republic of",2012,0.260002128820515
"KOR","Korea, Republic of",2013,0.256439221553174
"KOR","Korea, Republic of",2014,0.25302475010573
"KOR","Korea, Republic of",2015,0.249700250603953
"KOR","Korea, Republic of",2016,0.24239756501225
"KOR","Korea, Republic of",2017,0.240335338512385
"KOR","Korea, Republic of",2018,0.237366223086346
"KOR","Korea, Republic of",2019,0.231928470901545
"KOR","Korea, Republic of",2020,0.228556694668495
"KOR","Korea, Republic of",2021,0.228583997473704
"KOR","Korea, Republic of",2022,0.228610620929862
"KWT","Kuwait",1995,0.329643707302594
"KWT","Kuwait",1996,0.329643707302594
"KWT","Kuwait",1997,0.328893146135367
"KWT","Kuwait",1998,0.328893146135367
"KWT","Kuwait",1999,0.328893146135367
"KWT","Kuwait",2000,0.328893146135367
"KWT","Kuwait",2001,0.328893146135367
"KWT","Kuwait",2002,0.328893146135367
"KWT","Kuwait",2003,0.328823000231887
"KWT","Kuwait",2004,0.331628836371057
"KWT","Kuwait",2005,0.32952445926668
"KWT","Kuwait",2006,0.335037927280148
"KWT","Kuwait",2007,0.331053639962527
"KWT","Kuwait",2008,0.328465256124143
"KWT","Kuwait",2009,0.327139498548386
"KWT","Kuwait",2010,0.310662225821113
"KWT","Kuwait",2011,0.311230407639295
"KWT","Kuwait",2012,0.313047186539407
"KWT","Kuwait",2013,0.315263797089351
"KWT","Kuwait",2014,0.310444773520327
"KWT","Kuwait",2015,0.307098813924368
"KWT","Kuwait",2016,0.307716097874985
"KWT","Kuwait",2017,0.305639779132
"KWT","Kuwait",2018,0.30648152997375
"KWT","Kuwait",2019,0.30648152997375
"KWT","Kuwait",2020,0.326283718525939
"KWT","Kuwait",2021,0.326283718525939
"KWT","Kuwait",2022,0.326283718525939
"KGZ","Kyrgyzstan",1995,0.317939167476181
"KGZ","Kyrgyzstan",1996,0.31923102119859
"KGZ","Kyrgyzstan",1997,0.322942908591033
"KGZ","Kyrgyzstan",1998,0.324410127072141
"KGZ","Kyrgyzstan",1999,0.325561688987591
"KGZ","Kyrgyzstan",2000,0.328583808329155
"KGZ","Kyrgyzstan",2001,0.328400578420459
"KGZ","Kyrgyzstan",2002,0.327188011257796
"KGZ","Kyrgyzstan",2003,0.381926877183882
"KGZ","Kyrgyzstan",2004,0.412300405230419
"KGZ","Kyrgyzstan",2005,0.356033087186073
"KGZ","Kyrgyzstan",2006,0.375147982447067
"KGZ","Kyrgyzstan",2007,0.385789657222547
"KGZ","Kyrgyzstan",2008,0.349547250235439
"KGZ","Kyrgyzstan",2009,0.368315952624178
"KGZ","Kyrgyzstan",2010,0.345420335812847
"KGZ","Kyrgyzstan",2011,0.32097867831122
"KGZ","Kyrgyzstan",2012,0.331141659692111
"KGZ","Kyrgyzstan",2013,0.316006748366843
"KGZ","Kyrgyzstan",2014,0.317183560035688
"KGZ","Kyrgyzstan",2015,0.319566074998932
"KGZ","Kyrgyzstan",2016,0.293999018374296
"KGZ","Kyrgyzstan",2017,0.300379239886307
"KGZ","Kyrgyzstan",2018,0.292337396527049
"KGZ","Kyrgyzstan",2019,0.275139278122117
"KGZ","Kyrgyzstan",2020,0.31062642987786
"KGZ","Kyrgyzstan",2021,0.291418593808723
"KGZ","Kyrgyzstan",2022,0.291317180707182
"LAO","Lao People's Democratic Republic",1995,0.578191149786305
"LAO","Lao People's Democratic Republic",1996,0.578191149786305
"LAO","Lao People's Democratic Republic",1997,0.578191149786305
"LAO","Lao People's Democratic Republic",1998,0.578191149786305
"LAO","Lao People's Democratic Republic",1999,0.578191149786305
"LAO","Lao People's Democratic Republic",2000,0.579880496961763
"LAO","Lao People's Democratic Republic",2001,0.634266847128023
"LAO","Lao People's Democratic Republic",2002,0.599276187615305
"LAO","Lao People's Democratic Republic",2003,0.582332899447717
"LAO","Lao People's Democratic Republic",2004,0.624102829063637
"LAO","Lao People's Democratic Republic",2005,0.6055019356573
"LAO","Lao People's Democratic Republic",2006,0.643133526823649
"LAO","Lao People's Democratic Republic",2007,0.611911690624711
"LAO","Lao People's Democratic Republic",2008,0.596492900019838
"LAO","Lao People's Democratic Republic",2009,0.57755213899441
"LAO","Lao People's Democratic Republic",2010,0.553911941391527
"LAO","Lao People's Democratic Republic",2011,0.610421948262235
"LAO","Lao People's Democratic Republic",2012,0.600772272245368
"LAO","Lao People's Democratic Republic",2013,0.547686746630639
"LAO","Lao People's Democratic Republic",2014,0.526624711476518
"LAO","Lao People's Democratic Republic",2015,0.521715140173706
"LAO","Lao People's Democratic Republic",2016,0.522232505364033
"LAO","Lao People's Democratic Republic",2017,0.507729778455762
"LAO","Lao People's Democratic Republic",2018,0.477957455935138
"LAO","Lao People's Democratic Republic",2019,0.524474890669951
"LAO","Lao People's Democratic Republic",2020,0.502492430086641
"LAO","Lao People's Democratic Republic",2021,0.567342147540588
"LAO","Lao People's Democratic Republic",2022,0.567303238977469
"LVA","Latvia",1995,0.299799528238313
"LVA","Latvia",1996,0.299781991762443
"LVA","Latvia",1997,0.300384077433973
"LVA","Latvia",1998,0.302324780763565
"LVA","Latvia",1999,0.301500566397684
"LVA","Latvia",2000,0.301143991388332
"LVA","Latvia",2001,0.302619941024564
"LVA","Latvia",2002,0.301288289403192
"LVA","Latvia",2003,0.299762335668498
"LVA","Latvia",2004,0.29803635153866
"LVA","Latvia",2005,0.296007189252261
"LVA","Latvia",2006,0.289149890482235
"LVA","Latvia",2007,0.286140773986014
"LVA","Latvia",2008,0.283863199135578
"LVA","Latvia",2009,0.288864699497248
"LVA","Latvia",2010,0.284368709088408
"LVA","Latvia",2011,0.283063627838988
"LVA","Latvia",2012,0.281826869510622
"LVA","Latvia",2013,0.279588844592089
"LVA","Latvia",2014,0.277939758616676
"LVA","Latvia",2015,0.27666604470908
"LVA","Latvia",2016,0.274696939400286
"LVA","Latvia",2017,0.272967878098454
"LVA","Latvia",2018,0.271606637448915
"LVA","Latvia",2019,0.270130194257309
"LVA","Latvia",2020,0.268403270108636
"LVA","Latvia",2021,0.267274831792929
"LVA","Latvia",2022,0.267274831792929
"LBN","Lebanon",1995,0.588722782051847
"LBN","Lebanon",1996,0.588722782051847
"LBN","Lebanon",1997,0.588722782051847
"LBN","Lebanon",1998,0.588722782051847
"LBN","Lebanon",1999,0.588722782051847
"LBN","Lebanon",2000,0.588722782051847
"LBN","Lebanon",2001,0.58649188061716
"LBN","Lebanon",2002,0.586770916010161
"LBN","Lebanon",2003,0.586990723495544
"LBN","Lebanon",2004,0.588395084531002
"LBN","Lebanon",2005,0.584964977270086
"LBN","Lebanon",2006,0.587283339340166
"LBN","Lebanon",2007,0.565117101048985
"LBN","Lebanon",2008,0.54308033596762
"LBN","Lebanon",2009,0.523765376341062
"LBN","Lebanon",2010,0.495477730741748
"LBN","Lebanon",2011,0.470981682162683
"LBN","Lebanon",2012,0.447780445387968
"LBN","Lebanon",2013,0.442489809127898
"LBN","Lebanon",2014,0.431455240490417
"LBN","Lebanon",2015,0.444386038999496
"LBN","Lebanon",2016,0.438862700117736
"LBN","Lebanon",2017,0.436140558580682
"LBN","Lebanon",2018,0.425302218603129
"LBN","Lebanon",2019,0.437115674643066
"LBN","Lebanon",2020,0.476683912221444
"LBN","Lebanon",2021,0.478642988979197
"LBN","Lebanon",2022,0.478642988979197
"LSO","Lesotho",1995,0.618395396985885
"LSO","Lesotho",1996,0.618395396985885
"LSO","Lesotho",1997,0.618395396985885
"LSO","Lesotho",1998,0.618395396985885
"LSO","Lesotho",1999,0.618395396985885
"LSO","Lesotho",2000,0.618395396985885
"LSO","Lesotho",2001,0.631358050577841
"LSO","Lesotho",2002,0.633891928196789
"LSO","Lesotho",2003,0.63116913991543
"LSO","Lesotho",2004,0.640220090844976
"LSO","Lesotho",2005,0.667040133117878
"LSO","Lesotho",2006,0.638139787938762
"LSO","Lesotho",2007,0.620343481684434
"LSO","Lesotho",2008,0.666926516477629
"LSO","Lesotho",2009,0.688512548302837
"LSO","Lesotho",2010,0.65861215056927
"LSO","Lesotho",2011,0.676914534733182
"LSO","Lesotho",2012,0.671551452493259
"LSO","Lesotho",2013,0.677455670097359
"LSO","Lesotho",2014,0.661634213674053
"LSO","Lesotho",2015,0.633191975944936
"LSO","Lesotho",2016,0.624743841432899
"LSO","Lesotho",2017,0.638420626266648
"LSO","Lesotho",2018,0.627443335280203
"LSO","Lesotho",2019,0.620893673019641
"LSO","Lesotho",2020,0.614384265304638
"LSO","Lesotho",2021,0.61447205735104
"LSO","Lesotho",2022,0.614561987095162
"LBR","Liberia",1995,0.580539891338362
"LBR","Liberia",1996,0.580539891338362
"LBR","Liberia",1997,0.580539891338362
"LBR","Liberia",1998,0.580539891338362
"LBR","Liberia",1999,0.580539891338362
"LBR","Liberia",2000,0.580539891338362
"LBR","Liberia",2001,0.647001158625979
"LBR","Liberia",2002,0.662577935253872
"LBR","Liberia",2003,0.708985142488369
"LBR","Liberia",2004,0.676462749978349
"LBR","Liberia",2005,0.723878201402063
"LBR","Liberia",2006,0.739414386143291
"LBR","Liberia",2007,0.776867041095831
"LBR","Liberia",2008,0.775711031238314
"LBR","Liberia",2009,0.769567647643424
"LBR","Liberia",2010,0.770719438010374
"LBR","Liberia",2011,0.768918095931666
"LBR","Liberia",2012,0.767116753852957
"LBR","Liberia",2013,0.765315401683432
"LBR","Liberia",2014,0.763514049513906
"LBR","Liberia",2015,0.764053466143482
"LBR","Liberia",2016,0.762252113973957
"LBR","Liberia",2017,0.760450771895248
"LBR","Liberia",2018,0.745751702543813
"LBR","Liberia",2019,0.71585367720271
"LBR","Liberia",2020,0.640887416885094
"LBR","Liberia",2021,0.667275353886833
"LBR","Liberia",2022,0.667275353886833
"LBY","Libyan Arab Jamahiriya",1995,0.487360441410989
"LBY","Libyan Arab Jamahiriya",1996,0.487360441410989
"LBY","Libyan Arab Jamahiriya",1997,0.487360441410989
"LBY","Libyan Arab Jamahiriya",1998,0.487360441410989
"LBY","Libyan Arab Jamahiriya",1999,0.487360441410989
"LBY","Libyan Arab Jamahiriya",2000,0.487360441410989
"LBY","Libyan Arab Jamahiriya",2001,0.487775620288682
"LBY","Libyan Arab Jamahiriya",2002,0.488190799166375
"LBY","Libyan Arab Jamahiriya",2003,0.488605978044067
"LBY","Libyan Arab Jamahiriya",2004,0.481368238852176
"LBY","Libyan Arab Jamahiriya",2005,0.481783417729868
"LBY","Libyan Arab Jamahiriya",2006,0.482298438049886
"LBY","Libyan Arab Jamahiriya",2007,0.48281430785825
"LBY","Libyan Arab Jamahiriya",2008,0.475482679421683
"LBY","Libyan Arab Jamahiriya",2009,0.465747897936337
"LBY","Libyan Arab Jamahiriya",2010,0.466036254472098
"LBY","Libyan Arab Jamahiriya",2011,0.466101848082399
"LBY","Libyan Arab Jamahiriya",2012,0.466517026960092
"LBY","Libyan Arab Jamahiriya",2013,0.462779568351814
"LBY","Libyan Arab Jamahiriya",2014,0.463215791000551
"LBY","Libyan Arab Jamahiriya",2015,0.464928669092609
"LBY","Libyan Arab Jamahiriya",2016,0.465388034255615
"LBY","Libyan Arab Jamahiriya",2017,0.466474291673927
"LBY","Libyan Arab Jamahiriya",2018,0.466473290065726
"LBY","Libyan Arab Jamahiriya",2019,0.466473290065726
"LBY","Libyan Arab Jamahiriya",2020,0.466473290065726
"LBY","Libyan Arab Jamahiriya",2021,0.466473290065726
"LBY","Libyan Arab Jamahiriya",2022,0.466473290065726
"LIE","Liechtenstein",1995,NA
"LIE","Liechtenstein",1996,NA
"LIE","Liechtenstein",1997,NA
"LIE","Liechtenstein",1998,NA
"LIE","Liechtenstein",1999,NA
"LIE","Liechtenstein",2000,NA
"LIE","Liechtenstein",2001,NA
"LIE","Liechtenstein",2002,NA
"LIE","Liechtenstein",2003,NA
"LIE","Liechtenstein",2004,NA
"LIE","Liechtenstein",2005,NA
"LIE","Liechtenstein",2006,NA
"LIE","Liechtenstein",2007,NA
"LIE","Liechtenstein",2008,NA
"LIE","Liechtenstein",2009,NA
"LIE","Liechtenstein",2010,NA
"LIE","Liechtenstein",2011,NA
"LIE","Liechtenstein",2012,NA
"LIE","Liechtenstein",2013,NA
"LIE","Liechtenstein",2014,NA
"LIE","Liechtenstein",2015,NA
"LIE","Liechtenstein",2016,NA
"LIE","Liechtenstein",2017,NA
"LIE","Liechtenstein",2018,NA
"LIE","Liechtenstein",2019,NA
"LIE","Liechtenstein",2020,NA
"LIE","Liechtenstein",2021,NA
"LIE","Liechtenstein",2022,NA
"LTU","Lithuania",1995,0.294915086420811
"LTU","Lithuania",1996,0.294529283951676
"LTU","Lithuania",1997,0.295539384961777
"LTU","Lithuania",1998,0.296310989900048
"LTU","Lithuania",1999,0.302062953985346
"LTU","Lithuania",2000,0.304644323233382
"LTU","Lithuania",2001,0.30426600954014
"LTU","Lithuania",2002,0.304217171237338
"LTU","Lithuania",2003,0.304393373097599
"LTU","Lithuania",2004,0.303692517399597
"LTU","Lithuania",2005,0.302284692446751
"LTU","Lithuania",2006,0.300444901092033
"LTU","Lithuania",2007,0.298962491962391
"LTU","Lithuania",2008,0.297167622649897
"LTU","Lithuania",2009,0.297111653738222
"LTU","Lithuania",2010,0.296516660482556
"LTU","Lithuania",2011,0.292971320232293
"LTU","Lithuania",2012,0.289431672430343
"LTU","Lithuania",2013,0.286969904245668
"LTU","Lithuania",2014,0.283823848034907
"LTU","Lithuania",2015,0.281890401432292
"LTU","Lithuania",2016,0.278184263029414
"LTU","Lithuania",2017,0.275052423549594
"LTU","Lithuania",2018,0.270552524967107
"LTU","Lithuania",2019,0.272482458844414
"LTU","Lithuania",2020,0.272169838372362
"LTU","Lithuania",2021,0.255661778700422
"LTU","Lithuania",2022,0.254623372156168
"LUX","Luxembourg",1995,0.240151559896778
"LUX","Luxembourg",1996,0.238374530341971
"LUX","Luxembourg",1997,0.23696576678043
"LUX","Luxembourg",1998,0.237138793342345
"LUX","Luxembourg",1999,0.236376541191204
"LUX","Luxembourg",2000,0.237948393978335
"LUX","Luxembourg",2001,0.237080420615712
"LUX","Luxembourg",2002,0.234871164814694
"LUX","Luxembourg",2003,0.227056915589656
"LUX","Luxembourg",2004,0.225668139538121
"LUX","Luxembourg",2005,0.213727406918979
"LUX","Luxembourg",2006,0.213748916960498
"LUX","Luxembourg",2007,0.213608079732495
"LUX","Luxembourg",2008,0.211784810053868
"LUX","Luxembourg",2009,0.211675855340278
"LUX","Luxembourg",2010,0.211608903129486
"LUX","Luxembourg",2011,0.21025715092802
"LUX","Luxembourg",2012,0.214961563067012
"LUX","Luxembourg",2013,0.213805215071173
"LUX","Luxembourg",2014,0.212548486916291
"LUX","Luxembourg",2015,0.211955562482555
"LUX","Luxembourg",2016,0.212359744881637
"LUX","Luxembourg",2017,0.211568662727005
"LUX","Luxembourg",2018,0.211187882298964
"LUX","Luxembourg",2019,0.210172516978615
"LUX","Luxembourg",2020,0.209099773950445
"LUX","Luxembourg",2021,0.20814271280602
"LUX","Luxembourg",2022,0.207474352805701
"MKD","Macedonia",1995,0.506811269926111
"MKD","Macedonia",1996,0.507112897311072
"MKD","Macedonia",1997,0.507014693046201
"MKD","Macedonia",1998,0.507021707636549
"MKD","Macedonia",1999,0.507449597647772
"MKD","Macedonia",2000,0.507400495515337
"MKD","Macedonia",2001,0.496534249862147
"MKD","Macedonia",2002,0.505833371651901
"MKD","Macedonia",2003,0.48698300545863
"MKD","Macedonia",2004,0.489778581681158
"MKD","Macedonia",2005,0.4921222378623
"MKD","Macedonia",2006,0.49737983911555
"MKD","Macedonia",2007,0.484369877242058
"MKD","Macedonia",2008,0.495393397404403
"MKD","Macedonia",2009,0.487009676208883
"MKD","Macedonia",2010,0.477868247784183
"MKD","Macedonia",2011,0.480351771455775
"MKD","Macedonia",2012,0.481722463533208
"MKD","Macedonia",2013,0.474401494496613
"MKD","Macedonia",2014,0.478182263789021
"MKD","Macedonia",2015,0.477629410838464
"MKD","Macedonia",2016,0.480316253002082
"MKD","Macedonia",2017,0.476292444152623
"MKD","Macedonia",2018,0.475702042804803
"MKD","Macedonia",2019,0.475729151224533
"MKD","Macedonia",2020,0.475703707726338
"MKD","Macedonia",2021,0.475684730691974
"MKD","Macedonia",2022,0.475750347620133
"MDG","Madagascar",1995,0.683635606826596
"MDG","Madagascar",1996,0.684600112999435
"MDG","Madagascar",1997,0.684600112999435
"MDG","Madagascar",1998,0.684600112999435
"MDG","Madagascar",1999,0.684600112999435
"MDG","Madagascar",2000,0.684600112999435
"MDG","Madagascar",2001,0.720178742445379
"MDG","Madagascar",2002,0.783401668126155
"MDG","Madagascar",2003,0.72463149267565
"MDG","Madagascar",2004,0.788207650286828
"MDG","Madagascar",2005,0.794922928649863
"MDG","Madagascar",2006,0.798851198566568
"MDG","Madagascar",2007,0.749107470483246
"MDG","Madagascar",2008,0.768817806394142
"MDG","Madagascar",2009,0.793166214264252
"MDG","Madagascar",2010,0.738943898018836
"MDG","Madagascar",2011,0.796116873255648
"MDG","Madagascar",2012,0.753446532871663
"MDG","Madagascar",2013,0.756520624459121
"MDG","Madagascar",2014,0.780533753839024
"MDG","Madagascar",2015,0.796545870822002
"MDG","Madagascar",2016,0.781460116522108
"MDG","Madagascar",2017,0.760638380107081
"MDG","Madagascar",2018,0.792122346598959
"MDG","Madagascar",2019,0.789385881738858
"MDG","Madagascar",2020,0.786647811839748
"MDG","Madagascar",2021,0.785927886388561
"MDG","Madagascar",2022,0.785206357674694
"MWI","Malawi",1995,0.849824153756235
"MWI","Malawi",1996,0.849824153756235
"MWI","Malawi",1997,0.849824153756235
"MWI","Malawi",1998,0.849824153756235
"MWI","Malawi",1999,0.849824153756235
"MWI","Malawi",2000,0.849824153756235
"MWI","Malawi",2001,0.846854215751502
"MWI","Malawi",2002,0.843887233087846
"MWI","Malawi",2003,0.840920248973724
"MWI","Malawi",2004,0.837895016082415
"MWI","Malawi",2005,0.831232721539537
"MWI","Malawi",2006,0.824583422240081
"MWI","Malawi",2007,0.817946965573255
"MWI","Malawi",2008,0.813112245141623
"MWI","Malawi",2009,0.806173041388667
"MWI","Malawi",2010,0.799573384003395
"MWI","Malawi",2011,0.792986444124328
"MWI","Malawi",2012,0.78641295717354
"MWI","Malawi",2013,0.780549055067055
"MWI","Malawi",2014,0.774004277190205
"MWI","Malawi",2015,0.76747478251679
"MWI","Malawi",2016,0.760441085549787
"MWI","Malawi",2017,0.753944343114707
"MWI","Malawi",2018,0.74596276378425
"MWI","Malawi",2019,0.742456571530612
"MWI","Malawi",2020,0.73799900971093
"MWI","Malawi",2021,0.73453149712363
"MWI","Malawi",2022,0.731084623471688
"MYS","Malaysia",1995,0.383419397813353
"MYS","Malaysia",1996,0.38329313518709
"MYS","Malaysia",1997,0.382156771550726
"MYS","Malaysia",1998,0.382156771550726
"MYS","Malaysia",1999,0.381981406792028
"MYS","Malaysia",2000,0.381995435972724
"MYS","Malaysia",2001,0.381649304181953
"MYS","Malaysia",2002,0.380285438932865
"MYS","Malaysia",2003,0.379867736595179
"MYS","Malaysia",2004,0.379645561837199
"MYS","Malaysia",2005,0.378931639890804
"MYS","Malaysia",2006,0.378251755405287
"MYS","Malaysia",2007,0.377628043902686
"MYS","Malaysia",2008,0.370748849486213
"MYS","Malaysia",2009,0.368737166124931
"MYS","Malaysia",2010,0.363624186352678
"MYS","Malaysia",2011,0.360504332698069
"MYS","Malaysia",2012,0.356170442591184
"MYS","Malaysia",2013,0.352738631564608
"MYS","Malaysia",2014,0.351489669637982
"MYS","Malaysia",2015,0.349175854427771
"MYS","Malaysia",2016,0.347361309195236
"MYS","Malaysia",2017,0.344547550482278
"MYS","Malaysia",2018,0.342117780661978
"MYS","Malaysia",2019,0.344875348955806
"MYS","Malaysia",2020,0.342303244249058
"MYS","Malaysia",2021,0.340752464711709
"MYS","Malaysia",2022,0.339303033833535
"MDV","Maldives",1995,0.601739732018868
"MDV","Maldives",1996,0.601739732018868
"MDV","Maldives",1997,0.601739732018868
"MDV","Maldives",1998,0.601739732018868
"MDV","Maldives",1999,0.601739732018868
"MDV","Maldives",2000,0.601739732018868
"MDV","Maldives",2001,0.602501604974985
"MDV","Maldives",2002,0.608042499201286
"MDV","Maldives",2003,0.607349887422999
"MDV","Maldives",2004,0.591611168992982
"MDV","Maldives",2005,0.592511564304756
"MDV","Maldives",2006,0.594035310216989
"MDV","Maldives",2007,0.571856876378022
"MDV","Maldives",2008,0.575034416913167
"MDV","Maldives",2009,0.569139622200785
"MDV","Maldives",2010,0.568501220191382
"MDV","Maldives",2011,0.569800235280172
"MDV","Maldives",2012,0.571168511546791
"MDV","Maldives",2013,0.568935206566314
"MDV","Maldives",2014,0.560075831098856
"MDV","Maldives",2015,0.548810387927204
"MDV","Maldives",2016,0.58249513478613
"MDV","Maldives",2017,0.569803897107693
"MDV","Maldives",2018,0.556402605715052
"MDV","Maldives",2019,0.569245682815934
"MDV","Maldives",2020,0.564638924228227
"MDV","Maldives",2021,0.642142182218623
"MDV","Maldives",2022,0.642142182218623
"MLI","Mali",1995,0.720508846486632
"MLI","Mali",1996,0.7203919366475
"MLI","Mali",1997,0.7203919366475
"MLI","Mali",1998,0.7203919366475
"MLI","Mali",1999,0.7203919366475
"MLI","Mali",2000,0.720503000994675
"MLI","Mali",2001,0.722362389186711
"MLI","Mali",2002,0.760267842240913
"MLI","Mali",2003,0.725497558155805
"MLI","Mali",2004,0.739342650613462
"MLI","Mali",2005,0.747101722710761
"MLI","Mali",2006,0.770810138232227
"MLI","Mali",2007,0.762189583812598
"MLI","Mali",2008,0.77387757840668
"MLI","Mali",2009,0.78443589724834
"MLI","Mali",2010,0.802096181082877
"MLI","Mali",2011,0.806846030838141
"MLI","Mali",2012,0.802453441495181
"MLI","Mali",2013,0.797971435558918
"MLI","Mali",2014,0.793658048818104
"MLI","Mali",2015,0.789268313393387
"MLI","Mali",2016,0.784539934296025
"MLI","Mali",2017,0.778709204195657
"MLI","Mali",2018,0.775566267751934
"MLI","Mali",2019,0.696733590036708
"MLI","Mali",2020,0.636067646686186
"MLI","Mali",2021,0.765899103383743
"MLI","Mali",2022,0.765037564976902
"MLT","Malta",1995,0.297405397156342
"MLT","Malta",1996,0.297405397156342
"MLT","Malta",1997,0.297405397156342
"MLT","Malta",1998,0.296507529591808
"MLT","Malta",1999,0.296507529591808
"MLT","Malta",2000,0.296100683351629
"MLT","Malta",2001,0.292797023058096
"MLT","Malta",2002,0.279392328198017
"MLT","Malta",2003,0.280339497866097
"MLT","Malta",2004,0.281112731564708
"MLT","Malta",2005,0.281514188581428
"MLT","Malta",2006,0.282217192442386
"MLT","Malta",2007,0.281832888434703
"MLT","Malta",2008,0.277878163853654
"MLT","Malta",2009,0.291039024888943
"MLT","Malta",2010,0.289392088466973
"MLT","Malta",2011,0.289246278478798
"MLT","Malta",2012,0.290615610329456
"MLT","Malta",2013,0.289733265585256
"MLT","Malta",2014,0.284186202208618
"MLT","Malta",2015,0.285702849903296
"MLT","Malta",2016,0.287429918987863
"MLT","Malta",2017,0.287429963229963
"MLT","Malta",2018,0.283740330548302
"MLT","Malta",2019,0.283671110971488
"MLT","Malta",2020,0.242033431821428
"MLT","Malta",2021,0.222610082078243
"MLT","Malta",2022,0.222610122324992
"MHL","Marshall Islands",1995,0.658047549391992
"MHL","Marshall Islands",1996,0.658047549391992
"MHL","Marshall Islands",1997,0.658047549391992
"MHL","Marshall Islands",1998,0.658047549391992
"MHL","Marshall Islands",1999,0.658047549391992
"MHL","Marshall Islands",2000,0.657617905733181
"MHL","Marshall Islands",2001,0.657617905733181
"MHL","Marshall Islands",2002,0.657617905733181
"MHL","Marshall Islands",2003,0.657617905733181
"MHL","Marshall Islands",2004,0.657617905733181
"MHL","Marshall Islands",2005,0.657617905733181
"MHL","Marshall Islands",2006,0.657617905733181
"MHL","Marshall Islands",2007,0.652313121782564
"MHL","Marshall Islands",2008,0.652313121782564
"MHL","Marshall Islands",2009,0.652313121782564
"MHL","Marshall Islands",2010,0.661774050514326
"MHL","Marshall Islands",2011,0.650156135250577
"MHL","Marshall Islands",2012,0.652435877113653
"MHL","Marshall Islands",2013,0.652435877113653
"MHL","Marshall Islands",2014,0.652435877113653
"MHL","Marshall Islands",2015,0.652435877113653
"MHL","Marshall Islands",2016,0.652435877113653
"MHL","Marshall Islands",2017,0.652435877113653
"MHL","Marshall Islands",2018,0.64667514479042
"MHL","Marshall Islands",2019,0.64667514479042
"MHL","Marshall Islands",2020,0.64667514479042
"MHL","Marshall Islands",2021,0.64667514479042
"MHL","Marshall Islands",2022,0.64667514479042
"MRT","Mauritania",1995,0.662776900813213
"MRT","Mauritania",1996,0.662776900813213
"MRT","Mauritania",1997,0.662776900813213
"MRT","Mauritania",1998,0.662776900813213
"MRT","Mauritania",1999,0.662776900813213
"MRT","Mauritania",2000,0.662776900813213
"MRT","Mauritania",2001,0.656079234931725
"MRT","Mauritania",2002,0.660048315297074
"MRT","Mauritania",2003,0.68669443098052
"MRT","Mauritania",2004,0.668276777165546
"MRT","Mauritania",2005,0.652268121031438
"MRT","Mauritania",2006,0.629776809467102
"MRT","Mauritania",2007,0.638000574342688
"MRT","Mauritania",2008,0.641544909980913
"MRT","Mauritania",2009,0.637990950685076
"MRT","Mauritania",2010,0.638122354917206
"MRT","Mauritania",2011,0.63074545666825
"MRT","Mauritania",2012,0.627006376075712
"MRT","Mauritania",2013,0.648769982355059
"MRT","Mauritania",2014,0.653539157540296
"MRT","Mauritania",2015,0.638248049247618
"MRT","Mauritania",2016,0.591326698997423
"MRT","Mauritania",2017,0.632025563608867
"MRT","Mauritania",2018,0.640543073548542
"MRT","Mauritania",2019,0.654198439341645
"MRT","Mauritania",2020,0.62070515082735
"MRT","Mauritania",2021,0.73703079891084
"MRT","Mauritania",2022,0.73703079891084
"MUS","Mauritius",1995,0.461363155575753
"MUS","Mauritius",1996,0.461363155575753
"MUS","Mauritius",1997,0.461363155575753
"MUS","Mauritius",1998,0.461363155575753
"MUS","Mauritius",1999,0.461363155575753
"MUS","Mauritius",2000,0.461029962534227
"MUS","Mauritius",2001,0.463153928322881
"MUS","Mauritius",2002,0.460449104580034
"MUS","Mauritius",2003,0.458887219601259
"MUS","Mauritius",2004,0.457319750505998
"MUS","Mauritius",2005,0.457184125397394
"MUS","Mauritius",2006,0.457196117707205
"MUS","Mauritius",2007,0.467308551761558
"MUS","Mauritius",2008,0.473090198603302
"MUS","Mauritius",2009,0.479520753441598
"MUS","Mauritius",2010,0.479941110896428
"MUS","Mauritius",2011,0.495142486717254
"MUS","Mauritius",2012,0.480075839946609
"MUS","Mauritius",2013,0.469949219624254
"MUS","Mauritius",2014,0.45796353010489
"MUS","Mauritius",2015,0.474802087672954
"MUS","Mauritius",2016,0.453661516236538
"MUS","Mauritius",2017,0.452894241776259
"MUS","Mauritius",2018,0.452847178762296
"MUS","Mauritius",2019,0.445014581934468
"MUS","Mauritius",2020,0.443105927838308
"MUS","Mauritius",2021,0.453365537973565
"MUS","Mauritius",2022,0.453365537973565
"MEX","Mexico",1995,0.443776355062534
"MEX","Mexico",1996,0.443864037441883
"MEX","Mexico",1997,0.443788046046447
"MEX","Mexico",1998,0.44354253538427
"MEX","Mexico",1999,0.443244415294483
"MEX","Mexico",2000,0.438246519671588
"MEX","Mexico",2001,0.444081474736845
"MEX","Mexico",2002,0.443905294476629
"MEX","Mexico",2003,0.440868914388118
"MEX","Mexico",2004,0.437284390897768
"MEX","Mexico",2005,0.432708072613348
"MEX","Mexico",2006,0.428479134920117
"MEX","Mexico",2007,0.42435268233467
"MEX","Mexico",2008,0.420457746233283
"MEX","Mexico",2009,0.416298108878109
"MEX","Mexico",2010,0.412219097022101
"MEX","Mexico",2011,0.40734394027711
"MEX","Mexico",2012,0.403298369608152
"MEX","Mexico",2013,0.397720975134361
"MEX","Mexico",2014,0.394171993805731
"MEX","Mexico",2015,0.389209083539513
"MEX","Mexico",2016,0.384632712871615
"MEX","Mexico",2017,0.380274029282019
"MEX","Mexico",2018,0.37589354631429
"MEX","Mexico",2019,0.371871532367041
"MEX","Mexico",2020,0.36745424322077
"MEX","Mexico",2021,0.363769438055277
"MEX","Mexico",2022,0.359595937291719
"FSM","Micronesia, Federated States of",1995,0.648808457079983
"FSM","Micronesia, Federated States of",1996,0.648808457079983
"FSM","Micronesia, Federated States of",1997,0.648808457079983
"FSM","Micronesia, Federated States of",1998,0.648808457079983
"FSM","Micronesia, Federated States of",1999,0.648808457079983
"FSM","Micronesia, Federated States of",2000,0.648808457079983
"FSM","Micronesia, Federated States of",2001,0.648808457079983
"FSM","Micronesia, Federated States of",2002,0.648808457079983
"FSM","Micronesia, Federated States of",2003,0.662643859717469
"FSM","Micronesia, Federated States of",2004,0.662643859717469
"FSM","Micronesia, Federated States of",2005,0.662417639178748
"FSM","Micronesia, Federated States of",2006,0.662417639178748
"FSM","Micronesia, Federated States of",2007,0.662417639178748
"FSM","Micronesia, Federated States of",2008,0.659218985980095
"FSM","Micronesia, Federated States of",2009,0.6545577906939
"FSM","Micronesia, Federated States of",2010,0.65707252133363
"FSM","Micronesia, Federated States of",2011,0.65707252133363
"FSM","Micronesia, Federated States of",2012,0.652944434913877
"FSM","Micronesia, Federated States of",2013,0.652944434913877
"FSM","Micronesia, Federated States of",2014,0.652944434913877
"FSM","Micronesia, Federated States of",2015,0.652944434913877
"FSM","Micronesia, Federated States of",2016,0.652944434913877
"FSM","Micronesia, Federated States of",2017,0.652944434913877
"FSM","Micronesia, Federated States of",2018,0.663860891142833
"FSM","Micronesia, Federated States of",2019,0.66276486140097
"FSM","Micronesia, Federated States of",2020,0.660151926496369
"FSM","Micronesia, Federated States of",2021,0.660151926496369
"FSM","Micronesia, Federated States of",2022,0.660151926496369
"MDA","Moldova, Republic of",1995,0.329499822180927
"MDA","Moldova, Republic of",1996,0.331344659442431
"MDA","Moldova, Republic of",1997,0.328608969206741
"MDA","Moldova, Republic of",1998,0.330467835648941
"MDA","Moldova, Republic of",1999,0.339362336210108
"MDA","Moldova, Republic of",2000,0.368220360901466
"MDA","Moldova, Republic of",2001,0.354713986394319
"MDA","Moldova, Republic of",2002,0.364782448399621
"MDA","Moldova, Republic of",2003,0.36429522971153
"MDA","Moldova, Republic of",2004,0.348742504186918
"MDA","Moldova, Republic of",2005,0.355214124365325
"MDA","Moldova, Republic of",2006,0.350416015811087
"MDA","Moldova, Republic of",2007,0.343091909918774
"MDA","Moldova, Republic of",2008,0.337010208028838
"MDA","Moldova, Republic of",2009,0.385237155389542
"MDA","Moldova, Republic of",2010,0.389399964470451
"MDA","Moldova, Republic of",2011,0.352765172686666
"MDA","Moldova, Republic of",2012,0.353459564790494
"MDA","Moldova, Republic of",2013,0.362150526393768
"MDA","Moldova, Republic of",2014,0.369671252208868
"MDA","Moldova, Republic of",2015,0.342545579603347
"MDA","Moldova, Republic of",2016,0.317680816762818
"MDA","Moldova, Republic of",2017,0.317114467328462
"MDA","Moldova, Republic of",2018,0.304200417418029
"MDA","Moldova, Republic of",2019,0.321767036892479
"MDA","Moldova, Republic of",2020,0.307387379538658
"MDA","Moldova, Republic of",2021,0.310088565473981
"MDA","Moldova, Republic of",2022,0.310088565473981
"MCO","Monaco",1995,0.233822661625437
"MCO","Monaco",1996,0.233822661625437
"MCO","Monaco",1997,0.233822661625437
"MCO","Monaco",1998,0.233822661625437
"MCO","Monaco",1999,0.233822661625437
"MCO","Monaco",2000,0.233822661625437
"MCO","Monaco",2001,0.233822661625437
"MCO","Monaco",2002,0.233822661625437
"MCO","Monaco",2003,0.233822661625437
"MCO","Monaco",2004,0.233822661625437
"MCO","Monaco",2005,0.233822661625437
"MCO","Monaco",2006,0.233822661625437
"MCO","Monaco",2007,0.233822661625437
"MCO","Monaco",2008,0.233822661625437
"MCO","Monaco",2009,0.233822661625437
"MCO","Monaco",2010,0.233822661625437
"MCO","Monaco",2011,0.205238205957648
"MCO","Monaco",2012,0.197364328292104
"MCO","Monaco",2013,0.17978401123262
"MCO","Monaco",2014,0.172076730087839
"MCO","Monaco",2015,0.172076730087839
"MCO","Monaco",2016,0.172076730087839
"MCO","Monaco",2017,0.172076730087839
"MCO","Monaco",2018,0.172076730087839
"MCO","Monaco",2019,0.172076730087839
"MCO","Monaco",2020,0.172076730087839
"MCO","Monaco",2021,0.172076730087839
"MCO","Monaco",2022,0.172076730087839
"MNG","Mongolia",1995,0.4583268092448
"MNG","Mongolia",1996,0.4583268092448
"MNG","Mongolia",1997,0.4583268092448
"MNG","Mongolia",1998,0.4583268092448
"MNG","Mongolia",1999,0.457701341605444
"MNG","Mongolia",2000,0.457701341605444
"MNG","Mongolia",2001,0.46759201093791
"MNG","Mongolia",2002,0.469280317446239
"MNG","Mongolia",2003,0.459115177447588
"MNG","Mongolia",2004,0.468711468442979
"MNG","Mongolia",2005,0.447738270314563
"MNG","Mongolia",2006,0.44433599158351
"MNG","Mongolia",2007,0.430119656521821
"MNG","Mongolia",2008,0.440634646541844
"MNG","Mongolia",2009,0.435336303295917
"MNG","Mongolia",2010,0.421290946692572
"MNG","Mongolia",2011,0.425524179948875
"MNG","Mongolia",2012,0.416163170974565
"MNG","Mongolia",2013,0.406584990906861
"MNG","Mongolia",2014,0.404941664298562
"MNG","Mongolia",2015,0.389891472380566
"MNG","Mongolia",2016,0.4081841489043
"MNG","Mongolia",2017,0.406008266798518
"MNG","Mongolia",2018,0.393522825613886
"MNG","Mongolia",2019,0.38677568327935
"MNG","Mongolia",2020,0.358380431381581
"MNG","Mongolia",2021,0.334683394394998
"MNG","Mongolia",2022,0.333998606929232
"MNE","Montenegro",1995,0.487297425617501
"MNE","Montenegro",1996,0.487297425617501
"MNE","Montenegro",1997,0.487297425617501
"MNE","Montenegro",1998,0.487297425617501
"MNE","Montenegro",1999,0.487297425617501
"MNE","Montenegro",2000,0.487136090039499
"MNE","Montenegro",2001,0.486939681509757
"MNE","Montenegro",2002,0.487009827413236
"MNE","Montenegro",2003,0.486698991166477
"MNE","Montenegro",2004,0.485518345716574
"MNE","Montenegro",2005,0.484181185007567
"MNE","Montenegro",2006,0.48247225101012
"MNE","Montenegro",2007,0.475751344573245
"MNE","Montenegro",2008,0.468339907666101
"MNE","Montenegro",2009,0.462180903519665
"MNE","Montenegro",2010,0.458846367276069
"MNE","Montenegro",2011,0.454356733344113
"MNE","Montenegro",2012,0.449795203096704
"MNE","Montenegro",2013,0.440310574952348
"MNE","Montenegro",2014,0.434177480800723
"MNE","Montenegro",2015,0.430428017466857
"MNE","Montenegro",2016,0.42354901488408
"MNE","Montenegro",2017,0.416942553618764
"MNE","Montenegro",2018,0.409850183844011
"MNE","Montenegro",2019,0.405097182414792
"MNE","Montenegro",2020,0.399406523797485
"MNE","Montenegro",2021,0.392976474187902
"MNE","Montenegro",2022,0.388934182181479
"MAR","Morocco",1995,0.524930247103388
"MAR","Morocco",1996,0.524930247103388
"MAR","Morocco",1997,0.524930247103388
"MAR","Morocco",1998,0.524930247103388
"MAR","Morocco",1999,0.524930247103388
"MAR","Morocco",2000,0.524930247103388
"MAR","Morocco",2001,0.521902022502245
"MAR","Morocco",2002,0.519999183028744
"MAR","Morocco",2003,0.517900379879006
"MAR","Morocco",2004,0.515457409013163
"MAR","Morocco",2005,0.508074442312762
"MAR","Morocco",2006,0.502836126178978
"MAR","Morocco",2007,0.504922912130612
"MAR","Morocco",2008,0.498830744436118
"MAR","Morocco",2009,0.499463408939064
"MAR","Morocco",2010,0.489355104265823
"MAR","Morocco",2011,0.487227526319681
"MAR","Morocco",2012,0.48560856827713
"MAR","Morocco",2013,0.478610779410892
"MAR","Morocco",2014,0.477886335526445
"MAR","Morocco",2015,0.47504444234488
"MAR","Morocco",2016,0.467289488222189
"MAR","Morocco",2017,0.464688525190274
"MAR","Morocco",2018,0.463146006366744
"MAR","Morocco",2019,0.465286649010419
"MAR","Morocco",2020,0.47175202926484
"MAR","Morocco",2021,0.480534745264378
"MAR","Morocco",2022,0.480345625870021
"MOZ","Mozambique",1995,0.520311363251329
"MOZ","Mozambique",1996,0.520311363251329
"MOZ","Mozambique",1997,0.520311363251329
"MOZ","Mozambique",1998,0.520311363251329
"MOZ","Mozambique",1999,0.520311363251329
"MOZ","Mozambique",2000,0.520283304889937
"MOZ","Mozambique",2001,0.630977942552479
"MOZ","Mozambique",2002,0.645702897129157
"MOZ","Mozambique",2003,0.642164341588324
"MOZ","Mozambique",2004,0.63839430456601
"MOZ","Mozambique",2005,0.63481366148309
"MOZ","Mozambique",2006,0.631204960038778
"MOZ","Mozambique",2007,0.627484035239717
"MOZ","Mozambique",2008,0.623749081259959
"MOZ","Mozambique",2009,0.620014117189385
"MOZ","Mozambique",2010,0.616377357383681
"MOZ","Mozambique",2011,0.612894918565632
"MOZ","Mozambique",2012,0.609244129579232
"MOZ","Mozambique",2013,0.605600355183181
"MOZ","Mozambique",2014,0.602068814232696
"MOZ","Mozambique",2015,0.598326835571773
"MOZ","Mozambique",2016,0.594549783959111
"MOZ","Mozambique",2017,0.590884975882833
"MOZ","Mozambique",2018,0.587283299119687
"MOZ","Mozambique",2019,0.583786831120942
"MOZ","Mozambique",2020,0.580171115086281
"MOZ","Mozambique",2021,0.579609947858448
"MOZ","Mozambique",2022,0.579609947858448
"MMR","Myanmar",1995,0.602788381376214
"MMR","Myanmar",1996,0.602788381376214
"MMR","Myanmar",1997,0.602788381376214
"MMR","Myanmar",1998,0.602788381376214
"MMR","Myanmar",1999,0.602764999408388
"MMR","Myanmar",2000,0.602735771948605
"MMR","Myanmar",2001,0.613986534188014
"MMR","Myanmar",2002,0.622035824237147
"MMR","Myanmar",2003,0.640250966694147
"MMR","Myanmar",2004,0.662773988439126
"MMR","Myanmar",2005,0.664767460948862
"MMR","Myanmar",2006,0.682838310245915
"MMR","Myanmar",2007,0.654468101195851
"MMR","Myanmar",2008,0.665854890100056
"MMR","Myanmar",2009,0.666158867900661
"MMR","Myanmar",2010,0.670454686275826
"MMR","Myanmar",2011,0.680637589944989
"MMR","Myanmar",2012,0.656004214224546
"MMR","Myanmar",2013,0.674957053841772
"MMR","Myanmar",2014,0.682833200302613
"MMR","Myanmar",2015,0.672765508727447
"MMR","Myanmar",2016,0.685073108317839
"MMR","Myanmar",2017,0.6874173972873
"MMR","Myanmar",2018,0.686914310856196
"MMR","Myanmar",2019,0.672641784604804
"MMR","Myanmar",2020,0.668577550239951
"MMR","Myanmar",2021,0.698636059815677
"MMR","Myanmar",2022,0.698699317978926
"NAM","Namibia",1995,0.504977358376458
"NAM","Namibia",1996,0.504977358376458
"NAM","Namibia",1997,0.504977358376458
"NAM","Namibia",1998,0.504977358376458
"NAM","Namibia",1999,0.504977358376458
"NAM","Namibia",2000,0.504977358376458
"NAM","Namibia",2001,0.507559663753366
"NAM","Namibia",2002,0.508131502827124
"NAM","Namibia",2003,0.509678925810029
"NAM","Namibia",2004,0.563742496642603
"NAM","Namibia",2005,0.610574915998476
"NAM","Namibia",2006,0.632997112499251
"NAM","Namibia",2007,0.604706592038284
"NAM","Namibia",2008,0.618183413041152
"NAM","Namibia",2009,0.602961898831439
"NAM","Namibia",2010,0.56668205411277
"NAM","Namibia",2011,0.543278078703075
"NAM","Namibia",2012,0.522590130236843
"NAM","Namibia",2013,0.519073527010207
"NAM","Namibia",2014,0.515950891311329
"NAM","Namibia",2015,0.51339148038861
"NAM","Namibia",2016,0.520836141472539
"NAM","Namibia",2017,0.51814616394884
"NAM","Namibia",2018,0.504041257871659
"NAM","Namibia",2019,0.504183538477348
"NAM","Namibia",2020,0.507130006571183
"NAM","Namibia",2021,0.528047245411828
"NAM","Namibia",2022,0.528047245411828
"NRU","Nauru",1995,0.44024622789116
"NRU","Nauru",1996,0.44024622789116
"NRU","Nauru",1997,0.44024622789116
"NRU","Nauru",1998,0.44024622789116
"NRU","Nauru",1999,0.44024622789116
"NRU","Nauru",2000,0.44024622789116
"NRU","Nauru",2001,0.502363911297557
"NRU","Nauru",2002,0.56673867424425
"NRU","Nauru",2003,0.518038814062759
"NRU","Nauru",2004,0.519147518430219
"NRU","Nauru",2005,0.397730347992606
"NRU","Nauru",2006,0.42473442039818
"NRU","Nauru",2007,0.604986678466337
"NRU","Nauru",2008,0.619967092040701
"NRU","Nauru",2009,0.619967092040701
"NRU","Nauru",2010,0.61910780472308
"NRU","Nauru",2011,0.61637211448739
"NRU","Nauru",2012,0.61637211448739
"NRU","Nauru",2013,0.61637211448739
"NRU","Nauru",2014,0.508270237182697
"NRU","Nauru",2015,0.622115310334753
"NRU","Nauru",2016,0.421173687497344
"NRU","Nauru",2017,0.57201080853287
"NRU","Nauru",2018,0.442406124991608
"NRU","Nauru",2019,0.428220861250805
"NRU","Nauru",2020,0.5321306726952
"NRU","Nauru",2021,0.455598126734757
"NRU","Nauru",2022,0.455598126734757
"NPL","Nepal",1995,0.83181863992142
"NPL","Nepal",1996,0.83181863992142
"NPL","Nepal",1997,0.83181863992142
"NPL","Nepal",1998,0.83181863992142
"NPL","Nepal",1999,0.83181863992142
"NPL","Nepal",2000,0.83181863992142
"NPL","Nepal",2001,0.856087465148489
"NPL","Nepal",2002,0.821147067274273
"NPL","Nepal",2003,0.821977633003315
"NPL","Nepal",2004,0.831989227664089
"NPL","Nepal",2005,0.816574596775361
"NPL","Nepal",2006,0.826427752574685
"NPL","Nepal",2007,0.751135270440882
"NPL","Nepal",2008,0.748786387521433
"NPL","Nepal",2009,0.748619791517799
"NPL","Nepal",2010,0.731935497607513
"NPL","Nepal",2011,0.708199724452371
"NPL","Nepal",2012,0.709883758571555
"NPL","Nepal",2013,0.693223980755881
"NPL","Nepal",2014,0.696265118296396
"NPL","Nepal",2015,0.694025055912828
"NPL","Nepal",2016,0.672616441679507
"NPL","Nepal",2017,0.68185480886655
"NPL","Nepal",2018,0.664132848321634
"NPL","Nepal",2019,0.649277219845097
"NPL","Nepal",2020,0.63707681953147
"NPL","Nepal",2021,0.644663429735268
"NPL","Nepal",2022,0.644720533786852
"NLD","Netherlands",1995,0.213052368072748
"NLD","Netherlands",1996,0.213052368072748
"NLD","Netherlands",1997,0.213052368072748
"NLD","Netherlands",1998,0.213052368072748
"NLD","Netherlands",1999,0.213052368072748
"NLD","Netherlands",2000,0.211725441398599
"NLD","Netherlands",2001,0.209281566304782
"NLD","Netherlands",2002,0.161142748207094
"NLD","Netherlands",2003,0.158267792121038
"NLD","Netherlands",2004,0.156799708853534
"NLD","Netherlands",2005,0.155420051549226
"NLD","Netherlands",2006,0.154414601009022
"NLD","Netherlands",2007,0.153926477349459
"NLD","Netherlands",2008,0.151313507584488
"NLD","Netherlands",2009,0.200034892507202
"NLD","Netherlands",2010,0.199204781609122
"NLD","Netherlands",2011,0.19734005971364
"NLD","Netherlands",2012,0.195422737126086
"NLD","Netherlands",2013,0.194464128286809
"NLD","Netherlands",2014,0.204945183583217
"NLD","Netherlands",2015,0.203454678130981
"NLD","Netherlands",2016,0.202244766745712
"NLD","Netherlands",2017,0.200128798265934
"NLD","Netherlands",2018,0.198351101347632
"NLD","Netherlands",2019,0.199982075399042
"NLD","Netherlands",2020,0.197497744924357
"NLD","Netherlands",2021,0.197439846815026
"NLD","Netherlands",2022,0.197439684343584
"NZL","New Zealand",1995,0.289106820253884
"NZL","New Zealand",1996,0.289022645169709
"NZL","New Zealand",1997,0.293217370197768
"NZL","New Zealand",1998,0.288370288267352
"NZL","New Zealand",1999,0.288636842700574
"NZL","New Zealand",2000,0.232625338772403
"NZL","New Zealand",2001,0.227947362450523
"NZL","New Zealand",2002,0.288503318024629
"NZL","New Zealand",2003,0.289131871196476
"NZL","New Zealand",2004,0.285423651740491
"NZL","New Zealand",2005,0.282836003979982
"NZL","New Zealand",2006,0.282659625542156
"NZL","New Zealand",2007,0.278490177983804
"NZL","New Zealand",2008,0.272418029699712
"NZL","New Zealand",2009,0.270608979464675
"NZL","New Zealand",2010,0.266777986278585
"NZL","New Zealand",2011,0.264811102931998
"NZL","New Zealand",2012,0.264034951152878
"NZL","New Zealand",2013,0.263223884399412
"NZL","New Zealand",2014,0.262068060037628
"NZL","New Zealand",2015,0.259711697438938
"NZL","New Zealand",2016,0.258490654690515
"NZL","New Zealand",2017,0.257759592769269
"NZL","New Zealand",2018,0.256810046600426
"NZL","New Zealand",2019,0.256645070059166
"NZL","New Zealand",2020,0.252253089655516
"NZL","New Zealand",2021,0.250179991894074
"NZL","New Zealand",2022,0.250056939974384
"NIC","Nicaragua",1995,0.560746952578865
"NIC","Nicaragua",1996,0.560746952578865
"NIC","Nicaragua",1997,0.56049442732634
"NIC","Nicaragua",1998,0.56049442732634
"NIC","Nicaragua",1999,0.56049442732634
"NIC","Nicaragua",2000,0.56049442732634
"NIC","Nicaragua",2001,0.607836150562477
"NIC","Nicaragua",2002,0.591930217738164
"NIC","Nicaragua",2003,0.630311762428851
"NIC","Nicaragua",2004,0.6626715026519
"NIC","Nicaragua",2005,0.658732399511633
"NIC","Nicaragua",2006,0.6060584142611
"NIC","Nicaragua",2007,0.605089032138485
"NIC","Nicaragua",2008,0.615189288029019
"NIC","Nicaragua",2009,0.59452968345025
"NIC","Nicaragua",2010,0.62494195839767
"NIC","Nicaragua",2011,0.612809378916706
"NIC","Nicaragua",2012,0.594943651123412
"NIC","Nicaragua",2013,0.594671770108316
"NIC","Nicaragua",2014,0.596088378407374
"NIC","Nicaragua",2015,0.567826111511464
"NIC","Nicaragua",2016,0.55990709766434
"NIC","Nicaragua",2017,0.564836768646075
"NIC","Nicaragua",2018,0.553939695317206
"NIC","Nicaragua",2019,0.54994272991814
"NIC","Nicaragua",2020,0.554696400627584
"NIC","Nicaragua",2021,0.555045815581739
"NIC","Nicaragua",2022,0.555045815581739
"NER","Niger",1995,0.723017832116982
"NER","Niger",1996,0.723017832116982
"NER","Niger",1997,0.722953531705459
"NER","Niger",1998,0.722965222689372
"NER","Niger",1999,0.722965222689372
"NER","Niger",2000,0.722965222689372
"NER","Niger",2001,0.72294561662909
"NER","Niger",2002,0.723100858411134
"NER","Niger",2003,0.726625156893531
"NER","Niger",2004,0.727226294381569
"NER","Niger",2005,0.728764943163337
"NER","Niger",2006,0.72781025479322
"NER","Niger",2007,0.74236071231159
"NER","Niger",2008,0.73810903510258
"NER","Niger",2009,0.735073355248243
"NER","Niger",2010,0.736754069897683
"NER","Niger",2011,0.727320590193008
"NER","Niger",2012,0.7409206247991
"NER","Niger",2013,0.732854267609484
"NER","Niger",2014,0.74030190116055
"NER","Niger",2015,0.8057141623758
"NER","Niger",2016,0.748430995719338
"NER","Niger",2017,0.746488458571631
"NER","Niger",2018,0.730916088247167
"NER","Niger",2019,0.750390819756922
"NER","Niger",2020,0.752886041278364
"NER","Niger",2021,0.744078829619821
"NER","Niger",2022,0.743667234840366
"NGA","Nigeria",1995,0.66272433820364
"NGA","Nigeria",1996,0.66272433820364
"NGA","Nigeria",1997,0.66272433820364
"NGA","Nigeria",1998,0.66272433820364
"NGA","Nigeria",1999,0.66272433820364
"NGA","Nigeria",2000,0.66272433820364
"NGA","Nigeria",2001,0.60148808477033
"NGA","Nigeria",2002,0.602109763944433
"NGA","Nigeria",2003,0.590171525078559
"NGA","Nigeria",2004,0.59025872537822
"NGA","Nigeria",2005,0.583196586193915
"NGA","Nigeria",2006,0.579927083811174
"NGA","Nigeria",2007,0.579727822193763
"NGA","Nigeria",2008,0.577794562935895
"NGA","Nigeria",2009,0.578137888958432
"NGA","Nigeria",2010,0.573806581537949
"NGA","Nigeria",2011,0.580051998290105
"NGA","Nigeria",2012,0.580278188916024
"NGA","Nigeria",2013,0.602364478463508
"NGA","Nigeria",2014,0.598357849385849
"NGA","Nigeria",2015,0.58162427047282
"NGA","Nigeria",2016,0.576214257479414
"NGA","Nigeria",2017,0.557362352112013
"NGA","Nigeria",2018,0.556901588182714
"NGA","Nigeria",2019,0.576857110122698
"NGA","Nigeria",2020,0.561156499198153
"NGA","Nigeria",2021,0.549468247347521
"NGA","Nigeria",2022,0.548315817860057
"NOR","Norway",1995,0.221018537215654
"NOR","Norway",1996,0.220469060971733
"NOR","Norway",1997,0.220305387196948
"NOR","Norway",1998,0.219773447428898
"NOR","Norway",1999,0.219066142902149
"NOR","Norway",2000,0.218522512150184
"NOR","Norway",2001,0.217480448535098
"NOR","Norway",2002,0.219254724337925
"NOR","Norway",2003,0.21644493736791
"NOR","Norway",2004,0.212944054338647
"NOR","Norway",2005,0.209365865321989
"NOR","Norway",2006,0.206341800110321
"NOR","Norway",2007,0.204748745602782
"NOR","Norway",2008,0.203571737213375
"NOR","Norway",2009,0.200865699768781
"NOR","Norway",2010,0.19919313271309
"NOR","Norway",2011,0.196658208101363
"NOR","Norway",2012,0.195527441041425
"NOR","Norway",2013,0.194155806204593
"NOR","Norway",2014,0.19196460767878
"NOR","Norway",2015,0.189199331435961
"NOR","Norway",2016,0.187379841152603
"NOR","Norway",2017,0.185243480153299
"NOR","Norway",2018,0.183935976556742
"NOR","Norway",2019,0.182399272545392
"NOR","Norway",2020,0.180820432926813
"NOR","Norway",2021,0.178281723265933
"NOR","Norway",2022,0.178150148382788
"OMN","Oman",1995,0.433826168920611
"OMN","Oman",1996,0.433826168920611
"OMN","Oman",1997,0.43806122784317
"OMN","Oman",1998,0.435623657697267
"OMN","Oman",1999,0.435527207079983
"OMN","Oman",2000,0.426706359717469
"OMN","Oman",2001,0.426346861962138
"OMN","Oman",2002,0.425996132444741
"OMN","Oman",2003,0.425461269930712
"OMN","Oman",2004,0.42336566106427
"OMN","Oman",2005,0.421261283959893
"OMN","Oman",2006,0.419577782276391
"OMN","Oman",2007,0.416684263757873
"OMN","Oman",2008,0.413852122904899
"OMN","Oman",2009,0.410765703151812
"OMN","Oman",2010,0.411204115048557
"OMN","Oman",2011,0.411949415273024
"OMN","Oman",2012,0.411931878797154
"OMN","Oman",2013,0.411660063421173
"OMN","Oman",2014,0.40815276824721
"OMN","Oman",2015,0.409090969706245
"OMN","Oman",2016,0.411598685755628
"OMN","Oman",2017,0.412054634128243
"OMN","Oman",2018,0.411116432669208
"OMN","Oman",2019,0.411177810334753
"OMN","Oman",2020,0.41188803760748
"OMN","Oman",2021,0.41188803760748
"OMN","Oman",2022,0.41188803760748
"PAK","Pakistan",1995,0.62652789790944
"PAK","Pakistan",1996,0.626275372656914
"PAK","Pakistan",1997,0.626043891175433
"PAK","Pakistan",1998,0.625805395103603
"PAK","Pakistan",1999,0.625623015754557
"PAK","Pakistan",2000,0.625538840670382
"PAK","Pakistan",2001,0.630451289231628
"PAK","Pakistan",2002,0.649904480071214
"PAK","Pakistan",2003,0.664855991114762
"PAK","Pakistan",2004,0.639832993783145
"PAK","Pakistan",2005,0.64448099343434
"PAK","Pakistan",2006,0.634014531645219
"PAK","Pakistan",2007,0.637817634906253
"PAK","Pakistan",2008,0.659609597190582
"PAK","Pakistan",2009,0.64618049141831
"PAK","Pakistan",2010,0.641627207325186
"PAK","Pakistan",2011,0.662177003288413
"PAK","Pakistan",2012,0.636344162816888
"PAK","Pakistan",2013,0.649969011604751
"PAK","Pakistan",2014,0.654072887751513
"PAK","Pakistan",2015,0.627946870466508
"PAK","Pakistan",2016,0.636416181325014
"PAK","Pakistan",2017,0.628313146881769
"PAK","Pakistan",2018,0.634500164017494
"PAK","Pakistan",2019,0.637833219644347
"PAK","Pakistan",2020,0.629366990957875
"PAK","Pakistan",2021,0.657171300553479
"PAK","Pakistan",2022,0.657171300553479
"PLW","Palau",1995,0.594573468043215
"PLW","Palau",1996,0.594573468043215
"PLW","Palau",1997,0.594573468043215
"PLW","Palau",1998,0.594573468043215
"PLW","Palau",1999,0.594573468043215
"PLW","Palau",2000,0.594573468043215
"PLW","Palau",2001,0.606331376927936
"PLW","Palau",2002,0.623386704835314
"PLW","Palau",2003,0.623386704835314
"PLW","Palau",2004,0.622939524700634
"PLW","Palau",2005,0.622939524700634
"PLW","Palau",2006,0.623456850738793
"PLW","Palau",2007,0.623456850738793
"PLW","Palau",2008,0.623456850738793
"PLW","Palau",2009,0.622115310334753
"PLW","Palau",2010,0.6177311913673
"PLW","Palau",2011,0.5655808257097
"PLW","Palau",2012,0.555514557113433
"PLW","Palau",2013,0.543816062544889
"PLW","Palau",2014,0.530975810011483
"PLW","Palau",2015,0.519764172693945
"PLW","Palau",2016,0.506719567308287
"PLW","Palau",2017,0.513550934328095
"PLW","Palau",2018,0.499320689163517
"PLW","Palau",2019,0.495001583498504
"PLW","Palau",2020,0.53381533679484
"PLW","Palau",2021,0.538647877648934
"PLW","Palau",2022,0.538647877648934
"PAN","Panama",1995,0.477739421541195
"PAN","Panama",1996,0.477220341855448
"PAN","Panama",1997,0.47704497709675
"PAN","Panama",1998,0.477192283494057
"PAN","Panama",1999,0.476567984953091
"PAN","Panama",2000,0.476567984953091
"PAN","Panama",2001,0.467442307402806
"PAN","Panama",2002,0.462314475529441
"PAN","Panama",2003,0.455938967218845
"PAN","Panama",2004,0.451710534556614
"PAN","Panama",2005,0.447377916892214
"PAN","Panama",2006,0.442324813014186
"PAN","Panama",2007,0.438096995725004
"PAN","Panama",2008,0.433626990434144
"PAN","Panama",2009,0.42932498318765
"PAN","Panama",2010,0.424747749612493
"PAN","Panama",2011,0.418110225944351
"PAN","Panama",2012,0.41224168539999
"PAN","Panama",2013,0.404074904991115
"PAN","Panama",2014,0.401768226543723
"PAN","Panama",2015,0.398117891928398
"PAN","Panama",2016,0.394297048948621
"PAN","Panama",2017,0.393273795666912
"PAN","Panama",2018,0.393406896603331
"PAN","Panama",2019,0.392274982192549
"PAN","Panama",2020,0.391195680544641
"PAN","Panama",2021,0.396992388576373
"PAN","Panama",2022,0.396992388576373
"PNG","Papua New Guinea",1995,0.51690662695797
"PNG","Papua New Guinea",1996,0.51690662695797
"PNG","Papua New Guinea",1997,0.51690662695797
"PNG","Papua New Guinea",1998,0.51690662695797
"PNG","Papua New Guinea",1999,0.51690662695797
"PNG","Papua New Guinea",2000,0.517108296430472
"PNG","Papua New Guinea",2001,0.624410305568693
"PNG","Papua New Guinea",2002,0.702579304857402
"PNG","Papua New Guinea",2003,0.712926775913489
"PNG","Papua New Guinea",2004,0.687851819423638
"PNG","Papua New Guinea",2005,0.687492559356675
"PNG","Papua New Guinea",2006,0.677198178032312
"PNG","Papua New Guinea",2007,0.676852871495388
"PNG","Papua New Guinea",2008,0.640571532230009
"PNG","Papua New Guinea",2009,0.661150205256654
"PNG","Papua New Guinea",2010,0.688500298545221
"PNG","Papua New Guinea",2011,0.658037497024163
"PNG","Papua New Guinea",2012,0.657631768853807
"PNG","Papua New Guinea",2013,0.69886491027102
"PNG","Papua New Guinea",2014,0.713242432479145
"PNG","Papua New Guinea",2015,0.566069092691464
"PNG","Papua New Guinea",2016,0.617862171619635
"PNG","Papua New Guinea",2017,0.598205766324993
"PNG","Papua New Guinea",2018,0.637729962328968
"PNG","Papua New Guinea",2019,0.71369838085176
"PNG","Papua New Guinea",2020,0.644194641374278
"PNG","Papua New Guinea",2021,0.712856630010009
"PNG","Papua New Guinea",2022,0.712856630010009
"PRY","Paraguay",1995,0.496233573924496
"PRY","Paraguay",1996,0.496233573924496
"PRY","Paraguay",1997,0.494082432884466
"PRY","Paraguay",1998,0.494082432884466
"PRY","Paraguay",1999,0.494082432884466
"PRY","Paraguay",2000,0.493661557463591
"PRY","Paraguay",2001,0.482738958608423
"PRY","Paraguay",2002,0.478925493125589
"PRY","Paraguay",2003,0.474195529481912
"PRY","Paraguay",2004,0.469328484002325
"PRY","Paraguay",2005,0.462146839880747
"PRY","Paraguay",2006,0.457771620178777
"PRY","Paraguay",2007,0.453543941937193
"PRY","Paraguay",2008,0.450904510073978
"PRY","Paraguay",2009,0.449090105266824
"PRY","Paraguay",2010,0.44556428015891
"PRY","Paraguay",2011,0.441696559270635
"PRY","Paraguay",2012,0.440288363230355
"PRY","Paraguay",2013,0.439871829818223
"PRY","Paraguay",2014,0.434978146378478
"PRY","Paraguay",2015,0.431046145366511
"PRY","Paraguay",2016,0.427578868694182
"PRY","Paraguay",2017,0.423494250181014
"PRY","Paraguay",2018,0.412541115000851
"PRY","Paraguay",2019,0.411378213981537
"PRY","Paraguay",2020,0.412949766826133
"PRY","Paraguay",2021,0.401101473177224
"PRY","Paraguay",2022,0.400335868363545
"PER","Peru",1995,0.561423094273349
"PER","Peru",1996,0.561423094273349
"PER","Peru",1997,0.561703677887266
"PER","Peru",1998,0.561703677887266
"PER","Peru",1999,0.560517043020076
"PER","Peru",2000,0.560517043020076
"PER","Peru",2001,0.557876974356322
"PER","Peru",2002,0.553541689702848
"PER","Peru",2003,0.559017405889242
"PER","Peru",2004,0.552434675858768
"PER","Peru",2005,0.548269841851871
"PER","Peru",2006,0.541679456864694
"PER","Peru",2007,0.512195538682762
"PER","Peru",2008,0.505729985976711
"PER","Peru",2009,0.524606588585828
"PER","Peru",2010,0.51541828583551
"PER","Peru",2011,0.509412496257644
"PER","Peru",2012,0.499734476172811
"PER","Peru",2013,0.489536013241574
"PER","Peru",2014,0.483806705751232
"PER","Peru",2015,0.47980275072556
"PER","Peru",2016,0.474133963168299
"PER","Peru",2017,0.470148424431962
"PER","Peru",2018,0.461072305584062
"PER","Peru",2019,0.456968514556249
"PER","Peru",2020,0.452942395200206
"PER","Peru",2021,0.449216004459978
"PER","Peru",2022,0.444942178092076
"PHL","Philippines",1995,0.456013637099444
"PHL","Philippines",1996,0.456013637099444
"PHL","Philippines",1997,0.455955182179878
"PHL","Philippines",1998,0.455955182179878
"PHL","Philippines",1999,0.455955182179878
"PHL","Philippines",2000,0.456077937510967
"PHL","Philippines",2001,0.45586362485979
"PHL","Philippines",2002,0.449325271857041
"PHL","Philippines",2003,0.450139538777853
"PHL","Philippines",2004,0.452127269218262
"PHL","Philippines",2005,0.451138320667884
"PHL","Philippines",2006,0.446369228821678
"PHL","Philippines",2007,0.431530271475382
"PHL","Philippines",2008,0.423543362703285
"PHL","Philippines",2009,0.42284768307371
"PHL","Philippines",2010,0.417100736280555
"PHL","Philippines",2011,0.409560644447989
"PHL","Philippines",2012,0.40717054699694
"PHL","Philippines",2013,0.408462716692955
"PHL","Philippines",2014,0.404202286635797
"PHL","Philippines",2015,0.401084834418238
"PHL","Philippines",2016,0.403035175452056
"PHL","Philippines",2017,0.408358015053891
"PHL","Philippines",2018,0.394217435406067
"PHL","Philippines",2019,0.392124063338022
"PHL","Philippines",2020,0.391837093363819
"PHL","Philippines",2021,0.417483460989475
"PHL","Philippines",2022,0.392178955695777
"POL","Poland",1995,0.26102422473612
"POL","Poland",1996,0.260223392338066
"POL","Poland",1997,0.2598551263448
"POL","Poland",1998,0.260667649726768
"POL","Poland",1999,0.263724842020071
"POL","Poland",2000,0.265536944526618
"POL","Poland",2001,0.264821482632804
"POL","Poland",2002,0.263574505059268
"POL","Poland",2003,0.26249395680022
"POL","Poland",2004,0.260866079183759
"POL","Poland",2005,0.259901442249618
"POL","Poland",2006,0.25857428115142
"POL","Poland",2007,0.256813816780928
"POL","Poland",2008,0.255789088845265
"POL","Poland",2009,0.254313195638837
"POL","Poland",2010,0.253111116237918
"POL","Poland",2011,0.251873047117644
"POL","Poland",2012,0.250664219569791
"POL","Poland",2013,0.249535774836466
"POL","Poland",2014,0.247635644003847
"POL","Poland",2015,0.24654511229897
"POL","Poland",2016,0.244916313372868
"POL","Poland",2017,0.244726232316146
"POL","Poland",2018,0.244561472085501
"POL","Poland",2019,0.244479949001871
"POL","Poland",2020,0.229679195625858
"POL","Poland",2021,0.229583563660689
"POL","Poland",2022,0.229485795615844
"PRT","Portugal",1995,0.319715769091399
"PRT","Portugal",1996,0.319253975226828
"PRT","Portugal",1997,0.319014310056607
"PRT","Portugal",1998,0.318686962507037
"PRT","Portugal",1999,0.318558361683992
"PRT","Portugal",2000,0.318084876835507
"PRT","Portugal",2001,0.3175702801458
"PRT","Portugal",2002,0.317217698669291
"PRT","Portugal",2003,0.315595460089275
"PRT","Portugal",2004,0.310756609967394
"PRT","Portugal",2005,0.305491911657929
"PRT","Portugal",2006,0.299949671190341
"PRT","Portugal",2007,0.294091186950544
"PRT","Portugal",2008,0.288259456942655
"PRT","Portugal",2009,0.282100248964897
"PRT","Portugal",2010,0.275709247423892
"PRT","Portugal",2011,0.26948665502053
"PRT","Portugal",2012,0.263902127906061
"PRT","Portugal",2013,0.258153576457623
"PRT","Portugal",2014,0.252207355896021
"PRT","Portugal",2015,0.245580964148129
"PRT","Portugal",2016,0.238870871531758
"PRT","Portugal",2017,0.231774077602764
"PRT","Portugal",2018,0.224875278030716
"PRT","Portugal",2019,0.222071782550042
"PRT","Portugal",2020,0.219081472795541
"PRT","Portugal",2021,0.218536678640078
"PRT","Portugal",2022,0.217589646651526
"QAT","Qatar",1995,0.356228590190695
"QAT","Qatar",1996,0.356228590190695
"QAT","Qatar",1997,0.356228590190695
"QAT","Qatar",1998,0.356228590190695
"QAT","Qatar",1999,0.356228590190695
"QAT","Qatar",2000,0.356228590190695
"QAT","Qatar",2001,0.349515627227732
"QAT","Qatar",2002,0.349515627227732
"QAT","Qatar",2003,0.349515627227732
"QAT","Qatar",2004,0.349515627227732
"QAT","Qatar",2005,0.341589140134578
"QAT","Qatar",2006,0.340964841593613
"QAT","Qatar",2007,0.340964841857576
"QAT","Qatar",2008,0.33637028544365
"QAT","Qatar",2009,0.342477389783592
"QAT","Qatar",2010,0.324314011519721
"QAT","Qatar",2011,0.322515672537557
"QAT","Qatar",2012,0.320717333555396
"QAT","Qatar",2013,0.318918994573237
"QAT","Qatar",2014,0.331760105647196
"QAT","Qatar",2015,0.329961766665042
"QAT","Qatar",2016,0.330422125774921
"QAT","Qatar",2017,0.321581138083455
"QAT","Qatar",2018,0.31342056565574
"QAT","Qatar",2019,0.311622226673594
"QAT","Qatar",2020,0.30982388769145
"QAT","Qatar",2021,0.308025548709308
"QAT","Qatar",2022,0.306385408595749
"ROU","Romania",1995,0.400479162123993
"ROU","Romania",1996,0.400479162123993
"ROU","Romania",1997,0.400479162123993
"ROU","Romania",1998,0.400479162123993
"ROU","Romania",1999,0.400479162123993
"ROU","Romania",2000,0.39971457177607
"ROU","Romania",2001,0.398978039789538
"ROU","Romania",2002,0.396840486895967
"ROU","Romania",2003,0.397433250011046
"ROU","Romania",2004,0.396760123371752
"ROU","Romania",2005,0.393013399775416
"ROU","Romania",2006,0.386049369083811
"ROU","Romania",2007,0.380957537644873
"ROU","Romania",2008,0.375829951272628
"ROU","Romania",2009,0.370224605106542
"ROU","Romania",2010,0.368906298327107
"ROU","Romania",2011,0.36304212705858
"ROU","Romania",2012,0.356902885473718
"ROU","Romania",2013,0.352048747167408
"ROU","Romania",2014,0.345846483719487
"ROU","Romania",2015,0.340840044509451
"ROU","Romania",2016,0.338746494780031
"ROU","Romania",2017,0.319363674021196
"ROU","Romania",2018,0.313812335416883
"ROU","Romania",2019,0.308764766826619
"ROU","Romania",2020,0.304018395692848
"ROU","Romania",2021,0.315883472893866
"ROU","Romania",2022,0.314664827899061
"RUS","Russian Federation",1995,0.357555365917077
"RUS","Russian Federation",1996,0.357814905759951
"RUS","Russian Federation",1997,0.357744759856471
"RUS","Russian Federation",1998,0.358060416422128
"RUS","Russian Federation",1999,0.35768162854334
"RUS","Russian Federation",2000,0.351361482639861
"RUS","Russian Federation",2001,0.350559620001146
"RUS","Russian Federation",2002,0.348438593295066
"RUS","Russian Federation",2003,0.346894329355159
"RUS","Russian Federation",2004,0.345636993064937
"RUS","Russian Federation",2005,0.344498676281888
"RUS","Russian Federation",2006,0.342165882902894
"RUS","Russian Federation",2007,0.341255066406248
"RUS","Russian Federation",2008,0.341789031952522
"RUS","Russian Federation",2009,0.34062651170043
"RUS","Russian Federation",2010,0.34019208213765
"RUS","Russian Federation",2011,0.344905256992756
"RUS","Russian Federation",2012,0.345832120927236
"RUS","Russian Federation",2013,0.345344157102716
"RUS","Russian Federation",2014,0.343798750139392
"RUS","Russian Federation",2015,0.335423738975811
"RUS","Russian Federation",2016,0.337559144464524
"RUS","Russian Federation",2017,0.336295289739698
"RUS","Russian Federation",2018,0.33552580551063
"RUS","Russian Federation",2019,0.334317984067467
"RUS","Russian Federation",2020,0.352652811778043
"RUS","Russian Federation",2021,0.3523561147657
"RUS","Russian Federation",2022,0.352059175924854
"RWA","Rwanda",1995,0.814354313762131
"RWA","Rwanda",1996,0.814354313762131
"RWA","Rwanda",1997,0.814354313762131
"RWA","Rwanda",1998,0.814354313762131
"RWA","Rwanda",1999,0.814354313762131
"RWA","Rwanda",2000,0.814354313762131
"RWA","Rwanda",2001,0.810841518605723
"RWA","Rwanda",2002,0.807328723449316
"RWA","Rwanda",2003,0.80381591820209
"RWA","Rwanda",2004,0.800092675244428
"RWA","Rwanda",2005,0.796509724093724
"RWA","Rwanda",2006,0.792996918846499
"RWA","Rwanda",2007,0.789484113599274
"RWA","Rwanda",2008,0.784217660765067
"RWA","Rwanda",2009,0.780746953150747
"RWA","Rwanda",2010,0.77723415799434
"RWA","Rwanda",2011,0.774163973398069
"RWA","Rwanda",2012,0.770651168150844
"RWA","Rwanda",2013,0.766534406674662
"RWA","Rwanda",2014,0.761211837117673
"RWA","Rwanda",2015,0.75715189382331
"RWA","Rwanda",2016,0.753077921348251
"RWA","Rwanda",2017,0.749459897245807
"RWA","Rwanda",2018,0.744936990988481
"RWA","Rwanda",2019,0.745039459852477
"RWA","Rwanda",2020,0.743283062274273
"RWA","Rwanda",2021,0.743283062274273
"RWA","Rwanda",2022,0.743283062274273
"KNA","Saint Kitts and Nevis",1995,0.43162534119895
"KNA","Saint Kitts and Nevis",1996,0.429468354666963
"KNA","Saint Kitts and Nevis",1997,0.43251970146831
"KNA","Saint Kitts and Nevis",1998,0.432379409661352
"KNA","Saint Kitts and Nevis",1999,0.4302311913673
"KNA","Saint Kitts and Nevis",2000,0.4302311913673
"KNA","Saint Kitts and Nevis",2001,0.425531415834191
"KNA","Saint Kitts and Nevis",2002,0.425531415834191
"KNA","Saint Kitts and Nevis",2003,0.425531415834191
"KNA","Saint Kitts and Nevis",2004,0.434080415823575
"KNA","Saint Kitts and Nevis",2005,0.42618449541001
"KNA","Saint Kitts and Nevis",2006,0.425572807785862
"KNA","Saint Kitts and Nevis",2007,0.427323787761574
"KNA","Saint Kitts and Nevis",2008,0.454742576187399
"KNA","Saint Kitts and Nevis",2009,0.44583390021768
"KNA","Saint Kitts and Nevis",2010,0.438439880582945
"KNA","Saint Kitts and Nevis",2011,0.440497094181298
"KNA","Saint Kitts and Nevis",2012,0.425531415834191
"KNA","Saint Kitts and Nevis",2013,0.427641763231692
"KNA","Saint Kitts and Nevis",2014,0.425531415834191
"KNA","Saint Kitts and Nevis",2015,0.42615396072757
"KNA","Saint Kitts and Nevis",2016,0.42615396072757
"KNA","Saint Kitts and Nevis",2017,0.42615396072757
"KNA","Saint Kitts and Nevis",2018,0.424680896754506
"KNA","Saint Kitts and Nevis",2019,0.424680896754506
"KNA","Saint Kitts and Nevis",2020,0.424680896754506
"KNA","Saint Kitts and Nevis",2021,0.424680896754506
"KNA","Saint Kitts and Nevis",2022,0.424680896754506
"LCA","Saint Lucia",1995,0.467662799111408
"LCA","Saint Lucia",1996,0.467662799111408
"LCA","Saint Lucia",1997,0.468425635811745
"LCA","Saint Lucia",1998,0.468425635811745
"LCA","Saint Lucia",1999,0.468425635811745
"LCA","Saint Lucia",2000,0.468425635811745
"LCA","Saint Lucia",2001,0.463471581378524
"LCA","Saint Lucia",2002,0.468815496826818
"LCA","Saint Lucia",2003,0.464614765670983
"LCA","Saint Lucia",2004,0.471838552913303
"LCA","Saint Lucia",2005,0.488054042791113
"LCA","Saint Lucia",2006,0.4964655118986
"LCA","Saint Lucia",2007,0.48188317213206
"LCA","Saint Lucia",2008,0.489905627458061
"LCA","Saint Lucia",2009,0.488983926240574
"LCA","Saint Lucia",2010,0.47787008765551
"LCA","Saint Lucia",2011,0.476228363353777
"LCA","Saint Lucia",2012,0.458207902180446
"LCA","Saint Lucia",2013,0.458436665905217
"LCA","Saint Lucia",2014,0.460675543236507
"LCA","Saint Lucia",2015,0.46497014022771
"LCA","Saint Lucia",2016,0.490829310905504
"LCA","Saint Lucia",2017,0.467172108431346
"LCA","Saint Lucia",2018,0.461207764783152
"LCA","Saint Lucia",2019,0.465897160011392
"LCA","Saint Lucia",2020,0.583086752045268
"LCA","Saint Lucia",2021,0.585180892154004
"LCA","Saint Lucia",2022,0.585180892154004
"VCT","Saint Vincent and the Grenadines",1995,0.465698713813989
"VCT","Saint Vincent and the Grenadines",1996,0.465698713813989
"VCT","Saint Vincent and the Grenadines",1997,0.46198098092959
"VCT","Saint Vincent and the Grenadines",1998,0.46198098092959
"VCT","Saint Vincent and the Grenadines",1999,0.46198098092959
"VCT","Saint Vincent and the Grenadines",2000,0.449608997203439
"VCT","Saint Vincent and the Grenadines",2001,0.449381023017132
"VCT","Saint Vincent and the Grenadines",2002,0.449381023017132
"VCT","Saint Vincent and the Grenadines",2003,0.449381023017132
"VCT","Saint Vincent and the Grenadines",2004,0.443795655452598
"VCT","Saint Vincent and the Grenadines",2005,0.445563171188211
"VCT","Saint Vincent and the Grenadines",2006,0.460588072344337
"VCT","Saint Vincent and the Grenadines",2007,0.483579623342251
"VCT","Saint Vincent and the Grenadines",2008,0.465583978759387
"VCT","Saint Vincent and the Grenadines",2009,0.461760356392196
"VCT","Saint Vincent and the Grenadines",2010,0.507439286440845
"VCT","Saint Vincent and the Grenadines",2011,0.525755455391748
"VCT","Saint Vincent and the Grenadines",2012,0.484351943497797
"VCT","Saint Vincent and the Grenadines",2013,0.41540937155277
"VCT","Saint Vincent and the Grenadines",2014,0.417566501286226
"VCT","Saint Vincent and the Grenadines",2015,0.410912847364995
"VCT","Saint Vincent and the Grenadines",2016,0.41063764786056
"VCT","Saint Vincent and the Grenadines",2017,0.435565090082859
"VCT","Saint Vincent and the Grenadines",2018,0.421585563704848
"VCT","Saint Vincent and the Grenadines",2019,0.431851624653055
"VCT","Saint Vincent and the Grenadines",2020,0.444266718743063
"VCT","Saint Vincent and the Grenadines",2021,0.447425911705225
"VCT","Saint Vincent and the Grenadines",2022,0.447425911705225
"WSM","Samoa",1995,0.470062771862083
"WSM","Samoa",1996,0.470062771862083
"WSM","Samoa",1997,0.470062771862083
"WSM","Samoa",1998,0.470160976126954
"WSM","Samoa",1999,0.467853175902487
"WSM","Samoa",2000,0.467853175902487
"WSM","Samoa",2001,0.460512631845977
"WSM","Samoa",2002,0.505211679896505
"WSM","Samoa",2003,0.560723850058244
"WSM","Samoa",2004,0.576455880864519
"WSM","Samoa",2005,0.562774565462302
"WSM","Samoa",2006,0.550954868341823
"WSM","Samoa",2007,0.557982675796602
"WSM","Samoa",2008,0.495314158558857
"WSM","Samoa",2009,0.499421917649925
"WSM","Samoa",2010,0.517613833422005
"WSM","Samoa",2011,0.570669885667955
"WSM","Samoa",2012,0.486915877281224
"WSM","Samoa",2013,0.602694555904598
"WSM","Samoa",2014,0.549958256005308
"WSM","Samoa",2015,0.555925164275291
"WSM","Samoa",2016,0.585654046546457
"WSM","Samoa",2017,0.522837991812386
"WSM","Samoa",2018,0.503276781993829
"WSM","Samoa",2019,0.517934643070352
"WSM","Samoa",2020,0.523998691697548
"WSM","Samoa",2021,0.528978522725729
"WSM","Samoa",2022,0.530070180754825
"SMR","San Marino",1995,0.334481577153432
"SMR","San Marino",1996,0.334481577153432
"SMR","San Marino",1997,0.334481577153432
"SMR","San Marino",1998,0.334481577153432
"SMR","San Marino",1999,0.334481577153432
"SMR","San Marino",2000,0.334481577153432
"SMR","San Marino",2001,0.334481577153432
"SMR","San Marino",2002,0.334481577153432
"SMR","San Marino",2003,0.334481577153432
"SMR","San Marino",2004,0.334481577153432
"SMR","San Marino",2005,0.334481577153432
"SMR","San Marino",2006,0.334481577153432
"SMR","San Marino",2007,0.334481577153432
"SMR","San Marino",2008,0.334481577153432
"SMR","San Marino",2009,0.334481577153432
"SMR","San Marino",2010,0.334481577153432
"SMR","San Marino",2011,0.334481577153432
"SMR","San Marino",2012,0.328843600161288
"SMR","San Marino",2013,0.329553827434016
"SMR","San Marino",2014,0.323872009252197
"SMR","San Marino",2015,0.323872009252197
"SMR","San Marino",2016,0.323872009252197
"SMR","San Marino",2017,0.323872009252197
"SMR","San Marino",2018,0.323872009252197
"SMR","San Marino",2019,0.323872009252197
"SMR","San Marino",2020,0.323872009252197
"SMR","San Marino",2021,0.323872009252197
"SMR","San Marino",2022,0.323872009252197
"STP","Sao Tome and Principe",1995,0.718537909482052
"STP","Sao Tome and Principe",1996,0.718537909482052
"STP","Sao Tome and Principe",1997,0.718537909482052
"STP","Sao Tome and Principe",1998,0.718537909482052
"STP","Sao Tome and Principe",1999,0.718537909482052
"STP","Sao Tome and Principe",2000,0.718537909482052
"STP","Sao Tome and Principe",2001,0.712429261986811
"STP","Sao Tome and Principe",2002,0.712758814968853
"STP","Sao Tome and Principe",2003,0.68807277794745
"STP","Sao Tome and Principe",2004,0.693867045098321
"STP","Sao Tome and Principe",2005,0.703180257057969
"STP","Sao Tome and Principe",2006,0.724178171461025
"STP","Sao Tome and Principe",2007,0.721676619558397
"STP","Sao Tome and Principe",2008,0.719168923293574
"STP","Sao Tome and Principe",2009,0.715869767238816
"STP","Sao Tome and Principe",2010,0.712566338248125
"STP","Sao Tome and Principe",2011,0.709259757354011
"STP","Sao Tome and Principe",2012,0.70595063246071
"STP","Sao Tome and Principe",2013,0.702642930341208
"STP","Sao Tome and Principe",2014,0.699336398570357
"STP","Sao Tome and Principe",2015,0.695774146863656
"STP","Sao Tome and Principe",2016,0.692470619788952
"STP","Sao Tome and Principe",2017,0.69076195847889
"STP","Sao Tome and Principe",2018,0.690673953287643
"STP","Sao Tome and Principe",2019,0.686619788538398
"STP","Sao Tome and Principe",2020,0.684951795656539
"STP","Sao Tome and Principe",2021,0.683284776478076
"STP","Sao Tome and Principe",2022,0.683246318937883
"SAU","Saudi Arabia",1995,0.393221184640274
"SAU","Saudi Arabia",1996,0.393221184640274
"SAU","Saudi Arabia",1997,0.393221184640274
"SAU","Saudi Arabia",1998,0.393221184640274
"SAU","Saudi Arabia",1999,0.393221184640274
"SAU","Saudi Arabia",2000,0.399997278916368
"SAU","Saudi Arabia",2001,0.400197811291802
"SAU","Saudi Arabia",2002,0.400125413039586
"SAU","Saudi Arabia",2003,0.400053316931552
"SAU","Saudi Arabia",2004,0.399981855521818
"SAU","Saudi Arabia",2005,0.399910050657025
"SAU","Saudi Arabia",2006,0.399838250441774
"SAU","Saudi Arabia",2007,0.399767068096516
"SAU","Saudi Arabia",2008,0.378540190328603
"SAU","Saudi Arabia",2009,0.377250045014971
"SAU","Saudi Arabia",2010,0.371611167938751
"SAU","Saudi Arabia",2011,0.370854121809037
"SAU","Saudi Arabia",2012,0.370097061591676
"SAU","Saudi Arabia",2013,0.368883403591718
"SAU","Saudi Arabia",2014,0.365628489883767
"SAU","Saudi Arabia",2015,0.364877779867796
"SAU","Saudi Arabia",2016,0.361096426469189
"SAU","Saudi Arabia",2017,0.368769902641225
"SAU","Saudi Arabia",2018,0.360863635491468
"SAU","Saudi Arabia",2019,0.357966093504397
"SAU","Saudi Arabia",2020,0.358428222906418
"SAU","Saudi Arabia",2021,0.356379430760621
"SAU","Saudi Arabia",2022,0.356308744407566
"SEN","Senegal",1995,0.644431935615709
"SEN","Senegal",1996,0.64432671676049
"SEN","Senegal",1997,0.64432671676049
"SEN","Senegal",1998,0.644315025776577
"SEN","Senegal",1999,0.644315025776577
"SEN","Senegal",2000,0.644315025776577
"SEN","Senegal",2001,0.638429915553027
"SEN","Senegal",2002,0.642896366675107
"SEN","Senegal",2003,0.627190284253365
"SEN","Senegal",2004,0.619215773731857
"SEN","Senegal",2005,0.641228960913761
"SEN","Senegal",2006,0.630767053392482
"SEN","Senegal",2007,0.629279859453977
"SEN","Senegal",2008,0.628591366523137
"SEN","Senegal",2009,0.626676934953306
"SEN","Senegal",2010,0.656263777663107
"SEN","Senegal",2011,0.632127615672951
"SEN","Senegal",2012,0.63458425344186
"SEN","Senegal",2013,0.631410787252389
"SEN","Senegal",2014,0.681000685647096
"SEN","Senegal",2015,0.678941489450637
"SEN","Senegal",2016,0.673332142793686
"SEN","Senegal",2017,0.677122246263722
"SEN","Senegal",2018,0.687152833519517
"SEN","Senegal",2019,0.677468619083697
"SEN","Senegal",2020,0.66267665158681
"SEN","Senegal",2021,0.671374001530324
"SEN","Senegal",2022,0.67105175211422
"SRB","Serbia",1995,0.421398644077476
"SRB","Serbia",1996,0.421398644077476
"SRB","Serbia",1997,0.421398644077476
"SRB","Serbia",1998,0.421398644077476
"SRB","Serbia",1999,0.421398644077476
"SRB","Serbia",2000,0.421398644077476
"SRB","Serbia",2001,0.421472929130518
"SRB","Serbia",2002,0.421546276802932
"SRB","Serbia",2003,0.421618595525312
"SRB","Serbia",2004,0.420808817615622
"SRB","Serbia",2005,0.418517297991991
"SRB","Serbia",2006,0.418104969409885
"SRB","Serbia",2007,0.41708123145862
"SRB","Serbia",2008,0.41412477111998
"SRB","Serbia",2009,0.414951750026517
"SRB","Serbia",2010,0.419059021704984
"SRB","Serbia",2011,0.41864500870833
"SRB","Serbia",2012,0.421572173809851
"SRB","Serbia",2013,0.420581659454731
"SRB","Serbia",2014,0.419317988444755
"SRB","Serbia",2015,0.416264532589357
"SRB","Serbia",2016,0.418892574421659
"SRB","Serbia",2017,0.417728360622891
"SRB","Serbia",2018,0.421662618937128
"SRB","Serbia",2019,0.428812438214997
"SRB","Serbia",2020,0.423332101164547
"SRB","Serbia",2021,0.41959365028625
"SRB","Serbia",2022,0.419891503545816
"SYC","Seychelles",1995,0.447066208202317
"SYC","Seychelles",1996,0.447066208202317
"SYC","Seychelles",1997,0.447066208202317
"SYC","Seychelles",1998,0.447066208202317
"SYC","Seychelles",1999,0.447066208202317
"SYC","Seychelles",2000,0.447066208202317
"SYC","Seychelles",2001,0.449070953428288
"SYC","Seychelles",2002,0.454043749552708
"SYC","Seychelles",2003,0.455446067027702
"SYC","Seychelles",2004,0.467968919781194
"SYC","Seychelles",2005,0.453948323794958
"SYC","Seychelles",2006,0.45517975537442
"SYC","Seychelles",2007,0.453236073913454
"SYC","Seychelles",2008,0.455903123047168
"SYC","Seychelles",2009,0.452339249752318
"SYC","Seychelles",2010,0.46942015564
"SYC","Seychelles",2011,0.513432066231347
"SYC","Seychelles",2012,0.466401036498162
"SYC","Seychelles",2013,0.478323702227749
"SYC","Seychelles",2014,0.455283877660689
"SYC","Seychelles",2015,0.454364147225359
"SYC","Seychelles",2016,0.447239748595745
"SYC","Seychelles",2017,0.418417681436355
"SYC","Seychelles",2018,0.400541897840414
"SYC","Seychelles",2019,0.399130251412194
"SYC","Seychelles",2020,0.401883550842938
"SYC","Seychelles",2021,0.399130251412194
"SYC","Seychelles",2022,0.399130251412194
"SLE","Sierra Leone",1995,0.59277992048466
"SLE","Sierra Leone",1996,0.59277992048466
"SLE","Sierra Leone",1997,0.59277992048466
"SLE","Sierra Leone",1998,0.59277992048466
"SLE","Sierra Leone",1999,0.59277992048466
"SLE","Sierra Leone",2000,0.59277992048466
"SLE","Sierra Leone",2001,0.62649959219792
"SLE","Sierra Leone",2002,0.681361958620642
"SLE","Sierra Leone",2003,0.635214615196621
"SLE","Sierra Leone",2004,0.662808831860756
"SLE","Sierra Leone",2005,0.686174422162273
"SLE","Sierra Leone",2006,0.698300791079938
"SLE","Sierra Leone",2007,0.669188444346892
"SLE","Sierra Leone",2008,0.672517511156527
"SLE","Sierra Leone",2009,0.691178087645866
"SLE","Sierra Leone",2010,0.716520670181179
"SLE","Sierra Leone",2011,0.711014842174362
"SLE","Sierra Leone",2012,0.663371846898555
"SLE","Sierra Leone",2013,0.701033179600698
"SLE","Sierra Leone",2014,0.699361148205497
"SLE","Sierra Leone",2015,0.696965748229509
"SLE","Sierra Leone",2016,0.694028068108099
"SLE","Sierra Leone",2017,0.690374135525262
"SLE","Sierra Leone",2018,0.686987855549771
"SLE","Sierra Leone",2019,0.683626007554246
"SLE","Sierra Leone",2020,0.683301918271668
"SLE","Sierra Leone",2021,0.663632403413982
"SLE","Sierra Leone",2022,0.662446435107169
"SGP","Singapore",1995,0.292508466000686
"SGP","Singapore",1996,0.292508466000686
"SGP","Singapore",1997,0.292508466000686
"SGP","Singapore",1998,0.292508466000686
"SGP","Singapore",1999,0.294500609659497
"SGP","Singapore",2000,0.294269128178015
"SGP","Singapore",2001,0.292424290916511
"SGP","Singapore",2002,0.292382203374424
"SGP","Singapore",2003,0.292059532218419
"SGP","Singapore",2004,0.289709644451865
"SGP","Singapore",2005,0.288664470490024
"SGP","Singapore",2006,0.288566266225153
"SGP","Singapore",2007,0.287422887998442
"SGP","Singapore",2008,0.285648196640417
"SGP","Singapore",2009,0.282961608537162
"SGP","Singapore",2010,0.27999443681999
"SGP","Singapore",2011,0.283501731993952
"SGP","Singapore",2012,0.280450385192606
"SGP","Singapore",2013,0.279180744339631
"SGP","Singapore",2014,0.277370980029867
"SGP","Singapore",2015,0.27492990258879
"SGP","Singapore",2016,0.273372663531551
"SGP","Singapore",2017,0.272467781376668
"SGP","Singapore",2018,0.272145110220664
"SGP","Singapore",2019,0.271682147257701
"SGP","Singapore",2020,0.271682147257701
"SGP","Singapore",2021,0.271682147257701
"SGP","Singapore",2022,0.271682147257701
"SVK","Slovakia",1995,0.299769076041678
"SVK","Slovakia",1996,0.299769076041678
"SVK","Slovakia",1997,0.299769076041678
"SVK","Slovakia",1998,0.299769076041678
"SVK","Slovakia",1999,0.300898425087693
"SVK","Slovakia",2000,0.3001001647061
"SVK","Slovakia",2001,0.301518078121491
"SVK","Slovakia",2002,0.302626476759634
"SVK","Slovakia",2003,0.305647482984283
"SVK","Slovakia",2004,0.307069091193968
"SVK","Slovakia",2005,0.310490769746802
"SVK","Slovakia",2006,0.309817081548636
"SVK","Slovakia",2007,0.306598034554233
"SVK","Slovakia",2008,0.307342894075079
"SVK","Slovakia",2009,0.309604077932059
"SVK","Slovakia",2010,0.30951243528304
"SVK","Slovakia",2011,0.311285795450069
"SVK","Slovakia",2012,0.312116649779103
"SVK","Slovakia",2013,0.312780015340655
"SVK","Slovakia",2014,0.312855016249108
"SVK","Slovakia",2015,0.313136104873748
"SVK","Slovakia",2016,0.312603096427223
"SVK","Slovakia",2017,0.313753212259768
"SVK","Slovakia",2018,0.312693867959181
"SVK","Slovakia",2019,0.312139226847848
"SVK","Slovakia",2020,0.31100903519127
"SVK","Slovakia",2021,0.292124332932089
"SVK","Slovakia",2022,0.292115285015306
"SVN","Slovenia",1995,0.334956178874212
"SVN","Slovenia",1996,0.333827998926587
"SVN","Slovenia",1997,0.332489381268525
"SVN","Slovenia",1998,0.332571218155917
"SVN","Slovenia",1999,0.332103578799389
"SVN","Slovenia",2000,0.331869759121125
"SVN","Slovenia",2001,0.326367702599878
"SVN","Slovenia",2002,0.322058456785014
"SVN","Slovenia",2003,0.316982891782851
"SVN","Slovenia",2004,0.312589799510402
"SVN","Slovenia",2005,0.307896247230736
"SVN","Slovenia",2006,0.302941531621635
"SVN","Slovenia",2007,0.297817941765597
"SVN","Slovenia",2008,0.292690847471748
"SVN","Slovenia",2009,0.286932815907872
"SVN","Slovenia",2010,0.281201469963484
"SVN","Slovenia",2011,0.275244691294661
"SVN","Slovenia",2012,0.270979035121952
"SVN","Slovenia",2013,0.264522324693518
"SVN","Slovenia",2014,0.257113030260067
"SVN","Slovenia",2015,0.250352038622183
"SVN","Slovenia",2016,0.241490481485968
"SVN","Slovenia",2017,0.237856642022359
"SVN","Slovenia",2018,0.234309634460761
"SVN","Slovenia",2019,0.231970279943679
"SVN","Slovenia",2020,0.22987343253821
"SVN","Slovenia",2021,0.229562691913275
"SVN","Slovenia",2022,0.229206472364716
"SLB","Solomon Islands",1995,0.473042295289622
"SLB","Solomon Islands",1996,0.473042295289622
"SLB","Solomon Islands",1997,0.473042295289622
"SLB","Solomon Islands",1998,0.473042295289622
"SLB","Solomon Islands",1999,0.473138745906906
"SLB","Solomon Islands",2000,0.473138745906906
"SLB","Solomon Islands",2001,0.487244849748921
"SLB","Solomon Islands",2002,0.701323642419403
"SLB","Solomon Islands",2003,0.646352095987667
"SLB","Solomon Islands",2004,0.696886914024341
"SLB","Solomon Islands",2005,0.678083369943644
"SLB","Solomon Islands",2006,0.695773347806608
"SLB","Solomon Islands",2007,0.688156441978832
"SLB","Solomon Islands",2008,0.695878566661827
"SLB","Solomon Islands",2009,0.690547477997405
"SLB","Solomon Islands",2010,0.690547477997405
"SLB","Solomon Islands",2011,0.692967511667438
"SLB","Solomon Islands",2012,0.69375665308158
"SLB","Solomon Islands",2013,0.691240168794262
"SLB","Solomon Islands",2014,0.691240168794262
"SLB","Solomon Islands",2015,0.682558395906169
"SLB","Solomon Islands",2016,0.660137121046321
"SLB","Solomon Islands",2017,0.633804539482585
"SLB","Solomon Islands",2018,0.593517003811431
"SLB","Solomon Islands",2019,0.620868067099198
"SLB","Solomon Islands",2020,0.620991453376782
"SLB","Solomon Islands",2021,0.669379792883623
"SLB","Solomon Islands",2022,0.669379792883623
"SOM","Somalia",1995,0.878577261864715
"SOM","Somalia",1996,0.878577261864715
"SOM","Somalia",1997,0.878577261864715
"SOM","Somalia",1998,0.878577261864715
"SOM","Somalia",1999,0.878577261864715
"SOM","Somalia",2000,0.878577261864715
"SOM","Somalia",2001,0.877281845743811
"SOM","Somalia",2002,0.87598845289805
"SOM","Somalia",2003,0.874430255664895
"SOM","Somalia",2004,0.872874422044565
"SOM","Somalia",2005,0.870751570271185
"SOM","Somalia",2006,0.869633617681972
"SOM","Somalia",2007,0.869863959163706
"SOM","Somalia",2008,0.86719916937932
"SOM","Somalia",2009,0.864494469515195
"SOM","Somalia",2010,0.86174967729332
"SOM","Somalia",2011,0.858971241028308
"SOM","Somalia",2012,0.856905788718897
"SOM","Somalia",2013,0.85481320782447
"SOM","Somalia",2014,0.852535134953993
"SOM","Somalia",2015,0.850387382696253
"SOM","Somalia",2016,0.848212307446626
"SOM","Somalia",2017,0.84601134740731
"SOM","Somalia",2018,0.843784734400997
"SOM","Somalia",2019,0.841534508260606
"SOM","Somalia",2020,0.839260909698617
"SOM","Somalia",2021,0.836965359604543
"SOM","Somalia",2022,0.836625150770051
"ZAF","South Africa",1995,0.439605724220154
"ZAF","South Africa",1996,0.439605724220154
"ZAF","South Africa",1997,0.439605724220154
"ZAF","South Africa",1998,0.439605724220154
"ZAF","South Africa",1999,0.439950608245593
"ZAF","South Africa",2000,0.440313028746903
"ZAF","South Africa",2001,0.438703862783115
"ZAF","South Africa",2002,0.437142117724039
"ZAF","South Africa",2003,0.46334566483048
"ZAF","South Africa",2004,0.459755856131442
"ZAF","South Africa",2005,0.494629800845694
"ZAF","South Africa",2006,0.462027164254499
"ZAF","South Africa",2007,0.465367511154684
"ZAF","South Africa",2008,0.46812036176334
"ZAF","South Africa",2009,0.466628213609156
"ZAF","South Africa",2010,0.46237351210788
"ZAF","South Africa",2011,0.457580405855923
"ZAF","South Africa",2012,0.453278408247242
"ZAF","South Africa",2013,0.452272596539771
"ZAF","South Africa",2014,0.421750346958858
"ZAF","South Africa",2015,0.419811350031994
"ZAF","South Africa",2016,0.420076836453822
"ZAF","South Africa",2017,0.412833585037046
"ZAF","South Africa",2018,0.404627606241081
"ZAF","South Africa",2019,0.403088389039755
"ZAF","South Africa",2020,0.40308344538062
"ZAF","South Africa",2021,0.402324067157805
"ZAF","South Africa",2022,0.401117342170767
"ESP","Spain",1995,0.297700515381919
"ESP","Spain",1996,0.313553489568226
"ESP","Spain",1997,0.312178629860033
"ESP","Spain",1998,0.311912075426812
"ESP","Spain",1999,0.310684522115925
"ESP","Spain",2000,0.308951918299988
"ESP","Spain",2001,0.306532088000871
"ESP","Spain",2002,0.305087210941289
"ESP","Spain",2003,0.302919949083545
"ESP","Spain",2004,0.301285772197205
"ESP","Spain",2005,0.300461501774829
"ESP","Spain",2006,0.299555496099599
"ESP","Spain",2007,0.29910332886127
"ESP","Spain",2008,0.297744597558334
"ESP","Spain",2009,0.296498457513097
"ESP","Spain",2010,0.294039125249106
"ESP","Spain",2011,0.29305316860621
"ESP","Spain",2012,0.292993447479782
"ESP","Spain",2013,0.293810836447787
"ESP","Spain",2014,0.293878649152668
"ESP","Spain",2015,0.29267116918024
"ESP","Spain",2016,0.291274517452002
"ESP","Spain",2017,0.289397987543117
"ESP","Spain",2018,0.287531191430382
"ESP","Spain",2019,0.284745758365986
"ESP","Spain",2020,0.282135987618516
"ESP","Spain",2021,0.282136440497422
"ESP","Spain",2022,0.282136883011384
"LKA","Sri Lanka",1995,0.487291782850508
"LKA","Sri Lanka",1996,0.489685511806737
"LKA","Sri Lanka",1997,0.489553988237714
"LKA","Sri Lanka",1998,0.488852529202922
"LKA","Sri Lanka",1999,0.488905138630531
"LKA","Sri Lanka",2000,0.484626238518297
"LKA","Sri Lanka",2001,0.485944949966862
"LKA","Sri Lanka",2002,0.479470119872638
"LKA","Sri Lanka",2003,0.486915696489231
"LKA","Sri Lanka",2004,0.475665494441674
"LKA","Sri Lanka",2005,0.481380963593889
"LKA","Sri Lanka",2006,0.493326067899517
"LKA","Sri Lanka",2007,0.477949027784443
"LKA","Sri Lanka",2008,0.479975833710179
"LKA","Sri Lanka",2009,0.482111649970827
"LKA","Sri Lanka",2010,0.479732218787848
"LKA","Sri Lanka",2011,0.473359447864794
"LKA","Sri Lanka",2012,0.471962138349094
"LKA","Sri Lanka",2013,0.473922668869614
"LKA","Sri Lanka",2014,0.477788908668919
"LKA","Sri Lanka",2015,0.478525282618312
"LKA","Sri Lanka",2016,0.47401232600738
"LKA","Sri Lanka",2017,0.491179587308173
"LKA","Sri Lanka",2018,0.476346256963633
"LKA","Sri Lanka",2019,0.473030915154316
"LKA","Sri Lanka",2020,0.47342951439679
"LKA","Sri Lanka",2021,0.496567392601265
"LKA","Sri Lanka",2022,0.496567392601265
"SDN","Sudan",1995,0.719515948304734
"SDN","Sudan",1996,0.719515948304734
"SDN","Sudan",1997,0.719515948304734
"SDN","Sudan",1998,0.719515948304734
"SDN","Sudan",1999,0.719515948304734
"SDN","Sudan",2000,0.719038956161075
"SDN","Sudan",2001,0.719038956161075
"SDN","Sudan",2002,0.719038956161075
"SDN","Sudan",2003,0.719038956161075
"SDN","Sudan",2004,0.717792016486848
"SDN","Sudan",2005,0.726633668697211
"SDN","Sudan",2006,0.738732435445265
"SDN","Sudan",2007,0.721147884456765
"SDN","Sudan",2008,0.714993451708069
"SDN","Sudan",2009,0.718048001846894
"SDN","Sudan",2010,0.708479205238953
"SDN","Sudan",2011,0.737308646712826
"SDN","Sudan",2012,0.707028583319567
"SDN","Sudan",2013,0.706886587055948
"SDN","Sudan",2014,0.691100952516561
"SDN","Sudan",2015,0.67657574487504
"SDN","Sudan",2016,0.671036948456227
"SDN","Sudan",2017,0.695816830969688
"SDN","Sudan",2018,0.700854531877179
"SDN","Sudan",2019,0.701809949792366
"SDN","Sudan",2020,0.704257060170037
"SDN","Sudan",2021,0.728582355938538
"SDN","Sudan",2022,0.728582355938538
"SUR","Suriname",1995,0.528800623860602
"SUR","Suriname",1996,0.531711678854991
"SUR","Suriname",1997,0.531711678854991
"SUR","Suriname",1998,0.531711678854991
"SUR","Suriname",1999,0.531711678854991
"SUR","Suriname",2000,0.53085239153737
"SUR","Suriname",2001,0.448985828819189
"SUR","Suriname",2002,0.482414571000419
"SUR","Suriname",2003,0.484957743343882
"SUR","Suriname",2004,0.466233058079977
"SUR","Suriname",2005,0.451895374032233
"SUR","Suriname",2006,0.47542950953391
"SUR","Suriname",2007,0.441038191122665
"SUR","Suriname",2008,0.449023749163249
"SUR","Suriname",2009,0.463152664972539
"SUR","Suriname",2010,0.482697384151197
"SUR","Suriname",2011,0.470975497611488
"SUR","Suriname",2012,0.458285448619358
"SUR","Suriname",2013,0.457948753889298
"SUR","Suriname",2014,0.460534415465153
"SUR","Suriname",2015,0.457399986057797
"SUR","Suriname",2016,0.465179572227873
"SUR","Suriname",2017,0.461772831956124
"SUR","Suriname",2018,0.464687421691507
"SUR","Suriname",2019,0.455210320458308
"SUR","Suriname",2020,0.458949726111707
"SUR","Suriname",2021,0.466992076620456
"SUR","Suriname",2022,0.467011736362262
"SWZ","Swaziland",1995,0.522432230981254
"SWZ","Swaziland",1996,0.522432230981254
"SWZ","Swaziland",1997,0.522432230981254
"SWZ","Swaziland",1998,0.522432230981254
"SWZ","Swaziland",1999,0.522432230981254
"SWZ","Swaziland",2000,0.522432230981254
"SWZ","Swaziland",2001,0.570498254444507
"SWZ","Swaziland",2002,0.603238715027682
"SWZ","Swaziland",2003,0.620023556678651
"SWZ","Swaziland",2004,0.613553203705357
"SWZ","Swaziland",2005,0.594465294696416
"SWZ","Swaziland",2006,0.636342210849765
"SWZ","Swaziland",2007,0.611401350802411
"SWZ","Swaziland",2008,0.609948374902759
"SWZ","Swaziland",2009,0.59462449970116
"SWZ","Swaziland",2010,0.603562500179584
"SWZ","Swaziland",2011,0.619540121780415
"SWZ","Swaziland",2012,0.612048709065985
"SWZ","Swaziland",2013,0.62607103485782
"SWZ","Swaziland",2014,0.618039488595782
"SWZ","Swaziland",2015,0.609916762750039
"SWZ","Swaziland",2016,0.60127495721855
"SWZ","Swaziland",2017,0.563926446902691
"SWZ","Swaziland",2018,0.597585282695542
"SWZ","Swaziland",2019,0.568123495212152
"SWZ","Swaziland",2020,0.562547003132016
"SWZ","Swaziland",2021,0.576774430723001
"SWZ","Swaziland",2022,0.576774430723001
"SWE","Sweden",1995,0.257699175008892
"SWE","Sweden",1996,0.257720218779936
"SWE","Sweden",1997,0.258267356827074
"SWE","Sweden",1998,0.256513709240093
"SWE","Sweden",1999,0.255447491507208
"SWE","Sweden",2000,0.254626784436501
"SWE","Sweden",2001,0.252796987192726
"SWE","Sweden",2002,0.250646635687688
"SWE","Sweden",2003,0.24934502378945
"SWE","Sweden",2004,0.247363140629665
"SWE","Sweden",2005,0.245451562501246
"SWE","Sweden",2006,0.243745831249007
"SWE","Sweden",2007,0.242183157399659
"SWE","Sweden",2008,0.241441349315631
"SWE","Sweden",2009,0.240685837774325
"SWE","Sweden",2010,0.239678147288064
"SWE","Sweden",2011,0.239027483375185
"SWE","Sweden",2012,0.238320555230783
"SWE","Sweden",2013,0.237628597990244
"SWE","Sweden",2014,0.237182921232876
"SWE","Sweden",2015,0.236590667583718
"SWE","Sweden",2016,0.235999334167486
"SWE","Sweden",2017,0.235598129745833
"SWE","Sweden",2018,0.2352120247225
"SWE","Sweden",2019,0.235626562304295
"SWE","Sweden",2020,0.216127627978136
"SWE","Sweden",2021,0.216074092184324
"SWE","Sweden",2022,0.216052313581581
"CHE","Switzerland",1995,0.196054851946655
"CHE","Switzerland",1996,0.195774268332738
"CHE","Switzerland",1997,0.195464457259037
"CHE","Switzerland",1998,0.195084500281858
"CHE","Switzerland",1999,0.19489159904729
"CHE","Switzerland",2000,0.19403231172967
"CHE","Switzerland",2001,0.193834139597808
"CHE","Switzerland",2002,0.191160872116559
"CHE","Switzerland",2003,0.187435401985881
"CHE","Switzerland",2004,0.187912924689311
"CHE","Switzerland",2005,0.1865431899362
"CHE","Switzerland",2006,0.183788073329267
"CHE","Switzerland",2007,0.182283903562642
"CHE","Switzerland",2008,0.180452381037038
"CHE","Switzerland",2009,0.178726149115131
"CHE","Switzerland",2010,0.174439517342768
"CHE","Switzerland",2011,0.171047404281157
"CHE","Switzerland",2012,0.167959655813705
"CHE","Switzerland",2013,0.165077931723243
"CHE","Switzerland",2014,0.162977100049235
"CHE","Switzerland",2015,0.159847775464328
"CHE","Switzerland",2016,0.156701251913859
"CHE","Switzerland",2017,0.155059437629856
"CHE","Switzerland",2018,0.152403201128872
"CHE","Switzerland",2019,0.149981092671086
"CHE","Switzerland",2020,0.14710443346913
"CHE","Switzerland",2021,0.14678832659352
"CHE","Switzerland",2022,0.146787794719318
"SYR","Syrian Arab Republic",1995,0.438398010517224
"SYR","Syrian Arab Republic",1996,0.438398010517224
"SYR","Syrian Arab Republic",1997,0.438398010517224
"SYR","Syrian Arab Republic",1998,0.437135384254598
"SYR","Syrian Arab Republic",1999,0.440800507711388
"SYR","Syrian Arab Republic",2000,0.440125353390401
"SYR","Syrian Arab Republic",2001,0.440678845781678
"SYR","Syrian Arab Republic",2002,0.44193667949874
"SYR","Syrian Arab Republic",2003,0.442870399269066
"SYR","Syrian Arab Republic",2004,0.441575868909346
"SYR","Syrian Arab Republic",2005,0.439879151338232
"SYR","Syrian Arab Republic",2006,0.452144055767448
"SYR","Syrian Arab Republic",2007,0.446198504917877
"SYR","Syrian Arab Republic",2008,0.447357838892963
"SYR","Syrian Arab Republic",2009,0.450234809906719
"SYR","Syrian Arab Republic",2010,0.450622094645516
"SYR","Syrian Arab Republic",2011,0.452482599399564
"SYR","Syrian Arab Republic",2012,0.449070578723761
"SYR","Syrian Arab Republic",2013,0.449070578723761
"SYR","Syrian Arab Republic",2014,0.445484369408386
"SYR","Syrian Arab Republic",2015,0.445484369408386
"SYR","Syrian Arab Republic",2016,0.454199997915681
"SYR","Syrian Arab Republic",2017,0.454199997915681
"SYR","Syrian Arab Republic",2018,0.454199997915681
"SYR","Syrian Arab Republic",2019,0.454199997915681
"SYR","Syrian Arab Republic",2020,0.454199997915681
"SYR","Syrian Arab Republic",2021,0.454199997915681
"SYR","Syrian Arab Republic",2022,0.454199997915681
"TJK","Tajikistan",1995,0.417914598905363
"TJK","Tajikistan",1996,0.419001860409291
"TJK","Tajikistan",1997,0.419906742564173
"TJK","Tajikistan",1998,0.421695463102893
"TJK","Tajikistan",1999,0.421618302609066
"TJK","Tajikistan",2000,0.422396922137686
"TJK","Tajikistan",2001,0.449990008135983
"TJK","Tajikistan",2002,0.440404565902009
"TJK","Tajikistan",2003,0.479623049588264
"TJK","Tajikistan",2004,0.469432593223885
"TJK","Tajikistan",2005,0.498141514614835
"TJK","Tajikistan",2006,0.477890619381987
"TJK","Tajikistan",2007,0.463298971594886
"TJK","Tajikistan",2008,0.447094094457475
"TJK","Tajikistan",2009,0.46982740666512
"TJK","Tajikistan",2010,0.442684265801204
"TJK","Tajikistan",2011,0.47580207819549
"TJK","Tajikistan",2012,0.42715207774212
"TJK","Tajikistan",2013,0.424405797600185
"TJK","Tajikistan",2014,0.400417189991293
"TJK","Tajikistan",2015,0.403861516891883
"TJK","Tajikistan",2016,0.383410737441546
"TJK","Tajikistan",2017,0.395859007369059
"TJK","Tajikistan",2018,0.36834357768937
"TJK","Tajikistan",2019,0.345131717121307
"TJK","Tajikistan",2020,0.391942907338132
"TJK","Tajikistan",2021,0.417638804312607
"TJK","Tajikistan",2022,0.417638804312607
"TZA","Tanzania, United Republic of",1995,0.854257859320874
"TZA","Tanzania, United Republic of",1996,0.854257859320874
"TZA","Tanzania, United Republic of",1997,0.854257859320874
"TZA","Tanzania, United Republic of",1998,0.854257859320874
"TZA","Tanzania, United Republic of",1999,0.854257859320874
"TZA","Tanzania, United Republic of",2000,0.854257859320874
"TZA","Tanzania, United Republic of",2001,0.848778570479522
"TZA","Tanzania, United Republic of",2002,0.834912963057269
"TZA","Tanzania, United Republic of",2003,0.827284293206262
"TZA","Tanzania, United Republic of",2004,0.821770281595981
"TZA","Tanzania, United Republic of",2005,0.825192225113474
"TZA","Tanzania, United Republic of",2006,0.822298934328865
"TZA","Tanzania, United Republic of",2007,0.816848138567257
"TZA","Tanzania, United Republic of",2008,0.79349238127938
"TZA","Tanzania, United Republic of",2009,0.806205936556428
"TZA","Tanzania, United Republic of",2010,0.801031683474724
"TZA","Tanzania, United Republic of",2011,0.796008534122068
"TZA","Tanzania, United Republic of",2012,0.789816046955086
"TZA","Tanzania, United Republic of",2013,0.784859974487487
"TZA","Tanzania, United Republic of",2014,0.7798144137699
"TZA","Tanzania, United Republic of",2015,0.774878526426745
"TZA","Tanzania, United Republic of",2016,0.769953811909781
"TZA","Tanzania, United Republic of",2017,0.76419874494888
"TZA","Tanzania, United Republic of",2018,0.759455327465789
"TZA","Tanzania, United Republic of",2019,0.756357217841845
"TZA","Tanzania, United Republic of",2020,0.752856791769857
"TZA","Tanzania, United Republic of",2021,0.752680894190742
"TZA","Tanzania, United Republic of",2022,0.752504828180494
"THA","Thailand",1995,0.482989936168169
"THA","Thailand",1996,0.482989936168169
"THA","Thailand",1997,0.482732734522078
"THA","Thailand",1998,0.48199035704359
"THA","Thailand",1999,0.481657164002063
"THA","Thailand",2000,0.481657164002063
"THA","Thailand",2001,0.480666322782422
"THA","Thailand",2002,0.481010685871677
"THA","Thailand",2003,0.48015557820747
"THA","Thailand",2004,0.478516910872976
"THA","Thailand",2005,0.476381728024375
"THA","Thailand",2006,0.474658665097975
"THA","Thailand",2007,0.473259223406218
"THA","Thailand",2008,0.471826175105583
"THA","Thailand",2009,0.469585227849063
"THA","Thailand",2010,0.465742562565736
"THA","Thailand",2011,0.46466226902653
"THA","Thailand",2012,0.462880344537699
"THA","Thailand",2013,0.462482159135618
"THA","Thailand",2014,0.461198365134126
"THA","Thailand",2015,0.457332991347207
"THA","Thailand",2016,0.452598046654764
"THA","Thailand",2017,0.44802891652977
"THA","Thailand",2018,0.448091072248668
"THA","Thailand",2019,0.443574063595834
"THA","Thailand",2020,0.44177417288876
"THA","Thailand",2021,0.441276872193593
"THA","Thailand",2022,0.441182342942425
"TLS","Timor-Leste",1995,0.617687911311386
"TLS","Timor-Leste",1996,0.617687911311386
"TLS","Timor-Leste",1997,0.617687911311386
"TLS","Timor-Leste",1998,0.617687911311386
"TLS","Timor-Leste",1999,0.617687911311386
"TLS","Timor-Leste",2000,0.617687911311386
"TLS","Timor-Leste",2001,0.617687911311386
"TLS","Timor-Leste",2002,0.617687911311386
"TLS","Timor-Leste",2003,0.617687911311386
"TLS","Timor-Leste",2004,0.705058200501294
"TLS","Timor-Leste",2005,0.706743030805646
"TLS","Timor-Leste",2006,0.765432977707478
"TLS","Timor-Leste",2007,0.769690168688937
"TLS","Timor-Leste",2008,0.767409761466132
"TLS","Timor-Leste",2009,0.762735106801989
"TLS","Timor-Leste",2010,0.758369094113154
"TLS","Timor-Leste",2011,0.754339781761019
"TLS","Timor-Leste",2012,0.750303454818537
"TLS","Timor-Leste",2013,0.744246925855853
"TLS","Timor-Leste",2014,0.736373617993056
"TLS","Timor-Leste",2015,0.731584025974655
"TLS","Timor-Leste",2016,0.727446790858611
"TLS","Timor-Leste",2017,0.676135080660093
"TLS","Timor-Leste",2018,0.712299276838308
"TLS","Timor-Leste",2019,0.716638446737956
"TLS","Timor-Leste",2020,0.716701578051087
"TLS","Timor-Leste",2021,0.716701578051087
"TLS","Timor-Leste",2022,0.716701578051087
"TGO","Togo",1995,0.561915131200208
"TGO","Togo",1996,0.561915131200208
"TGO","Togo",1997,0.561915131200208
"TGO","Togo",1998,0.561915131200208
"TGO","Togo",1999,0.561915131200208
"TGO","Togo",2000,0.561915131200208
"TGO","Togo",2001,0.562245613160324
"TGO","Togo",2002,0.562046759002177
"TGO","Togo",2003,0.56379274751614
"TGO","Togo",2004,0.567737868750833
"TGO","Togo",2005,0.570561072046606
"TGO","Togo",2006,0.575220263087291
"TGO","Togo",2007,0.575780551781244
"TGO","Togo",2008,0.578387327391198
"TGO","Togo",2009,0.574658051391185
"TGO","Togo",2010,0.544089303275842
"TGO","Togo",2011,0.555830351551858
"TGO","Togo",2012,0.563273963453704
"TGO","Togo",2013,0.596187232404905
"TGO","Togo",2014,0.585085769352124
"TGO","Togo",2015,0.585304483105286
"TGO","Togo",2016,0.581270656937589
"TGO","Togo",2017,0.575619644842096
"TGO","Togo",2018,0.540940428801804
"TGO","Togo",2019,0.536817443334875
"TGO","Togo",2020,0.569475250615171
"TGO","Togo",2021,0.576445227062504
"TGO","Togo",2022,0.576422011836455
"TON","Tonga",1995,0.465552763378301
"TON","Tonga",1996,0.465552763378301
"TON","Tonga",1997,0.465552763378301
"TON","Tonga",1998,0.465552763378301
"TON","Tonga",1999,0.465552763378301
"TON","Tonga",2000,0.465138902547774
"TON","Tonga",2001,0.543459826874942
"TON","Tonga",2002,0.535106292274937
"TON","Tonga",2003,0.542888526760952
"TON","Tonga",2004,0.657835413288704
"TON","Tonga",2005,0.627457623933276
"TON","Tonga",2006,0.655790999488907
"TON","Tonga",2007,0.576699206933485
"TON","Tonga",2008,0.651813389252166
"TON","Tonga",2009,0.479135457952879
"TON","Tonga",2010,0.628404207947818
"TON","Tonga",2011,0.535004494871902
"TON","Tonga",2012,0.649619717297876
"TON","Tonga",2013,0.565855782843988
"TON","Tonga",2014,0.651042835164891
"TON","Tonga",2015,0.638822068565048
"TON","Tonga",2016,0.650993635887439
"TON","Tonga",2017,0.653775319495341
"TON","Tonga",2018,0.617033107045592
"TON","Tonga",2019,0.648508382932544
"TON","Tonga",2020,0.648111568295841
"TON","Tonga",2021,0.65091691027992
"TON","Tonga",2022,0.651350817026754
"TTO","Trinidad and Tobago",1995,0.388650902814163
"TTO","Trinidad and Tobago",1996,0.394704494284421
"TTO","Trinidad and Tobago",1997,0.394613304609898
"TTO","Trinidad and Tobago",1998,0.390509769256362
"TTO","Trinidad and Tobago",1999,0.389569814149741
"TTO","Trinidad and Tobago",2000,0.390986761400021
"TTO","Trinidad and Tobago",2001,0.39007802418516
"TTO","Trinidad and Tobago",2002,0.390588805143575
"TTO","Trinidad and Tobago",2003,0.389628886829989
"TTO","Trinidad and Tobago",2004,0.389864281470539
"TTO","Trinidad and Tobago",2005,0.389405955593884
"TTO","Trinidad and Tobago",2006,0.383031069196633
"TTO","Trinidad and Tobago",2007,0.382509616199597
"TTO","Trinidad and Tobago",2008,0.382874262511908
"TTO","Trinidad and Tobago",2009,0.379843879321317
"TTO","Trinidad and Tobago",2010,0.380447881794962
"TTO","Trinidad and Tobago",2011,0.377385657154926
"TTO","Trinidad and Tobago",2012,0.375925148492859
"TTO","Trinidad and Tobago",2013,0.375243526778314
"TTO","Trinidad and Tobago",2014,0.374745949397816
"TTO","Trinidad and Tobago",2015,0.368225595181721
"TTO","Trinidad and Tobago",2016,0.36287687086603
"TTO","Trinidad and Tobago",2017,0.348483637040607
"TTO","Trinidad and Tobago",2018,0.354115715505401
"TTO","Trinidad and Tobago",2019,0.353285964756754
"TTO","Trinidad and Tobago",2020,0.353091425068647
"TTO","Trinidad and Tobago",2021,0.358100515881065
"TTO","Trinidad and Tobago",2022,0.358100515881065
"TUN","Tunisia",1995,0.39196146328404
"TUN","Tunisia",1996,0.391885471888605
"TUN","Tunisia",1997,0.391762716557516
"TUN","Tunisia",1998,0.391593197290774
"TUN","Tunisia",1999,0.391447059991859
"TUN","Tunisia",2000,0.391318459168814
"TUN","Tunisia",2001,0.389766715816575
"TUN","Tunisia",2002,0.387907405227021
"TUN","Tunisia",2003,0.385525951526438
"TUN","Tunisia",2004,0.375990053242556
"TUN","Tunisia",2005,0.376029583751821
"TUN","Tunisia",2006,0.375228250934214
"TUN","Tunisia",2007,0.373825278250917
"TUN","Tunisia",2008,0.376252834437494
"TUN","Tunisia",2009,0.375162416739295
"TUN","Tunisia",2010,0.372451698011986
"TUN","Tunisia",2011,0.370730350159901
"TUN","Tunisia",2012,0.360539097519203
"TUN","Tunisia",2013,0.357751957950043
"TUN","Tunisia",2014,0.352211399398487
"TUN","Tunisia",2015,0.348898610436296
"TUN","Tunisia",2016,0.349786226020929
"TUN","Tunisia",2017,0.346549809799187
"TUN","Tunisia",2018,0.343723479637277
"TUN","Tunisia",2019,0.33816040857565
"TUN","Tunisia",2020,0.337994695338081
"TUN","Tunisia",2021,0.346816587223117
"TUN","Tunisia",2022,0.346674046340022
"TUR","Turkey",1995,0.438991424779986
"TUR","Turkey",1996,0.439215891671119
"TUR","Turkey",1997,0.438780987069548
"TUR","Turkey",1998,0.438353097058325
"TUR","Turkey",1999,0.438016396721624
"TUR","Turkey",2000,0.437553433758661
"TUR","Turkey",2001,0.437077272605705
"TUR","Turkey",2002,0.436259915483664
"TUR","Turkey",2003,0.435122654646875
"TUR","Turkey",2004,0.431452445279834
"TUR","Turkey",2005,0.427628478327888
"TUR","Turkey",2006,0.423503407532731
"TUR","Turkey",2007,0.418938023001236
"TUR","Turkey",2008,0.415099381250455
"TUR","Turkey",2009,0.410997938008159
"TUR","Turkey",2010,0.406556616259109
"TUR","Turkey",2011,0.402139983992396
"TUR","Turkey",2012,0.397607889666014
"TUR","Turkey",2013,0.393675032644686
"TUR","Turkey",2014,0.390138385739887
"TUR","Turkey",2015,0.385412636176217
"TUR","Turkey",2016,0.38169352230968
"TUR","Turkey",2017,0.376329453431957
"TUR","Turkey",2018,0.3698677801026
"TUR","Turkey",2019,0.364588235853599
"TUR","Turkey",2020,0.356897452311913
"TUR","Turkey",2021,0.353081069947692
"TUR","Turkey",2022,0.349200635801628
"TKM","Turkmenistan",1995,0.287744121893691
"TKM","Turkmenistan",1996,0.287379363195599
"TKM","Turkmenistan",1997,0.287737107303343
"TKM","Turkmenistan",1998,0.287737107303343
"TKM","Turkmenistan",1999,0.287737107303343
"TKM","Turkmenistan",2000,0.290928745911648
"TKM","Turkmenistan",2001,0.291773946077589
"TKM","Turkmenistan",2002,0.300752953789391
"TKM","Turkmenistan",2003,0.299296543615207
"TKM","Turkmenistan",2004,0.312462591657125
"TKM","Turkmenistan",2005,0.315056835370292
"TKM","Turkmenistan",2006,0.31685848814574
"TKM","Turkmenistan",2007,0.318675825367916
"TKM","Turkmenistan",2008,0.319800623907999
"TKM","Turkmenistan",2009,0.320198764671589
"TKM","Turkmenistan",2010,0.319452051148448
"TKM","Turkmenistan",2011,0.320809048787734
"TKM","Turkmenistan",2012,0.320853253297285
"TKM","Turkmenistan",2013,0.319219461278481
"TKM","Turkmenistan",2014,0.319848076590246
"TKM","Turkmenistan",2015,0.319318517784248
"TKM","Turkmenistan",2016,0.318682901345214
"TKM","Turkmenistan",2017,0.317792657661934
"TKM","Turkmenistan",2018,0.319918677877349
"TKM","Turkmenistan",2019,0.317315382058902
"TKM","Turkmenistan",2020,0.317571275207355
"TKM","Turkmenistan",2021,0.317575660755874
"TKM","Turkmenistan",2022,0.317575660755874
"TUV","Tuvalu",1995,0.434927508484608
"TUV","Tuvalu",1996,0.434927508484608
"TUV","Tuvalu",1997,0.434927508484608
"TUV","Tuvalu",1998,0.434927508484608
"TUV","Tuvalu",1999,0.434927508484608
"TUV","Tuvalu",2000,0.434927508484608
"TUV","Tuvalu",2001,0.465394887835471
"TUV","Tuvalu",2002,0.472311327389945
"TUV","Tuvalu",2003,0.474861208379075
"TUV","Tuvalu",2004,0.445598698227312
"TUV","Tuvalu",2005,0.437945375626549
"TUV","Tuvalu",2006,0.530018912694967
"TUV","Tuvalu",2007,0.455700622575344
"TUV","Tuvalu",2008,0.426503115728781
"TUV","Tuvalu",2009,0.510314782846545
"TUV","Tuvalu",2010,0.498907482665434
"TUV","Tuvalu",2011,0.494738348706272
"TUV","Tuvalu",2012,0.476401358931492
"TUV","Tuvalu",2013,0.604497042360553
"TUV","Tuvalu",2014,0.534632943438832
"TUV","Tuvalu",2015,0.601759823746669
"TUV","Tuvalu",2016,0.5434102636619
"TUV","Tuvalu",2017,0.571248680687912
"TUV","Tuvalu",2018,0.536250008338267
"TUV","Tuvalu",2019,0.582722524180308
"TUV","Tuvalu",2020,0.555731797284623
"TUV","Tuvalu",2021,0.641559450921346
"TUV","Tuvalu",2022,0.642500003405575
"UGA","Uganda",1995,0.837476755312105
"UGA","Uganda",1996,0.837476755312105
"UGA","Uganda",1997,0.837476755312105
"UGA","Uganda",1998,0.837476755312105
"UGA","Uganda",1999,0.837476755312105
"UGA","Uganda",2000,0.837476755312105
"UGA","Uganda",2001,0.83491955885047
"UGA","Uganda",2002,0.80499209289375
"UGA","Uganda",2003,0.770716864961851
"UGA","Uganda",2004,0.827060414555609
"UGA","Uganda",2005,0.820501129676475
"UGA","Uganda",2006,0.817953622296233
"UGA","Uganda",2007,0.804824926316782
"UGA","Uganda",2008,0.810438743792046
"UGA","Uganda",2009,0.810304133709513
"UGA","Uganda",2010,0.807754681604595
"UGA","Uganda",2011,0.805207066108075
"UGA","Uganda",2012,0.803695845692636
"UGA","Uganda",2013,0.800298643672024
"UGA","Uganda",2014,0.798272172781547
"UGA","Uganda",2015,0.793757435558853
"UGA","Uganda",2016,0.790694550621356
"UGA","Uganda",2017,0.788721129503735
"UGA","Uganda",2018,0.786136366441175
"UGA","Uganda",2019,0.783606335785842
"UGA","Uganda",2020,0.780166884876931
"UGA","Uganda",2021,0.779902934227049
"UGA","Uganda",2022,0.779653751255671
"UKR","Ukraine",1995,0.329004337594373
"UKR","Ukraine",1996,0.337275708712966
"UKR","Ukraine",1997,0.337404309536012
"UKR","Ukraine",1998,0.33728739969688
"UKR","Ukraine",1999,0.337310781664706
"UKR","Ukraine",2000,0.337071116494485
"UKR","Ukraine",2001,0.336841358550969
"UKR","Ukraine",2002,0.336109054309988
"UKR","Ukraine",2003,0.334676776861188
"UKR","Ukraine",2004,0.335542374202099
"UKR","Ukraine",2005,0.332836516721989
"UKR","Ukraine",2006,0.332410118627889
"UKR","Ukraine",2007,0.331948882663734
"UKR","Ukraine",2008,0.330617268248469
"UKR","Ukraine",2009,0.318407084086401
"UKR","Ukraine",2010,0.313140439725934
"UKR","Ukraine",2011,0.306053655196142
"UKR","Ukraine",2012,0.301375111883948
"UKR","Ukraine",2013,0.296482468887604
"UKR","Ukraine",2014,0.301068143411241
"UKR","Ukraine",2015,0.301691018968735
"UKR","Ukraine",2016,0.294626618821938
"UKR","Ukraine",2017,0.293207583350108
"UKR","Ukraine",2018,0.284629451452057
"UKR","Ukraine",2019,0.283489507487521
"UKR","Ukraine",2020,0.283512297232987
"UKR","Ukraine",2021,0.283537442944249
"UKR","Ukraine",2022,0.283564781763039
"ARE","United Arab Emirates",1995,0.340682526178013
"ARE","United Arab Emirates",1996,0.34092803684019
"ARE","United Arab Emirates",1997,0.341376970622457
"ARE","United Arab Emirates",1998,0.336094984090471
"ARE","United Arab Emirates",1999,0.341152503731324
"ARE","United Arab Emirates",2000,0.342779888692042
"ARE","United Arab Emirates",2001,0.339462527196674
"ARE","United Arab Emirates",2002,0.338747574413295
"ARE","United Arab Emirates",2003,0.33651745485856
"ARE","United Arab Emirates",2004,0.340039293486085
"ARE","United Arab Emirates",2005,0.343729475318767
"ARE","United Arab Emirates",2006,0.346360444806716
"ARE","United Arab Emirates",2007,0.345385914387075
"ARE","United Arab Emirates",2008,0.345975602592836
"ARE","United Arab Emirates",2009,0.346838860947085
"ARE","United Arab Emirates",2010,0.348908613235685
"ARE","United Arab Emirates",2011,0.346280432383953
"ARE","United Arab Emirates",2012,0.344493997619766
"ARE","United Arab Emirates",2013,0.340224381751225
"ARE","United Arab Emirates",2014,0.334130959092506
"ARE","United Arab Emirates",2015,0.325259744681384
"ARE","United Arab Emirates",2016,0.319979980589311
"ARE","United Arab Emirates",2017,0.31809528420623
"ARE","United Arab Emirates",2018,0.316645461747812
"ARE","United Arab Emirates",2019,0.315553384240125
"ARE","United Arab Emirates",2020,0.312868982484245
"ARE","United Arab Emirates",2021,0.3128655770665
"ARE","United Arab Emirates",2022,0.312865882672442
"GBR","United Kingdom",1995,0.225095742370154
"GBR","United Kingdom",1996,0.224856077199934
"GBR","United Kingdom",1997,0.224522884158407
"GBR","United Kingdom",1998,0.224265682512317
"GBR","United Kingdom",1999,0.224183845624924
"GBR","United Kingdom",2000,0.223710360776439
"GBR","United Kingdom",2001,0.222181903715595
"GBR","United Kingdom",2002,0.219970240797708
"GBR","United Kingdom",2003,0.218033651772296
"GBR","United Kingdom",2004,0.216367142874967
"GBR","United Kingdom",2005,0.21517320120306
"GBR","United Kingdom",2006,0.215732772920817
"GBR","United Kingdom",2007,0.217464391651317
"GBR","United Kingdom",2008,0.216847873142382
"GBR","United Kingdom",2009,0.217316309135561
"GBR","United Kingdom",2010,0.217854942417705
"GBR","United Kingdom",2011,0.218845148248822
"GBR","United Kingdom",2012,0.22033120826875
"GBR","United Kingdom",2013,0.220295892690781
"GBR","United Kingdom",2014,0.220066218816286
"GBR","United Kingdom",2015,0.220018824238786
"GBR","United Kingdom",2016,0.2200816546882
"GBR","United Kingdom",2017,0.22017041321372
"GBR","United Kingdom",2018,0.218676566944061
"GBR","United Kingdom",2019,0.217143882918654
"GBR","United Kingdom",2020,0.214931505073086
"GBR","United Kingdom",2021,0.212952059713624
"GBR","United Kingdom",2022,0.212929755388039
"USA","United States",1995,0.221236171750353
"USA","United States",1996,0.221236171750353
"USA","United States",1997,0.221236171750353
"USA","United States",1998,0.221236171750353
"USA","United States",1999,0.221236171750353
"USA","United States",2000,0.217253638080319
"USA","United States",2001,0.217150392492121
"USA","United States",2002,0.217046980792178
"USA","United States",2003,0.216943413507383
"USA","United States",2004,0.216185013065972
"USA","United States",2005,0.213448321726583
"USA","United States",2006,0.213344300891909
"USA","United States",2007,0.213240132233174
"USA","United States",2008,0.213135815284405
"USA","United States",2009,0.213031352256527
"USA","United States",2010,0.197843652609073
"USA","United States",2011,0.197787623615899
"USA","United States",2012,0.197730056673939
"USA","United States",2013,0.197670958902377
"USA","United States",2014,0.197610279351607
"USA","United States",2015,0.197656369407881
"USA","United States",2016,0.197701431151087
"USA","United States",2017,0.186814369096819
"USA","United States",2018,0.181304102324322
"USA","United States",2019,0.189190620418271
"USA","United States",2020,0.193048487887878
"USA","United States",2021,0.193088117379786
"USA","United States",2022,0.193126617184522
"URY","Uruguay",1995,0.409625133897112
"URY","Uruguay",1996,0.408622047477359
"URY","Uruguay",1997,0.408622047477359
"URY","Uruguay",1998,0.408622047477359
"URY","Uruguay",1999,0.408327434682746
"URY","Uruguay",2000,0.408327434682746
"URY","Uruguay",2001,0.408317296924147
"URY","Uruguay",2002,0.408306641619987
"URY","Uruguay",2003,0.408613748280223
"URY","Uruguay",2004,0.408766153450706
"URY","Uruguay",2005,0.404949678537469
"URY","Uruguay",2006,0.386241228315591
"URY","Uruguay",2007,0.382424753402354
"URY","Uruguay",2008,0.356933194314034
"URY","Uruguay",2009,0.353040487366464
"URY","Uruguay",2010,0.34928691483558
"URY","Uruguay",2011,0.34547716544244
"URY","Uruguay",2012,0.341677545150252
"URY","Uruguay",2013,0.337954744598805
"URY","Uruguay",2014,0.334329051127643
"URY","Uruguay",2015,0.334095330737544
"URY","Uruguay",2016,0.334012349646814
"URY","Uruguay",2017,0.326955710812333
"URY","Uruguay",2018,0.297545710267551
"URY","Uruguay",2019,0.316997169302343
"URY","Uruguay",2020,0.316997169302343
"URY","Uruguay",2021,0.2784039195202
"URY","Uruguay",2022,0.2784039195202
"UZB","Uzbekistan",1995,0.300370551815916
"UZB","Uzbekistan",1996,0.298181999627364
"UZB","Uzbekistan",1997,0.297908430603795
"UZB","Uzbekistan",1998,0.299220158998857
"UZB","Uzbekistan",1999,0.299079867191898
"UZB","Uzbekistan",2000,0.299872515901214
"UZB","Uzbekistan",2001,0.300299117077016
"UZB","Uzbekistan",2002,0.301063927704825
"UZB","Uzbekistan",2003,0.328788684403326
"UZB","Uzbekistan",2004,0.322001301255391
"UZB","Uzbekistan",2005,0.329029320250935
"UZB","Uzbekistan",2006,0.317443811840013
"UZB","Uzbekistan",2007,0.315260469636705
"UZB","Uzbekistan",2008,0.311421257800204
"UZB","Uzbekistan",2009,0.311389866454753
"UZB","Uzbekistan",2010,0.310116768115179
"UZB","Uzbekistan",2011,0.311539022997659
"UZB","Uzbekistan",2012,0.308756340131361
"UZB","Uzbekistan",2013,0.31153778042691
"UZB","Uzbekistan",2014,0.314245076579086
"UZB","Uzbekistan",2015,0.310372031990343
"UZB","Uzbekistan",2016,0.307328771323948
"UZB","Uzbekistan",2017,0.307816486735491
"UZB","Uzbekistan",2018,0.306029235059168
"UZB","Uzbekistan",2019,0.300651197227446
"UZB","Uzbekistan",2020,0.300548789620554
"UZB","Uzbekistan",2021,0.300320215137344
"UZB","Uzbekistan",2022,0.300243056733888
"VUT","Vanuatu",1995,0.549267906653529
"VUT","Vanuatu",1996,0.549267906653529
"VUT","Vanuatu",1997,0.549267906653529
"VUT","Vanuatu",1998,0.549267906653529
"VUT","Vanuatu",1999,0.549267906653529
"VUT","Vanuatu",2000,0.549267906653529
"VUT","Vanuatu",2001,0.54842820456558
"VUT","Vanuatu",2002,0.627331915260333
"VUT","Vanuatu",2003,0.557133690403126
"VUT","Vanuatu",2004,0.611734286945011
"VUT","Vanuatu",2005,0.615014327243131
"VUT","Vanuatu",2006,0.624228219994824
"VUT","Vanuatu",2007,0.562494905896001
"VUT","Vanuatu",2008,0.558968517279378
"VUT","Vanuatu",2009,0.653219394204847
"VUT","Vanuatu",2010,0.676794048305937
"VUT","Vanuatu",2011,0.62403758388178
"VUT","Vanuatu",2012,0.674794890056779
"VUT","Vanuatu",2013,0.674794890056779
"VUT","Vanuatu",2014,0.674794890056779
"VUT","Vanuatu",2015,0.674794890056779
"VUT","Vanuatu",2016,0.674943950101672
"VUT","Vanuatu",2017,0.674943950101672
"VUT","Vanuatu",2018,0.633996029439659
"VUT","Vanuatu",2019,0.678346026420415
"VUT","Vanuatu",2020,0.634009551960147
"VUT","Vanuatu",2021,0.678346026420415
"VUT","Vanuatu",2022,0.678346026420415
"VEN","Venezuela, Bolivarian Republic o",1995,0.483680284069125
"VEN","Venezuela, Bolivarian Republic o",1996,0.483680284069125
"VEN","Venezuela, Bolivarian Republic o",1997,0.483680284069125
"VEN","Venezuela, Bolivarian Republic o",1998,0.483680284069125
"VEN","Venezuela, Bolivarian Republic o",1999,0.483680284069125
"VEN","Venezuela, Bolivarian Republic o",2000,0.483680284069125
"VEN","Venezuela, Bolivarian Republic o",2001,0.47998235127677
"VEN","Venezuela, Bolivarian Republic o",2002,0.478985035768365
"VEN","Venezuela, Bolivarian Republic o",2003,0.478581699405605
"VEN","Venezuela, Bolivarian Republic o",2004,0.478178363042844
"VEN","Venezuela, Bolivarian Republic o",2005,0.478369451503494
"VEN","Venezuela, Bolivarian Republic o",2006,0.478560539964144
"VEN","Venezuela, Bolivarian Republic o",2007,0.478751628424794
"VEN","Venezuela, Bolivarian Republic o",2008,0.478942716885444
"VEN","Venezuela, Bolivarian Republic o",2009,0.478974882030202
"VEN","Venezuela, Bolivarian Republic o",2010,0.478792492784028
"VEN","Venezuela, Bolivarian Republic o",2011,0.478560130755351
"VEN","Venezuela, Bolivarian Republic o",2012,0.47827329345998
"VEN","Venezuela, Bolivarian Republic o",2013,0.477986456164608
"VEN","Venezuela, Bolivarian Republic o",2014,0.477699618869237
"VEN","Venezuela, Bolivarian Republic o",2015,0.477412781573866
"VEN","Venezuela, Bolivarian Republic o",2016,0.477125944278494
"VEN","Venezuela, Bolivarian Republic o",2017,0.47365915935873
"VEN","Venezuela, Bolivarian Republic o",2018,0.472980674102266
"VEN","Venezuela, Bolivarian Republic o",2019,0.473099042978841
"VEN","Venezuela, Bolivarian Republic o",2020,0.473140597049258
"VEN","Venezuela, Bolivarian Republic o",2021,0.475505271806729
"VEN","Venezuela, Bolivarian Republic o",2022,0.474314706064004
"VNM","Viet Nam",1995,0.498590902263145
"VNM","Viet Nam",1996,0.498590902263145
"VNM","Viet Nam",1997,0.498590902263145
"VNM","Viet Nam",1998,0.499111151047283
"VNM","Viet Nam",1999,0.498906558828802
"VNM","Viet Nam",2000,0.498906558828802
"VNM","Viet Nam",2001,0.490868115274266
"VNM","Viet Nam",2002,0.489460502322366
"VNM","Viet Nam",2003,0.485511274119801
"VNM","Viet Nam",2004,0.483816576222455
"VNM","Viet Nam",2005,0.469943902263411
"VNM","Viet Nam",2006,0.464499611001387
"VNM","Viet Nam",2007,0.456700513210938
"VNM","Viet Nam",2008,0.443609473934076
"VNM","Viet Nam",2009,0.439182562455697
"VNM","Viet Nam",2010,0.432158120504522
"VNM","Viet Nam",2011,0.427736114033378
"VNM","Viet Nam",2012,0.42211999666097
"VNM","Viet Nam",2013,0.417971796388205
"VNM","Viet Nam",2014,0.416598798374565
"VNM","Viet Nam",2015,0.405535015603703
"VNM","Viet Nam",2016,0.400444497443536
"VNM","Viet Nam",2017,0.393239251464359
"VNM","Viet Nam",2018,0.392393094737812
"VNM","Viet Nam",2019,0.391400087233082
"VNM","Viet Nam",2020,0.390489950295127
"VNM","Viet Nam",2021,0.406248794436071
"VNM","Viet Nam",2022,0.405503054589385
"YEM","Yemen",1995,0.693625284670561
"YEM","Yemen",1996,0.693724658033823
"YEM","Yemen",1997,0.69376557647752
"YEM","Yemen",1998,0.69376557647752
"YEM","Yemen",1999,0.69376557647752
"YEM","Yemen",2000,0.69376557647752
"YEM","Yemen",2001,0.689245873257648
"YEM","Yemen",2002,0.68530784334658
"YEM","Yemen",2003,0.679783581761986
"YEM","Yemen",2004,0.679587779746658
"YEM","Yemen",2005,0.676324556266167
"YEM","Yemen",2006,0.683389801545872
"YEM","Yemen",2007,0.678660266819679
"YEM","Yemen",2008,0.67574325982109
"YEM","Yemen",2009,0.676374685408643
"YEM","Yemen",2010,0.672698439937914
"YEM","Yemen",2011,0.678436456529517
"YEM","Yemen",2012,0.676787287815939
"YEM","Yemen",2013,0.681481223036862
"YEM","Yemen",2014,0.690203840881345
"YEM","Yemen",2015,0.698719921299553
"YEM","Yemen",2016,0.697037034726404
"YEM","Yemen",2017,0.696453681894651
"YEM","Yemen",2018,0.695891873579051
"YEM","Yemen",2019,0.695427523085995
"YEM","Yemen",2020,0.694973246347632
"YEM","Yemen",2021,0.694529319796337
"YEM","Yemen",2022,0.694422232590771
"ZMB","Zambia",1995,0.648314614754336
"ZMB","Zambia",1996,0.648314614754336
"ZMB","Zambia",1997,0.648314614754336
"ZMB","Zambia",1998,0.648314614754336
"ZMB","Zambia",1999,0.648314614754336
"ZMB","Zambia",2000,0.648314614754336
"ZMB","Zambia",2001,0.672341194981407
"ZMB","Zambia",2002,0.793277949774684
"ZMB","Zambia",2003,0.791711199017872
"ZMB","Zambia",2004,0.789688499888446
"ZMB","Zambia",2005,0.78866889726959
"ZMB","Zambia",2006,0.78729155054299
"ZMB","Zambia",2007,0.785724809876996
"ZMB","Zambia",2008,0.784045835765436
"ZMB","Zambia",2009,0.78245103673805
"ZMB","Zambia",2010,0.780828179349273
"ZMB","Zambia",2011,0.779261438683279
"ZMB","Zambia",2012,0.777694698017285
"ZMB","Zambia",2013,0.776127947260473
"ZMB","Zambia",2014,0.774561196503662
"ZMB","Zambia",2015,0.772994455837668
"ZMB","Zambia",2016,0.771224292051584
"ZMB","Zambia",2017,0.768345822990529
"ZMB","Zambia",2018,0.763194626656746
"ZMB","Zambia",2019,0.760505551535084
"ZMB","Zambia",2020,0.757367542631155
"ZMB","Zambia",2021,0.755480617827564
"ZMB","Zambia",2022,0.755480617827564
"ZWE","Zimbabwe",1995,0.711168257361722
"ZWE","Zimbabwe",1996,0.711168257361722
"ZWE","Zimbabwe",1997,0.711168257361722
"ZWE","Zimbabwe",1998,0.711168257361722
"ZWE","Zimbabwe",1999,0.711168257361722
"ZWE","Zimbabwe",2000,0.71129101269281
"ZWE","Zimbabwe",2001,0.710888043809417
"ZWE","Zimbabwe",2002,0.710373148189264
"ZWE","Zimbabwe",2003,0.709783243150935
"ZWE","Zimbabwe",2004,0.708910709500871
"ZWE","Zimbabwe",2005,0.709060890729481
"ZWE","Zimbabwe",2006,0.708928978692736
"ZWE","Zimbabwe",2007,0.709202676199221
"ZWE","Zimbabwe",2008,0.709037675117904
"ZWE","Zimbabwe",2009,0.712330883664509
"ZWE","Zimbabwe",2010,0.712848418335792
"ZWE","Zimbabwe",2011,0.659763608653701
"ZWE","Zimbabwe",2012,0.635620956943127
"ZWE","Zimbabwe",2013,0.659620424039987
"ZWE","Zimbabwe",2014,0.656983947529713
"ZWE","Zimbabwe",2015,0.67880011588421
"ZWE","Zimbabwe",2016,0.702403062131925
"ZWE","Zimbabwe",2017,0.695054194801212
"ZWE","Zimbabwe",2018,0.69832510664022
"ZWE","Zimbabwe",2019,0.698806772316738
"ZWE","Zimbabwe",2020,0.698319657977072
"ZWE","Zimbabwe",2021,0.69929522844252
"ZWE","Zimbabwe",2022,0.699288499464746
