"ISO3","Name","Year","Value: heal_02"
"AFG","Afghanistan",1995,1
"AFG","Afghanistan",1996,1
"AFG","Afghanistan",1997,1
"AFG","Afghanistan",1998,1
"AFG","Afghanistan",1999,1
"AFG","Afghanistan",2000,1
"AFG","Afghanistan",2001,1
"AFG","Afghanistan",2002,1
"AFG","Afghanistan",2003,1
"AFG","Afghanistan",2004,1
"AFG","Afghanistan",2005,1
"AFG","Afghanistan",2006,1
"AFG","Afghanistan",2007,1
"AFG","Afghanistan",2008,1
"AFG","Afghanistan",2009,1
"AFG","Afghanistan",2010,1
"AFG","Afghanistan",2011,1
"AFG","Afghanistan",2012,1
"AFG","Afghanistan",2013,1
"AFG","Afghanistan",2014,1
"AFG","Afghanistan",2015,1
"AFG","Afghanistan",2016,1
"AFG","Afghanistan",2017,1
"AFG","Afghanistan",2018,1
"AFG","Afghanistan",2019,1
"AFG","Afghanistan",2020,1
"AFG","Afghanistan",2021,1
"AFG","Afghanistan",2022,1
"ALB","Albania",1995,0.658003890048325
"ALB","Albania",1996,0.658003890048325
"ALB","Albania",1997,0.658003890048325
"ALB","Albania",1998,0.658003890048325
"ALB","Albania",1999,0.658003890048325
"ALB","Albania",2000,0.658003890048325
"ALB","Albania",2001,0.658003890048325
"ALB","Albania",2002,0.658003890048325
"ALB","Albania",2003,0.658003890048325
"ALB","Albania",2004,0.658003890048325
"ALB","Albania",2005,0.658003890048325
"ALB","Albania",2006,0.658003890048325
"ALB","Albania",2007,0.658003890048325
"ALB","Albania",2008,0.658003890048325
"ALB","Albania",2009,0.658003890048325
"ALB","Albania",2010,0.658003890048325
"ALB","Albania",2011,0.658003890048325
"ALB","Albania",2012,0.658003890048325
"ALB","Albania",2013,0.658003890048325
"ALB","Albania",2014,0.658003890048325
"ALB","Albania",2015,0.658003890048325
"ALB","Albania",2016,0.658003890048325
"ALB","Albania",2017,0.658003890048325
"ALB","Albania",2018,0.658003890048325
"ALB","Albania",2019,0.658003890048325
"ALB","Albania",2020,0.658003890048325
"ALB","Albania",2021,0.658003890048325
"ALB","Albania",2022,0.658003890048325
"DZA","Algeria",1995,0.658037534191826
"DZA","Algeria",1996,0.658037534191826
"DZA","Algeria",1997,0.658037534191826
"DZA","Algeria",1998,0.658037534191826
"DZA","Algeria",1999,0.658037534191826
"DZA","Algeria",2000,0.658037534191826
"DZA","Algeria",2001,0.658037534191826
"DZA","Algeria",2002,0.658037534191826
"DZA","Algeria",2003,0.658037534191826
"DZA","Algeria",2004,0.658037534191826
"DZA","Algeria",2005,0.658037534191826
"DZA","Algeria",2006,0.658037534191826
"DZA","Algeria",2007,0.658037534191826
"DZA","Algeria",2008,0.658037534191826
"DZA","Algeria",2009,0.658037534191826
"DZA","Algeria",2010,0.658037534191826
"DZA","Algeria",2011,0.658037534191826
"DZA","Algeria",2012,0.658037534191826
"DZA","Algeria",2013,0.658037534191826
"DZA","Algeria",2014,0.658037534191826
"DZA","Algeria",2015,0.658037534191826
"DZA","Algeria",2016,0.658037534191826
"DZA","Algeria",2017,0.658037534191826
"DZA","Algeria",2018,0.658037534191826
"DZA","Algeria",2019,0.658037534191826
"DZA","Algeria",2020,0.658037534191826
"DZA","Algeria",2021,0.658037534191826
"DZA","Algeria",2022,0.658037534191826
"AND","Andorra",1995,0.658003890048325
"AND","Andorra",1996,0.658003890048325
"AND","Andorra",1997,0.658003890048325
"AND","Andorra",1998,0.658003890048325
"AND","Andorra",1999,0.658003890048325
"AND","Andorra",2000,0.658003890048325
"AND","Andorra",2001,0.658003890048325
"AND","Andorra",2002,0.658003890048325
"AND","Andorra",2003,0.658003890048325
"AND","Andorra",2004,0.658003890048325
"AND","Andorra",2005,0.658003890048325
"AND","Andorra",2006,0.658003890048325
"AND","Andorra",2007,0.658003890048325
"AND","Andorra",2008,0.658003890048325
"AND","Andorra",2009,0.658003890048325
"AND","Andorra",2010,0.658003890048325
"AND","Andorra",2011,0.658003890048325
"AND","Andorra",2012,0.658003890048325
"AND","Andorra",2013,0.658003890048325
"AND","Andorra",2014,0.658003890048325
"AND","Andorra",2015,0.658003890048325
"AND","Andorra",2016,0.658003890048325
"AND","Andorra",2017,0.658003890048325
"AND","Andorra",2018,0.658003890048325
"AND","Andorra",2019,0.658003890048325
"AND","Andorra",2020,0.658003890048325
"AND","Andorra",2021,0.658003890048325
"AND","Andorra",2022,0.658003890048325
"AGO","Angola",1995,1
"AGO","Angola",1996,1
"AGO","Angola",1997,1
"AGO","Angola",1998,1
"AGO","Angola",1999,1
"AGO","Angola",2000,1
"AGO","Angola",2001,1
"AGO","Angola",2002,1
"AGO","Angola",2003,1
"AGO","Angola",2004,1
"AGO","Angola",2005,1
"AGO","Angola",2006,1
"AGO","Angola",2007,1
"AGO","Angola",2008,1
"AGO","Angola",2009,1
"AGO","Angola",2010,1
"AGO","Angola",2011,1
"AGO","Angola",2012,1
"AGO","Angola",2013,1
"AGO","Angola",2014,1
"AGO","Angola",2015,1
"AGO","Angola",2016,1
"AGO","Angola",2017,1
"AGO","Angola",2018,1
"AGO","Angola",2019,1
"AGO","Angola",2020,1
"AGO","Angola",2021,1
"AGO","Angola",2022,1
"ATG","Antigua and Barbuda",1995,0.658003890048325
"ATG","Antigua and Barbuda",1996,0.658003890048325
"ATG","Antigua and Barbuda",1997,0.658003890048325
"ATG","Antigua and Barbuda",1998,0.658003890048325
"ATG","Antigua and Barbuda",1999,0.658003890048325
"ATG","Antigua and Barbuda",2000,0.658003890048325
"ATG","Antigua and Barbuda",2001,0.658003890048325
"ATG","Antigua and Barbuda",2002,0.658003890048325
"ATG","Antigua and Barbuda",2003,0.658003890048325
"ATG","Antigua and Barbuda",2004,0.658003890048325
"ATG","Antigua and Barbuda",2005,0.658003890048325
"ATG","Antigua and Barbuda",2006,0.658003890048325
"ATG","Antigua and Barbuda",2007,0.658003890048325
"ATG","Antigua and Barbuda",2008,0.658003890048325
"ATG","Antigua and Barbuda",2009,0.658003890048325
"ATG","Antigua and Barbuda",2010,0.658003890048325
"ATG","Antigua and Barbuda",2011,0.658003890048325
"ATG","Antigua and Barbuda",2012,0.658003890048325
"ATG","Antigua and Barbuda",2013,0.658003890048325
"ATG","Antigua and Barbuda",2014,0.658003890048325
"ATG","Antigua and Barbuda",2015,0.658003890048325
"ATG","Antigua and Barbuda",2016,0.658003890048325
"ATG","Antigua and Barbuda",2017,0.658003890048325
"ATG","Antigua and Barbuda",2018,0.658003890048325
"ATG","Antigua and Barbuda",2019,0.658003890048325
"ATG","Antigua and Barbuda",2020,0.658003890048325
"ATG","Antigua and Barbuda",2021,0.658003890048325
"ATG","Antigua and Barbuda",2022,0.658003890048325
"ARG","Argentina",1995,0.658020735991465
"ARG","Argentina",1996,0.658020735991465
"ARG","Argentina",1997,0.658020735991465
"ARG","Argentina",1998,0.658020735991465
"ARG","Argentina",1999,0.658020735991465
"ARG","Argentina",2000,0.658020735991465
"ARG","Argentina",2001,0.658020735991465
"ARG","Argentina",2002,0.658020735991465
"ARG","Argentina",2003,0.658020735991465
"ARG","Argentina",2004,0.658020735991465
"ARG","Argentina",2005,0.658020735991465
"ARG","Argentina",2006,0.658020735991465
"ARG","Argentina",2007,0.658020735991465
"ARG","Argentina",2008,0.658020735991465
"ARG","Argentina",2009,0.658020735991465
"ARG","Argentina",2010,0.658020735991465
"ARG","Argentina",2011,0.658020735991465
"ARG","Argentina",2012,0.658020735991465
"ARG","Argentina",2013,0.658020735991465
"ARG","Argentina",2014,0.658020735991465
"ARG","Argentina",2015,0.658020735991465
"ARG","Argentina",2016,0.658020735991465
"ARG","Argentina",2017,0.658020735991465
"ARG","Argentina",2018,0.658020735991465
"ARG","Argentina",2019,0.658020735991465
"ARG","Argentina",2020,0.658020735991465
"ARG","Argentina",2021,0.658020735991465
"ARG","Argentina",2022,0.658020735991465
"ARM","Armenia",1995,0.658003890048325
"ARM","Armenia",1996,0.658003890048325
"ARM","Armenia",1997,0.658003890048325
"ARM","Armenia",1998,0.658003890048325
"ARM","Armenia",1999,0.658003890048325
"ARM","Armenia",2000,0.658003890048325
"ARM","Armenia",2001,0.658003890048325
"ARM","Armenia",2002,0.658003890048325
"ARM","Armenia",2003,0.658003890048325
"ARM","Armenia",2004,0.658003890048325
"ARM","Armenia",2005,0.658003890048325
"ARM","Armenia",2006,0.658003890048325
"ARM","Armenia",2007,0.658003890048325
"ARM","Armenia",2008,0.658003890048325
"ARM","Armenia",2009,0.658003890048325
"ARM","Armenia",2010,0.658003890048325
"ARM","Armenia",2011,0.658003890048325
"ARM","Armenia",2012,0.658003890048325
"ARM","Armenia",2013,0.658003890048325
"ARM","Armenia",2014,0.658003890048325
"ARM","Armenia",2015,0.658003890048325
"ARM","Armenia",2016,0.658003890048325
"ARM","Armenia",2017,0.658003890048325
"ARM","Armenia",2018,0.658003890048325
"ARM","Armenia",2019,0.658003890048325
"ARM","Armenia",2020,0.658003890048325
"ARM","Armenia",2021,0.658003890048325
"ARM","Armenia",2022,0.658003890048325
"AUS","Australia",1995,0.658003890048325
"AUS","Australia",1996,0.658003890048325
"AUS","Australia",1997,0.658003890048325
"AUS","Australia",1998,0.658003890048325
"AUS","Australia",1999,0.658003890048325
"AUS","Australia",2000,0.658003890048325
"AUS","Australia",2001,0.658003890048325
"AUS","Australia",2002,0.658003890048325
"AUS","Australia",2003,0.658003890048325
"AUS","Australia",2004,0.658003890048325
"AUS","Australia",2005,0.658003890048325
"AUS","Australia",2006,0.658003890048325
"AUS","Australia",2007,0.658003890048325
"AUS","Australia",2008,0.658003890048325
"AUS","Australia",2009,0.658003890048325
"AUS","Australia",2010,0.658003890048325
"AUS","Australia",2011,0.658003890048325
"AUS","Australia",2012,0.658003890048325
"AUS","Australia",2013,0.658003890048325
"AUS","Australia",2014,0.658003890048325
"AUS","Australia",2015,0.658003890048325
"AUS","Australia",2016,0.658003890048325
"AUS","Australia",2017,0.658003890048325
"AUS","Australia",2018,0.658003890048325
"AUS","Australia",2019,0.658003890048325
"AUS","Australia",2020,0.658003890048325
"AUS","Australia",2021,0.658003890048325
"AUS","Australia",2022,0.658003890048325
"AUT","Austria",1995,0.658003890048325
"AUT","Austria",1996,0.658003890048325
"AUT","Austria",1997,0.658003890048325
"AUT","Austria",1998,0.658003890048325
"AUT","Austria",1999,0.658003890048325
"AUT","Austria",2000,0.658003890048325
"AUT","Austria",2001,0.658003890048325
"AUT","Austria",2002,0.658003890048325
"AUT","Austria",2003,0.658003890048325
"AUT","Austria",2004,0.658003890048325
"AUT","Austria",2005,0.658003890048325
"AUT","Austria",2006,0.658003890048325
"AUT","Austria",2007,0.658003890048325
"AUT","Austria",2008,0.658003890048325
"AUT","Austria",2009,0.658003890048325
"AUT","Austria",2010,0.658003890048325
"AUT","Austria",2011,0.658003890048325
"AUT","Austria",2012,0.658003890048325
"AUT","Austria",2013,0.658003890048325
"AUT","Austria",2014,0.658003890048325
"AUT","Austria",2015,0.658003890048325
"AUT","Austria",2016,0.658003890048325
"AUT","Austria",2017,0.658003890048325
"AUT","Austria",2018,0.658003890048325
"AUT","Austria",2019,0.658003890048325
"AUT","Austria",2020,0.658003890048325
"AUT","Austria",2021,0.658003890048325
"AUT","Austria",2022,0.658003890048325
"AZE","Azerbaijan",1995,0.658091549824699
"AZE","Azerbaijan",1996,0.658091549824699
"AZE","Azerbaijan",1997,0.658091549824699
"AZE","Azerbaijan",1998,0.658091549824699
"AZE","Azerbaijan",1999,0.658091549824699
"AZE","Azerbaijan",2000,0.658091549824699
"AZE","Azerbaijan",2001,0.658091549824699
"AZE","Azerbaijan",2002,0.658091549824699
"AZE","Azerbaijan",2003,0.658091549824699
"AZE","Azerbaijan",2004,0.658091549824699
"AZE","Azerbaijan",2005,0.658091549824699
"AZE","Azerbaijan",2006,0.658091549824699
"AZE","Azerbaijan",2007,0.658091549824699
"AZE","Azerbaijan",2008,0.658091549824699
"AZE","Azerbaijan",2009,0.658091549824699
"AZE","Azerbaijan",2010,0.658091549824699
"AZE","Azerbaijan",2011,0.658091549824699
"AZE","Azerbaijan",2012,0.658091549824699
"AZE","Azerbaijan",2013,0.658091549824699
"AZE","Azerbaijan",2014,0.658091549824699
"AZE","Azerbaijan",2015,0.658091549824699
"AZE","Azerbaijan",2016,0.658091549824699
"AZE","Azerbaijan",2017,0.658091549824699
"AZE","Azerbaijan",2018,0.658091549824699
"AZE","Azerbaijan",2019,0.658091549824699
"AZE","Azerbaijan",2020,0.658091549824699
"AZE","Azerbaijan",2021,0.658091549824699
"AZE","Azerbaijan",2022,0.658091549824699
"BHS","Bahamas",1995,0.658003890048325
"BHS","Bahamas",1996,0.658003890048325
"BHS","Bahamas",1997,0.658003890048325
"BHS","Bahamas",1998,0.658003890048325
"BHS","Bahamas",1999,0.658003890048325
"BHS","Bahamas",2000,0.658003890048325
"BHS","Bahamas",2001,0.658003890048325
"BHS","Bahamas",2002,0.658003890048325
"BHS","Bahamas",2003,0.658003890048325
"BHS","Bahamas",2004,0.658003890048325
"BHS","Bahamas",2005,0.658003890048325
"BHS","Bahamas",2006,0.658003890048325
"BHS","Bahamas",2007,0.658003890048325
"BHS","Bahamas",2008,0.658003890048325
"BHS","Bahamas",2009,0.658003890048325
"BHS","Bahamas",2010,0.658003890048325
"BHS","Bahamas",2011,0.658003890048325
"BHS","Bahamas",2012,0.658003890048325
"BHS","Bahamas",2013,0.658003890048325
"BHS","Bahamas",2014,0.658003890048325
"BHS","Bahamas",2015,0.658003890048325
"BHS","Bahamas",2016,0.658003890048325
"BHS","Bahamas",2017,0.658003890048325
"BHS","Bahamas",2018,0.658003890048325
"BHS","Bahamas",2019,0.658003890048325
"BHS","Bahamas",2020,0.658003890048325
"BHS","Bahamas",2021,0.658003890048325
"BHS","Bahamas",2022,0.658003890048325
"BHR","Bahrain",1995,0.658003890048325
"BHR","Bahrain",1996,0.658003890048325
"BHR","Bahrain",1997,0.658003890048325
"BHR","Bahrain",1998,0.658003890048325
"BHR","Bahrain",1999,0.658003890048325
"BHR","Bahrain",2000,0.658003890048325
"BHR","Bahrain",2001,0.658003890048325
"BHR","Bahrain",2002,0.658003890048325
"BHR","Bahrain",2003,0.658003890048325
"BHR","Bahrain",2004,0.658003890048325
"BHR","Bahrain",2005,0.658003890048325
"BHR","Bahrain",2006,0.658003890048325
"BHR","Bahrain",2007,0.658003890048325
"BHR","Bahrain",2008,0.658003890048325
"BHR","Bahrain",2009,0.658003890048325
"BHR","Bahrain",2010,0.658003890048325
"BHR","Bahrain",2011,0.658003890048325
"BHR","Bahrain",2012,0.658003890048325
"BHR","Bahrain",2013,0.658003890048325
"BHR","Bahrain",2014,0.658003890048325
"BHR","Bahrain",2015,0.658003890048325
"BHR","Bahrain",2016,0.658003890048325
"BHR","Bahrain",2017,0.658003890048325
"BHR","Bahrain",2018,0.658003890048325
"BHR","Bahrain",2019,0.658003890048325
"BHR","Bahrain",2020,0.658003890048325
"BHR","Bahrain",2021,0.658003890048325
"BHR","Bahrain",2022,0.658003890048325
"BGD","Bangladesh",1995,0.667131446742753
"BGD","Bangladesh",1996,0.667131446742753
"BGD","Bangladesh",1997,0.667131446742753
"BGD","Bangladesh",1998,0.667131446742753
"BGD","Bangladesh",1999,0.667131446742753
"BGD","Bangladesh",2000,0.667131446742753
"BGD","Bangladesh",2001,0.667131446742753
"BGD","Bangladesh",2002,0.667131446742753
"BGD","Bangladesh",2003,0.667131446742753
"BGD","Bangladesh",2004,0.667131446742753
"BGD","Bangladesh",2005,0.667131446742753
"BGD","Bangladesh",2006,0.667131446742753
"BGD","Bangladesh",2007,0.667131446742753
"BGD","Bangladesh",2008,0.667131446742753
"BGD","Bangladesh",2009,0.667131446742753
"BGD","Bangladesh",2010,0.667131446742753
"BGD","Bangladesh",2011,0.667131446742753
"BGD","Bangladesh",2012,0.667131446742753
"BGD","Bangladesh",2013,0.667131446742753
"BGD","Bangladesh",2014,0.667131446742753
"BGD","Bangladesh",2015,0.667131446742753
"BGD","Bangladesh",2016,0.667131446742753
"BGD","Bangladesh",2017,0.667131446742753
"BGD","Bangladesh",2018,0.667131446742753
"BGD","Bangladesh",2019,0.667131446742753
"BGD","Bangladesh",2020,0.667131446742753
"BGD","Bangladesh",2021,0.667131446742753
"BGD","Bangladesh",2022,0.667131446742753
"BRB","Barbados",1995,0.658003890048325
"BRB","Barbados",1996,0.658003890048325
"BRB","Barbados",1997,0.658003890048325
"BRB","Barbados",1998,0.658003890048325
"BRB","Barbados",1999,0.658003890048325
"BRB","Barbados",2000,0.658003890048325
"BRB","Barbados",2001,0.658003890048325
"BRB","Barbados",2002,0.658003890048325
"BRB","Barbados",2003,0.658003890048325
"BRB","Barbados",2004,0.658003890048325
"BRB","Barbados",2005,0.658003890048325
"BRB","Barbados",2006,0.658003890048325
"BRB","Barbados",2007,0.658003890048325
"BRB","Barbados",2008,0.658003890048325
"BRB","Barbados",2009,0.658003890048325
"BRB","Barbados",2010,0.658003890048325
"BRB","Barbados",2011,0.658003890048325
"BRB","Barbados",2012,0.658003890048325
"BRB","Barbados",2013,0.658003890048325
"BRB","Barbados",2014,0.658003890048325
"BRB","Barbados",2015,0.658003890048325
"BRB","Barbados",2016,0.658003890048325
"BRB","Barbados",2017,0.658003890048325
"BRB","Barbados",2018,0.658003890048325
"BRB","Barbados",2019,0.658003890048325
"BRB","Barbados",2020,0.658003890048325
"BRB","Barbados",2021,0.658003890048325
"BRB","Barbados",2022,0.658003890048325
"BLR","Belarus",1995,0.658003890048325
"BLR","Belarus",1996,0.658003890048325
"BLR","Belarus",1997,0.658003890048325
"BLR","Belarus",1998,0.658003890048325
"BLR","Belarus",1999,0.658003890048325
"BLR","Belarus",2000,0.658003890048325
"BLR","Belarus",2001,0.658003890048325
"BLR","Belarus",2002,0.658003890048325
"BLR","Belarus",2003,0.658003890048325
"BLR","Belarus",2004,0.658003890048325
"BLR","Belarus",2005,0.658003890048325
"BLR","Belarus",2006,0.658003890048325
"BLR","Belarus",2007,0.658003890048325
"BLR","Belarus",2008,0.658003890048325
"BLR","Belarus",2009,0.658003890048325
"BLR","Belarus",2010,0.658003890048325
"BLR","Belarus",2011,0.658003890048325
"BLR","Belarus",2012,0.658003890048325
"BLR","Belarus",2013,0.658003890048325
"BLR","Belarus",2014,0.658003890048325
"BLR","Belarus",2015,0.658003890048325
"BLR","Belarus",2016,0.658003890048325
"BLR","Belarus",2017,0.658003890048325
"BLR","Belarus",2018,0.658003890048325
"BLR","Belarus",2019,0.658003890048325
"BLR","Belarus",2020,0.658003890048325
"BLR","Belarus",2021,0.658003890048325
"BLR","Belarus",2022,0.658003890048325
"BEL","Belgium",1995,0.658003890048325
"BEL","Belgium",1996,0.658003890048325
"BEL","Belgium",1997,0.658003890048325
"BEL","Belgium",1998,0.658003890048325
"BEL","Belgium",1999,0.658003890048325
"BEL","Belgium",2000,0.658003890048325
"BEL","Belgium",2001,0.658003890048325
"BEL","Belgium",2002,0.658003890048325
"BEL","Belgium",2003,0.658003890048325
"BEL","Belgium",2004,0.658003890048325
"BEL","Belgium",2005,0.658003890048325
"BEL","Belgium",2006,0.658003890048325
"BEL","Belgium",2007,0.658003890048325
"BEL","Belgium",2008,0.658003890048325
"BEL","Belgium",2009,0.658003890048325
"BEL","Belgium",2010,0.658003890048325
"BEL","Belgium",2011,0.658003890048325
"BEL","Belgium",2012,0.658003890048325
"BEL","Belgium",2013,0.658003890048325
"BEL","Belgium",2014,0.658003890048325
"BEL","Belgium",2015,0.658003890048325
"BEL","Belgium",2016,0.658003890048325
"BEL","Belgium",2017,0.658003890048325
"BEL","Belgium",2018,0.658003890048325
"BEL","Belgium",2019,0.658003890048325
"BEL","Belgium",2020,0.658003890048325
"BEL","Belgium",2021,0.658003890048325
"BEL","Belgium",2022,0.658003890048325
"BLZ","Belize",1995,0.656704905377728
"BLZ","Belize",1996,0.656704905377728
"BLZ","Belize",1997,0.656704905377728
"BLZ","Belize",1998,0.656704905377728
"BLZ","Belize",1999,0.656704905377728
"BLZ","Belize",2000,0.656704905377728
"BLZ","Belize",2001,0.656704905377728
"BLZ","Belize",2002,0.656704905377728
"BLZ","Belize",2003,0.656704905377728
"BLZ","Belize",2004,0.656704905377728
"BLZ","Belize",2005,0.656704905377728
"BLZ","Belize",2006,0.656704905377728
"BLZ","Belize",2007,0.656704905377728
"BLZ","Belize",2008,0.656704905377728
"BLZ","Belize",2009,0.656704905377728
"BLZ","Belize",2010,0.656704905377728
"BLZ","Belize",2011,0.656704905377728
"BLZ","Belize",2012,0.656704905377728
"BLZ","Belize",2013,0.656704905377728
"BLZ","Belize",2014,0.656704905377728
"BLZ","Belize",2015,0.656704905377728
"BLZ","Belize",2016,0.656704905377728
"BLZ","Belize",2017,0.656704905377728
"BLZ","Belize",2018,0.656704905377728
"BLZ","Belize",2019,0.656704905377728
"BLZ","Belize",2020,0.656704905377728
"BLZ","Belize",2021,0.656704905377728
"BLZ","Belize",2022,0.656704905377728
"BEN","Benin",1995,0.580661919003494
"BEN","Benin",1996,0.580661919003494
"BEN","Benin",1997,0.580661919003494
"BEN","Benin",1998,0.580661919003494
"BEN","Benin",1999,0.580661919003494
"BEN","Benin",2000,0.580661919003494
"BEN","Benin",2001,0.580661919003494
"BEN","Benin",2002,0.580661919003494
"BEN","Benin",2003,0.580661919003494
"BEN","Benin",2004,0.580661919003494
"BEN","Benin",2005,0.580661919003494
"BEN","Benin",2006,0.580661919003494
"BEN","Benin",2007,0.580661919003494
"BEN","Benin",2008,0.580661919003494
"BEN","Benin",2009,0.580661919003494
"BEN","Benin",2010,0.580661919003494
"BEN","Benin",2011,0.580661919003494
"BEN","Benin",2012,0.580661919003494
"BEN","Benin",2013,0.580661919003494
"BEN","Benin",2014,0.580661919003494
"BEN","Benin",2015,0.580661919003494
"BEN","Benin",2016,0.580661919003494
"BEN","Benin",2017,0.580661919003494
"BEN","Benin",2018,0.580661919003494
"BEN","Benin",2019,0.580661919003494
"BEN","Benin",2020,0.580661919003494
"BEN","Benin",2021,0.580661919003494
"BEN","Benin",2022,0.580661919003494
"BTN","Bhutan",1995,0.683976803743565
"BTN","Bhutan",1996,0.683976803743565
"BTN","Bhutan",1997,0.683976803743565
"BTN","Bhutan",1998,0.683976803743565
"BTN","Bhutan",1999,0.683976803743565
"BTN","Bhutan",2000,0.683976803743565
"BTN","Bhutan",2001,0.683976803743565
"BTN","Bhutan",2002,0.683976803743565
"BTN","Bhutan",2003,0.683976803743565
"BTN","Bhutan",2004,0.683976803743565
"BTN","Bhutan",2005,0.683976803743565
"BTN","Bhutan",2006,0.683976803743565
"BTN","Bhutan",2007,0.683976803743565
"BTN","Bhutan",2008,0.683976803743565
"BTN","Bhutan",2009,0.683976803743565
"BTN","Bhutan",2010,0.683976803743565
"BTN","Bhutan",2011,0.683976803743565
"BTN","Bhutan",2012,0.683976803743565
"BTN","Bhutan",2013,0.683976803743565
"BTN","Bhutan",2014,0.683976803743565
"BTN","Bhutan",2015,0.683976803743565
"BTN","Bhutan",2016,0.683976803743565
"BTN","Bhutan",2017,0.683976803743565
"BTN","Bhutan",2018,0.683976803743565
"BTN","Bhutan",2019,0.683976803743565
"BTN","Bhutan",2020,0.683976803743565
"BTN","Bhutan",2021,0.683976803743565
"BTN","Bhutan",2022,0.683976803743565
"BOL","Bolivia, Plurinational State of",1995,0.656959580527703
"BOL","Bolivia, Plurinational State of",1996,0.656959580527703
"BOL","Bolivia, Plurinational State of",1997,0.656959580527703
"BOL","Bolivia, Plurinational State of",1998,0.656959580527703
"BOL","Bolivia, Plurinational State of",1999,0.656959580527703
"BOL","Bolivia, Plurinational State of",2000,0.656959580527703
"BOL","Bolivia, Plurinational State of",2001,0.656959580527703
"BOL","Bolivia, Plurinational State of",2002,0.656959580527703
"BOL","Bolivia, Plurinational State of",2003,0.656959580527703
"BOL","Bolivia, Plurinational State of",2004,0.656959580527703
"BOL","Bolivia, Plurinational State of",2005,0.656959580527703
"BOL","Bolivia, Plurinational State of",2006,0.656959580527703
"BOL","Bolivia, Plurinational State of",2007,0.656959580527703
"BOL","Bolivia, Plurinational State of",2008,0.656959580527703
"BOL","Bolivia, Plurinational State of",2009,0.656959580527703
"BOL","Bolivia, Plurinational State of",2010,0.656959580527703
"BOL","Bolivia, Plurinational State of",2011,0.656959580527703
"BOL","Bolivia, Plurinational State of",2012,0.656959580527703
"BOL","Bolivia, Plurinational State of",2013,0.656959580527703
"BOL","Bolivia, Plurinational State of",2014,0.656959580527703
"BOL","Bolivia, Plurinational State of",2015,0.656959580527703
"BOL","Bolivia, Plurinational State of",2016,0.656959580527703
"BOL","Bolivia, Plurinational State of",2017,0.656959580527703
"BOL","Bolivia, Plurinational State of",2018,0.656959580527703
"BOL","Bolivia, Plurinational State of",2019,0.656959580527703
"BOL","Bolivia, Plurinational State of",2020,0.656959580527703
"BOL","Bolivia, Plurinational State of",2021,0.656959580527703
"BOL","Bolivia, Plurinational State of",2022,0.656959580527703
"BIH","Bosnia and Herzegovina",1995,0.658003890048325
"BIH","Bosnia and Herzegovina",1996,0.658003890048325
"BIH","Bosnia and Herzegovina",1997,0.658003890048325
"BIH","Bosnia and Herzegovina",1998,0.658003890048325
"BIH","Bosnia and Herzegovina",1999,0.658003890048325
"BIH","Bosnia and Herzegovina",2000,0.658003890048325
"BIH","Bosnia and Herzegovina",2001,0.658003890048325
"BIH","Bosnia and Herzegovina",2002,0.658003890048325
"BIH","Bosnia and Herzegovina",2003,0.658003890048325
"BIH","Bosnia and Herzegovina",2004,0.658003890048325
"BIH","Bosnia and Herzegovina",2005,0.658003890048325
"BIH","Bosnia and Herzegovina",2006,0.658003890048325
"BIH","Bosnia and Herzegovina",2007,0.658003890048325
"BIH","Bosnia and Herzegovina",2008,0.658003890048325
"BIH","Bosnia and Herzegovina",2009,0.658003890048325
"BIH","Bosnia and Herzegovina",2010,0.658003890048325
"BIH","Bosnia and Herzegovina",2011,0.658003890048325
"BIH","Bosnia and Herzegovina",2012,0.658003890048325
"BIH","Bosnia and Herzegovina",2013,0.658003890048325
"BIH","Bosnia and Herzegovina",2014,0.658003890048325
"BIH","Bosnia and Herzegovina",2015,0.658003890048325
"BIH","Bosnia and Herzegovina",2016,0.658003890048325
"BIH","Bosnia and Herzegovina",2017,0.658003890048325
"BIH","Bosnia and Herzegovina",2018,0.658003890048325
"BIH","Bosnia and Herzegovina",2019,0.658003890048325
"BIH","Bosnia and Herzegovina",2020,0.658003890048325
"BIH","Bosnia and Herzegovina",2021,0.658003890048325
"BIH","Bosnia and Herzegovina",2022,0.658003890048325
"BWA","Botswana",1995,0.65968216078275
"BWA","Botswana",1996,0.65968216078275
"BWA","Botswana",1997,0.65968216078275
"BWA","Botswana",1998,0.65968216078275
"BWA","Botswana",1999,0.65968216078275
"BWA","Botswana",2000,0.65968216078275
"BWA","Botswana",2001,0.65968216078275
"BWA","Botswana",2002,0.65968216078275
"BWA","Botswana",2003,0.65968216078275
"BWA","Botswana",2004,0.65968216078275
"BWA","Botswana",2005,0.65968216078275
"BWA","Botswana",2006,0.65968216078275
"BWA","Botswana",2007,0.65968216078275
"BWA","Botswana",2008,0.65968216078275
"BWA","Botswana",2009,0.65968216078275
"BWA","Botswana",2010,0.65968216078275
"BWA","Botswana",2011,0.65968216078275
"BWA","Botswana",2012,0.65968216078275
"BWA","Botswana",2013,0.65968216078275
"BWA","Botswana",2014,0.65968216078275
"BWA","Botswana",2015,0.65968216078275
"BWA","Botswana",2016,0.65968216078275
"BWA","Botswana",2017,0.65968216078275
"BWA","Botswana",2018,0.65968216078275
"BWA","Botswana",2019,0.65968216078275
"BWA","Botswana",2020,0.65968216078275
"BWA","Botswana",2021,0.65968216078275
"BWA","Botswana",2022,0.65968216078275
"BRA","Brazil",1995,0.655155847332104
"BRA","Brazil",1996,0.655155847332104
"BRA","Brazil",1997,0.655155847332104
"BRA","Brazil",1998,0.655155847332104
"BRA","Brazil",1999,0.655155847332104
"BRA","Brazil",2000,0.655155847332104
"BRA","Brazil",2001,0.655155847332104
"BRA","Brazil",2002,0.655155847332104
"BRA","Brazil",2003,0.655155847332104
"BRA","Brazil",2004,0.655155847332104
"BRA","Brazil",2005,0.655155847332104
"BRA","Brazil",2006,0.655155847332104
"BRA","Brazil",2007,0.655155847332104
"BRA","Brazil",2008,0.655155847332104
"BRA","Brazil",2009,0.655155847332104
"BRA","Brazil",2010,0.655155847332104
"BRA","Brazil",2011,0.655155847332104
"BRA","Brazil",2012,0.655155847332104
"BRA","Brazil",2013,0.655155847332104
"BRA","Brazil",2014,0.655155847332104
"BRA","Brazil",2015,0.655155847332104
"BRA","Brazil",2016,0.655155847332104
"BRA","Brazil",2017,0.655155847332104
"BRA","Brazil",2018,0.655155847332104
"BRA","Brazil",2019,0.655155847332104
"BRA","Brazil",2020,0.655155847332104
"BRA","Brazil",2021,0.655155847332104
"BRA","Brazil",2022,0.655155847332104
"BRN","Brunei Darussalam",1995,0.658003890048325
"BRN","Brunei Darussalam",1996,0.658003890048325
"BRN","Brunei Darussalam",1997,0.658003890048325
"BRN","Brunei Darussalam",1998,0.658003890048325
"BRN","Brunei Darussalam",1999,0.658003890048325
"BRN","Brunei Darussalam",2000,0.658003890048325
"BRN","Brunei Darussalam",2001,0.658003890048325
"BRN","Brunei Darussalam",2002,0.658003890048325
"BRN","Brunei Darussalam",2003,0.658003890048325
"BRN","Brunei Darussalam",2004,0.658003890048325
"BRN","Brunei Darussalam",2005,0.658003890048325
"BRN","Brunei Darussalam",2006,0.658003890048325
"BRN","Brunei Darussalam",2007,0.658003890048325
"BRN","Brunei Darussalam",2008,0.658003890048325
"BRN","Brunei Darussalam",2009,0.658003890048325
"BRN","Brunei Darussalam",2010,0.658003890048325
"BRN","Brunei Darussalam",2011,0.658003890048325
"BRN","Brunei Darussalam",2012,0.658003890048325
"BRN","Brunei Darussalam",2013,0.658003890048325
"BRN","Brunei Darussalam",2014,0.658003890048325
"BRN","Brunei Darussalam",2015,0.658003890048325
"BRN","Brunei Darussalam",2016,0.658003890048325
"BRN","Brunei Darussalam",2017,0.658003890048325
"BRN","Brunei Darussalam",2018,0.658003890048325
"BRN","Brunei Darussalam",2019,0.658003890048325
"BRN","Brunei Darussalam",2020,0.658003890048325
"BRN","Brunei Darussalam",2021,0.658003890048325
"BRN","Brunei Darussalam",2022,0.658003890048325
"BGR","Bulgaria",1995,0.658003890048325
"BGR","Bulgaria",1996,0.658003890048325
"BGR","Bulgaria",1997,0.658003890048325
"BGR","Bulgaria",1998,0.658003890048325
"BGR","Bulgaria",1999,0.658003890048325
"BGR","Bulgaria",2000,0.658003890048325
"BGR","Bulgaria",2001,0.658003890048325
"BGR","Bulgaria",2002,0.658003890048325
"BGR","Bulgaria",2003,0.658003890048325
"BGR","Bulgaria",2004,0.658003890048325
"BGR","Bulgaria",2005,0.658003890048325
"BGR","Bulgaria",2006,0.658003890048325
"BGR","Bulgaria",2007,0.658003890048325
"BGR","Bulgaria",2008,0.658003890048325
"BGR","Bulgaria",2009,0.658003890048325
"BGR","Bulgaria",2010,0.658003890048325
"BGR","Bulgaria",2011,0.658003890048325
"BGR","Bulgaria",2012,0.658003890048325
"BGR","Bulgaria",2013,0.658003890048325
"BGR","Bulgaria",2014,0.658003890048325
"BGR","Bulgaria",2015,0.658003890048325
"BGR","Bulgaria",2016,0.658003890048325
"BGR","Bulgaria",2017,0.658003890048325
"BGR","Bulgaria",2018,0.658003890048325
"BGR","Bulgaria",2019,0.658003890048325
"BGR","Bulgaria",2020,0.658003890048325
"BGR","Bulgaria",2021,0.658003890048325
"BGR","Bulgaria",2022,0.658003890048325
"BFA","Burkina Faso",1995,0.741480785658958
"BFA","Burkina Faso",1996,0.741480785658958
"BFA","Burkina Faso",1997,0.741480785658958
"BFA","Burkina Faso",1998,0.741480785658958
"BFA","Burkina Faso",1999,0.741480785658958
"BFA","Burkina Faso",2000,0.741480785658958
"BFA","Burkina Faso",2001,0.741480785658958
"BFA","Burkina Faso",2002,0.741480785658958
"BFA","Burkina Faso",2003,0.741480785658958
"BFA","Burkina Faso",2004,0.741480785658958
"BFA","Burkina Faso",2005,0.741480785658958
"BFA","Burkina Faso",2006,0.741480785658958
"BFA","Burkina Faso",2007,0.741480785658958
"BFA","Burkina Faso",2008,0.741480785658958
"BFA","Burkina Faso",2009,0.741480785658958
"BFA","Burkina Faso",2010,0.741480785658958
"BFA","Burkina Faso",2011,0.741480785658958
"BFA","Burkina Faso",2012,0.741480785658958
"BFA","Burkina Faso",2013,0.741480785658958
"BFA","Burkina Faso",2014,0.741480785658958
"BFA","Burkina Faso",2015,0.741480785658958
"BFA","Burkina Faso",2016,0.741480785658958
"BFA","Burkina Faso",2017,0.741480785658958
"BFA","Burkina Faso",2018,0.741480785658958
"BFA","Burkina Faso",2019,0.741480785658958
"BFA","Burkina Faso",2020,0.741480785658958
"BFA","Burkina Faso",2021,0.741480785658958
"BFA","Burkina Faso",2022,0.741480785658958
"BDI","Burundi",1995,1
"BDI","Burundi",1996,1
"BDI","Burundi",1997,1
"BDI","Burundi",1998,1
"BDI","Burundi",1999,1
"BDI","Burundi",2000,1
"BDI","Burundi",2001,1
"BDI","Burundi",2002,1
"BDI","Burundi",2003,1
"BDI","Burundi",2004,1
"BDI","Burundi",2005,1
"BDI","Burundi",2006,1
"BDI","Burundi",2007,1
"BDI","Burundi",2008,1
"BDI","Burundi",2009,1
"BDI","Burundi",2010,1
"BDI","Burundi",2011,1
"BDI","Burundi",2012,1
"BDI","Burundi",2013,1
"BDI","Burundi",2014,1
"BDI","Burundi",2015,1
"BDI","Burundi",2016,1
"BDI","Burundi",2017,1
"BDI","Burundi",2018,1
"BDI","Burundi",2019,1
"BDI","Burundi",2020,1
"BDI","Burundi",2021,1
"BDI","Burundi",2022,1
"KHM","Cambodia",1995,0.655608669696676
"KHM","Cambodia",1996,0.655608669696676
"KHM","Cambodia",1997,0.655608669696676
"KHM","Cambodia",1998,0.655608669696676
"KHM","Cambodia",1999,0.655608669696676
"KHM","Cambodia",2000,0.655608669696676
"KHM","Cambodia",2001,0.655608669696676
"KHM","Cambodia",2002,0.655608669696676
"KHM","Cambodia",2003,0.655608669696676
"KHM","Cambodia",2004,0.655608669696676
"KHM","Cambodia",2005,0.655608669696676
"KHM","Cambodia",2006,0.655608669696676
"KHM","Cambodia",2007,0.655608669696676
"KHM","Cambodia",2008,0.655608669696676
"KHM","Cambodia",2009,0.655608669696676
"KHM","Cambodia",2010,0.655608669696676
"KHM","Cambodia",2011,0.655608669696676
"KHM","Cambodia",2012,0.655608669696676
"KHM","Cambodia",2013,0.655608669696676
"KHM","Cambodia",2014,0.655608669696676
"KHM","Cambodia",2015,0.655608669696676
"KHM","Cambodia",2016,0.655608669696676
"KHM","Cambodia",2017,0.655608669696676
"KHM","Cambodia",2018,0.655608669696676
"KHM","Cambodia",2019,0.655608669696676
"KHM","Cambodia",2020,0.655608669696676
"KHM","Cambodia",2021,0.655608669696676
"KHM","Cambodia",2022,0.655608669696676
"CMR","Cameroon",1995,0.862448857253629
"CMR","Cameroon",1996,0.862448857253629
"CMR","Cameroon",1997,0.862448857253629
"CMR","Cameroon",1998,0.862448857253629
"CMR","Cameroon",1999,0.862448857253629
"CMR","Cameroon",2000,0.862448857253629
"CMR","Cameroon",2001,0.862448857253629
"CMR","Cameroon",2002,0.862448857253629
"CMR","Cameroon",2003,0.862448857253629
"CMR","Cameroon",2004,0.862448857253629
"CMR","Cameroon",2005,0.862448857253629
"CMR","Cameroon",2006,0.862448857253629
"CMR","Cameroon",2007,0.862448857253629
"CMR","Cameroon",2008,0.862448857253629
"CMR","Cameroon",2009,0.862448857253629
"CMR","Cameroon",2010,0.862448857253629
"CMR","Cameroon",2011,0.862448857253629
"CMR","Cameroon",2012,0.862448857253629
"CMR","Cameroon",2013,0.862448857253629
"CMR","Cameroon",2014,0.862448857253629
"CMR","Cameroon",2015,0.862448857253629
"CMR","Cameroon",2016,0.862448857253629
"CMR","Cameroon",2017,0.862448857253629
"CMR","Cameroon",2018,0.862448857253629
"CMR","Cameroon",2019,0.862448857253629
"CMR","Cameroon",2020,0.862448857253629
"CMR","Cameroon",2021,0.862448857253629
"CMR","Cameroon",2022,0.862448857253629
"CAN","Canada",1995,0.658003890048325
"CAN","Canada",1996,0.658003890048325
"CAN","Canada",1997,0.658003890048325
"CAN","Canada",1998,0.658003890048325
"CAN","Canada",1999,0.658003890048325
"CAN","Canada",2000,0.658003890048325
"CAN","Canada",2001,0.658003890048325
"CAN","Canada",2002,0.658003890048325
"CAN","Canada",2003,0.658003890048325
"CAN","Canada",2004,0.658003890048325
"CAN","Canada",2005,0.658003890048325
"CAN","Canada",2006,0.658003890048325
"CAN","Canada",2007,0.658003890048325
"CAN","Canada",2008,0.658003890048325
"CAN","Canada",2009,0.658003890048325
"CAN","Canada",2010,0.658003890048325
"CAN","Canada",2011,0.658003890048325
"CAN","Canada",2012,0.658003890048325
"CAN","Canada",2013,0.658003890048325
"CAN","Canada",2014,0.658003890048325
"CAN","Canada",2015,0.658003890048325
"CAN","Canada",2016,0.658003890048325
"CAN","Canada",2017,0.658003890048325
"CAN","Canada",2018,0.658003890048325
"CAN","Canada",2019,0.658003890048325
"CAN","Canada",2020,0.658003890048325
"CAN","Canada",2021,0.658003890048325
"CAN","Canada",2022,0.658003890048325
"CPV","Cape Verde",1995,0.65701385818134
"CPV","Cape Verde",1996,0.65701385818134
"CPV","Cape Verde",1997,0.65701385818134
"CPV","Cape Verde",1998,0.65701385818134
"CPV","Cape Verde",1999,0.65701385818134
"CPV","Cape Verde",2000,0.65701385818134
"CPV","Cape Verde",2001,0.65701385818134
"CPV","Cape Verde",2002,0.65701385818134
"CPV","Cape Verde",2003,0.65701385818134
"CPV","Cape Verde",2004,0.65701385818134
"CPV","Cape Verde",2005,0.65701385818134
"CPV","Cape Verde",2006,0.65701385818134
"CPV","Cape Verde",2007,0.65701385818134
"CPV","Cape Verde",2008,0.65701385818134
"CPV","Cape Verde",2009,0.65701385818134
"CPV","Cape Verde",2010,0.65701385818134
"CPV","Cape Verde",2011,0.65701385818134
"CPV","Cape Verde",2012,0.65701385818134
"CPV","Cape Verde",2013,0.65701385818134
"CPV","Cape Verde",2014,0.65701385818134
"CPV","Cape Verde",2015,0.65701385818134
"CPV","Cape Verde",2016,0.65701385818134
"CPV","Cape Verde",2017,0.65701385818134
"CPV","Cape Verde",2018,0.65701385818134
"CPV","Cape Verde",2019,0.65701385818134
"CPV","Cape Verde",2020,0.65701385818134
"CPV","Cape Verde",2021,0.65701385818134
"CPV","Cape Verde",2022,0.65701385818134
"CAF","Central African Republic",1995,0.824904173871515
"CAF","Central African Republic",1996,0.824904173871515
"CAF","Central African Republic",1997,0.824904173871515
"CAF","Central African Republic",1998,0.824904173871515
"CAF","Central African Republic",1999,0.824904173871515
"CAF","Central African Republic",2000,0.824904173871515
"CAF","Central African Republic",2001,0.824904173871515
"CAF","Central African Republic",2002,0.824904173871515
"CAF","Central African Republic",2003,0.824904173871515
"CAF","Central African Republic",2004,0.824904173871515
"CAF","Central African Republic",2005,0.824904173871515
"CAF","Central African Republic",2006,0.824904173871515
"CAF","Central African Republic",2007,0.824904173871515
"CAF","Central African Republic",2008,0.824904173871515
"CAF","Central African Republic",2009,0.824904173871515
"CAF","Central African Republic",2010,0.824904173871515
"CAF","Central African Republic",2011,0.824904173871515
"CAF","Central African Republic",2012,0.824904173871515
"CAF","Central African Republic",2013,0.824904173871515
"CAF","Central African Republic",2014,0.824904173871515
"CAF","Central African Republic",2015,0.824904173871515
"CAF","Central African Republic",2016,0.824904173871515
"CAF","Central African Republic",2017,0.824904173871515
"CAF","Central African Republic",2018,0.824904173871515
"CAF","Central African Republic",2019,0.824904173871515
"CAF","Central African Republic",2020,0.824904173871515
"CAF","Central African Republic",2021,0.824904173871515
"CAF","Central African Republic",2022,0.824904173871515
"TCD","Chad",1995,1
"TCD","Chad",1996,1
"TCD","Chad",1997,1
"TCD","Chad",1998,1
"TCD","Chad",1999,1
"TCD","Chad",2000,1
"TCD","Chad",2001,1
"TCD","Chad",2002,1
"TCD","Chad",2003,1
"TCD","Chad",2004,1
"TCD","Chad",2005,1
"TCD","Chad",2006,1
"TCD","Chad",2007,1
"TCD","Chad",2008,1
"TCD","Chad",2009,1
"TCD","Chad",2010,1
"TCD","Chad",2011,1
"TCD","Chad",2012,1
"TCD","Chad",2013,1
"TCD","Chad",2014,1
"TCD","Chad",2015,1
"TCD","Chad",2016,1
"TCD","Chad",2017,1
"TCD","Chad",2018,1
"TCD","Chad",2019,1
"TCD","Chad",2020,1
"TCD","Chad",2021,1
"TCD","Chad",2022,1
"CHL","Chile",1995,0.658003890048325
"CHL","Chile",1996,0.658003890048325
"CHL","Chile",1997,0.658003890048325
"CHL","Chile",1998,0.658003890048325
"CHL","Chile",1999,0.658003890048325
"CHL","Chile",2000,0.658003890048325
"CHL","Chile",2001,0.658003890048325
"CHL","Chile",2002,0.658003890048325
"CHL","Chile",2003,0.658003890048325
"CHL","Chile",2004,0.658003890048325
"CHL","Chile",2005,0.658003890048325
"CHL","Chile",2006,0.658003890048325
"CHL","Chile",2007,0.658003890048325
"CHL","Chile",2008,0.658003890048325
"CHL","Chile",2009,0.658003890048325
"CHL","Chile",2010,0.658003890048325
"CHL","Chile",2011,0.658003890048325
"CHL","Chile",2012,0.658003890048325
"CHL","Chile",2013,0.658003890048325
"CHL","Chile",2014,0.658003890048325
"CHL","Chile",2015,0.658003890048325
"CHL","Chile",2016,0.658003890048325
"CHL","Chile",2017,0.658003890048325
"CHL","Chile",2018,0.658003890048325
"CHL","Chile",2019,0.658003890048325
"CHL","Chile",2020,0.658003890048325
"CHL","Chile",2021,0.658003890048325
"CHL","Chile",2022,0.658003890048325
"CHN","China",1995,0.6582223436705
"CHN","China",1996,0.6582223436705
"CHN","China",1997,0.6582223436705
"CHN","China",1998,0.6582223436705
"CHN","China",1999,0.6582223436705
"CHN","China",2000,0.6582223436705
"CHN","China",2001,0.6582223436705
"CHN","China",2002,0.6582223436705
"CHN","China",2003,0.6582223436705
"CHN","China",2004,0.6582223436705
"CHN","China",2005,0.6582223436705
"CHN","China",2006,0.6582223436705
"CHN","China",2007,0.6582223436705
"CHN","China",2008,0.6582223436705
"CHN","China",2009,0.6582223436705
"CHN","China",2010,0.6582223436705
"CHN","China",2011,0.6582223436705
"CHN","China",2012,0.6582223436705
"CHN","China",2013,0.6582223436705
"CHN","China",2014,0.6582223436705
"CHN","China",2015,0.6582223436705
"CHN","China",2016,0.6582223436705
"CHN","China",2017,0.6582223436705
"CHN","China",2018,0.6582223436705
"CHN","China",2019,0.6582223436705
"CHN","China",2020,0.6582223436705
"CHN","China",2021,0.6582223436705
"CHN","China",2022,0.6582223436705
"COL","Colombia",1995,0.665451996551981
"COL","Colombia",1996,0.665451996551981
"COL","Colombia",1997,0.665451996551981
"COL","Colombia",1998,0.665451996551981
"COL","Colombia",1999,0.665451996551981
"COL","Colombia",2000,0.665451996551981
"COL","Colombia",2001,0.665451996551981
"COL","Colombia",2002,0.665451996551981
"COL","Colombia",2003,0.665451996551981
"COL","Colombia",2004,0.665451996551981
"COL","Colombia",2005,0.665451996551981
"COL","Colombia",2006,0.665451996551981
"COL","Colombia",2007,0.665451996551981
"COL","Colombia",2008,0.665451996551981
"COL","Colombia",2009,0.665451996551981
"COL","Colombia",2010,0.665451996551981
"COL","Colombia",2011,0.665451996551981
"COL","Colombia",2012,0.665451996551981
"COL","Colombia",2013,0.665451996551981
"COL","Colombia",2014,0.665451996551981
"COL","Colombia",2015,0.665451996551981
"COL","Colombia",2016,0.665451996551981
"COL","Colombia",2017,0.665451996551981
"COL","Colombia",2018,0.665451996551981
"COL","Colombia",2019,0.665451996551981
"COL","Colombia",2020,0.665451996551981
"COL","Colombia",2021,0.665451996551981
"COL","Colombia",2022,0.665451996551981
"COM","Comoros",1995,0.658003890048325
"COM","Comoros",1996,0.658003890048325
"COM","Comoros",1997,0.658003890048325
"COM","Comoros",1998,0.658003890048325
"COM","Comoros",1999,0.658003890048325
"COM","Comoros",2000,0.658003890048325
"COM","Comoros",2001,0.658003890048325
"COM","Comoros",2002,0.658003890048325
"COM","Comoros",2003,0.658003890048325
"COM","Comoros",2004,0.658003890048325
"COM","Comoros",2005,0.658003890048325
"COM","Comoros",2006,0.658003890048325
"COM","Comoros",2007,0.658003890048325
"COM","Comoros",2008,0.658003890048325
"COM","Comoros",2009,0.658003890048325
"COM","Comoros",2010,0.658003890048325
"COM","Comoros",2011,0.658003890048325
"COM","Comoros",2012,0.658003890048325
"COM","Comoros",2013,0.658003890048325
"COM","Comoros",2014,0.658003890048325
"COM","Comoros",2015,0.658003890048325
"COM","Comoros",2016,0.658003890048325
"COM","Comoros",2017,0.658003890048325
"COM","Comoros",2018,0.658003890048325
"COM","Comoros",2019,0.658003890048325
"COM","Comoros",2020,0.658003890048325
"COM","Comoros",2021,0.658003890048325
"COM","Comoros",2022,0.658003890048325
"COG","Congo",1995,0.637109739414429
"COG","Congo",1996,0.637109739414429
"COG","Congo",1997,0.637109739414429
"COG","Congo",1998,0.637109739414429
"COG","Congo",1999,0.637109739414429
"COG","Congo",2000,0.637109739414429
"COG","Congo",2001,0.637109739414429
"COG","Congo",2002,0.637109739414429
"COG","Congo",2003,0.637109739414429
"COG","Congo",2004,0.637109739414429
"COG","Congo",2005,0.637109739414429
"COG","Congo",2006,0.637109739414429
"COG","Congo",2007,0.637109739414429
"COG","Congo",2008,0.637109739414429
"COG","Congo",2009,0.637109739414429
"COG","Congo",2010,0.637109739414429
"COG","Congo",2011,0.637109739414429
"COG","Congo",2012,0.637109739414429
"COG","Congo",2013,0.637109739414429
"COG","Congo",2014,0.637109739414429
"COG","Congo",2015,0.637109739414429
"COG","Congo",2016,0.637109739414429
"COG","Congo",2017,0.637109739414429
"COG","Congo",2018,0.637109739414429
"COG","Congo",2019,0.637109739414429
"COG","Congo",2020,0.637109739414429
"COG","Congo",2021,0.637109739414429
"COG","Congo",2022,0.637109739414429
"COD","Congo, the Democratic Republic o",1995,1
"COD","Congo, the Democratic Republic o",1996,1
"COD","Congo, the Democratic Republic o",1997,1
"COD","Congo, the Democratic Republic o",1998,1
"COD","Congo, the Democratic Republic o",1999,1
"COD","Congo, the Democratic Republic o",2000,1
"COD","Congo, the Democratic Republic o",2001,1
"COD","Congo, the Democratic Republic o",2002,1
"COD","Congo, the Democratic Republic o",2003,1
"COD","Congo, the Democratic Republic o",2004,1
"COD","Congo, the Democratic Republic o",2005,1
"COD","Congo, the Democratic Republic o",2006,1
"COD","Congo, the Democratic Republic o",2007,1
"COD","Congo, the Democratic Republic o",2008,1
"COD","Congo, the Democratic Republic o",2009,1
"COD","Congo, the Democratic Republic o",2010,1
"COD","Congo, the Democratic Republic o",2011,1
"COD","Congo, the Democratic Republic o",2012,1
"COD","Congo, the Democratic Republic o",2013,1
"COD","Congo, the Democratic Republic o",2014,1
"COD","Congo, the Democratic Republic o",2015,1
"COD","Congo, the Democratic Republic o",2016,1
"COD","Congo, the Democratic Republic o",2017,1
"COD","Congo, the Democratic Republic o",2018,1
"COD","Congo, the Democratic Republic o",2019,1
"COD","Congo, the Democratic Republic o",2020,1
"COD","Congo, the Democratic Republic o",2021,1
"COD","Congo, the Democratic Republic o",2022,1
"CRI","Costa Rica",1995,0.658058393834994
"CRI","Costa Rica",1996,0.658058393834994
"CRI","Costa Rica",1997,0.658058393834994
"CRI","Costa Rica",1998,0.658058393834994
"CRI","Costa Rica",1999,0.658058393834994
"CRI","Costa Rica",2000,0.658058393834994
"CRI","Costa Rica",2001,0.658058393834994
"CRI","Costa Rica",2002,0.658058393834994
"CRI","Costa Rica",2003,0.658058393834994
"CRI","Costa Rica",2004,0.658058393834994
"CRI","Costa Rica",2005,0.658058393834994
"CRI","Costa Rica",2006,0.658058393834994
"CRI","Costa Rica",2007,0.658058393834994
"CRI","Costa Rica",2008,0.658058393834994
"CRI","Costa Rica",2009,0.658058393834994
"CRI","Costa Rica",2010,0.658058393834994
"CRI","Costa Rica",2011,0.658058393834994
"CRI","Costa Rica",2012,0.658058393834994
"CRI","Costa Rica",2013,0.658058393834994
"CRI","Costa Rica",2014,0.658058393834994
"CRI","Costa Rica",2015,0.658058393834994
"CRI","Costa Rica",2016,0.658058393834994
"CRI","Costa Rica",2017,0.658058393834994
"CRI","Costa Rica",2018,0.658058393834994
"CRI","Costa Rica",2019,0.658058393834994
"CRI","Costa Rica",2020,0.658058393834994
"CRI","Costa Rica",2021,0.658058393834994
"CRI","Costa Rica",2022,0.658058393834994
"CIV","Cote d'Ivoire",1995,0.673906205932701
"CIV","Cote d'Ivoire",1996,0.673906205932701
"CIV","Cote d'Ivoire",1997,0.673906205932701
"CIV","Cote d'Ivoire",1998,0.673906205932701
"CIV","Cote d'Ivoire",1999,0.673906205932701
"CIV","Cote d'Ivoire",2000,0.673906205932701
"CIV","Cote d'Ivoire",2001,0.673906205932701
"CIV","Cote d'Ivoire",2002,0.673906205932701
"CIV","Cote d'Ivoire",2003,0.673906205932701
"CIV","Cote d'Ivoire",2004,0.673906205932701
"CIV","Cote d'Ivoire",2005,0.673906205932701
"CIV","Cote d'Ivoire",2006,0.673906205932701
"CIV","Cote d'Ivoire",2007,0.673906205932701
"CIV","Cote d'Ivoire",2008,0.673906205932701
"CIV","Cote d'Ivoire",2009,0.673906205932701
"CIV","Cote d'Ivoire",2010,0.673906205932701
"CIV","Cote d'Ivoire",2011,0.673906205932701
"CIV","Cote d'Ivoire",2012,0.673906205932701
"CIV","Cote d'Ivoire",2013,0.673906205932701
"CIV","Cote d'Ivoire",2014,0.673906205932701
"CIV","Cote d'Ivoire",2015,0.673906205932701
"CIV","Cote d'Ivoire",2016,0.673906205932701
"CIV","Cote d'Ivoire",2017,0.673906205932701
"CIV","Cote d'Ivoire",2018,0.673906205932701
"CIV","Cote d'Ivoire",2019,0.673906205932701
"CIV","Cote d'Ivoire",2020,0.673906205932701
"CIV","Cote d'Ivoire",2021,0.673906205932701
"CIV","Cote d'Ivoire",2022,0.673906205932701
"HRV","Croatia",1995,0.658003890048325
"HRV","Croatia",1996,0.658003890048325
"HRV","Croatia",1997,0.658003890048325
"HRV","Croatia",1998,0.658003890048325
"HRV","Croatia",1999,0.658003890048325
"HRV","Croatia",2000,0.658003890048325
"HRV","Croatia",2001,0.658003890048325
"HRV","Croatia",2002,0.658003890048325
"HRV","Croatia",2003,0.658003890048325
"HRV","Croatia",2004,0.658003890048325
"HRV","Croatia",2005,0.658003890048325
"HRV","Croatia",2006,0.658003890048325
"HRV","Croatia",2007,0.658003890048325
"HRV","Croatia",2008,0.658003890048325
"HRV","Croatia",2009,0.658003890048325
"HRV","Croatia",2010,0.658003890048325
"HRV","Croatia",2011,0.658003890048325
"HRV","Croatia",2012,0.658003890048325
"HRV","Croatia",2013,0.658003890048325
"HRV","Croatia",2014,0.658003890048325
"HRV","Croatia",2015,0.658003890048325
"HRV","Croatia",2016,0.658003890048325
"HRV","Croatia",2017,0.658003890048325
"HRV","Croatia",2018,0.658003890048325
"HRV","Croatia",2019,0.658003890048325
"HRV","Croatia",2020,0.658003890048325
"HRV","Croatia",2021,0.658003890048325
"HRV","Croatia",2022,0.658003890048325
"CUB","Cuba",1995,0.658003890048325
"CUB","Cuba",1996,0.658003890048325
"CUB","Cuba",1997,0.658003890048325
"CUB","Cuba",1998,0.658003890048325
"CUB","Cuba",1999,0.658003890048325
"CUB","Cuba",2000,0.658003890048325
"CUB","Cuba",2001,0.658003890048325
"CUB","Cuba",2002,0.658003890048325
"CUB","Cuba",2003,0.658003890048325
"CUB","Cuba",2004,0.658003890048325
"CUB","Cuba",2005,0.658003890048325
"CUB","Cuba",2006,0.658003890048325
"CUB","Cuba",2007,0.658003890048325
"CUB","Cuba",2008,0.658003890048325
"CUB","Cuba",2009,0.658003890048325
"CUB","Cuba",2010,0.658003890048325
"CUB","Cuba",2011,0.658003890048325
"CUB","Cuba",2012,0.658003890048325
"CUB","Cuba",2013,0.658003890048325
"CUB","Cuba",2014,0.658003890048325
"CUB","Cuba",2015,0.658003890048325
"CUB","Cuba",2016,0.658003890048325
"CUB","Cuba",2017,0.658003890048325
"CUB","Cuba",2018,0.658003890048325
"CUB","Cuba",2019,0.658003890048325
"CUB","Cuba",2020,0.658003890048325
"CUB","Cuba",2021,0.658003890048325
"CUB","Cuba",2022,0.658003890048325
"CYP","Cyprus",1995,0.658003890048325
"CYP","Cyprus",1996,0.658003890048325
"CYP","Cyprus",1997,0.658003890048325
"CYP","Cyprus",1998,0.658003890048325
"CYP","Cyprus",1999,0.658003890048325
"CYP","Cyprus",2000,0.658003890048325
"CYP","Cyprus",2001,0.658003890048325
"CYP","Cyprus",2002,0.658003890048325
"CYP","Cyprus",2003,0.658003890048325
"CYP","Cyprus",2004,0.658003890048325
"CYP","Cyprus",2005,0.658003890048325
"CYP","Cyprus",2006,0.658003890048325
"CYP","Cyprus",2007,0.658003890048325
"CYP","Cyprus",2008,0.658003890048325
"CYP","Cyprus",2009,0.658003890048325
"CYP","Cyprus",2010,0.658003890048325
"CYP","Cyprus",2011,0.658003890048325
"CYP","Cyprus",2012,0.658003890048325
"CYP","Cyprus",2013,0.658003890048325
"CYP","Cyprus",2014,0.658003890048325
"CYP","Cyprus",2015,0.658003890048325
"CYP","Cyprus",2016,0.658003890048325
"CYP","Cyprus",2017,0.658003890048325
"CYP","Cyprus",2018,0.658003890048325
"CYP","Cyprus",2019,0.658003890048325
"CYP","Cyprus",2020,0.658003890048325
"CYP","Cyprus",2021,0.658003890048325
"CYP","Cyprus",2022,0.658003890048325
"CZE","Czech Republic",1995,0.658003890048325
"CZE","Czech Republic",1996,0.658003890048325
"CZE","Czech Republic",1997,0.658003890048325
"CZE","Czech Republic",1998,0.658003890048325
"CZE","Czech Republic",1999,0.658003890048325
"CZE","Czech Republic",2000,0.658003890048325
"CZE","Czech Republic",2001,0.658003890048325
"CZE","Czech Republic",2002,0.658003890048325
"CZE","Czech Republic",2003,0.658003890048325
"CZE","Czech Republic",2004,0.658003890048325
"CZE","Czech Republic",2005,0.658003890048325
"CZE","Czech Republic",2006,0.658003890048325
"CZE","Czech Republic",2007,0.658003890048325
"CZE","Czech Republic",2008,0.658003890048325
"CZE","Czech Republic",2009,0.658003890048325
"CZE","Czech Republic",2010,0.658003890048325
"CZE","Czech Republic",2011,0.658003890048325
"CZE","Czech Republic",2012,0.658003890048325
"CZE","Czech Republic",2013,0.658003890048325
"CZE","Czech Republic",2014,0.658003890048325
"CZE","Czech Republic",2015,0.658003890048325
"CZE","Czech Republic",2016,0.658003890048325
"CZE","Czech Republic",2017,0.658003890048325
"CZE","Czech Republic",2018,0.658003890048325
"CZE","Czech Republic",2019,0.658003890048325
"CZE","Czech Republic",2020,0.658003890048325
"CZE","Czech Republic",2021,0.658003890048325
"CZE","Czech Republic",2022,0.658003890048325
"DNK","Denmark",1995,0.658003890048325
"DNK","Denmark",1996,0.658003890048325
"DNK","Denmark",1997,0.658003890048325
"DNK","Denmark",1998,0.658003890048325
"DNK","Denmark",1999,0.658003890048325
"DNK","Denmark",2000,0.658003890048325
"DNK","Denmark",2001,0.658003890048325
"DNK","Denmark",2002,0.658003890048325
"DNK","Denmark",2003,0.658003890048325
"DNK","Denmark",2004,0.658003890048325
"DNK","Denmark",2005,0.658003890048325
"DNK","Denmark",2006,0.658003890048325
"DNK","Denmark",2007,0.658003890048325
"DNK","Denmark",2008,0.658003890048325
"DNK","Denmark",2009,0.658003890048325
"DNK","Denmark",2010,0.658003890048325
"DNK","Denmark",2011,0.658003890048325
"DNK","Denmark",2012,0.658003890048325
"DNK","Denmark",2013,0.658003890048325
"DNK","Denmark",2014,0.658003890048325
"DNK","Denmark",2015,0.658003890048325
"DNK","Denmark",2016,0.658003890048325
"DNK","Denmark",2017,0.658003890048325
"DNK","Denmark",2018,0.658003890048325
"DNK","Denmark",2019,0.658003890048325
"DNK","Denmark",2020,0.658003890048325
"DNK","Denmark",2021,0.658003890048325
"DNK","Denmark",2022,0.658003890048325
"DJI","Djibouti",1995,1
"DJI","Djibouti",1996,1
"DJI","Djibouti",1997,1
"DJI","Djibouti",1998,1
"DJI","Djibouti",1999,1
"DJI","Djibouti",2000,1
"DJI","Djibouti",2001,1
"DJI","Djibouti",2002,1
"DJI","Djibouti",2003,1
"DJI","Djibouti",2004,1
"DJI","Djibouti",2005,1
"DJI","Djibouti",2006,1
"DJI","Djibouti",2007,1
"DJI","Djibouti",2008,1
"DJI","Djibouti",2009,1
"DJI","Djibouti",2010,1
"DJI","Djibouti",2011,1
"DJI","Djibouti",2012,1
"DJI","Djibouti",2013,1
"DJI","Djibouti",2014,1
"DJI","Djibouti",2015,1
"DJI","Djibouti",2016,1
"DJI","Djibouti",2017,1
"DJI","Djibouti",2018,1
"DJI","Djibouti",2019,1
"DJI","Djibouti",2020,1
"DJI","Djibouti",2021,1
"DJI","Djibouti",2022,1
"DMA","Dominica",1995,0.658003890048325
"DMA","Dominica",1996,0.658003890048325
"DMA","Dominica",1997,0.658003890048325
"DMA","Dominica",1998,0.658003890048325
"DMA","Dominica",1999,0.658003890048325
"DMA","Dominica",2000,0.658003890048325
"DMA","Dominica",2001,0.658003890048325
"DMA","Dominica",2002,0.658003890048325
"DMA","Dominica",2003,0.658003890048325
"DMA","Dominica",2004,0.658003890048325
"DMA","Dominica",2005,0.658003890048325
"DMA","Dominica",2006,0.658003890048325
"DMA","Dominica",2007,0.658003890048325
"DMA","Dominica",2008,0.658003890048325
"DMA","Dominica",2009,0.658003890048325
"DMA","Dominica",2010,0.658003890048325
"DMA","Dominica",2011,0.658003890048325
"DMA","Dominica",2012,0.658003890048325
"DMA","Dominica",2013,0.658003890048325
"DMA","Dominica",2014,0.658003890048325
"DMA","Dominica",2015,0.658003890048325
"DMA","Dominica",2016,0.658003890048325
"DMA","Dominica",2017,0.658003890048325
"DMA","Dominica",2018,0.658003890048325
"DMA","Dominica",2019,0.658003890048325
"DMA","Dominica",2020,0.658003890048325
"DMA","Dominica",2021,0.658003890048325
"DMA","Dominica",2022,0.658003890048325
"DOM","Dominican Republic",1995,0.65896681611327
"DOM","Dominican Republic",1996,0.65896681611327
"DOM","Dominican Republic",1997,0.65896681611327
"DOM","Dominican Republic",1998,0.65896681611327
"DOM","Dominican Republic",1999,0.65896681611327
"DOM","Dominican Republic",2000,0.65896681611327
"DOM","Dominican Republic",2001,0.65896681611327
"DOM","Dominican Republic",2002,0.65896681611327
"DOM","Dominican Republic",2003,0.65896681611327
"DOM","Dominican Republic",2004,0.65896681611327
"DOM","Dominican Republic",2005,0.65896681611327
"DOM","Dominican Republic",2006,0.65896681611327
"DOM","Dominican Republic",2007,0.65896681611327
"DOM","Dominican Republic",2008,0.65896681611327
"DOM","Dominican Republic",2009,0.65896681611327
"DOM","Dominican Republic",2010,0.65896681611327
"DOM","Dominican Republic",2011,0.65896681611327
"DOM","Dominican Republic",2012,0.65896681611327
"DOM","Dominican Republic",2013,0.65896681611327
"DOM","Dominican Republic",2014,0.65896681611327
"DOM","Dominican Republic",2015,0.65896681611327
"DOM","Dominican Republic",2016,0.65896681611327
"DOM","Dominican Republic",2017,0.65896681611327
"DOM","Dominican Republic",2018,0.65896681611327
"DOM","Dominican Republic",2019,0.65896681611327
"DOM","Dominican Republic",2020,0.65896681611327
"DOM","Dominican Republic",2021,0.65896681611327
"DOM","Dominican Republic",2022,0.65896681611327
"ECU","Ecuador",1995,0.658583125294109
"ECU","Ecuador",1996,0.658583125294109
"ECU","Ecuador",1997,0.658583125294109
"ECU","Ecuador",1998,0.658583125294109
"ECU","Ecuador",1999,0.658583125294109
"ECU","Ecuador",2000,0.658583125294109
"ECU","Ecuador",2001,0.658583125294109
"ECU","Ecuador",2002,0.658583125294109
"ECU","Ecuador",2003,0.658583125294109
"ECU","Ecuador",2004,0.658583125294109
"ECU","Ecuador",2005,0.658583125294109
"ECU","Ecuador",2006,0.658583125294109
"ECU","Ecuador",2007,0.658583125294109
"ECU","Ecuador",2008,0.658583125294109
"ECU","Ecuador",2009,0.658583125294109
"ECU","Ecuador",2010,0.658583125294109
"ECU","Ecuador",2011,0.658583125294109
"ECU","Ecuador",2012,0.658583125294109
"ECU","Ecuador",2013,0.658583125294109
"ECU","Ecuador",2014,0.658583125294109
"ECU","Ecuador",2015,0.658583125294109
"ECU","Ecuador",2016,0.658583125294109
"ECU","Ecuador",2017,0.658583125294109
"ECU","Ecuador",2018,0.658583125294109
"ECU","Ecuador",2019,0.658583125294109
"ECU","Ecuador",2020,0.658583125294109
"ECU","Ecuador",2021,0.658583125294109
"ECU","Ecuador",2022,0.658583125294109
"EGY","Egypt",1995,0.658003890048325
"EGY","Egypt",1996,0.658003890048325
"EGY","Egypt",1997,0.658003890048325
"EGY","Egypt",1998,0.658003890048325
"EGY","Egypt",1999,0.658003890048325
"EGY","Egypt",2000,0.658003890048325
"EGY","Egypt",2001,0.658003890048325
"EGY","Egypt",2002,0.658003890048325
"EGY","Egypt",2003,0.658003890048325
"EGY","Egypt",2004,0.658003890048325
"EGY","Egypt",2005,0.658003890048325
"EGY","Egypt",2006,0.658003890048325
"EGY","Egypt",2007,0.658003890048325
"EGY","Egypt",2008,0.658003890048325
"EGY","Egypt",2009,0.658003890048325
"EGY","Egypt",2010,0.658003890048325
"EGY","Egypt",2011,0.658003890048325
"EGY","Egypt",2012,0.658003890048325
"EGY","Egypt",2013,0.658003890048325
"EGY","Egypt",2014,0.658003890048325
"EGY","Egypt",2015,0.658003890048325
"EGY","Egypt",2016,0.658003890048325
"EGY","Egypt",2017,0.658003890048325
"EGY","Egypt",2018,0.658003890048325
"EGY","Egypt",2019,0.658003890048325
"EGY","Egypt",2020,0.658003890048325
"EGY","Egypt",2021,0.658003890048325
"EGY","Egypt",2022,0.658003890048325
"SLV","El Salvador",1995,0.65800453280163
"SLV","El Salvador",1996,0.65800453280163
"SLV","El Salvador",1997,0.65800453280163
"SLV","El Salvador",1998,0.65800453280163
"SLV","El Salvador",1999,0.65800453280163
"SLV","El Salvador",2000,0.65800453280163
"SLV","El Salvador",2001,0.65800453280163
"SLV","El Salvador",2002,0.65800453280163
"SLV","El Salvador",2003,0.65800453280163
"SLV","El Salvador",2004,0.65800453280163
"SLV","El Salvador",2005,0.65800453280163
"SLV","El Salvador",2006,0.65800453280163
"SLV","El Salvador",2007,0.65800453280163
"SLV","El Salvador",2008,0.65800453280163
"SLV","El Salvador",2009,0.65800453280163
"SLV","El Salvador",2010,0.65800453280163
"SLV","El Salvador",2011,0.65800453280163
"SLV","El Salvador",2012,0.65800453280163
"SLV","El Salvador",2013,0.65800453280163
"SLV","El Salvador",2014,0.65800453280163
"SLV","El Salvador",2015,0.65800453280163
"SLV","El Salvador",2016,0.65800453280163
"SLV","El Salvador",2017,0.65800453280163
"SLV","El Salvador",2018,0.65800453280163
"SLV","El Salvador",2019,0.65800453280163
"SLV","El Salvador",2020,0.65800453280163
"SLV","El Salvador",2021,0.65800453280163
"SLV","El Salvador",2022,0.65800453280163
"GNQ","Equatorial Guinea",1995,0.723127448839133
"GNQ","Equatorial Guinea",1996,0.723127448839133
"GNQ","Equatorial Guinea",1997,0.723127448839133
"GNQ","Equatorial Guinea",1998,0.723127448839133
"GNQ","Equatorial Guinea",1999,0.723127448839133
"GNQ","Equatorial Guinea",2000,0.723127448839133
"GNQ","Equatorial Guinea",2001,0.723127448839133
"GNQ","Equatorial Guinea",2002,0.723127448839133
"GNQ","Equatorial Guinea",2003,0.723127448839133
"GNQ","Equatorial Guinea",2004,0.723127448839133
"GNQ","Equatorial Guinea",2005,0.723127448839133
"GNQ","Equatorial Guinea",2006,0.723127448839133
"GNQ","Equatorial Guinea",2007,0.723127448839133
"GNQ","Equatorial Guinea",2008,0.723127448839133
"GNQ","Equatorial Guinea",2009,0.723127448839133
"GNQ","Equatorial Guinea",2010,0.723127448839133
"GNQ","Equatorial Guinea",2011,0.723127448839133
"GNQ","Equatorial Guinea",2012,0.723127448839133
"GNQ","Equatorial Guinea",2013,0.723127448839133
"GNQ","Equatorial Guinea",2014,0.723127448839133
"GNQ","Equatorial Guinea",2015,0.723127448839133
"GNQ","Equatorial Guinea",2016,0.723127448839133
"GNQ","Equatorial Guinea",2017,0.723127448839133
"GNQ","Equatorial Guinea",2018,0.723127448839133
"GNQ","Equatorial Guinea",2019,0.723127448839133
"GNQ","Equatorial Guinea",2020,0.723127448839133
"GNQ","Equatorial Guinea",2021,0.723127448839133
"GNQ","Equatorial Guinea",2022,0.723127448839133
"ERI","Eritrea",1995,0.723174121842126
"ERI","Eritrea",1996,0.723174121842126
"ERI","Eritrea",1997,0.723174121842126
"ERI","Eritrea",1998,0.723174121842126
"ERI","Eritrea",1999,0.723174121842126
"ERI","Eritrea",2000,0.723174121842126
"ERI","Eritrea",2001,0.723174121842126
"ERI","Eritrea",2002,0.723174121842126
"ERI","Eritrea",2003,0.723174121842126
"ERI","Eritrea",2004,0.723174121842126
"ERI","Eritrea",2005,0.723174121842126
"ERI","Eritrea",2006,0.723174121842126
"ERI","Eritrea",2007,0.723174121842126
"ERI","Eritrea",2008,0.723174121842126
"ERI","Eritrea",2009,0.723174121842126
"ERI","Eritrea",2010,0.723174121842126
"ERI","Eritrea",2011,0.723174121842126
"ERI","Eritrea",2012,0.723174121842126
"ERI","Eritrea",2013,0.723174121842126
"ERI","Eritrea",2014,0.723174121842126
"ERI","Eritrea",2015,0.723174121842126
"ERI","Eritrea",2016,0.723174121842126
"ERI","Eritrea",2017,0.723174121842126
"ERI","Eritrea",2018,0.723174121842126
"ERI","Eritrea",2019,0.723174121842126
"ERI","Eritrea",2020,0.723174121842126
"ERI","Eritrea",2021,0.723174121842126
"ERI","Eritrea",2022,0.723174121842126
"EST","Estonia",1995,0.658003890048325
"EST","Estonia",1996,0.658003890048325
"EST","Estonia",1997,0.658003890048325
"EST","Estonia",1998,0.658003890048325
"EST","Estonia",1999,0.658003890048325
"EST","Estonia",2000,0.658003890048325
"EST","Estonia",2001,0.658003890048325
"EST","Estonia",2002,0.658003890048325
"EST","Estonia",2003,0.658003890048325
"EST","Estonia",2004,0.658003890048325
"EST","Estonia",2005,0.658003890048325
"EST","Estonia",2006,0.658003890048325
"EST","Estonia",2007,0.658003890048325
"EST","Estonia",2008,0.658003890048325
"EST","Estonia",2009,0.658003890048325
"EST","Estonia",2010,0.658003890048325
"EST","Estonia",2011,0.658003890048325
"EST","Estonia",2012,0.658003890048325
"EST","Estonia",2013,0.658003890048325
"EST","Estonia",2014,0.658003890048325
"EST","Estonia",2015,0.658003890048325
"EST","Estonia",2016,0.658003890048325
"EST","Estonia",2017,0.658003890048325
"EST","Estonia",2018,0.658003890048325
"EST","Estonia",2019,0.658003890048325
"EST","Estonia",2020,0.658003890048325
"EST","Estonia",2021,0.658003890048325
"EST","Estonia",2022,0.658003890048325
"ETH","Ethiopia",1995,1
"ETH","Ethiopia",1996,1
"ETH","Ethiopia",1997,1
"ETH","Ethiopia",1998,1
"ETH","Ethiopia",1999,1
"ETH","Ethiopia",2000,1
"ETH","Ethiopia",2001,1
"ETH","Ethiopia",2002,1
"ETH","Ethiopia",2003,1
"ETH","Ethiopia",2004,1
"ETH","Ethiopia",2005,1
"ETH","Ethiopia",2006,1
"ETH","Ethiopia",2007,1
"ETH","Ethiopia",2008,1
"ETH","Ethiopia",2009,1
"ETH","Ethiopia",2010,1
"ETH","Ethiopia",2011,1
"ETH","Ethiopia",2012,1
"ETH","Ethiopia",2013,1
"ETH","Ethiopia",2014,1
"ETH","Ethiopia",2015,1
"ETH","Ethiopia",2016,1
"ETH","Ethiopia",2017,1
"ETH","Ethiopia",2018,1
"ETH","Ethiopia",2019,1
"ETH","Ethiopia",2020,1
"ETH","Ethiopia",2021,1
"ETH","Ethiopia",2022,1
"FJI","Fiji",1995,0.658003890048325
"FJI","Fiji",1996,0.658003890048325
"FJI","Fiji",1997,0.658003890048325
"FJI","Fiji",1998,0.658003890048325
"FJI","Fiji",1999,0.658003890048325
"FJI","Fiji",2000,0.658003890048325
"FJI","Fiji",2001,0.658003890048325
"FJI","Fiji",2002,0.658003890048325
"FJI","Fiji",2003,0.658003890048325
"FJI","Fiji",2004,0.658003890048325
"FJI","Fiji",2005,0.658003890048325
"FJI","Fiji",2006,0.658003890048325
"FJI","Fiji",2007,0.658003890048325
"FJI","Fiji",2008,0.658003890048325
"FJI","Fiji",2009,0.658003890048325
"FJI","Fiji",2010,0.658003890048325
"FJI","Fiji",2011,0.658003890048325
"FJI","Fiji",2012,0.658003890048325
"FJI","Fiji",2013,0.658003890048325
"FJI","Fiji",2014,0.658003890048325
"FJI","Fiji",2015,0.658003890048325
"FJI","Fiji",2016,0.658003890048325
"FJI","Fiji",2017,0.658003890048325
"FJI","Fiji",2018,0.658003890048325
"FJI","Fiji",2019,0.658003890048325
"FJI","Fiji",2020,0.658003890048325
"FJI","Fiji",2021,0.658003890048325
"FJI","Fiji",2022,0.658003890048325
"FIN","Finland",1995,0.658003890048325
"FIN","Finland",1996,0.658003890048325
"FIN","Finland",1997,0.658003890048325
"FIN","Finland",1998,0.658003890048325
"FIN","Finland",1999,0.658003890048325
"FIN","Finland",2000,0.658003890048325
"FIN","Finland",2001,0.658003890048325
"FIN","Finland",2002,0.658003890048325
"FIN","Finland",2003,0.658003890048325
"FIN","Finland",2004,0.658003890048325
"FIN","Finland",2005,0.658003890048325
"FIN","Finland",2006,0.658003890048325
"FIN","Finland",2007,0.658003890048325
"FIN","Finland",2008,0.658003890048325
"FIN","Finland",2009,0.658003890048325
"FIN","Finland",2010,0.658003890048325
"FIN","Finland",2011,0.658003890048325
"FIN","Finland",2012,0.658003890048325
"FIN","Finland",2013,0.658003890048325
"FIN","Finland",2014,0.658003890048325
"FIN","Finland",2015,0.658003890048325
"FIN","Finland",2016,0.658003890048325
"FIN","Finland",2017,0.658003890048325
"FIN","Finland",2018,0.658003890048325
"FIN","Finland",2019,0.658003890048325
"FIN","Finland",2020,0.658003890048325
"FIN","Finland",2021,0.658003890048325
"FIN","Finland",2022,0.658003890048325
"FRA","France",1995,0.658003890048325
"FRA","France",1996,0.658003890048325
"FRA","France",1997,0.658003890048325
"FRA","France",1998,0.658003890048325
"FRA","France",1999,0.658003890048325
"FRA","France",2000,0.658003890048325
"FRA","France",2001,0.658003890048325
"FRA","France",2002,0.658003890048325
"FRA","France",2003,0.658003890048325
"FRA","France",2004,0.658003890048325
"FRA","France",2005,0.658003890048325
"FRA","France",2006,0.658003890048325
"FRA","France",2007,0.658003890048325
"FRA","France",2008,0.658003890048325
"FRA","France",2009,0.658003890048325
"FRA","France",2010,0.658003890048325
"FRA","France",2011,0.658003890048325
"FRA","France",2012,0.658003890048325
"FRA","France",2013,0.658003890048325
"FRA","France",2014,0.658003890048325
"FRA","France",2015,0.658003890048325
"FRA","France",2016,0.658003890048325
"FRA","France",2017,0.658003890048325
"FRA","France",2018,0.658003890048325
"FRA","France",2019,0.658003890048325
"FRA","France",2020,0.658003890048325
"FRA","France",2021,0.658003890048325
"FRA","France",2022,0.658003890048325
"GAB","Gabon",1995,0.673655709888906
"GAB","Gabon",1996,0.673655709888906
"GAB","Gabon",1997,0.673655709888906
"GAB","Gabon",1998,0.673655709888906
"GAB","Gabon",1999,0.673655709888906
"GAB","Gabon",2000,0.673655709888906
"GAB","Gabon",2001,0.673655709888906
"GAB","Gabon",2002,0.673655709888906
"GAB","Gabon",2003,0.673655709888906
"GAB","Gabon",2004,0.673655709888906
"GAB","Gabon",2005,0.673655709888906
"GAB","Gabon",2006,0.673655709888906
"GAB","Gabon",2007,0.673655709888906
"GAB","Gabon",2008,0.673655709888906
"GAB","Gabon",2009,0.673655709888906
"GAB","Gabon",2010,0.673655709888906
"GAB","Gabon",2011,0.673655709888906
"GAB","Gabon",2012,0.673655709888906
"GAB","Gabon",2013,0.673655709888906
"GAB","Gabon",2014,0.673655709888906
"GAB","Gabon",2015,0.673655709888906
"GAB","Gabon",2016,0.673655709888906
"GAB","Gabon",2017,0.673655709888906
"GAB","Gabon",2018,0.673655709888906
"GAB","Gabon",2019,0.673655709888906
"GAB","Gabon",2020,0.673655709888906
"GAB","Gabon",2021,0.673655709888906
"GAB","Gabon",2022,0.673655709888906
"GMB","Gambia",1995,0.44152318422344
"GMB","Gambia",1996,0.44152318422344
"GMB","Gambia",1997,0.44152318422344
"GMB","Gambia",1998,0.44152318422344
"GMB","Gambia",1999,0.44152318422344
"GMB","Gambia",2000,0.44152318422344
"GMB","Gambia",2001,0.44152318422344
"GMB","Gambia",2002,0.44152318422344
"GMB","Gambia",2003,0.44152318422344
"GMB","Gambia",2004,0.44152318422344
"GMB","Gambia",2005,0.44152318422344
"GMB","Gambia",2006,0.44152318422344
"GMB","Gambia",2007,0.44152318422344
"GMB","Gambia",2008,0.44152318422344
"GMB","Gambia",2009,0.44152318422344
"GMB","Gambia",2010,0.44152318422344
"GMB","Gambia",2011,0.44152318422344
"GMB","Gambia",2012,0.44152318422344
"GMB","Gambia",2013,0.44152318422344
"GMB","Gambia",2014,0.44152318422344
"GMB","Gambia",2015,0.44152318422344
"GMB","Gambia",2016,0.44152318422344
"GMB","Gambia",2017,0.44152318422344
"GMB","Gambia",2018,0.44152318422344
"GMB","Gambia",2019,0.44152318422344
"GMB","Gambia",2020,0.44152318422344
"GMB","Gambia",2021,0.44152318422344
"GMB","Gambia",2022,0.44152318422344
"GEO","Georgia",1995,0.658012043660292
"GEO","Georgia",1996,0.658012043660292
"GEO","Georgia",1997,0.658012043660292
"GEO","Georgia",1998,0.658012043660292
"GEO","Georgia",1999,0.658012043660292
"GEO","Georgia",2000,0.658012043660292
"GEO","Georgia",2001,0.658012043660292
"GEO","Georgia",2002,0.658012043660292
"GEO","Georgia",2003,0.658012043660292
"GEO","Georgia",2004,0.658012043660292
"GEO","Georgia",2005,0.658012043660292
"GEO","Georgia",2006,0.658012043660292
"GEO","Georgia",2007,0.658012043660292
"GEO","Georgia",2008,0.658012043660292
"GEO","Georgia",2009,0.658012043660292
"GEO","Georgia",2010,0.658012043660292
"GEO","Georgia",2011,0.658012043660292
"GEO","Georgia",2012,0.658012043660292
"GEO","Georgia",2013,0.658012043660292
"GEO","Georgia",2014,0.658012043660292
"GEO","Georgia",2015,0.658012043660292
"GEO","Georgia",2016,0.658012043660292
"GEO","Georgia",2017,0.658012043660292
"GEO","Georgia",2018,0.658012043660292
"GEO","Georgia",2019,0.658012043660292
"GEO","Georgia",2020,0.658012043660292
"GEO","Georgia",2021,0.658012043660292
"GEO","Georgia",2022,0.658012043660292
"DEU","Germany",1995,0.658003890048325
"DEU","Germany",1996,0.658003890048325
"DEU","Germany",1997,0.658003890048325
"DEU","Germany",1998,0.658003890048325
"DEU","Germany",1999,0.658003890048325
"DEU","Germany",2000,0.658003890048325
"DEU","Germany",2001,0.658003890048325
"DEU","Germany",2002,0.658003890048325
"DEU","Germany",2003,0.658003890048325
"DEU","Germany",2004,0.658003890048325
"DEU","Germany",2005,0.658003890048325
"DEU","Germany",2006,0.658003890048325
"DEU","Germany",2007,0.658003890048325
"DEU","Germany",2008,0.658003890048325
"DEU","Germany",2009,0.658003890048325
"DEU","Germany",2010,0.658003890048325
"DEU","Germany",2011,0.658003890048325
"DEU","Germany",2012,0.658003890048325
"DEU","Germany",2013,0.658003890048325
"DEU","Germany",2014,0.658003890048325
"DEU","Germany",2015,0.658003890048325
"DEU","Germany",2016,0.658003890048325
"DEU","Germany",2017,0.658003890048325
"DEU","Germany",2018,0.658003890048325
"DEU","Germany",2019,0.658003890048325
"DEU","Germany",2020,0.658003890048325
"DEU","Germany",2021,0.658003890048325
"DEU","Germany",2022,0.658003890048325
"GHA","Ghana",1995,0.396761068740527
"GHA","Ghana",1996,0.396761068740527
"GHA","Ghana",1997,0.396761068740527
"GHA","Ghana",1998,0.396761068740527
"GHA","Ghana",1999,0.396761068740527
"GHA","Ghana",2000,0.396761068740527
"GHA","Ghana",2001,0.396761068740527
"GHA","Ghana",2002,0.396761068740527
"GHA","Ghana",2003,0.396761068740527
"GHA","Ghana",2004,0.396761068740527
"GHA","Ghana",2005,0.396761068740527
"GHA","Ghana",2006,0.396761068740527
"GHA","Ghana",2007,0.396761068740527
"GHA","Ghana",2008,0.396761068740527
"GHA","Ghana",2009,0.396761068740527
"GHA","Ghana",2010,0.396761068740527
"GHA","Ghana",2011,0.396761068740527
"GHA","Ghana",2012,0.396761068740527
"GHA","Ghana",2013,0.396761068740527
"GHA","Ghana",2014,0.396761068740527
"GHA","Ghana",2015,0.396761068740527
"GHA","Ghana",2016,0.396761068740527
"GHA","Ghana",2017,0.396761068740527
"GHA","Ghana",2018,0.396761068740527
"GHA","Ghana",2019,0.396761068740527
"GHA","Ghana",2020,0.396761068740527
"GHA","Ghana",2021,0.396761068740527
"GHA","Ghana",2022,0.396761068740527
"GRC","Greece",1995,0.658003890048325
"GRC","Greece",1996,0.658003890048325
"GRC","Greece",1997,0.658003890048325
"GRC","Greece",1998,0.658003890048325
"GRC","Greece",1999,0.658003890048325
"GRC","Greece",2000,0.658003890048325
"GRC","Greece",2001,0.658003890048325
"GRC","Greece",2002,0.658003890048325
"GRC","Greece",2003,0.658003890048325
"GRC","Greece",2004,0.658003890048325
"GRC","Greece",2005,0.658003890048325
"GRC","Greece",2006,0.658003890048325
"GRC","Greece",2007,0.658003890048325
"GRC","Greece",2008,0.658003890048325
"GRC","Greece",2009,0.658003890048325
"GRC","Greece",2010,0.658003890048325
"GRC","Greece",2011,0.658003890048325
"GRC","Greece",2012,0.658003890048325
"GRC","Greece",2013,0.658003890048325
"GRC","Greece",2014,0.658003890048325
"GRC","Greece",2015,0.658003890048325
"GRC","Greece",2016,0.658003890048325
"GRC","Greece",2017,0.658003890048325
"GRC","Greece",2018,0.658003890048325
"GRC","Greece",2019,0.658003890048325
"GRC","Greece",2020,0.658003890048325
"GRC","Greece",2021,0.658003890048325
"GRC","Greece",2022,0.658003890048325
"GRD","Grenada",1995,0.658003890048325
"GRD","Grenada",1996,0.658003890048325
"GRD","Grenada",1997,0.658003890048325
"GRD","Grenada",1998,0.658003890048325
"GRD","Grenada",1999,0.658003890048325
"GRD","Grenada",2000,0.658003890048325
"GRD","Grenada",2001,0.658003890048325
"GRD","Grenada",2002,0.658003890048325
"GRD","Grenada",2003,0.658003890048325
"GRD","Grenada",2004,0.658003890048325
"GRD","Grenada",2005,0.658003890048325
"GRD","Grenada",2006,0.658003890048325
"GRD","Grenada",2007,0.658003890048325
"GRD","Grenada",2008,0.658003890048325
"GRD","Grenada",2009,0.658003890048325
"GRD","Grenada",2010,0.658003890048325
"GRD","Grenada",2011,0.658003890048325
"GRD","Grenada",2012,0.658003890048325
"GRD","Grenada",2013,0.658003890048325
"GRD","Grenada",2014,0.658003890048325
"GRD","Grenada",2015,0.658003890048325
"GRD","Grenada",2016,0.658003890048325
"GRD","Grenada",2017,0.658003890048325
"GRD","Grenada",2018,0.658003890048325
"GRD","Grenada",2019,0.658003890048325
"GRD","Grenada",2020,0.658003890048325
"GRD","Grenada",2021,0.658003890048325
"GRD","Grenada",2022,0.658003890048325
"GTM","Guatemala",1995,0.662721635675436
"GTM","Guatemala",1996,0.662721635675436
"GTM","Guatemala",1997,0.662721635675436
"GTM","Guatemala",1998,0.662721635675436
"GTM","Guatemala",1999,0.662721635675436
"GTM","Guatemala",2000,0.662721635675436
"GTM","Guatemala",2001,0.662721635675436
"GTM","Guatemala",2002,0.662721635675436
"GTM","Guatemala",2003,0.662721635675436
"GTM","Guatemala",2004,0.662721635675436
"GTM","Guatemala",2005,0.662721635675436
"GTM","Guatemala",2006,0.662721635675436
"GTM","Guatemala",2007,0.662721635675436
"GTM","Guatemala",2008,0.662721635675436
"GTM","Guatemala",2009,0.662721635675436
"GTM","Guatemala",2010,0.662721635675436
"GTM","Guatemala",2011,0.662721635675436
"GTM","Guatemala",2012,0.662721635675436
"GTM","Guatemala",2013,0.662721635675436
"GTM","Guatemala",2014,0.662721635675436
"GTM","Guatemala",2015,0.662721635675436
"GTM","Guatemala",2016,0.662721635675436
"GTM","Guatemala",2017,0.662721635675436
"GTM","Guatemala",2018,0.662721635675436
"GTM","Guatemala",2019,0.662721635675436
"GTM","Guatemala",2020,0.662721635675436
"GTM","Guatemala",2021,0.662721635675436
"GTM","Guatemala",2022,0.662721635675436
"GIN","Guinea",1995,0.399727735571156
"GIN","Guinea",1996,0.399727735571156
"GIN","Guinea",1997,0.399727735571156
"GIN","Guinea",1998,0.399727735571156
"GIN","Guinea",1999,0.399727735571156
"GIN","Guinea",2000,0.399727735571156
"GIN","Guinea",2001,0.399727735571156
"GIN","Guinea",2002,0.399727735571156
"GIN","Guinea",2003,0.399727735571156
"GIN","Guinea",2004,0.399727735571156
"GIN","Guinea",2005,0.399727735571156
"GIN","Guinea",2006,0.399727735571156
"GIN","Guinea",2007,0.399727735571156
"GIN","Guinea",2008,0.399727735571156
"GIN","Guinea",2009,0.399727735571156
"GIN","Guinea",2010,0.399727735571156
"GIN","Guinea",2011,0.399727735571156
"GIN","Guinea",2012,0.399727735571156
"GIN","Guinea",2013,0.399727735571156
"GIN","Guinea",2014,0.399727735571156
"GIN","Guinea",2015,0.399727735571156
"GIN","Guinea",2016,0.399727735571156
"GIN","Guinea",2017,0.399727735571156
"GIN","Guinea",2018,0.399727735571156
"GIN","Guinea",2019,0.399727735571156
"GIN","Guinea",2020,0.399727735571156
"GIN","Guinea",2021,0.399727735571156
"GIN","Guinea",2022,0.399727735571156
"GNB","Guinea-Bissau",1995,1
"GNB","Guinea-Bissau",1996,1
"GNB","Guinea-Bissau",1997,1
"GNB","Guinea-Bissau",1998,1
"GNB","Guinea-Bissau",1999,1
"GNB","Guinea-Bissau",2000,1
"GNB","Guinea-Bissau",2001,1
"GNB","Guinea-Bissau",2002,1
"GNB","Guinea-Bissau",2003,1
"GNB","Guinea-Bissau",2004,1
"GNB","Guinea-Bissau",2005,1
"GNB","Guinea-Bissau",2006,1
"GNB","Guinea-Bissau",2007,1
"GNB","Guinea-Bissau",2008,1
"GNB","Guinea-Bissau",2009,1
"GNB","Guinea-Bissau",2010,1
"GNB","Guinea-Bissau",2011,1
"GNB","Guinea-Bissau",2012,1
"GNB","Guinea-Bissau",2013,1
"GNB","Guinea-Bissau",2014,1
"GNB","Guinea-Bissau",2015,1
"GNB","Guinea-Bissau",2016,1
"GNB","Guinea-Bissau",2017,1
"GNB","Guinea-Bissau",2018,1
"GNB","Guinea-Bissau",2019,1
"GNB","Guinea-Bissau",2020,1
"GNB","Guinea-Bissau",2021,1
"GNB","Guinea-Bissau",2022,1
"GUY","Guyana",1995,0.592162390171143
"GUY","Guyana",1996,0.592162390171143
"GUY","Guyana",1997,0.592162390171143
"GUY","Guyana",1998,0.592162390171143
"GUY","Guyana",1999,0.592162390171143
"GUY","Guyana",2000,0.592162390171143
"GUY","Guyana",2001,0.592162390171143
"GUY","Guyana",2002,0.592162390171143
"GUY","Guyana",2003,0.592162390171143
"GUY","Guyana",2004,0.592162390171143
"GUY","Guyana",2005,0.592162390171143
"GUY","Guyana",2006,0.592162390171143
"GUY","Guyana",2007,0.592162390171143
"GUY","Guyana",2008,0.592162390171143
"GUY","Guyana",2009,0.592162390171143
"GUY","Guyana",2010,0.592162390171143
"GUY","Guyana",2011,0.592162390171143
"GUY","Guyana",2012,0.592162390171143
"GUY","Guyana",2013,0.592162390171143
"GUY","Guyana",2014,0.592162390171143
"GUY","Guyana",2015,0.592162390171143
"GUY","Guyana",2016,0.592162390171143
"GUY","Guyana",2017,0.592162390171143
"GUY","Guyana",2018,0.592162390171143
"GUY","Guyana",2019,0.592162390171143
"GUY","Guyana",2020,0.592162390171143
"GUY","Guyana",2021,0.592162390171143
"GUY","Guyana",2022,0.592162390171143
"HTI","Haiti",1995,0.6310168168819
"HTI","Haiti",1996,0.6310168168819
"HTI","Haiti",1997,0.6310168168819
"HTI","Haiti",1998,0.6310168168819
"HTI","Haiti",1999,0.6310168168819
"HTI","Haiti",2000,0.6310168168819
"HTI","Haiti",2001,0.6310168168819
"HTI","Haiti",2002,0.6310168168819
"HTI","Haiti",2003,0.6310168168819
"HTI","Haiti",2004,0.6310168168819
"HTI","Haiti",2005,0.6310168168819
"HTI","Haiti",2006,0.6310168168819
"HTI","Haiti",2007,0.6310168168819
"HTI","Haiti",2008,0.6310168168819
"HTI","Haiti",2009,0.6310168168819
"HTI","Haiti",2010,0.6310168168819
"HTI","Haiti",2011,0.6310168168819
"HTI","Haiti",2012,0.6310168168819
"HTI","Haiti",2013,0.6310168168819
"HTI","Haiti",2014,0.6310168168819
"HTI","Haiti",2015,0.6310168168819
"HTI","Haiti",2016,0.6310168168819
"HTI","Haiti",2017,0.6310168168819
"HTI","Haiti",2018,0.6310168168819
"HTI","Haiti",2019,0.6310168168819
"HTI","Haiti",2020,0.6310168168819
"HTI","Haiti",2021,0.6310168168819
"HTI","Haiti",2022,0.6310168168819
"HND","Honduras",1995,0.661501464173117
"HND","Honduras",1996,0.661501464173117
"HND","Honduras",1997,0.661501464173117
"HND","Honduras",1998,0.661501464173117
"HND","Honduras",1999,0.661501464173117
"HND","Honduras",2000,0.661501464173117
"HND","Honduras",2001,0.661501464173117
"HND","Honduras",2002,0.661501464173117
"HND","Honduras",2003,0.661501464173117
"HND","Honduras",2004,0.661501464173117
"HND","Honduras",2005,0.661501464173117
"HND","Honduras",2006,0.661501464173117
"HND","Honduras",2007,0.661501464173117
"HND","Honduras",2008,0.661501464173117
"HND","Honduras",2009,0.661501464173117
"HND","Honduras",2010,0.661501464173117
"HND","Honduras",2011,0.661501464173117
"HND","Honduras",2012,0.661501464173117
"HND","Honduras",2013,0.661501464173117
"HND","Honduras",2014,0.661501464173117
"HND","Honduras",2015,0.661501464173117
"HND","Honduras",2016,0.661501464173117
"HND","Honduras",2017,0.661501464173117
"HND","Honduras",2018,0.661501464173117
"HND","Honduras",2019,0.661501464173117
"HND","Honduras",2020,0.661501464173117
"HND","Honduras",2021,0.661501464173117
"HND","Honduras",2022,0.661501464173117
"HUN","Hungary",1995,0.658003890048325
"HUN","Hungary",1996,0.658003890048325
"HUN","Hungary",1997,0.658003890048325
"HUN","Hungary",1998,0.658003890048325
"HUN","Hungary",1999,0.658003890048325
"HUN","Hungary",2000,0.658003890048325
"HUN","Hungary",2001,0.658003890048325
"HUN","Hungary",2002,0.658003890048325
"HUN","Hungary",2003,0.658003890048325
"HUN","Hungary",2004,0.658003890048325
"HUN","Hungary",2005,0.658003890048325
"HUN","Hungary",2006,0.658003890048325
"HUN","Hungary",2007,0.658003890048325
"HUN","Hungary",2008,0.658003890048325
"HUN","Hungary",2009,0.658003890048325
"HUN","Hungary",2010,0.658003890048325
"HUN","Hungary",2011,0.658003890048325
"HUN","Hungary",2012,0.658003890048325
"HUN","Hungary",2013,0.658003890048325
"HUN","Hungary",2014,0.658003890048325
"HUN","Hungary",2015,0.658003890048325
"HUN","Hungary",2016,0.658003890048325
"HUN","Hungary",2017,0.658003890048325
"HUN","Hungary",2018,0.658003890048325
"HUN","Hungary",2019,0.658003890048325
"HUN","Hungary",2020,0.658003890048325
"HUN","Hungary",2021,0.658003890048325
"HUN","Hungary",2022,0.658003890048325
"ISL","Iceland",1995,0.658003890048325
"ISL","Iceland",1996,0.658003890048325
"ISL","Iceland",1997,0.658003890048325
"ISL","Iceland",1998,0.658003890048325
"ISL","Iceland",1999,0.658003890048325
"ISL","Iceland",2000,0.658003890048325
"ISL","Iceland",2001,0.658003890048325
"ISL","Iceland",2002,0.658003890048325
"ISL","Iceland",2003,0.658003890048325
"ISL","Iceland",2004,0.658003890048325
"ISL","Iceland",2005,0.658003890048325
"ISL","Iceland",2006,0.658003890048325
"ISL","Iceland",2007,0.658003890048325
"ISL","Iceland",2008,0.658003890048325
"ISL","Iceland",2009,0.658003890048325
"ISL","Iceland",2010,0.658003890048325
"ISL","Iceland",2011,0.658003890048325
"ISL","Iceland",2012,0.658003890048325
"ISL","Iceland",2013,0.658003890048325
"ISL","Iceland",2014,0.658003890048325
"ISL","Iceland",2015,0.658003890048325
"ISL","Iceland",2016,0.658003890048325
"ISL","Iceland",2017,0.658003890048325
"ISL","Iceland",2018,0.658003890048325
"ISL","Iceland",2019,0.658003890048325
"ISL","Iceland",2020,0.658003890048325
"ISL","Iceland",2021,0.658003890048325
"ISL","Iceland",2022,0.658003890048325
"IND","India",1995,0.785995494184976
"IND","India",1996,0.785995494184976
"IND","India",1997,0.785995494184976
"IND","India",1998,0.785995494184976
"IND","India",1999,0.785995494184976
"IND","India",2000,0.785995494184976
"IND","India",2001,0.785995494184976
"IND","India",2002,0.785995494184976
"IND","India",2003,0.785995494184976
"IND","India",2004,0.785995494184976
"IND","India",2005,0.785995494184976
"IND","India",2006,0.785995494184976
"IND","India",2007,0.785995494184976
"IND","India",2008,0.785995494184976
"IND","India",2009,0.785995494184976
"IND","India",2010,0.785995494184976
"IND","India",2011,0.785995494184976
"IND","India",2012,0.785995494184976
"IND","India",2013,0.785995494184976
"IND","India",2014,0.785995494184976
"IND","India",2015,0.785995494184976
"IND","India",2016,0.785995494184976
"IND","India",2017,0.785995494184976
"IND","India",2018,0.785995494184976
"IND","India",2019,0.785995494184976
"IND","India",2020,0.785995494184976
"IND","India",2021,0.785995494184976
"IND","India",2022,0.785995494184976
"IDN","Indonesia",1995,0.664912510235101
"IDN","Indonesia",1996,0.664912510235101
"IDN","Indonesia",1997,0.664912510235101
"IDN","Indonesia",1998,0.664912510235101
"IDN","Indonesia",1999,0.664912510235101
"IDN","Indonesia",2000,0.664912510235101
"IDN","Indonesia",2001,0.664912510235101
"IDN","Indonesia",2002,0.664912510235101
"IDN","Indonesia",2003,0.664912510235101
"IDN","Indonesia",2004,0.664912510235101
"IDN","Indonesia",2005,0.664912510235101
"IDN","Indonesia",2006,0.664912510235101
"IDN","Indonesia",2007,0.664912510235101
"IDN","Indonesia",2008,0.664912510235101
"IDN","Indonesia",2009,0.664912510235101
"IDN","Indonesia",2010,0.664912510235101
"IDN","Indonesia",2011,0.664912510235101
"IDN","Indonesia",2012,0.664912510235101
"IDN","Indonesia",2013,0.664912510235101
"IDN","Indonesia",2014,0.664912510235101
"IDN","Indonesia",2015,0.664912510235101
"IDN","Indonesia",2016,0.664912510235101
"IDN","Indonesia",2017,0.664912510235101
"IDN","Indonesia",2018,0.664912510235101
"IDN","Indonesia",2019,0.664912510235101
"IDN","Indonesia",2020,0.664912510235101
"IDN","Indonesia",2021,0.664912510235101
"IDN","Indonesia",2022,0.664912510235101
"IRN","Iran, Islamic Republic of",1995,0.658576300173383
"IRN","Iran, Islamic Republic of",1996,0.658576300173383
"IRN","Iran, Islamic Republic of",1997,0.658576300173383
"IRN","Iran, Islamic Republic of",1998,0.658576300173383
"IRN","Iran, Islamic Republic of",1999,0.658576300173383
"IRN","Iran, Islamic Republic of",2000,0.658576300173383
"IRN","Iran, Islamic Republic of",2001,0.658576300173383
"IRN","Iran, Islamic Republic of",2002,0.658576300173383
"IRN","Iran, Islamic Republic of",2003,0.658576300173383
"IRN","Iran, Islamic Republic of",2004,0.658576300173383
"IRN","Iran, Islamic Republic of",2005,0.658576300173383
"IRN","Iran, Islamic Republic of",2006,0.658576300173383
"IRN","Iran, Islamic Republic of",2007,0.658576300173383
"IRN","Iran, Islamic Republic of",2008,0.658576300173383
"IRN","Iran, Islamic Republic of",2009,0.658576300173383
"IRN","Iran, Islamic Republic of",2010,0.658576300173383
"IRN","Iran, Islamic Republic of",2011,0.658576300173383
"IRN","Iran, Islamic Republic of",2012,0.658576300173383
"IRN","Iran, Islamic Republic of",2013,0.658576300173383
"IRN","Iran, Islamic Republic of",2014,0.658576300173383
"IRN","Iran, Islamic Republic of",2015,0.658576300173383
"IRN","Iran, Islamic Republic of",2016,0.658576300173383
"IRN","Iran, Islamic Republic of",2017,0.658576300173383
"IRN","Iran, Islamic Republic of",2018,0.658576300173383
"IRN","Iran, Islamic Republic of",2019,0.658576300173383
"IRN","Iran, Islamic Republic of",2020,0.658576300173383
"IRN","Iran, Islamic Republic of",2021,0.658576300173383
"IRN","Iran, Islamic Republic of",2022,0.658576300173383
"IRQ","Iraq",1995,0.658003890048325
"IRQ","Iraq",1996,0.658003890048325
"IRQ","Iraq",1997,0.658003890048325
"IRQ","Iraq",1998,0.658003890048325
"IRQ","Iraq",1999,0.658003890048325
"IRQ","Iraq",2000,0.658003890048325
"IRQ","Iraq",2001,0.658003890048325
"IRQ","Iraq",2002,0.658003890048325
"IRQ","Iraq",2003,0.658003890048325
"IRQ","Iraq",2004,0.658003890048325
"IRQ","Iraq",2005,0.658003890048325
"IRQ","Iraq",2006,0.658003890048325
"IRQ","Iraq",2007,0.658003890048325
"IRQ","Iraq",2008,0.658003890048325
"IRQ","Iraq",2009,0.658003890048325
"IRQ","Iraq",2010,0.658003890048325
"IRQ","Iraq",2011,0.658003890048325
"IRQ","Iraq",2012,0.658003890048325
"IRQ","Iraq",2013,0.658003890048325
"IRQ","Iraq",2014,0.658003890048325
"IRQ","Iraq",2015,0.658003890048325
"IRQ","Iraq",2016,0.658003890048325
"IRQ","Iraq",2017,0.658003890048325
"IRQ","Iraq",2018,0.658003890048325
"IRQ","Iraq",2019,0.658003890048325
"IRQ","Iraq",2020,0.658003890048325
"IRQ","Iraq",2021,0.658003890048325
"IRQ","Iraq",2022,0.658003890048325
"IRL","Ireland",1995,0.658003890048325
"IRL","Ireland",1996,0.658003890048325
"IRL","Ireland",1997,0.658003890048325
"IRL","Ireland",1998,0.658003890048325
"IRL","Ireland",1999,0.658003890048325
"IRL","Ireland",2000,0.658003890048325
"IRL","Ireland",2001,0.658003890048325
"IRL","Ireland",2002,0.658003890048325
"IRL","Ireland",2003,0.658003890048325
"IRL","Ireland",2004,0.658003890048325
"IRL","Ireland",2005,0.658003890048325
"IRL","Ireland",2006,0.658003890048325
"IRL","Ireland",2007,0.658003890048325
"IRL","Ireland",2008,0.658003890048325
"IRL","Ireland",2009,0.658003890048325
"IRL","Ireland",2010,0.658003890048325
"IRL","Ireland",2011,0.658003890048325
"IRL","Ireland",2012,0.658003890048325
"IRL","Ireland",2013,0.658003890048325
"IRL","Ireland",2014,0.658003890048325
"IRL","Ireland",2015,0.658003890048325
"IRL","Ireland",2016,0.658003890048325
"IRL","Ireland",2017,0.658003890048325
"IRL","Ireland",2018,0.658003890048325
"IRL","Ireland",2019,0.658003890048325
"IRL","Ireland",2020,0.658003890048325
"IRL","Ireland",2021,0.658003890048325
"IRL","Ireland",2022,0.658003890048325
"ISR","Israel",1995,0.658003890048325
"ISR","Israel",1996,0.658003890048325
"ISR","Israel",1997,0.658003890048325
"ISR","Israel",1998,0.658003890048325
"ISR","Israel",1999,0.658003890048325
"ISR","Israel",2000,0.658003890048325
"ISR","Israel",2001,0.658003890048325
"ISR","Israel",2002,0.658003890048325
"ISR","Israel",2003,0.658003890048325
"ISR","Israel",2004,0.658003890048325
"ISR","Israel",2005,0.658003890048325
"ISR","Israel",2006,0.658003890048325
"ISR","Israel",2007,0.658003890048325
"ISR","Israel",2008,0.658003890048325
"ISR","Israel",2009,0.658003890048325
"ISR","Israel",2010,0.658003890048325
"ISR","Israel",2011,0.658003890048325
"ISR","Israel",2012,0.658003890048325
"ISR","Israel",2013,0.658003890048325
"ISR","Israel",2014,0.658003890048325
"ISR","Israel",2015,0.658003890048325
"ISR","Israel",2016,0.658003890048325
"ISR","Israel",2017,0.658003890048325
"ISR","Israel",2018,0.658003890048325
"ISR","Israel",2019,0.658003890048325
"ISR","Israel",2020,0.658003890048325
"ISR","Israel",2021,0.658003890048325
"ISR","Israel",2022,0.658003890048325
"ITA","Italy",1995,0.658003890048325
"ITA","Italy",1996,0.658003890048325
"ITA","Italy",1997,0.658003890048325
"ITA","Italy",1998,0.658003890048325
"ITA","Italy",1999,0.658003890048325
"ITA","Italy",2000,0.658003890048325
"ITA","Italy",2001,0.658003890048325
"ITA","Italy",2002,0.658003890048325
"ITA","Italy",2003,0.658003890048325
"ITA","Italy",2004,0.658003890048325
"ITA","Italy",2005,0.658003890048325
"ITA","Italy",2006,0.658003890048325
"ITA","Italy",2007,0.658003890048325
"ITA","Italy",2008,0.658003890048325
"ITA","Italy",2009,0.658003890048325
"ITA","Italy",2010,0.658003890048325
"ITA","Italy",2011,0.658003890048325
"ITA","Italy",2012,0.658003890048325
"ITA","Italy",2013,0.658003890048325
"ITA","Italy",2014,0.658003890048325
"ITA","Italy",2015,0.658003890048325
"ITA","Italy",2016,0.658003890048325
"ITA","Italy",2017,0.658003890048325
"ITA","Italy",2018,0.658003890048325
"ITA","Italy",2019,0.658003890048325
"ITA","Italy",2020,0.658003890048325
"ITA","Italy",2021,0.658003890048325
"ITA","Italy",2022,0.658003890048325
"JAM","Jamaica",1995,0.658003890048325
"JAM","Jamaica",1996,0.658003890048325
"JAM","Jamaica",1997,0.658003890048325
"JAM","Jamaica",1998,0.658003890048325
"JAM","Jamaica",1999,0.658003890048325
"JAM","Jamaica",2000,0.658003890048325
"JAM","Jamaica",2001,0.658003890048325
"JAM","Jamaica",2002,0.658003890048325
"JAM","Jamaica",2003,0.658003890048325
"JAM","Jamaica",2004,0.658003890048325
"JAM","Jamaica",2005,0.658003890048325
"JAM","Jamaica",2006,0.658003890048325
"JAM","Jamaica",2007,0.658003890048325
"JAM","Jamaica",2008,0.658003890048325
"JAM","Jamaica",2009,0.658003890048325
"JAM","Jamaica",2010,0.658003890048325
"JAM","Jamaica",2011,0.658003890048325
"JAM","Jamaica",2012,0.658003890048325
"JAM","Jamaica",2013,0.658003890048325
"JAM","Jamaica",2014,0.658003890048325
"JAM","Jamaica",2015,0.658003890048325
"JAM","Jamaica",2016,0.658003890048325
"JAM","Jamaica",2017,0.658003890048325
"JAM","Jamaica",2018,0.658003890048325
"JAM","Jamaica",2019,0.658003890048325
"JAM","Jamaica",2020,0.658003890048325
"JAM","Jamaica",2021,0.658003890048325
"JAM","Jamaica",2022,0.658003890048325
"JPN","Japan",1995,0.658003890048325
"JPN","Japan",1996,0.658003890048325
"JPN","Japan",1997,0.658003890048325
"JPN","Japan",1998,0.658003890048325
"JPN","Japan",1999,0.658003890048325
"JPN","Japan",2000,0.658003890048325
"JPN","Japan",2001,0.658003890048325
"JPN","Japan",2002,0.658003890048325
"JPN","Japan",2003,0.658003890048325
"JPN","Japan",2004,0.658003890048325
"JPN","Japan",2005,0.658003890048325
"JPN","Japan",2006,0.658003890048325
"JPN","Japan",2007,0.658003890048325
"JPN","Japan",2008,0.658003890048325
"JPN","Japan",2009,0.658003890048325
"JPN","Japan",2010,0.658003890048325
"JPN","Japan",2011,0.658003890048325
"JPN","Japan",2012,0.658003890048325
"JPN","Japan",2013,0.658003890048325
"JPN","Japan",2014,0.658003890048325
"JPN","Japan",2015,0.658003890048325
"JPN","Japan",2016,0.658003890048325
"JPN","Japan",2017,0.658003890048325
"JPN","Japan",2018,0.658003890048325
"JPN","Japan",2019,0.658003890048325
"JPN","Japan",2020,0.658003890048325
"JPN","Japan",2021,0.658003890048325
"JPN","Japan",2022,0.658003890048325
"JOR","Jordan",1995,0.658003890048325
"JOR","Jordan",1996,0.658003890048325
"JOR","Jordan",1997,0.658003890048325
"JOR","Jordan",1998,0.658003890048325
"JOR","Jordan",1999,0.658003890048325
"JOR","Jordan",2000,0.658003890048325
"JOR","Jordan",2001,0.658003890048325
"JOR","Jordan",2002,0.658003890048325
"JOR","Jordan",2003,0.658003890048325
"JOR","Jordan",2004,0.658003890048325
"JOR","Jordan",2005,0.658003890048325
"JOR","Jordan",2006,0.658003890048325
"JOR","Jordan",2007,0.658003890048325
"JOR","Jordan",2008,0.658003890048325
"JOR","Jordan",2009,0.658003890048325
"JOR","Jordan",2010,0.658003890048325
"JOR","Jordan",2011,0.658003890048325
"JOR","Jordan",2012,0.658003890048325
"JOR","Jordan",2013,0.658003890048325
"JOR","Jordan",2014,0.658003890048325
"JOR","Jordan",2015,0.658003890048325
"JOR","Jordan",2016,0.658003890048325
"JOR","Jordan",2017,0.658003890048325
"JOR","Jordan",2018,0.658003890048325
"JOR","Jordan",2019,0.658003890048325
"JOR","Jordan",2020,0.658003890048325
"JOR","Jordan",2021,0.658003890048325
"JOR","Jordan",2022,0.658003890048325
"KAZ","Kazakhstan",1995,0.658003890048325
"KAZ","Kazakhstan",1996,0.658003890048325
"KAZ","Kazakhstan",1997,0.658003890048325
"KAZ","Kazakhstan",1998,0.658003890048325
"KAZ","Kazakhstan",1999,0.658003890048325
"KAZ","Kazakhstan",2000,0.658003890048325
"KAZ","Kazakhstan",2001,0.658003890048325
"KAZ","Kazakhstan",2002,0.658003890048325
"KAZ","Kazakhstan",2003,0.658003890048325
"KAZ","Kazakhstan",2004,0.658003890048325
"KAZ","Kazakhstan",2005,0.658003890048325
"KAZ","Kazakhstan",2006,0.658003890048325
"KAZ","Kazakhstan",2007,0.658003890048325
"KAZ","Kazakhstan",2008,0.658003890048325
"KAZ","Kazakhstan",2009,0.658003890048325
"KAZ","Kazakhstan",2010,0.658003890048325
"KAZ","Kazakhstan",2011,0.658003890048325
"KAZ","Kazakhstan",2012,0.658003890048325
"KAZ","Kazakhstan",2013,0.658003890048325
"KAZ","Kazakhstan",2014,0.658003890048325
"KAZ","Kazakhstan",2015,0.658003890048325
"KAZ","Kazakhstan",2016,0.658003890048325
"KAZ","Kazakhstan",2017,0.658003890048325
"KAZ","Kazakhstan",2018,0.658003890048325
"KAZ","Kazakhstan",2019,0.658003890048325
"KAZ","Kazakhstan",2020,0.658003890048325
"KAZ","Kazakhstan",2021,0.658003890048325
"KAZ","Kazakhstan",2022,0.658003890048325
"KEN","Kenya",1995,1
"KEN","Kenya",1996,1
"KEN","Kenya",1997,1
"KEN","Kenya",1998,1
"KEN","Kenya",1999,1
"KEN","Kenya",2000,1
"KEN","Kenya",2001,1
"KEN","Kenya",2002,1
"KEN","Kenya",2003,1
"KEN","Kenya",2004,1
"KEN","Kenya",2005,1
"KEN","Kenya",2006,1
"KEN","Kenya",2007,1
"KEN","Kenya",2008,1
"KEN","Kenya",2009,1
"KEN","Kenya",2010,1
"KEN","Kenya",2011,1
"KEN","Kenya",2012,1
"KEN","Kenya",2013,1
"KEN","Kenya",2014,1
"KEN","Kenya",2015,1
"KEN","Kenya",2016,1
"KEN","Kenya",2017,1
"KEN","Kenya",2018,1
"KEN","Kenya",2019,1
"KEN","Kenya",2020,1
"KEN","Kenya",2021,1
"KEN","Kenya",2022,1
"KIR","Kiribati",1995,0.658003890048325
"KIR","Kiribati",1996,0.658003890048325
"KIR","Kiribati",1997,0.658003890048325
"KIR","Kiribati",1998,0.658003890048325
"KIR","Kiribati",1999,0.658003890048325
"KIR","Kiribati",2000,0.658003890048325
"KIR","Kiribati",2001,0.658003890048325
"KIR","Kiribati",2002,0.658003890048325
"KIR","Kiribati",2003,0.658003890048325
"KIR","Kiribati",2004,0.658003890048325
"KIR","Kiribati",2005,0.658003890048325
"KIR","Kiribati",2006,0.658003890048325
"KIR","Kiribati",2007,0.658003890048325
"KIR","Kiribati",2008,0.658003890048325
"KIR","Kiribati",2009,0.658003890048325
"KIR","Kiribati",2010,0.658003890048325
"KIR","Kiribati",2011,0.658003890048325
"KIR","Kiribati",2012,0.658003890048325
"KIR","Kiribati",2013,0.658003890048325
"KIR","Kiribati",2014,0.658003890048325
"KIR","Kiribati",2015,0.658003890048325
"KIR","Kiribati",2016,0.658003890048325
"KIR","Kiribati",2017,0.658003890048325
"KIR","Kiribati",2018,0.658003890048325
"KIR","Kiribati",2019,0.658003890048325
"KIR","Kiribati",2020,0.658003890048325
"KIR","Kiribati",2021,0.658003890048325
"KIR","Kiribati",2022,0.658003890048325
"PRK","Korea, Democratic People's Repub",1995,0.721121920783769
"PRK","Korea, Democratic People's Repub",1996,0.721121920783769
"PRK","Korea, Democratic People's Repub",1997,0.721121920783769
"PRK","Korea, Democratic People's Repub",1998,0.721121920783769
"PRK","Korea, Democratic People's Repub",1999,0.721121920783769
"PRK","Korea, Democratic People's Repub",2000,0.721121920783769
"PRK","Korea, Democratic People's Repub",2001,0.721121920783769
"PRK","Korea, Democratic People's Repub",2002,0.721121920783769
"PRK","Korea, Democratic People's Repub",2003,0.721121920783769
"PRK","Korea, Democratic People's Repub",2004,0.721121920783769
"PRK","Korea, Democratic People's Repub",2005,0.721121920783769
"PRK","Korea, Democratic People's Repub",2006,0.721121920783769
"PRK","Korea, Democratic People's Repub",2007,0.721121920783769
"PRK","Korea, Democratic People's Repub",2008,0.721121920783769
"PRK","Korea, Democratic People's Repub",2009,0.721121920783769
"PRK","Korea, Democratic People's Repub",2010,0.721121920783769
"PRK","Korea, Democratic People's Repub",2011,0.721121920783769
"PRK","Korea, Democratic People's Repub",2012,0.721121920783769
"PRK","Korea, Democratic People's Repub",2013,0.721121920783769
"PRK","Korea, Democratic People's Repub",2014,0.721121920783769
"PRK","Korea, Democratic People's Repub",2015,0.721121920783769
"PRK","Korea, Democratic People's Repub",2016,0.721121920783769
"PRK","Korea, Democratic People's Repub",2017,0.721121920783769
"PRK","Korea, Democratic People's Repub",2018,0.721121920783769
"PRK","Korea, Democratic People's Repub",2019,0.721121920783769
"PRK","Korea, Democratic People's Repub",2020,0.721121920783769
"PRK","Korea, Democratic People's Repub",2021,0.721121920783769
"PRK","Korea, Democratic People's Repub",2022,0.721121920783769
"KOR","Korea, Republic of",1995,0.659706572504878
"KOR","Korea, Republic of",1996,0.659706572504878
"KOR","Korea, Republic of",1997,0.659706572504878
"KOR","Korea, Republic of",1998,0.659706572504878
"KOR","Korea, Republic of",1999,0.659706572504878
"KOR","Korea, Republic of",2000,0.659706572504878
"KOR","Korea, Republic of",2001,0.659706572504878
"KOR","Korea, Republic of",2002,0.659706572504878
"KOR","Korea, Republic of",2003,0.659706572504878
"KOR","Korea, Republic of",2004,0.659706572504878
"KOR","Korea, Republic of",2005,0.659706572504878
"KOR","Korea, Republic of",2006,0.659706572504878
"KOR","Korea, Republic of",2007,0.659706572504878
"KOR","Korea, Republic of",2008,0.659706572504878
"KOR","Korea, Republic of",2009,0.659706572504878
"KOR","Korea, Republic of",2010,0.659706572504878
"KOR","Korea, Republic of",2011,0.659706572504878
"KOR","Korea, Republic of",2012,0.659706572504878
"KOR","Korea, Republic of",2013,0.659706572504878
"KOR","Korea, Republic of",2014,0.659706572504878
"KOR","Korea, Republic of",2015,0.659706572504878
"KOR","Korea, Republic of",2016,0.659706572504878
"KOR","Korea, Republic of",2017,0.659706572504878
"KOR","Korea, Republic of",2018,0.659706572504878
"KOR","Korea, Republic of",2019,0.659706572504878
"KOR","Korea, Republic of",2020,0.659706572504878
"KOR","Korea, Republic of",2021,0.659706572504878
"KOR","Korea, Republic of",2022,0.659706572504878
"KWT","Kuwait",1995,0.658003890048325
"KWT","Kuwait",1996,0.658003890048325
"KWT","Kuwait",1997,0.658003890048325
"KWT","Kuwait",1998,0.658003890048325
"KWT","Kuwait",1999,0.658003890048325
"KWT","Kuwait",2000,0.658003890048325
"KWT","Kuwait",2001,0.658003890048325
"KWT","Kuwait",2002,0.658003890048325
"KWT","Kuwait",2003,0.658003890048325
"KWT","Kuwait",2004,0.658003890048325
"KWT","Kuwait",2005,0.658003890048325
"KWT","Kuwait",2006,0.658003890048325
"KWT","Kuwait",2007,0.658003890048325
"KWT","Kuwait",2008,0.658003890048325
"KWT","Kuwait",2009,0.658003890048325
"KWT","Kuwait",2010,0.658003890048325
"KWT","Kuwait",2011,0.658003890048325
"KWT","Kuwait",2012,0.658003890048325
"KWT","Kuwait",2013,0.658003890048325
"KWT","Kuwait",2014,0.658003890048325
"KWT","Kuwait",2015,0.658003890048325
"KWT","Kuwait",2016,0.658003890048325
"KWT","Kuwait",2017,0.658003890048325
"KWT","Kuwait",2018,0.658003890048325
"KWT","Kuwait",2019,0.658003890048325
"KWT","Kuwait",2020,0.658003890048325
"KWT","Kuwait",2021,0.658003890048325
"KWT","Kuwait",2022,0.658003890048325
"KGZ","Kyrgyzstan",1995,0.658072397147208
"KGZ","Kyrgyzstan",1996,0.658072397147208
"KGZ","Kyrgyzstan",1997,0.658072397147208
"KGZ","Kyrgyzstan",1998,0.658072397147208
"KGZ","Kyrgyzstan",1999,0.658072397147208
"KGZ","Kyrgyzstan",2000,0.658072397147208
"KGZ","Kyrgyzstan",2001,0.658072397147208
"KGZ","Kyrgyzstan",2002,0.658072397147208
"KGZ","Kyrgyzstan",2003,0.658072397147208
"KGZ","Kyrgyzstan",2004,0.658072397147208
"KGZ","Kyrgyzstan",2005,0.658072397147208
"KGZ","Kyrgyzstan",2006,0.658072397147208
"KGZ","Kyrgyzstan",2007,0.658072397147208
"KGZ","Kyrgyzstan",2008,0.658072397147208
"KGZ","Kyrgyzstan",2009,0.658072397147208
"KGZ","Kyrgyzstan",2010,0.658072397147208
"KGZ","Kyrgyzstan",2011,0.658072397147208
"KGZ","Kyrgyzstan",2012,0.658072397147208
"KGZ","Kyrgyzstan",2013,0.658072397147208
"KGZ","Kyrgyzstan",2014,0.658072397147208
"KGZ","Kyrgyzstan",2015,0.658072397147208
"KGZ","Kyrgyzstan",2016,0.658072397147208
"KGZ","Kyrgyzstan",2017,0.658072397147208
"KGZ","Kyrgyzstan",2018,0.658072397147208
"KGZ","Kyrgyzstan",2019,0.658072397147208
"KGZ","Kyrgyzstan",2020,0.658072397147208
"KGZ","Kyrgyzstan",2021,0.658072397147208
"KGZ","Kyrgyzstan",2022,0.658072397147208
"LAO","Lao People's Democratic Republic",1995,0.750172255042896
"LAO","Lao People's Democratic Republic",1996,0.750172255042896
"LAO","Lao People's Democratic Republic",1997,0.750172255042896
"LAO","Lao People's Democratic Republic",1998,0.750172255042896
"LAO","Lao People's Democratic Republic",1999,0.750172255042896
"LAO","Lao People's Democratic Republic",2000,0.750172255042896
"LAO","Lao People's Democratic Republic",2001,0.750172255042896
"LAO","Lao People's Democratic Republic",2002,0.750172255042896
"LAO","Lao People's Democratic Republic",2003,0.750172255042896
"LAO","Lao People's Democratic Republic",2004,0.750172255042896
"LAO","Lao People's Democratic Republic",2005,0.750172255042896
"LAO","Lao People's Democratic Republic",2006,0.750172255042896
"LAO","Lao People's Democratic Republic",2007,0.750172255042896
"LAO","Lao People's Democratic Republic",2008,0.750172255042896
"LAO","Lao People's Democratic Republic",2009,0.750172255042896
"LAO","Lao People's Democratic Republic",2010,0.750172255042896
"LAO","Lao People's Democratic Republic",2011,0.750172255042896
"LAO","Lao People's Democratic Republic",2012,0.750172255042896
"LAO","Lao People's Democratic Republic",2013,0.750172255042896
"LAO","Lao People's Democratic Republic",2014,0.750172255042896
"LAO","Lao People's Democratic Republic",2015,0.750172255042896
"LAO","Lao People's Democratic Republic",2016,0.750172255042896
"LAO","Lao People's Democratic Republic",2017,0.750172255042896
"LAO","Lao People's Democratic Republic",2018,0.750172255042896
"LAO","Lao People's Democratic Republic",2019,0.750172255042896
"LAO","Lao People's Democratic Republic",2020,0.750172255042896
"LAO","Lao People's Democratic Republic",2021,0.750172255042896
"LAO","Lao People's Democratic Republic",2022,0.750172255042896
"LVA","Latvia",1995,0.658003890048325
"LVA","Latvia",1996,0.658003890048325
"LVA","Latvia",1997,0.658003890048325
"LVA","Latvia",1998,0.658003890048325
"LVA","Latvia",1999,0.658003890048325
"LVA","Latvia",2000,0.658003890048325
"LVA","Latvia",2001,0.658003890048325
"LVA","Latvia",2002,0.658003890048325
"LVA","Latvia",2003,0.658003890048325
"LVA","Latvia",2004,0.658003890048325
"LVA","Latvia",2005,0.658003890048325
"LVA","Latvia",2006,0.658003890048325
"LVA","Latvia",2007,0.658003890048325
"LVA","Latvia",2008,0.658003890048325
"LVA","Latvia",2009,0.658003890048325
"LVA","Latvia",2010,0.658003890048325
"LVA","Latvia",2011,0.658003890048325
"LVA","Latvia",2012,0.658003890048325
"LVA","Latvia",2013,0.658003890048325
"LVA","Latvia",2014,0.658003890048325
"LVA","Latvia",2015,0.658003890048325
"LVA","Latvia",2016,0.658003890048325
"LVA","Latvia",2017,0.658003890048325
"LVA","Latvia",2018,0.658003890048325
"LVA","Latvia",2019,0.658003890048325
"LVA","Latvia",2020,0.658003890048325
"LVA","Latvia",2021,0.658003890048325
"LVA","Latvia",2022,0.658003890048325
"LBN","Lebanon",1995,0.658003890048325
"LBN","Lebanon",1996,0.658003890048325
"LBN","Lebanon",1997,0.658003890048325
"LBN","Lebanon",1998,0.658003890048325
"LBN","Lebanon",1999,0.658003890048325
"LBN","Lebanon",2000,0.658003890048325
"LBN","Lebanon",2001,0.658003890048325
"LBN","Lebanon",2002,0.658003890048325
"LBN","Lebanon",2003,0.658003890048325
"LBN","Lebanon",2004,0.658003890048325
"LBN","Lebanon",2005,0.658003890048325
"LBN","Lebanon",2006,0.658003890048325
"LBN","Lebanon",2007,0.658003890048325
"LBN","Lebanon",2008,0.658003890048325
"LBN","Lebanon",2009,0.658003890048325
"LBN","Lebanon",2010,0.658003890048325
"LBN","Lebanon",2011,0.658003890048325
"LBN","Lebanon",2012,0.658003890048325
"LBN","Lebanon",2013,0.658003890048325
"LBN","Lebanon",2014,0.658003890048325
"LBN","Lebanon",2015,0.658003890048325
"LBN","Lebanon",2016,0.658003890048325
"LBN","Lebanon",2017,0.658003890048325
"LBN","Lebanon",2018,0.658003890048325
"LBN","Lebanon",2019,0.658003890048325
"LBN","Lebanon",2020,0.658003890048325
"LBN","Lebanon",2021,0.658003890048325
"LBN","Lebanon",2022,0.658003890048325
"LSO","Lesotho",1995,0.658003890048325
"LSO","Lesotho",1996,0.658003890048325
"LSO","Lesotho",1997,0.658003890048325
"LSO","Lesotho",1998,0.658003890048325
"LSO","Lesotho",1999,0.658003890048325
"LSO","Lesotho",2000,0.658003890048325
"LSO","Lesotho",2001,0.658003890048325
"LSO","Lesotho",2002,0.658003890048325
"LSO","Lesotho",2003,0.658003890048325
"LSO","Lesotho",2004,0.658003890048325
"LSO","Lesotho",2005,0.658003890048325
"LSO","Lesotho",2006,0.658003890048325
"LSO","Lesotho",2007,0.658003890048325
"LSO","Lesotho",2008,0.658003890048325
"LSO","Lesotho",2009,0.658003890048325
"LSO","Lesotho",2010,0.658003890048325
"LSO","Lesotho",2011,0.658003890048325
"LSO","Lesotho",2012,0.658003890048325
"LSO","Lesotho",2013,0.658003890048325
"LSO","Lesotho",2014,0.658003890048325
"LSO","Lesotho",2015,0.658003890048325
"LSO","Lesotho",2016,0.658003890048325
"LSO","Lesotho",2017,0.658003890048325
"LSO","Lesotho",2018,0.658003890048325
"LSO","Lesotho",2019,0.658003890048325
"LSO","Lesotho",2020,0.658003890048325
"LSO","Lesotho",2021,0.658003890048325
"LSO","Lesotho",2022,0.658003890048325
"LBR","Liberia",1995,0.817483681324049
"LBR","Liberia",1996,0.817483681324049
"LBR","Liberia",1997,0.817483681324049
"LBR","Liberia",1998,0.817483681324049
"LBR","Liberia",1999,0.817483681324049
"LBR","Liberia",2000,0.817483681324049
"LBR","Liberia",2001,0.817483681324049
"LBR","Liberia",2002,0.817483681324049
"LBR","Liberia",2003,0.817483681324049
"LBR","Liberia",2004,0.817483681324049
"LBR","Liberia",2005,0.817483681324049
"LBR","Liberia",2006,0.817483681324049
"LBR","Liberia",2007,0.817483681324049
"LBR","Liberia",2008,0.817483681324049
"LBR","Liberia",2009,0.817483681324049
"LBR","Liberia",2010,0.817483681324049
"LBR","Liberia",2011,0.817483681324049
"LBR","Liberia",2012,0.817483681324049
"LBR","Liberia",2013,0.817483681324049
"LBR","Liberia",2014,0.817483681324049
"LBR","Liberia",2015,0.817483681324049
"LBR","Liberia",2016,0.817483681324049
"LBR","Liberia",2017,0.817483681324049
"LBR","Liberia",2018,0.817483681324049
"LBR","Liberia",2019,0.817483681324049
"LBR","Liberia",2020,0.817483681324049
"LBR","Liberia",2021,0.817483681324049
"LBR","Liberia",2022,0.817483681324049
"LBY","Libyan Arab Jamahiriya",1995,0.658003890048325
"LBY","Libyan Arab Jamahiriya",1996,0.658003890048325
"LBY","Libyan Arab Jamahiriya",1997,0.658003890048325
"LBY","Libyan Arab Jamahiriya",1998,0.658003890048325
"LBY","Libyan Arab Jamahiriya",1999,0.658003890048325
"LBY","Libyan Arab Jamahiriya",2000,0.658003890048325
"LBY","Libyan Arab Jamahiriya",2001,0.658003890048325
"LBY","Libyan Arab Jamahiriya",2002,0.658003890048325
"LBY","Libyan Arab Jamahiriya",2003,0.658003890048325
"LBY","Libyan Arab Jamahiriya",2004,0.658003890048325
"LBY","Libyan Arab Jamahiriya",2005,0.658003890048325
"LBY","Libyan Arab Jamahiriya",2006,0.658003890048325
"LBY","Libyan Arab Jamahiriya",2007,0.658003890048325
"LBY","Libyan Arab Jamahiriya",2008,0.658003890048325
"LBY","Libyan Arab Jamahiriya",2009,0.658003890048325
"LBY","Libyan Arab Jamahiriya",2010,0.658003890048325
"LBY","Libyan Arab Jamahiriya",2011,0.658003890048325
"LBY","Libyan Arab Jamahiriya",2012,0.658003890048325
"LBY","Libyan Arab Jamahiriya",2013,0.658003890048325
"LBY","Libyan Arab Jamahiriya",2014,0.658003890048325
"LBY","Libyan Arab Jamahiriya",2015,0.658003890048325
"LBY","Libyan Arab Jamahiriya",2016,0.658003890048325
"LBY","Libyan Arab Jamahiriya",2017,0.658003890048325
"LBY","Libyan Arab Jamahiriya",2018,0.658003890048325
"LBY","Libyan Arab Jamahiriya",2019,0.658003890048325
"LBY","Libyan Arab Jamahiriya",2020,0.658003890048325
"LBY","Libyan Arab Jamahiriya",2021,0.658003890048325
"LBY","Libyan Arab Jamahiriya",2022,0.658003890048325
"LIE","Liechtenstein",1995,0.658003890048325
"LIE","Liechtenstein",1996,0.658003890048325
"LIE","Liechtenstein",1997,0.658003890048325
"LIE","Liechtenstein",1998,0.658003890048325
"LIE","Liechtenstein",1999,0.658003890048325
"LIE","Liechtenstein",2000,0.658003890048325
"LIE","Liechtenstein",2001,0.658003890048325
"LIE","Liechtenstein",2002,0.658003890048325
"LIE","Liechtenstein",2003,0.658003890048325
"LIE","Liechtenstein",2004,0.658003890048325
"LIE","Liechtenstein",2005,0.658003890048325
"LIE","Liechtenstein",2006,0.658003890048325
"LIE","Liechtenstein",2007,0.658003890048325
"LIE","Liechtenstein",2008,0.658003890048325
"LIE","Liechtenstein",2009,0.658003890048325
"LIE","Liechtenstein",2010,0.658003890048325
"LIE","Liechtenstein",2011,0.658003890048325
"LIE","Liechtenstein",2012,0.658003890048325
"LIE","Liechtenstein",2013,0.658003890048325
"LIE","Liechtenstein",2014,0.658003890048325
"LIE","Liechtenstein",2015,0.658003890048325
"LIE","Liechtenstein",2016,0.658003890048325
"LIE","Liechtenstein",2017,0.658003890048325
"LIE","Liechtenstein",2018,0.658003890048325
"LIE","Liechtenstein",2019,0.658003890048325
"LIE","Liechtenstein",2020,0.658003890048325
"LIE","Liechtenstein",2021,0.658003890048325
"LIE","Liechtenstein",2022,0.658003890048325
"LTU","Lithuania",1995,0.658003890048325
"LTU","Lithuania",1996,0.658003890048325
"LTU","Lithuania",1997,0.658003890048325
"LTU","Lithuania",1998,0.658003890048325
"LTU","Lithuania",1999,0.658003890048325
"LTU","Lithuania",2000,0.658003890048325
"LTU","Lithuania",2001,0.658003890048325
"LTU","Lithuania",2002,0.658003890048325
"LTU","Lithuania",2003,0.658003890048325
"LTU","Lithuania",2004,0.658003890048325
"LTU","Lithuania",2005,0.658003890048325
"LTU","Lithuania",2006,0.658003890048325
"LTU","Lithuania",2007,0.658003890048325
"LTU","Lithuania",2008,0.658003890048325
"LTU","Lithuania",2009,0.658003890048325
"LTU","Lithuania",2010,0.658003890048325
"LTU","Lithuania",2011,0.658003890048325
"LTU","Lithuania",2012,0.658003890048325
"LTU","Lithuania",2013,0.658003890048325
"LTU","Lithuania",2014,0.658003890048325
"LTU","Lithuania",2015,0.658003890048325
"LTU","Lithuania",2016,0.658003890048325
"LTU","Lithuania",2017,0.658003890048325
"LTU","Lithuania",2018,0.658003890048325
"LTU","Lithuania",2019,0.658003890048325
"LTU","Lithuania",2020,0.658003890048325
"LTU","Lithuania",2021,0.658003890048325
"LTU","Lithuania",2022,0.658003890048325
"LUX","Luxembourg",1995,0.658003890048325
"LUX","Luxembourg",1996,0.658003890048325
"LUX","Luxembourg",1997,0.658003890048325
"LUX","Luxembourg",1998,0.658003890048325
"LUX","Luxembourg",1999,0.658003890048325
"LUX","Luxembourg",2000,0.658003890048325
"LUX","Luxembourg",2001,0.658003890048325
"LUX","Luxembourg",2002,0.658003890048325
"LUX","Luxembourg",2003,0.658003890048325
"LUX","Luxembourg",2004,0.658003890048325
"LUX","Luxembourg",2005,0.658003890048325
"LUX","Luxembourg",2006,0.658003890048325
"LUX","Luxembourg",2007,0.658003890048325
"LUX","Luxembourg",2008,0.658003890048325
"LUX","Luxembourg",2009,0.658003890048325
"LUX","Luxembourg",2010,0.658003890048325
"LUX","Luxembourg",2011,0.658003890048325
"LUX","Luxembourg",2012,0.658003890048325
"LUX","Luxembourg",2013,0.658003890048325
"LUX","Luxembourg",2014,0.658003890048325
"LUX","Luxembourg",2015,0.658003890048325
"LUX","Luxembourg",2016,0.658003890048325
"LUX","Luxembourg",2017,0.658003890048325
"LUX","Luxembourg",2018,0.658003890048325
"LUX","Luxembourg",2019,0.658003890048325
"LUX","Luxembourg",2020,0.658003890048325
"LUX","Luxembourg",2021,0.658003890048325
"LUX","Luxembourg",2022,0.658003890048325
"MKD","Macedonia",1995,0.658003890048325
"MKD","Macedonia",1996,0.658003890048325
"MKD","Macedonia",1997,0.658003890048325
"MKD","Macedonia",1998,0.658003890048325
"MKD","Macedonia",1999,0.658003890048325
"MKD","Macedonia",2000,0.658003890048325
"MKD","Macedonia",2001,0.658003890048325
"MKD","Macedonia",2002,0.658003890048325
"MKD","Macedonia",2003,0.658003890048325
"MKD","Macedonia",2004,0.658003890048325
"MKD","Macedonia",2005,0.658003890048325
"MKD","Macedonia",2006,0.658003890048325
"MKD","Macedonia",2007,0.658003890048325
"MKD","Macedonia",2008,0.658003890048325
"MKD","Macedonia",2009,0.658003890048325
"MKD","Macedonia",2010,0.658003890048325
"MKD","Macedonia",2011,0.658003890048325
"MKD","Macedonia",2012,0.658003890048325
"MKD","Macedonia",2013,0.658003890048325
"MKD","Macedonia",2014,0.658003890048325
"MKD","Macedonia",2015,0.658003890048325
"MKD","Macedonia",2016,0.658003890048325
"MKD","Macedonia",2017,0.658003890048325
"MKD","Macedonia",2018,0.658003890048325
"MKD","Macedonia",2019,0.658003890048325
"MKD","Macedonia",2020,0.658003890048325
"MKD","Macedonia",2021,0.658003890048325
"MKD","Macedonia",2022,0.658003890048325
"MDG","Madagascar",1995,0.825423168293666
"MDG","Madagascar",1996,0.825423168293666
"MDG","Madagascar",1997,0.825423168293666
"MDG","Madagascar",1998,0.825423168293666
"MDG","Madagascar",1999,0.825423168293666
"MDG","Madagascar",2000,0.825423168293666
"MDG","Madagascar",2001,0.825423168293666
"MDG","Madagascar",2002,0.825423168293666
"MDG","Madagascar",2003,0.825423168293666
"MDG","Madagascar",2004,0.825423168293666
"MDG","Madagascar",2005,0.825423168293666
"MDG","Madagascar",2006,0.825423168293666
"MDG","Madagascar",2007,0.825423168293666
"MDG","Madagascar",2008,0.825423168293666
"MDG","Madagascar",2009,0.825423168293666
"MDG","Madagascar",2010,0.825423168293666
"MDG","Madagascar",2011,0.825423168293666
"MDG","Madagascar",2012,0.825423168293666
"MDG","Madagascar",2013,0.825423168293666
"MDG","Madagascar",2014,0.825423168293666
"MDG","Madagascar",2015,0.825423168293666
"MDG","Madagascar",2016,0.825423168293666
"MDG","Madagascar",2017,0.825423168293666
"MDG","Madagascar",2018,0.825423168293666
"MDG","Madagascar",2019,0.825423168293666
"MDG","Madagascar",2020,0.825423168293666
"MDG","Madagascar",2021,0.825423168293666
"MDG","Madagascar",2022,0.825423168293666
"MWI","Malawi",1995,1
"MWI","Malawi",1996,1
"MWI","Malawi",1997,1
"MWI","Malawi",1998,1
"MWI","Malawi",1999,1
"MWI","Malawi",2000,1
"MWI","Malawi",2001,1
"MWI","Malawi",2002,1
"MWI","Malawi",2003,1
"MWI","Malawi",2004,1
"MWI","Malawi",2005,1
"MWI","Malawi",2006,1
"MWI","Malawi",2007,1
"MWI","Malawi",2008,1
"MWI","Malawi",2009,1
"MWI","Malawi",2010,1
"MWI","Malawi",2011,1
"MWI","Malawi",2012,1
"MWI","Malawi",2013,1
"MWI","Malawi",2014,1
"MWI","Malawi",2015,1
"MWI","Malawi",2016,1
"MWI","Malawi",2017,1
"MWI","Malawi",2018,1
"MWI","Malawi",2019,1
"MWI","Malawi",2020,1
"MWI","Malawi",2021,1
"MWI","Malawi",2022,1
"MYS","Malaysia",1995,0.6581427274235
"MYS","Malaysia",1996,0.6581427274235
"MYS","Malaysia",1997,0.6581427274235
"MYS","Malaysia",1998,0.6581427274235
"MYS","Malaysia",1999,0.6581427274235
"MYS","Malaysia",2000,0.6581427274235
"MYS","Malaysia",2001,0.6581427274235
"MYS","Malaysia",2002,0.6581427274235
"MYS","Malaysia",2003,0.6581427274235
"MYS","Malaysia",2004,0.6581427274235
"MYS","Malaysia",2005,0.6581427274235
"MYS","Malaysia",2006,0.6581427274235
"MYS","Malaysia",2007,0.6581427274235
"MYS","Malaysia",2008,0.6581427274235
"MYS","Malaysia",2009,0.6581427274235
"MYS","Malaysia",2010,0.6581427274235
"MYS","Malaysia",2011,0.6581427274235
"MYS","Malaysia",2012,0.6581427274235
"MYS","Malaysia",2013,0.6581427274235
"MYS","Malaysia",2014,0.6581427274235
"MYS","Malaysia",2015,0.6581427274235
"MYS","Malaysia",2016,0.6581427274235
"MYS","Malaysia",2017,0.6581427274235
"MYS","Malaysia",2018,0.6581427274235
"MYS","Malaysia",2019,0.6581427274235
"MYS","Malaysia",2020,0.6581427274235
"MYS","Malaysia",2021,0.6581427274235
"MYS","Malaysia",2022,0.6581427274235
"MDV","Maldives",1995,0.658003890048325
"MDV","Maldives",1996,0.658003890048325
"MDV","Maldives",1997,0.658003890048325
"MDV","Maldives",1998,0.658003890048325
"MDV","Maldives",1999,0.658003890048325
"MDV","Maldives",2000,0.658003890048325
"MDV","Maldives",2001,0.658003890048325
"MDV","Maldives",2002,0.658003890048325
"MDV","Maldives",2003,0.658003890048325
"MDV","Maldives",2004,0.658003890048325
"MDV","Maldives",2005,0.658003890048325
"MDV","Maldives",2006,0.658003890048325
"MDV","Maldives",2007,0.658003890048325
"MDV","Maldives",2008,0.658003890048325
"MDV","Maldives",2009,0.658003890048325
"MDV","Maldives",2010,0.658003890048325
"MDV","Maldives",2011,0.658003890048325
"MDV","Maldives",2012,0.658003890048325
"MDV","Maldives",2013,0.658003890048325
"MDV","Maldives",2014,0.658003890048325
"MDV","Maldives",2015,0.658003890048325
"MDV","Maldives",2016,0.658003890048325
"MDV","Maldives",2017,0.658003890048325
"MDV","Maldives",2018,0.658003890048325
"MDV","Maldives",2019,0.658003890048325
"MDV","Maldives",2020,0.658003890048325
"MDV","Maldives",2021,0.658003890048325
"MDV","Maldives",2022,0.658003890048325
"MLI","Mali",1995,1
"MLI","Mali",1996,1
"MLI","Mali",1997,1
"MLI","Mali",1998,1
"MLI","Mali",1999,1
"MLI","Mali",2000,1
"MLI","Mali",2001,1
"MLI","Mali",2002,1
"MLI","Mali",2003,1
"MLI","Mali",2004,1
"MLI","Mali",2005,1
"MLI","Mali",2006,1
"MLI","Mali",2007,1
"MLI","Mali",2008,1
"MLI","Mali",2009,1
"MLI","Mali",2010,1
"MLI","Mali",2011,1
"MLI","Mali",2012,1
"MLI","Mali",2013,1
"MLI","Mali",2014,1
"MLI","Mali",2015,1
"MLI","Mali",2016,1
"MLI","Mali",2017,1
"MLI","Mali",2018,1
"MLI","Mali",2019,1
"MLI","Mali",2020,1
"MLI","Mali",2021,1
"MLI","Mali",2022,1
"MLT","Malta",1995,0.658003890048325
"MLT","Malta",1996,0.658003890048325
"MLT","Malta",1997,0.658003890048325
"MLT","Malta",1998,0.658003890048325
"MLT","Malta",1999,0.658003890048325
"MLT","Malta",2000,0.658003890048325
"MLT","Malta",2001,0.658003890048325
"MLT","Malta",2002,0.658003890048325
"MLT","Malta",2003,0.658003890048325
"MLT","Malta",2004,0.658003890048325
"MLT","Malta",2005,0.658003890048325
"MLT","Malta",2006,0.658003890048325
"MLT","Malta",2007,0.658003890048325
"MLT","Malta",2008,0.658003890048325
"MLT","Malta",2009,0.658003890048325
"MLT","Malta",2010,0.658003890048325
"MLT","Malta",2011,0.658003890048325
"MLT","Malta",2012,0.658003890048325
"MLT","Malta",2013,0.658003890048325
"MLT","Malta",2014,0.658003890048325
"MLT","Malta",2015,0.658003890048325
"MLT","Malta",2016,0.658003890048325
"MLT","Malta",2017,0.658003890048325
"MLT","Malta",2018,0.658003890048325
"MLT","Malta",2019,0.658003890048325
"MLT","Malta",2020,0.658003890048325
"MLT","Malta",2021,0.658003890048325
"MLT","Malta",2022,0.658003890048325
"MHL","Marshall Islands",1995,0.658003890048325
"MHL","Marshall Islands",1996,0.658003890048325
"MHL","Marshall Islands",1997,0.658003890048325
"MHL","Marshall Islands",1998,0.658003890048325
"MHL","Marshall Islands",1999,0.658003890048325
"MHL","Marshall Islands",2000,0.658003890048325
"MHL","Marshall Islands",2001,0.658003890048325
"MHL","Marshall Islands",2002,0.658003890048325
"MHL","Marshall Islands",2003,0.658003890048325
"MHL","Marshall Islands",2004,0.658003890048325
"MHL","Marshall Islands",2005,0.658003890048325
"MHL","Marshall Islands",2006,0.658003890048325
"MHL","Marshall Islands",2007,0.658003890048325
"MHL","Marshall Islands",2008,0.658003890048325
"MHL","Marshall Islands",2009,0.658003890048325
"MHL","Marshall Islands",2010,0.658003890048325
"MHL","Marshall Islands",2011,0.658003890048325
"MHL","Marshall Islands",2012,0.658003890048325
"MHL","Marshall Islands",2013,0.658003890048325
"MHL","Marshall Islands",2014,0.658003890048325
"MHL","Marshall Islands",2015,0.658003890048325
"MHL","Marshall Islands",2016,0.658003890048325
"MHL","Marshall Islands",2017,0.658003890048325
"MHL","Marshall Islands",2018,0.658003890048325
"MHL","Marshall Islands",2019,0.658003890048325
"MHL","Marshall Islands",2020,0.658003890048325
"MHL","Marshall Islands",2021,0.658003890048325
"MHL","Marshall Islands",2022,0.658003890048325
"MRT","Mauritania",1995,1
"MRT","Mauritania",1996,1
"MRT","Mauritania",1997,1
"MRT","Mauritania",1998,1
"MRT","Mauritania",1999,1
"MRT","Mauritania",2000,1
"MRT","Mauritania",2001,1
"MRT","Mauritania",2002,1
"MRT","Mauritania",2003,1
"MRT","Mauritania",2004,1
"MRT","Mauritania",2005,1
"MRT","Mauritania",2006,1
"MRT","Mauritania",2007,1
"MRT","Mauritania",2008,1
"MRT","Mauritania",2009,1
"MRT","Mauritania",2010,1
"MRT","Mauritania",2011,1
"MRT","Mauritania",2012,1
"MRT","Mauritania",2013,1
"MRT","Mauritania",2014,1
"MRT","Mauritania",2015,1
"MRT","Mauritania",2016,1
"MRT","Mauritania",2017,1
"MRT","Mauritania",2018,1
"MRT","Mauritania",2019,1
"MRT","Mauritania",2020,1
"MRT","Mauritania",2021,1
"MRT","Mauritania",2022,1
"MUS","Mauritius",1995,0.658003890048325
"MUS","Mauritius",1996,0.658003890048325
"MUS","Mauritius",1997,0.658003890048325
"MUS","Mauritius",1998,0.658003890048325
"MUS","Mauritius",1999,0.658003890048325
"MUS","Mauritius",2000,0.658003890048325
"MUS","Mauritius",2001,0.658003890048325
"MUS","Mauritius",2002,0.658003890048325
"MUS","Mauritius",2003,0.658003890048325
"MUS","Mauritius",2004,0.658003890048325
"MUS","Mauritius",2005,0.658003890048325
"MUS","Mauritius",2006,0.658003890048325
"MUS","Mauritius",2007,0.658003890048325
"MUS","Mauritius",2008,0.658003890048325
"MUS","Mauritius",2009,0.658003890048325
"MUS","Mauritius",2010,0.658003890048325
"MUS","Mauritius",2011,0.658003890048325
"MUS","Mauritius",2012,0.658003890048325
"MUS","Mauritius",2013,0.658003890048325
"MUS","Mauritius",2014,0.658003890048325
"MUS","Mauritius",2015,0.658003890048325
"MUS","Mauritius",2016,0.658003890048325
"MUS","Mauritius",2017,0.658003890048325
"MUS","Mauritius",2018,0.658003890048325
"MUS","Mauritius",2019,0.658003890048325
"MUS","Mauritius",2020,0.658003890048325
"MUS","Mauritius",2021,0.658003890048325
"MUS","Mauritius",2022,0.658003890048325
"MEX","Mexico",1995,0.658102993656155
"MEX","Mexico",1996,0.658102993656155
"MEX","Mexico",1997,0.658102993656155
"MEX","Mexico",1998,0.658102993656155
"MEX","Mexico",1999,0.658102993656155
"MEX","Mexico",2000,0.658102993656155
"MEX","Mexico",2001,0.658102993656155
"MEX","Mexico",2002,0.658102993656155
"MEX","Mexico",2003,0.658102993656155
"MEX","Mexico",2004,0.658102993656155
"MEX","Mexico",2005,0.658102993656155
"MEX","Mexico",2006,0.658102993656155
"MEX","Mexico",2007,0.658102993656155
"MEX","Mexico",2008,0.658102993656155
"MEX","Mexico",2009,0.658102993656155
"MEX","Mexico",2010,0.658102993656155
"MEX","Mexico",2011,0.658102993656155
"MEX","Mexico",2012,0.658102993656155
"MEX","Mexico",2013,0.658102993656155
"MEX","Mexico",2014,0.658102993656155
"MEX","Mexico",2015,0.658102993656155
"MEX","Mexico",2016,0.658102993656155
"MEX","Mexico",2017,0.658102993656155
"MEX","Mexico",2018,0.658102993656155
"MEX","Mexico",2019,0.658102993656155
"MEX","Mexico",2020,0.658102993656155
"MEX","Mexico",2021,0.658102993656155
"MEX","Mexico",2022,0.658102993656155
"FSM","Micronesia, Federated States of",1995,0.658003890048325
"FSM","Micronesia, Federated States of",1996,0.658003890048325
"FSM","Micronesia, Federated States of",1997,0.658003890048325
"FSM","Micronesia, Federated States of",1998,0.658003890048325
"FSM","Micronesia, Federated States of",1999,0.658003890048325
"FSM","Micronesia, Federated States of",2000,0.658003890048325
"FSM","Micronesia, Federated States of",2001,0.658003890048325
"FSM","Micronesia, Federated States of",2002,0.658003890048325
"FSM","Micronesia, Federated States of",2003,0.658003890048325
"FSM","Micronesia, Federated States of",2004,0.658003890048325
"FSM","Micronesia, Federated States of",2005,0.658003890048325
"FSM","Micronesia, Federated States of",2006,0.658003890048325
"FSM","Micronesia, Federated States of",2007,0.658003890048325
"FSM","Micronesia, Federated States of",2008,0.658003890048325
"FSM","Micronesia, Federated States of",2009,0.658003890048325
"FSM","Micronesia, Federated States of",2010,0.658003890048325
"FSM","Micronesia, Federated States of",2011,0.658003890048325
"FSM","Micronesia, Federated States of",2012,0.658003890048325
"FSM","Micronesia, Federated States of",2013,0.658003890048325
"FSM","Micronesia, Federated States of",2014,0.658003890048325
"FSM","Micronesia, Federated States of",2015,0.658003890048325
"FSM","Micronesia, Federated States of",2016,0.658003890048325
"FSM","Micronesia, Federated States of",2017,0.658003890048325
"FSM","Micronesia, Federated States of",2018,0.658003890048325
"FSM","Micronesia, Federated States of",2019,0.658003890048325
"FSM","Micronesia, Federated States of",2020,0.658003890048325
"FSM","Micronesia, Federated States of",2021,0.658003890048325
"FSM","Micronesia, Federated States of",2022,0.658003890048325
"MDA","Moldova, Republic of",1995,0.658003890048325
"MDA","Moldova, Republic of",1996,0.658003890048325
"MDA","Moldova, Republic of",1997,0.658003890048325
"MDA","Moldova, Republic of",1998,0.658003890048325
"MDA","Moldova, Republic of",1999,0.658003890048325
"MDA","Moldova, Republic of",2000,0.658003890048325
"MDA","Moldova, Republic of",2001,0.658003890048325
"MDA","Moldova, Republic of",2002,0.658003890048325
"MDA","Moldova, Republic of",2003,0.658003890048325
"MDA","Moldova, Republic of",2004,0.658003890048325
"MDA","Moldova, Republic of",2005,0.658003890048325
"MDA","Moldova, Republic of",2006,0.658003890048325
"MDA","Moldova, Republic of",2007,0.658003890048325
"MDA","Moldova, Republic of",2008,0.658003890048325
"MDA","Moldova, Republic of",2009,0.658003890048325
"MDA","Moldova, Republic of",2010,0.658003890048325
"MDA","Moldova, Republic of",2011,0.658003890048325
"MDA","Moldova, Republic of",2012,0.658003890048325
"MDA","Moldova, Republic of",2013,0.658003890048325
"MDA","Moldova, Republic of",2014,0.658003890048325
"MDA","Moldova, Republic of",2015,0.658003890048325
"MDA","Moldova, Republic of",2016,0.658003890048325
"MDA","Moldova, Republic of",2017,0.658003890048325
"MDA","Moldova, Republic of",2018,0.658003890048325
"MDA","Moldova, Republic of",2019,0.658003890048325
"MDA","Moldova, Republic of",2020,0.658003890048325
"MDA","Moldova, Republic of",2021,0.658003890048325
"MDA","Moldova, Republic of",2022,0.658003890048325
"MCO","Monaco",1995,0.658003890048325
"MCO","Monaco",1996,0.658003890048325
"MCO","Monaco",1997,0.658003890048325
"MCO","Monaco",1998,0.658003890048325
"MCO","Monaco",1999,0.658003890048325
"MCO","Monaco",2000,0.658003890048325
"MCO","Monaco",2001,0.658003890048325
"MCO","Monaco",2002,0.658003890048325
"MCO","Monaco",2003,0.658003890048325
"MCO","Monaco",2004,0.658003890048325
"MCO","Monaco",2005,0.658003890048325
"MCO","Monaco",2006,0.658003890048325
"MCO","Monaco",2007,0.658003890048325
"MCO","Monaco",2008,0.658003890048325
"MCO","Monaco",2009,0.658003890048325
"MCO","Monaco",2010,0.658003890048325
"MCO","Monaco",2011,0.658003890048325
"MCO","Monaco",2012,0.658003890048325
"MCO","Monaco",2013,0.658003890048325
"MCO","Monaco",2014,0.658003890048325
"MCO","Monaco",2015,0.658003890048325
"MCO","Monaco",2016,0.658003890048325
"MCO","Monaco",2017,0.658003890048325
"MCO","Monaco",2018,0.658003890048325
"MCO","Monaco",2019,0.658003890048325
"MCO","Monaco",2020,0.658003890048325
"MCO","Monaco",2021,0.658003890048325
"MCO","Monaco",2022,0.658003890048325
"MNG","Mongolia",1995,0.658003890048325
"MNG","Mongolia",1996,0.658003890048325
"MNG","Mongolia",1997,0.658003890048325
"MNG","Mongolia",1998,0.658003890048325
"MNG","Mongolia",1999,0.658003890048325
"MNG","Mongolia",2000,0.658003890048325
"MNG","Mongolia",2001,0.658003890048325
"MNG","Mongolia",2002,0.658003890048325
"MNG","Mongolia",2003,0.658003890048325
"MNG","Mongolia",2004,0.658003890048325
"MNG","Mongolia",2005,0.658003890048325
"MNG","Mongolia",2006,0.658003890048325
"MNG","Mongolia",2007,0.658003890048325
"MNG","Mongolia",2008,0.658003890048325
"MNG","Mongolia",2009,0.658003890048325
"MNG","Mongolia",2010,0.658003890048325
"MNG","Mongolia",2011,0.658003890048325
"MNG","Mongolia",2012,0.658003890048325
"MNG","Mongolia",2013,0.658003890048325
"MNG","Mongolia",2014,0.658003890048325
"MNG","Mongolia",2015,0.658003890048325
"MNG","Mongolia",2016,0.658003890048325
"MNG","Mongolia",2017,0.658003890048325
"MNG","Mongolia",2018,0.658003890048325
"MNG","Mongolia",2019,0.658003890048325
"MNG","Mongolia",2020,0.658003890048325
"MNG","Mongolia",2021,0.658003890048325
"MNG","Mongolia",2022,0.658003890048325
"MNE","Montenegro",1995,0.658003890048325
"MNE","Montenegro",1996,0.658003890048325
"MNE","Montenegro",1997,0.658003890048325
"MNE","Montenegro",1998,0.658003890048325
"MNE","Montenegro",1999,0.658003890048325
"MNE","Montenegro",2000,0.658003890048325
"MNE","Montenegro",2001,0.658003890048325
"MNE","Montenegro",2002,0.658003890048325
"MNE","Montenegro",2003,0.658003890048325
"MNE","Montenegro",2004,0.658003890048325
"MNE","Montenegro",2005,0.658003890048325
"MNE","Montenegro",2006,0.658003890048325
"MNE","Montenegro",2007,0.658003890048325
"MNE","Montenegro",2008,0.658003890048325
"MNE","Montenegro",2009,0.658003890048325
"MNE","Montenegro",2010,0.658003890048325
"MNE","Montenegro",2011,0.658003890048325
"MNE","Montenegro",2012,0.658003890048325
"MNE","Montenegro",2013,0.658003890048325
"MNE","Montenegro",2014,0.658003890048325
"MNE","Montenegro",2015,0.658003890048325
"MNE","Montenegro",2016,0.658003890048325
"MNE","Montenegro",2017,0.658003890048325
"MNE","Montenegro",2018,0.658003890048325
"MNE","Montenegro",2019,0.658003890048325
"MNE","Montenegro",2020,0.658003890048325
"MNE","Montenegro",2021,0.658003890048325
"MNE","Montenegro",2022,0.658003890048325
"MAR","Morocco",1995,0.658003890048325
"MAR","Morocco",1996,0.658003890048325
"MAR","Morocco",1997,0.658003890048325
"MAR","Morocco",1998,0.658003890048325
"MAR","Morocco",1999,0.658003890048325
"MAR","Morocco",2000,0.658003890048325
"MAR","Morocco",2001,0.658003890048325
"MAR","Morocco",2002,0.658003890048325
"MAR","Morocco",2003,0.658003890048325
"MAR","Morocco",2004,0.658003890048325
"MAR","Morocco",2005,0.658003890048325
"MAR","Morocco",2006,0.658003890048325
"MAR","Morocco",2007,0.658003890048325
"MAR","Morocco",2008,0.658003890048325
"MAR","Morocco",2009,0.658003890048325
"MAR","Morocco",2010,0.658003890048325
"MAR","Morocco",2011,0.658003890048325
"MAR","Morocco",2012,0.658003890048325
"MAR","Morocco",2013,0.658003890048325
"MAR","Morocco",2014,0.658003890048325
"MAR","Morocco",2015,0.658003890048325
"MAR","Morocco",2016,0.658003890048325
"MAR","Morocco",2017,0.658003890048325
"MAR","Morocco",2018,0.658003890048325
"MAR","Morocco",2019,0.658003890048325
"MAR","Morocco",2020,0.658003890048325
"MAR","Morocco",2021,0.658003890048325
"MAR","Morocco",2022,0.658003890048325
"MOZ","Mozambique",1995,0
"MOZ","Mozambique",1996,0
"MOZ","Mozambique",1997,0
"MOZ","Mozambique",1998,0
"MOZ","Mozambique",1999,0
"MOZ","Mozambique",2000,0
"MOZ","Mozambique",2001,0
"MOZ","Mozambique",2002,0
"MOZ","Mozambique",2003,0
"MOZ","Mozambique",2004,0
"MOZ","Mozambique",2005,0
"MOZ","Mozambique",2006,0
"MOZ","Mozambique",2007,0
"MOZ","Mozambique",2008,0
"MOZ","Mozambique",2009,0
"MOZ","Mozambique",2010,0
"MOZ","Mozambique",2011,0
"MOZ","Mozambique",2012,0
"MOZ","Mozambique",2013,0
"MOZ","Mozambique",2014,0
"MOZ","Mozambique",2015,0
"MOZ","Mozambique",2016,0
"MOZ","Mozambique",2017,0
"MOZ","Mozambique",2018,0
"MOZ","Mozambique",2019,0
"MOZ","Mozambique",2020,0
"MOZ","Mozambique",2021,0
"MOZ","Mozambique",2022,0
"MMR","Myanmar",1995,0.892472438324775
"MMR","Myanmar",1996,0.892472438324775
"MMR","Myanmar",1997,0.892472438324775
"MMR","Myanmar",1998,0.892472438324775
"MMR","Myanmar",1999,0.892472438324775
"MMR","Myanmar",2000,0.892472438324775
"MMR","Myanmar",2001,0.892472438324775
"MMR","Myanmar",2002,0.892472438324775
"MMR","Myanmar",2003,0.892472438324775
"MMR","Myanmar",2004,0.892472438324775
"MMR","Myanmar",2005,0.892472438324775
"MMR","Myanmar",2006,0.892472438324775
"MMR","Myanmar",2007,0.892472438324775
"MMR","Myanmar",2008,0.892472438324775
"MMR","Myanmar",2009,0.892472438324775
"MMR","Myanmar",2010,0.892472438324775
"MMR","Myanmar",2011,0.892472438324775
"MMR","Myanmar",2012,0.892472438324775
"MMR","Myanmar",2013,0.892472438324775
"MMR","Myanmar",2014,0.892472438324775
"MMR","Myanmar",2015,0.892472438324775
"MMR","Myanmar",2016,0.892472438324775
"MMR","Myanmar",2017,0.892472438324775
"MMR","Myanmar",2018,0.892472438324775
"MMR","Myanmar",2019,0.892472438324775
"MMR","Myanmar",2020,0.892472438324775
"MMR","Myanmar",2021,0.892472438324775
"MMR","Myanmar",2022,0.892472438324775
"NAM","Namibia",1995,0.665351502919564
"NAM","Namibia",1996,0.665351502919564
"NAM","Namibia",1997,0.665351502919564
"NAM","Namibia",1998,0.665351502919564
"NAM","Namibia",1999,0.665351502919564
"NAM","Namibia",2000,0.665351502919564
"NAM","Namibia",2001,0.665351502919564
"NAM","Namibia",2002,0.665351502919564
"NAM","Namibia",2003,0.665351502919564
"NAM","Namibia",2004,0.665351502919564
"NAM","Namibia",2005,0.665351502919564
"NAM","Namibia",2006,0.665351502919564
"NAM","Namibia",2007,0.665351502919564
"NAM","Namibia",2008,0.665351502919564
"NAM","Namibia",2009,0.665351502919564
"NAM","Namibia",2010,0.665351502919564
"NAM","Namibia",2011,0.665351502919564
"NAM","Namibia",2012,0.665351502919564
"NAM","Namibia",2013,0.665351502919564
"NAM","Namibia",2014,0.665351502919564
"NAM","Namibia",2015,0.665351502919564
"NAM","Namibia",2016,0.665351502919564
"NAM","Namibia",2017,0.665351502919564
"NAM","Namibia",2018,0.665351502919564
"NAM","Namibia",2019,0.665351502919564
"NAM","Namibia",2020,0.665351502919564
"NAM","Namibia",2021,0.665351502919564
"NAM","Namibia",2022,0.665351502919564
"NRU","Nauru",1995,0.658003890048325
"NRU","Nauru",1996,0.658003890048325
"NRU","Nauru",1997,0.658003890048325
"NRU","Nauru",1998,0.658003890048325
"NRU","Nauru",1999,0.658003890048325
"NRU","Nauru",2000,0.658003890048325
"NRU","Nauru",2001,0.658003890048325
"NRU","Nauru",2002,0.658003890048325
"NRU","Nauru",2003,0.658003890048325
"NRU","Nauru",2004,0.658003890048325
"NRU","Nauru",2005,0.658003890048325
"NRU","Nauru",2006,0.658003890048325
"NRU","Nauru",2007,0.658003890048325
"NRU","Nauru",2008,0.658003890048325
"NRU","Nauru",2009,0.658003890048325
"NRU","Nauru",2010,0.658003890048325
"NRU","Nauru",2011,0.658003890048325
"NRU","Nauru",2012,0.658003890048325
"NRU","Nauru",2013,0.658003890048325
"NRU","Nauru",2014,0.658003890048325
"NRU","Nauru",2015,0.658003890048325
"NRU","Nauru",2016,0.658003890048325
"NRU","Nauru",2017,0.658003890048325
"NRU","Nauru",2018,0.658003890048325
"NRU","Nauru",2019,0.658003890048325
"NRU","Nauru",2020,0.658003890048325
"NRU","Nauru",2021,0.658003890048325
"NRU","Nauru",2022,0.658003890048325
"NPL","Nepal",1995,0.671004808643687
"NPL","Nepal",1996,0.671004808643687
"NPL","Nepal",1997,0.671004808643687
"NPL","Nepal",1998,0.671004808643687
"NPL","Nepal",1999,0.671004808643687
"NPL","Nepal",2000,0.671004808643687
"NPL","Nepal",2001,0.671004808643687
"NPL","Nepal",2002,0.671004808643687
"NPL","Nepal",2003,0.671004808643687
"NPL","Nepal",2004,0.671004808643687
"NPL","Nepal",2005,0.671004808643687
"NPL","Nepal",2006,0.671004808643687
"NPL","Nepal",2007,0.671004808643687
"NPL","Nepal",2008,0.671004808643687
"NPL","Nepal",2009,0.671004808643687
"NPL","Nepal",2010,0.671004808643687
"NPL","Nepal",2011,0.671004808643687
"NPL","Nepal",2012,0.671004808643687
"NPL","Nepal",2013,0.671004808643687
"NPL","Nepal",2014,0.671004808643687
"NPL","Nepal",2015,0.671004808643687
"NPL","Nepal",2016,0.671004808643687
"NPL","Nepal",2017,0.671004808643687
"NPL","Nepal",2018,0.671004808643687
"NPL","Nepal",2019,0.671004808643687
"NPL","Nepal",2020,0.671004808643687
"NPL","Nepal",2021,0.671004808643687
"NPL","Nepal",2022,0.671004808643687
"NLD","Netherlands",1995,0.658003890048325
"NLD","Netherlands",1996,0.658003890048325
"NLD","Netherlands",1997,0.658003890048325
"NLD","Netherlands",1998,0.658003890048325
"NLD","Netherlands",1999,0.658003890048325
"NLD","Netherlands",2000,0.658003890048325
"NLD","Netherlands",2001,0.658003890048325
"NLD","Netherlands",2002,0.658003890048325
"NLD","Netherlands",2003,0.658003890048325
"NLD","Netherlands",2004,0.658003890048325
"NLD","Netherlands",2005,0.658003890048325
"NLD","Netherlands",2006,0.658003890048325
"NLD","Netherlands",2007,0.658003890048325
"NLD","Netherlands",2008,0.658003890048325
"NLD","Netherlands",2009,0.658003890048325
"NLD","Netherlands",2010,0.658003890048325
"NLD","Netherlands",2011,0.658003890048325
"NLD","Netherlands",2012,0.658003890048325
"NLD","Netherlands",2013,0.658003890048325
"NLD","Netherlands",2014,0.658003890048325
"NLD","Netherlands",2015,0.658003890048325
"NLD","Netherlands",2016,0.658003890048325
"NLD","Netherlands",2017,0.658003890048325
"NLD","Netherlands",2018,0.658003890048325
"NLD","Netherlands",2019,0.658003890048325
"NLD","Netherlands",2020,0.658003890048325
"NLD","Netherlands",2021,0.658003890048325
"NLD","Netherlands",2022,0.658003890048325
"NZL","New Zealand",1995,0.658003890048325
"NZL","New Zealand",1996,0.658003890048325
"NZL","New Zealand",1997,0.658003890048325
"NZL","New Zealand",1998,0.658003890048325
"NZL","New Zealand",1999,0.658003890048325
"NZL","New Zealand",2000,0.658003890048325
"NZL","New Zealand",2001,0.658003890048325
"NZL","New Zealand",2002,0.658003890048325
"NZL","New Zealand",2003,0.658003890048325
"NZL","New Zealand",2004,0.658003890048325
"NZL","New Zealand",2005,0.658003890048325
"NZL","New Zealand",2006,0.658003890048325
"NZL","New Zealand",2007,0.658003890048325
"NZL","New Zealand",2008,0.658003890048325
"NZL","New Zealand",2009,0.658003890048325
"NZL","New Zealand",2010,0.658003890048325
"NZL","New Zealand",2011,0.658003890048325
"NZL","New Zealand",2012,0.658003890048325
"NZL","New Zealand",2013,0.658003890048325
"NZL","New Zealand",2014,0.658003890048325
"NZL","New Zealand",2015,0.658003890048325
"NZL","New Zealand",2016,0.658003890048325
"NZL","New Zealand",2017,0.658003890048325
"NZL","New Zealand",2018,0.658003890048325
"NZL","New Zealand",2019,0.658003890048325
"NZL","New Zealand",2020,0.658003890048325
"NZL","New Zealand",2021,0.658003890048325
"NZL","New Zealand",2022,0.658003890048325
"NIC","Nicaragua",1995,0.658214601114191
"NIC","Nicaragua",1996,0.658214601114191
"NIC","Nicaragua",1997,0.658214601114191
"NIC","Nicaragua",1998,0.658214601114191
"NIC","Nicaragua",1999,0.658214601114191
"NIC","Nicaragua",2000,0.658214601114191
"NIC","Nicaragua",2001,0.658214601114191
"NIC","Nicaragua",2002,0.658214601114191
"NIC","Nicaragua",2003,0.658214601114191
"NIC","Nicaragua",2004,0.658214601114191
"NIC","Nicaragua",2005,0.658214601114191
"NIC","Nicaragua",2006,0.658214601114191
"NIC","Nicaragua",2007,0.658214601114191
"NIC","Nicaragua",2008,0.658214601114191
"NIC","Nicaragua",2009,0.658214601114191
"NIC","Nicaragua",2010,0.658214601114191
"NIC","Nicaragua",2011,0.658214601114191
"NIC","Nicaragua",2012,0.658214601114191
"NIC","Nicaragua",2013,0.658214601114191
"NIC","Nicaragua",2014,0.658214601114191
"NIC","Nicaragua",2015,0.658214601114191
"NIC","Nicaragua",2016,0.658214601114191
"NIC","Nicaragua",2017,0.658214601114191
"NIC","Nicaragua",2018,0.658214601114191
"NIC","Nicaragua",2019,0.658214601114191
"NIC","Nicaragua",2020,0.658214601114191
"NIC","Nicaragua",2021,0.658214601114191
"NIC","Nicaragua",2022,0.658214601114191
"NER","Niger",1995,1
"NER","Niger",1996,1
"NER","Niger",1997,1
"NER","Niger",1998,1
"NER","Niger",1999,1
"NER","Niger",2000,1
"NER","Niger",2001,1
"NER","Niger",2002,1
"NER","Niger",2003,1
"NER","Niger",2004,1
"NER","Niger",2005,1
"NER","Niger",2006,1
"NER","Niger",2007,1
"NER","Niger",2008,1
"NER","Niger",2009,1
"NER","Niger",2010,1
"NER","Niger",2011,1
"NER","Niger",2012,1
"NER","Niger",2013,1
"NER","Niger",2014,1
"NER","Niger",2015,1
"NER","Niger",2016,1
"NER","Niger",2017,1
"NER","Niger",2018,1
"NER","Niger",2019,1
"NER","Niger",2020,1
"NER","Niger",2021,1
"NER","Niger",2022,1
"NGA","Nigeria",1995,0.568087862878031
"NGA","Nigeria",1996,0.568087862878031
"NGA","Nigeria",1997,0.568087862878031
"NGA","Nigeria",1998,0.568087862878031
"NGA","Nigeria",1999,0.568087862878031
"NGA","Nigeria",2000,0.568087862878031
"NGA","Nigeria",2001,0.568087862878031
"NGA","Nigeria",2002,0.568087862878031
"NGA","Nigeria",2003,0.568087862878031
"NGA","Nigeria",2004,0.568087862878031
"NGA","Nigeria",2005,0.568087862878031
"NGA","Nigeria",2006,0.568087862878031
"NGA","Nigeria",2007,0.568087862878031
"NGA","Nigeria",2008,0.568087862878031
"NGA","Nigeria",2009,0.568087862878031
"NGA","Nigeria",2010,0.568087862878031
"NGA","Nigeria",2011,0.568087862878031
"NGA","Nigeria",2012,0.568087862878031
"NGA","Nigeria",2013,0.568087862878031
"NGA","Nigeria",2014,0.568087862878031
"NGA","Nigeria",2015,0.568087862878031
"NGA","Nigeria",2016,0.568087862878031
"NGA","Nigeria",2017,0.568087862878031
"NGA","Nigeria",2018,0.568087862878031
"NGA","Nigeria",2019,0.568087862878031
"NGA","Nigeria",2020,0.568087862878031
"NGA","Nigeria",2021,0.568087862878031
"NGA","Nigeria",2022,0.568087862878031
"NOR","Norway",1995,0.658003890048325
"NOR","Norway",1996,0.658003890048325
"NOR","Norway",1997,0.658003890048325
"NOR","Norway",1998,0.658003890048325
"NOR","Norway",1999,0.658003890048325
"NOR","Norway",2000,0.658003890048325
"NOR","Norway",2001,0.658003890048325
"NOR","Norway",2002,0.658003890048325
"NOR","Norway",2003,0.658003890048325
"NOR","Norway",2004,0.658003890048325
"NOR","Norway",2005,0.658003890048325
"NOR","Norway",2006,0.658003890048325
"NOR","Norway",2007,0.658003890048325
"NOR","Norway",2008,0.658003890048325
"NOR","Norway",2009,0.658003890048325
"NOR","Norway",2010,0.658003890048325
"NOR","Norway",2011,0.658003890048325
"NOR","Norway",2012,0.658003890048325
"NOR","Norway",2013,0.658003890048325
"NOR","Norway",2014,0.658003890048325
"NOR","Norway",2015,0.658003890048325
"NOR","Norway",2016,0.658003890048325
"NOR","Norway",2017,0.658003890048325
"NOR","Norway",2018,0.658003890048325
"NOR","Norway",2019,0.658003890048325
"NOR","Norway",2020,0.658003890048325
"NOR","Norway",2021,0.658003890048325
"NOR","Norway",2022,0.658003890048325
"OMN","Oman",1995,0.658003890048325
"OMN","Oman",1996,0.658003890048325
"OMN","Oman",1997,0.658003890048325
"OMN","Oman",1998,0.658003890048325
"OMN","Oman",1999,0.658003890048325
"OMN","Oman",2000,0.658003890048325
"OMN","Oman",2001,0.658003890048325
"OMN","Oman",2002,0.658003890048325
"OMN","Oman",2003,0.658003890048325
"OMN","Oman",2004,0.658003890048325
"OMN","Oman",2005,0.658003890048325
"OMN","Oman",2006,0.658003890048325
"OMN","Oman",2007,0.658003890048325
"OMN","Oman",2008,0.658003890048325
"OMN","Oman",2009,0.658003890048325
"OMN","Oman",2010,0.658003890048325
"OMN","Oman",2011,0.658003890048325
"OMN","Oman",2012,0.658003890048325
"OMN","Oman",2013,0.658003890048325
"OMN","Oman",2014,0.658003890048325
"OMN","Oman",2015,0.658003890048325
"OMN","Oman",2016,0.658003890048325
"OMN","Oman",2017,0.658003890048325
"OMN","Oman",2018,0.658003890048325
"OMN","Oman",2019,0.658003890048325
"OMN","Oman",2020,0.658003890048325
"OMN","Oman",2021,0.658003890048325
"OMN","Oman",2022,0.658003890048325
"PAK","Pakistan",1995,0.748690274635385
"PAK","Pakistan",1996,0.748690274635385
"PAK","Pakistan",1997,0.748690274635385
"PAK","Pakistan",1998,0.748690274635385
"PAK","Pakistan",1999,0.748690274635385
"PAK","Pakistan",2000,0.748690274635385
"PAK","Pakistan",2001,0.748690274635385
"PAK","Pakistan",2002,0.748690274635385
"PAK","Pakistan",2003,0.748690274635385
"PAK","Pakistan",2004,0.748690274635385
"PAK","Pakistan",2005,0.748690274635385
"PAK","Pakistan",2006,0.748690274635385
"PAK","Pakistan",2007,0.748690274635385
"PAK","Pakistan",2008,0.748690274635385
"PAK","Pakistan",2009,0.748690274635385
"PAK","Pakistan",2010,0.748690274635385
"PAK","Pakistan",2011,0.748690274635385
"PAK","Pakistan",2012,0.748690274635385
"PAK","Pakistan",2013,0.748690274635385
"PAK","Pakistan",2014,0.748690274635385
"PAK","Pakistan",2015,0.748690274635385
"PAK","Pakistan",2016,0.748690274635385
"PAK","Pakistan",2017,0.748690274635385
"PAK","Pakistan",2018,0.748690274635385
"PAK","Pakistan",2019,0.748690274635385
"PAK","Pakistan",2020,0.748690274635385
"PAK","Pakistan",2021,0.748690274635385
"PAK","Pakistan",2022,0.748690274635385
"PLW","Palau",1995,0.658003890048325
"PLW","Palau",1996,0.658003890048325
"PLW","Palau",1997,0.658003890048325
"PLW","Palau",1998,0.658003890048325
"PLW","Palau",1999,0.658003890048325
"PLW","Palau",2000,0.658003890048325
"PLW","Palau",2001,0.658003890048325
"PLW","Palau",2002,0.658003890048325
"PLW","Palau",2003,0.658003890048325
"PLW","Palau",2004,0.658003890048325
"PLW","Palau",2005,0.658003890048325
"PLW","Palau",2006,0.658003890048325
"PLW","Palau",2007,0.658003890048325
"PLW","Palau",2008,0.658003890048325
"PLW","Palau",2009,0.658003890048325
"PLW","Palau",2010,0.658003890048325
"PLW","Palau",2011,0.658003890048325
"PLW","Palau",2012,0.658003890048325
"PLW","Palau",2013,0.658003890048325
"PLW","Palau",2014,0.658003890048325
"PLW","Palau",2015,0.658003890048325
"PLW","Palau",2016,0.658003890048325
"PLW","Palau",2017,0.658003890048325
"PLW","Palau",2018,0.658003890048325
"PLW","Palau",2019,0.658003890048325
"PLW","Palau",2020,0.658003890048325
"PLW","Palau",2021,0.658003890048325
"PLW","Palau",2022,0.658003890048325
"PAN","Panama",1995,0.658648703873449
"PAN","Panama",1996,0.658648703873449
"PAN","Panama",1997,0.658648703873449
"PAN","Panama",1998,0.658648703873449
"PAN","Panama",1999,0.658648703873449
"PAN","Panama",2000,0.658648703873449
"PAN","Panama",2001,0.658648703873449
"PAN","Panama",2002,0.658648703873449
"PAN","Panama",2003,0.658648703873449
"PAN","Panama",2004,0.658648703873449
"PAN","Panama",2005,0.658648703873449
"PAN","Panama",2006,0.658648703873449
"PAN","Panama",2007,0.658648703873449
"PAN","Panama",2008,0.658648703873449
"PAN","Panama",2009,0.658648703873449
"PAN","Panama",2010,0.658648703873449
"PAN","Panama",2011,0.658648703873449
"PAN","Panama",2012,0.658648703873449
"PAN","Panama",2013,0.658648703873449
"PAN","Panama",2014,0.658648703873449
"PAN","Panama",2015,0.658648703873449
"PAN","Panama",2016,0.658648703873449
"PAN","Panama",2017,0.658648703873449
"PAN","Panama",2018,0.658648703873449
"PAN","Panama",2019,0.658648703873449
"PAN","Panama",2020,0.658648703873449
"PAN","Panama",2021,0.658648703873449
"PAN","Panama",2022,0.658648703873449
"PNG","Papua New Guinea",1995,0.778053905000755
"PNG","Papua New Guinea",1996,0.778053905000755
"PNG","Papua New Guinea",1997,0.778053905000755
"PNG","Papua New Guinea",1998,0.778053905000755
"PNG","Papua New Guinea",1999,0.778053905000755
"PNG","Papua New Guinea",2000,0.778053905000755
"PNG","Papua New Guinea",2001,0.778053905000755
"PNG","Papua New Guinea",2002,0.778053905000755
"PNG","Papua New Guinea",2003,0.778053905000755
"PNG","Papua New Guinea",2004,0.778053905000755
"PNG","Papua New Guinea",2005,0.778053905000755
"PNG","Papua New Guinea",2006,0.778053905000755
"PNG","Papua New Guinea",2007,0.778053905000755
"PNG","Papua New Guinea",2008,0.778053905000755
"PNG","Papua New Guinea",2009,0.778053905000755
"PNG","Papua New Guinea",2010,0.778053905000755
"PNG","Papua New Guinea",2011,0.778053905000755
"PNG","Papua New Guinea",2012,0.778053905000755
"PNG","Papua New Guinea",2013,0.778053905000755
"PNG","Papua New Guinea",2014,0.778053905000755
"PNG","Papua New Guinea",2015,0.778053905000755
"PNG","Papua New Guinea",2016,0.778053905000755
"PNG","Papua New Guinea",2017,0.778053905000755
"PNG","Papua New Guinea",2018,0.778053905000755
"PNG","Papua New Guinea",2019,0.778053905000755
"PNG","Papua New Guinea",2020,0.778053905000755
"PNG","Papua New Guinea",2021,0.778053905000755
"PNG","Papua New Guinea",2022,0.778053905000755
"PRY","Paraguay",1995,0.658017465852976
"PRY","Paraguay",1996,0.658017465852976
"PRY","Paraguay",1997,0.658017465852976
"PRY","Paraguay",1998,0.658017465852976
"PRY","Paraguay",1999,0.658017465852976
"PRY","Paraguay",2000,0.658017465852976
"PRY","Paraguay",2001,0.658017465852976
"PRY","Paraguay",2002,0.658017465852976
"PRY","Paraguay",2003,0.658017465852976
"PRY","Paraguay",2004,0.658017465852976
"PRY","Paraguay",2005,0.658017465852976
"PRY","Paraguay",2006,0.658017465852976
"PRY","Paraguay",2007,0.658017465852976
"PRY","Paraguay",2008,0.658017465852976
"PRY","Paraguay",2009,0.658017465852976
"PRY","Paraguay",2010,0.658017465852976
"PRY","Paraguay",2011,0.658017465852976
"PRY","Paraguay",2012,0.658017465852976
"PRY","Paraguay",2013,0.658017465852976
"PRY","Paraguay",2014,0.658017465852976
"PRY","Paraguay",2015,0.658017465852976
"PRY","Paraguay",2016,0.658017465852976
"PRY","Paraguay",2017,0.658017465852976
"PRY","Paraguay",2018,0.658017465852976
"PRY","Paraguay",2019,0.658017465852976
"PRY","Paraguay",2020,0.658017465852976
"PRY","Paraguay",2021,0.658017465852976
"PRY","Paraguay",2022,0.658017465852976
"PER","Peru",1995,0.668465339611467
"PER","Peru",1996,0.668465339611467
"PER","Peru",1997,0.668465339611467
"PER","Peru",1998,0.668465339611467
"PER","Peru",1999,0.668465339611467
"PER","Peru",2000,0.668465339611467
"PER","Peru",2001,0.668465339611467
"PER","Peru",2002,0.668465339611467
"PER","Peru",2003,0.668465339611467
"PER","Peru",2004,0.668465339611467
"PER","Peru",2005,0.668465339611467
"PER","Peru",2006,0.668465339611467
"PER","Peru",2007,0.668465339611467
"PER","Peru",2008,0.668465339611467
"PER","Peru",2009,0.668465339611467
"PER","Peru",2010,0.668465339611467
"PER","Peru",2011,0.668465339611467
"PER","Peru",2012,0.668465339611467
"PER","Peru",2013,0.668465339611467
"PER","Peru",2014,0.668465339611467
"PER","Peru",2015,0.668465339611467
"PER","Peru",2016,0.668465339611467
"PER","Peru",2017,0.668465339611467
"PER","Peru",2018,0.668465339611467
"PER","Peru",2019,0.668465339611467
"PER","Peru",2020,0.668465339611467
"PER","Peru",2021,0.668465339611467
"PER","Peru",2022,0.668465339611467
"PHL","Philippines",1995,0.659074269304275
"PHL","Philippines",1996,0.659074269304275
"PHL","Philippines",1997,0.659074269304275
"PHL","Philippines",1998,0.659074269304275
"PHL","Philippines",1999,0.659074269304275
"PHL","Philippines",2000,0.659074269304275
"PHL","Philippines",2001,0.659074269304275
"PHL","Philippines",2002,0.659074269304275
"PHL","Philippines",2003,0.659074269304275
"PHL","Philippines",2004,0.659074269304275
"PHL","Philippines",2005,0.659074269304275
"PHL","Philippines",2006,0.659074269304275
"PHL","Philippines",2007,0.659074269304275
"PHL","Philippines",2008,0.659074269304275
"PHL","Philippines",2009,0.659074269304275
"PHL","Philippines",2010,0.659074269304275
"PHL","Philippines",2011,0.659074269304275
"PHL","Philippines",2012,0.659074269304275
"PHL","Philippines",2013,0.659074269304275
"PHL","Philippines",2014,0.659074269304275
"PHL","Philippines",2015,0.659074269304275
"PHL","Philippines",2016,0.659074269304275
"PHL","Philippines",2017,0.659074269304275
"PHL","Philippines",2018,0.659074269304275
"PHL","Philippines",2019,0.659074269304275
"PHL","Philippines",2020,0.659074269304275
"PHL","Philippines",2021,0.659074269304275
"PHL","Philippines",2022,0.659074269304275
"POL","Poland",1995,0.658003890048325
"POL","Poland",1996,0.658003890048325
"POL","Poland",1997,0.658003890048325
"POL","Poland",1998,0.658003890048325
"POL","Poland",1999,0.658003890048325
"POL","Poland",2000,0.658003890048325
"POL","Poland",2001,0.658003890048325
"POL","Poland",2002,0.658003890048325
"POL","Poland",2003,0.658003890048325
"POL","Poland",2004,0.658003890048325
"POL","Poland",2005,0.658003890048325
"POL","Poland",2006,0.658003890048325
"POL","Poland",2007,0.658003890048325
"POL","Poland",2008,0.658003890048325
"POL","Poland",2009,0.658003890048325
"POL","Poland",2010,0.658003890048325
"POL","Poland",2011,0.658003890048325
"POL","Poland",2012,0.658003890048325
"POL","Poland",2013,0.658003890048325
"POL","Poland",2014,0.658003890048325
"POL","Poland",2015,0.658003890048325
"POL","Poland",2016,0.658003890048325
"POL","Poland",2017,0.658003890048325
"POL","Poland",2018,0.658003890048325
"POL","Poland",2019,0.658003890048325
"POL","Poland",2020,0.658003890048325
"POL","Poland",2021,0.658003890048325
"POL","Poland",2022,0.658003890048325
"PRT","Portugal",1995,0.658003890048325
"PRT","Portugal",1996,0.658003890048325
"PRT","Portugal",1997,0.658003890048325
"PRT","Portugal",1998,0.658003890048325
"PRT","Portugal",1999,0.658003890048325
"PRT","Portugal",2000,0.658003890048325
"PRT","Portugal",2001,0.658003890048325
"PRT","Portugal",2002,0.658003890048325
"PRT","Portugal",2003,0.658003890048325
"PRT","Portugal",2004,0.658003890048325
"PRT","Portugal",2005,0.658003890048325
"PRT","Portugal",2006,0.658003890048325
"PRT","Portugal",2007,0.658003890048325
"PRT","Portugal",2008,0.658003890048325
"PRT","Portugal",2009,0.658003890048325
"PRT","Portugal",2010,0.658003890048325
"PRT","Portugal",2011,0.658003890048325
"PRT","Portugal",2012,0.658003890048325
"PRT","Portugal",2013,0.658003890048325
"PRT","Portugal",2014,0.658003890048325
"PRT","Portugal",2015,0.658003890048325
"PRT","Portugal",2016,0.658003890048325
"PRT","Portugal",2017,0.658003890048325
"PRT","Portugal",2018,0.658003890048325
"PRT","Portugal",2019,0.658003890048325
"PRT","Portugal",2020,0.658003890048325
"PRT","Portugal",2021,0.658003890048325
"PRT","Portugal",2022,0.658003890048325
"QAT","Qatar",1995,0.658003890048325
"QAT","Qatar",1996,0.658003890048325
"QAT","Qatar",1997,0.658003890048325
"QAT","Qatar",1998,0.658003890048325
"QAT","Qatar",1999,0.658003890048325
"QAT","Qatar",2000,0.658003890048325
"QAT","Qatar",2001,0.658003890048325
"QAT","Qatar",2002,0.658003890048325
"QAT","Qatar",2003,0.658003890048325
"QAT","Qatar",2004,0.658003890048325
"QAT","Qatar",2005,0.658003890048325
"QAT","Qatar",2006,0.658003890048325
"QAT","Qatar",2007,0.658003890048325
"QAT","Qatar",2008,0.658003890048325
"QAT","Qatar",2009,0.658003890048325
"QAT","Qatar",2010,0.658003890048325
"QAT","Qatar",2011,0.658003890048325
"QAT","Qatar",2012,0.658003890048325
"QAT","Qatar",2013,0.658003890048325
"QAT","Qatar",2014,0.658003890048325
"QAT","Qatar",2015,0.658003890048325
"QAT","Qatar",2016,0.658003890048325
"QAT","Qatar",2017,0.658003890048325
"QAT","Qatar",2018,0.658003890048325
"QAT","Qatar",2019,0.658003890048325
"QAT","Qatar",2020,0.658003890048325
"QAT","Qatar",2021,0.658003890048325
"QAT","Qatar",2022,0.658003890048325
"ROU","Romania",1995,0.658003890048325
"ROU","Romania",1996,0.658003890048325
"ROU","Romania",1997,0.658003890048325
"ROU","Romania",1998,0.658003890048325
"ROU","Romania",1999,0.658003890048325
"ROU","Romania",2000,0.658003890048325
"ROU","Romania",2001,0.658003890048325
"ROU","Romania",2002,0.658003890048325
"ROU","Romania",2003,0.658003890048325
"ROU","Romania",2004,0.658003890048325
"ROU","Romania",2005,0.658003890048325
"ROU","Romania",2006,0.658003890048325
"ROU","Romania",2007,0.658003890048325
"ROU","Romania",2008,0.658003890048325
"ROU","Romania",2009,0.658003890048325
"ROU","Romania",2010,0.658003890048325
"ROU","Romania",2011,0.658003890048325
"ROU","Romania",2012,0.658003890048325
"ROU","Romania",2013,0.658003890048325
"ROU","Romania",2014,0.658003890048325
"ROU","Romania",2015,0.658003890048325
"ROU","Romania",2016,0.658003890048325
"ROU","Romania",2017,0.658003890048325
"ROU","Romania",2018,0.658003890048325
"ROU","Romania",2019,0.658003890048325
"ROU","Romania",2020,0.658003890048325
"ROU","Romania",2021,0.658003890048325
"ROU","Romania",2022,0.658003890048325
"RUS","Russian Federation",1995,0.658003890048325
"RUS","Russian Federation",1996,0.658003890048325
"RUS","Russian Federation",1997,0.658003890048325
"RUS","Russian Federation",1998,0.658003890048325
"RUS","Russian Federation",1999,0.658003890048325
"RUS","Russian Federation",2000,0.658003890048325
"RUS","Russian Federation",2001,0.658003890048325
"RUS","Russian Federation",2002,0.658003890048325
"RUS","Russian Federation",2003,0.658003890048325
"RUS","Russian Federation",2004,0.658003890048325
"RUS","Russian Federation",2005,0.658003890048325
"RUS","Russian Federation",2006,0.658003890048325
"RUS","Russian Federation",2007,0.658003890048325
"RUS","Russian Federation",2008,0.658003890048325
"RUS","Russian Federation",2009,0.658003890048325
"RUS","Russian Federation",2010,0.658003890048325
"RUS","Russian Federation",2011,0.658003890048325
"RUS","Russian Federation",2012,0.658003890048325
"RUS","Russian Federation",2013,0.658003890048325
"RUS","Russian Federation",2014,0.658003890048325
"RUS","Russian Federation",2015,0.658003890048325
"RUS","Russian Federation",2016,0.658003890048325
"RUS","Russian Federation",2017,0.658003890048325
"RUS","Russian Federation",2018,0.658003890048325
"RUS","Russian Federation",2019,0.658003890048325
"RUS","Russian Federation",2020,0.658003890048325
"RUS","Russian Federation",2021,0.658003890048325
"RUS","Russian Federation",2022,0.658003890048325
"RWA","Rwanda",1995,1
"RWA","Rwanda",1996,1
"RWA","Rwanda",1997,1
"RWA","Rwanda",1998,1
"RWA","Rwanda",1999,1
"RWA","Rwanda",2000,1
"RWA","Rwanda",2001,1
"RWA","Rwanda",2002,1
"RWA","Rwanda",2003,1
"RWA","Rwanda",2004,1
"RWA","Rwanda",2005,1
"RWA","Rwanda",2006,1
"RWA","Rwanda",2007,1
"RWA","Rwanda",2008,1
"RWA","Rwanda",2009,1
"RWA","Rwanda",2010,1
"RWA","Rwanda",2011,1
"RWA","Rwanda",2012,1
"RWA","Rwanda",2013,1
"RWA","Rwanda",2014,1
"RWA","Rwanda",2015,1
"RWA","Rwanda",2016,1
"RWA","Rwanda",2017,1
"RWA","Rwanda",2018,1
"RWA","Rwanda",2019,1
"RWA","Rwanda",2020,1
"RWA","Rwanda",2021,1
"RWA","Rwanda",2022,1
"KNA","Saint Kitts and Nevis",1995,0.658003890048325
"KNA","Saint Kitts and Nevis",1996,0.658003890048325
"KNA","Saint Kitts and Nevis",1997,0.658003890048325
"KNA","Saint Kitts and Nevis",1998,0.658003890048325
"KNA","Saint Kitts and Nevis",1999,0.658003890048325
"KNA","Saint Kitts and Nevis",2000,0.658003890048325
"KNA","Saint Kitts and Nevis",2001,0.658003890048325
"KNA","Saint Kitts and Nevis",2002,0.658003890048325
"KNA","Saint Kitts and Nevis",2003,0.658003890048325
"KNA","Saint Kitts and Nevis",2004,0.658003890048325
"KNA","Saint Kitts and Nevis",2005,0.658003890048325
"KNA","Saint Kitts and Nevis",2006,0.658003890048325
"KNA","Saint Kitts and Nevis",2007,0.658003890048325
"KNA","Saint Kitts and Nevis",2008,0.658003890048325
"KNA","Saint Kitts and Nevis",2009,0.658003890048325
"KNA","Saint Kitts and Nevis",2010,0.658003890048325
"KNA","Saint Kitts and Nevis",2011,0.658003890048325
"KNA","Saint Kitts and Nevis",2012,0.658003890048325
"KNA","Saint Kitts and Nevis",2013,0.658003890048325
"KNA","Saint Kitts and Nevis",2014,0.658003890048325
"KNA","Saint Kitts and Nevis",2015,0.658003890048325
"KNA","Saint Kitts and Nevis",2016,0.658003890048325
"KNA","Saint Kitts and Nevis",2017,0.658003890048325
"KNA","Saint Kitts and Nevis",2018,0.658003890048325
"KNA","Saint Kitts and Nevis",2019,0.658003890048325
"KNA","Saint Kitts and Nevis",2020,0.658003890048325
"KNA","Saint Kitts and Nevis",2021,0.658003890048325
"KNA","Saint Kitts and Nevis",2022,0.658003890048325
"LCA","Saint Lucia",1995,0.658003890048325
"LCA","Saint Lucia",1996,0.658003890048325
"LCA","Saint Lucia",1997,0.658003890048325
"LCA","Saint Lucia",1998,0.658003890048325
"LCA","Saint Lucia",1999,0.658003890048325
"LCA","Saint Lucia",2000,0.658003890048325
"LCA","Saint Lucia",2001,0.658003890048325
"LCA","Saint Lucia",2002,0.658003890048325
"LCA","Saint Lucia",2003,0.658003890048325
"LCA","Saint Lucia",2004,0.658003890048325
"LCA","Saint Lucia",2005,0.658003890048325
"LCA","Saint Lucia",2006,0.658003890048325
"LCA","Saint Lucia",2007,0.658003890048325
"LCA","Saint Lucia",2008,0.658003890048325
"LCA","Saint Lucia",2009,0.658003890048325
"LCA","Saint Lucia",2010,0.658003890048325
"LCA","Saint Lucia",2011,0.658003890048325
"LCA","Saint Lucia",2012,0.658003890048325
"LCA","Saint Lucia",2013,0.658003890048325
"LCA","Saint Lucia",2014,0.658003890048325
"LCA","Saint Lucia",2015,0.658003890048325
"LCA","Saint Lucia",2016,0.658003890048325
"LCA","Saint Lucia",2017,0.658003890048325
"LCA","Saint Lucia",2018,0.658003890048325
"LCA","Saint Lucia",2019,0.658003890048325
"LCA","Saint Lucia",2020,0.658003890048325
"LCA","Saint Lucia",2021,0.658003890048325
"LCA","Saint Lucia",2022,0.658003890048325
"VCT","Saint Vincent and the Grenadines",1995,0.658003890048325
"VCT","Saint Vincent and the Grenadines",1996,0.658003890048325
"VCT","Saint Vincent and the Grenadines",1997,0.658003890048325
"VCT","Saint Vincent and the Grenadines",1998,0.658003890048325
"VCT","Saint Vincent and the Grenadines",1999,0.658003890048325
"VCT","Saint Vincent and the Grenadines",2000,0.658003890048325
"VCT","Saint Vincent and the Grenadines",2001,0.658003890048325
"VCT","Saint Vincent and the Grenadines",2002,0.658003890048325
"VCT","Saint Vincent and the Grenadines",2003,0.658003890048325
"VCT","Saint Vincent and the Grenadines",2004,0.658003890048325
"VCT","Saint Vincent and the Grenadines",2005,0.658003890048325
"VCT","Saint Vincent and the Grenadines",2006,0.658003890048325
"VCT","Saint Vincent and the Grenadines",2007,0.658003890048325
"VCT","Saint Vincent and the Grenadines",2008,0.658003890048325
"VCT","Saint Vincent and the Grenadines",2009,0.658003890048325
"VCT","Saint Vincent and the Grenadines",2010,0.658003890048325
"VCT","Saint Vincent and the Grenadines",2011,0.658003890048325
"VCT","Saint Vincent and the Grenadines",2012,0.658003890048325
"VCT","Saint Vincent and the Grenadines",2013,0.658003890048325
"VCT","Saint Vincent and the Grenadines",2014,0.658003890048325
"VCT","Saint Vincent and the Grenadines",2015,0.658003890048325
"VCT","Saint Vincent and the Grenadines",2016,0.658003890048325
"VCT","Saint Vincent and the Grenadines",2017,0.658003890048325
"VCT","Saint Vincent and the Grenadines",2018,0.658003890048325
"VCT","Saint Vincent and the Grenadines",2019,0.658003890048325
"VCT","Saint Vincent and the Grenadines",2020,0.658003890048325
"VCT","Saint Vincent and the Grenadines",2021,0.658003890048325
"VCT","Saint Vincent and the Grenadines",2022,0.658003890048325
"WSM","Samoa",1995,0.658003890048325
"WSM","Samoa",1996,0.658003890048325
"WSM","Samoa",1997,0.658003890048325
"WSM","Samoa",1998,0.658003890048325
"WSM","Samoa",1999,0.658003890048325
"WSM","Samoa",2000,0.658003890048325
"WSM","Samoa",2001,0.658003890048325
"WSM","Samoa",2002,0.658003890048325
"WSM","Samoa",2003,0.658003890048325
"WSM","Samoa",2004,0.658003890048325
"WSM","Samoa",2005,0.658003890048325
"WSM","Samoa",2006,0.658003890048325
"WSM","Samoa",2007,0.658003890048325
"WSM","Samoa",2008,0.658003890048325
"WSM","Samoa",2009,0.658003890048325
"WSM","Samoa",2010,0.658003890048325
"WSM","Samoa",2011,0.658003890048325
"WSM","Samoa",2012,0.658003890048325
"WSM","Samoa",2013,0.658003890048325
"WSM","Samoa",2014,0.658003890048325
"WSM","Samoa",2015,0.658003890048325
"WSM","Samoa",2016,0.658003890048325
"WSM","Samoa",2017,0.658003890048325
"WSM","Samoa",2018,0.658003890048325
"WSM","Samoa",2019,0.658003890048325
"WSM","Samoa",2020,0.658003890048325
"WSM","Samoa",2021,0.658003890048325
"WSM","Samoa",2022,0.658003890048325
"SMR","San Marino",1995,0.658003890048325
"SMR","San Marino",1996,0.658003890048325
"SMR","San Marino",1997,0.658003890048325
"SMR","San Marino",1998,0.658003890048325
"SMR","San Marino",1999,0.658003890048325
"SMR","San Marino",2000,0.658003890048325
"SMR","San Marino",2001,0.658003890048325
"SMR","San Marino",2002,0.658003890048325
"SMR","San Marino",2003,0.658003890048325
"SMR","San Marino",2004,0.658003890048325
"SMR","San Marino",2005,0.658003890048325
"SMR","San Marino",2006,0.658003890048325
"SMR","San Marino",2007,0.658003890048325
"SMR","San Marino",2008,0.658003890048325
"SMR","San Marino",2009,0.658003890048325
"SMR","San Marino",2010,0.658003890048325
"SMR","San Marino",2011,0.658003890048325
"SMR","San Marino",2012,0.658003890048325
"SMR","San Marino",2013,0.658003890048325
"SMR","San Marino",2014,0.658003890048325
"SMR","San Marino",2015,0.658003890048325
"SMR","San Marino",2016,0.658003890048325
"SMR","San Marino",2017,0.658003890048325
"SMR","San Marino",2018,0.658003890048325
"SMR","San Marino",2019,0.658003890048325
"SMR","San Marino",2020,0.658003890048325
"SMR","San Marino",2021,0.658003890048325
"SMR","San Marino",2022,0.658003890048325
"STP","Sao Tome and Principe",1995,0.658003890048325
"STP","Sao Tome and Principe",1996,0.658003890048325
"STP","Sao Tome and Principe",1997,0.658003890048325
"STP","Sao Tome and Principe",1998,0.658003890048325
"STP","Sao Tome and Principe",1999,0.658003890048325
"STP","Sao Tome and Principe",2000,0.658003890048325
"STP","Sao Tome and Principe",2001,0.658003890048325
"STP","Sao Tome and Principe",2002,0.658003890048325
"STP","Sao Tome and Principe",2003,0.658003890048325
"STP","Sao Tome and Principe",2004,0.658003890048325
"STP","Sao Tome and Principe",2005,0.658003890048325
"STP","Sao Tome and Principe",2006,0.658003890048325
"STP","Sao Tome and Principe",2007,0.658003890048325
"STP","Sao Tome and Principe",2008,0.658003890048325
"STP","Sao Tome and Principe",2009,0.658003890048325
"STP","Sao Tome and Principe",2010,0.658003890048325
"STP","Sao Tome and Principe",2011,0.658003890048325
"STP","Sao Tome and Principe",2012,0.658003890048325
"STP","Sao Tome and Principe",2013,0.658003890048325
"STP","Sao Tome and Principe",2014,0.658003890048325
"STP","Sao Tome and Principe",2015,0.658003890048325
"STP","Sao Tome and Principe",2016,0.658003890048325
"STP","Sao Tome and Principe",2017,0.658003890048325
"STP","Sao Tome and Principe",2018,0.658003890048325
"STP","Sao Tome and Principe",2019,0.658003890048325
"STP","Sao Tome and Principe",2020,0.658003890048325
"STP","Sao Tome and Principe",2021,0.658003890048325
"STP","Sao Tome and Principe",2022,0.658003890048325
"SAU","Saudi Arabia",1995,0.658197296211319
"SAU","Saudi Arabia",1996,0.658197296211319
"SAU","Saudi Arabia",1997,0.658197296211319
"SAU","Saudi Arabia",1998,0.658197296211319
"SAU","Saudi Arabia",1999,0.658197296211319
"SAU","Saudi Arabia",2000,0.658197296211319
"SAU","Saudi Arabia",2001,0.658197296211319
"SAU","Saudi Arabia",2002,0.658197296211319
"SAU","Saudi Arabia",2003,0.658197296211319
"SAU","Saudi Arabia",2004,0.658197296211319
"SAU","Saudi Arabia",2005,0.658197296211319
"SAU","Saudi Arabia",2006,0.658197296211319
"SAU","Saudi Arabia",2007,0.658197296211319
"SAU","Saudi Arabia",2008,0.658197296211319
"SAU","Saudi Arabia",2009,0.658197296211319
"SAU","Saudi Arabia",2010,0.658197296211319
"SAU","Saudi Arabia",2011,0.658197296211319
"SAU","Saudi Arabia",2012,0.658197296211319
"SAU","Saudi Arabia",2013,0.658197296211319
"SAU","Saudi Arabia",2014,0.658197296211319
"SAU","Saudi Arabia",2015,0.658197296211319
"SAU","Saudi Arabia",2016,0.658197296211319
"SAU","Saudi Arabia",2017,0.658197296211319
"SAU","Saudi Arabia",2018,0.658197296211319
"SAU","Saudi Arabia",2019,0.658197296211319
"SAU","Saudi Arabia",2020,0.658197296211319
"SAU","Saudi Arabia",2021,0.658197296211319
"SAU","Saudi Arabia",2022,0.658197296211319
"SEN","Senegal",1995,0.881582612393988
"SEN","Senegal",1996,0.881582612393988
"SEN","Senegal",1997,0.881582612393988
"SEN","Senegal",1998,0.881582612393988
"SEN","Senegal",1999,0.881582612393988
"SEN","Senegal",2000,0.881582612393988
"SEN","Senegal",2001,0.881582612393988
"SEN","Senegal",2002,0.881582612393988
"SEN","Senegal",2003,0.881582612393988
"SEN","Senegal",2004,0.881582612393988
"SEN","Senegal",2005,0.881582612393988
"SEN","Senegal",2006,0.881582612393988
"SEN","Senegal",2007,0.881582612393988
"SEN","Senegal",2008,0.881582612393988
"SEN","Senegal",2009,0.881582612393988
"SEN","Senegal",2010,0.881582612393988
"SEN","Senegal",2011,0.881582612393988
"SEN","Senegal",2012,0.881582612393988
"SEN","Senegal",2013,0.881582612393988
"SEN","Senegal",2014,0.881582612393988
"SEN","Senegal",2015,0.881582612393988
"SEN","Senegal",2016,0.881582612393988
"SEN","Senegal",2017,0.881582612393988
"SEN","Senegal",2018,0.881582612393988
"SEN","Senegal",2019,0.881582612393988
"SEN","Senegal",2020,0.881582612393988
"SEN","Senegal",2021,0.881582612393988
"SEN","Senegal",2022,0.881582612393988
"SRB","Serbia",1995,0.658003890048325
"SRB","Serbia",1996,0.658003890048325
"SRB","Serbia",1997,0.658003890048325
"SRB","Serbia",1998,0.658003890048325
"SRB","Serbia",1999,0.658003890048325
"SRB","Serbia",2000,0.658003890048325
"SRB","Serbia",2001,0.658003890048325
"SRB","Serbia",2002,0.658003890048325
"SRB","Serbia",2003,0.658003890048325
"SRB","Serbia",2004,0.658003890048325
"SRB","Serbia",2005,0.658003890048325
"SRB","Serbia",2006,0.658003890048325
"SRB","Serbia",2007,0.658003890048325
"SRB","Serbia",2008,0.658003890048325
"SRB","Serbia",2009,0.658003890048325
"SRB","Serbia",2010,0.658003890048325
"SRB","Serbia",2011,0.658003890048325
"SRB","Serbia",2012,0.658003890048325
"SRB","Serbia",2013,0.658003890048325
"SRB","Serbia",2014,0.658003890048325
"SRB","Serbia",2015,0.658003890048325
"SRB","Serbia",2016,0.658003890048325
"SRB","Serbia",2017,0.658003890048325
"SRB","Serbia",2018,0.658003890048325
"SRB","Serbia",2019,0.658003890048325
"SRB","Serbia",2020,0.658003890048325
"SRB","Serbia",2021,0.658003890048325
"SRB","Serbia",2022,0.658003890048325
"SYC","Seychelles",1995,0.658003890048325
"SYC","Seychelles",1996,0.658003890048325
"SYC","Seychelles",1997,0.658003890048325
"SYC","Seychelles",1998,0.658003890048325
"SYC","Seychelles",1999,0.658003890048325
"SYC","Seychelles",2000,0.658003890048325
"SYC","Seychelles",2001,0.658003890048325
"SYC","Seychelles",2002,0.658003890048325
"SYC","Seychelles",2003,0.658003890048325
"SYC","Seychelles",2004,0.658003890048325
"SYC","Seychelles",2005,0.658003890048325
"SYC","Seychelles",2006,0.658003890048325
"SYC","Seychelles",2007,0.658003890048325
"SYC","Seychelles",2008,0.658003890048325
"SYC","Seychelles",2009,0.658003890048325
"SYC","Seychelles",2010,0.658003890048325
"SYC","Seychelles",2011,0.658003890048325
"SYC","Seychelles",2012,0.658003890048325
"SYC","Seychelles",2013,0.658003890048325
"SYC","Seychelles",2014,0.658003890048325
"SYC","Seychelles",2015,0.658003890048325
"SYC","Seychelles",2016,0.658003890048325
"SYC","Seychelles",2017,0.658003890048325
"SYC","Seychelles",2018,0.658003890048325
"SYC","Seychelles",2019,0.658003890048325
"SYC","Seychelles",2020,0.658003890048325
"SYC","Seychelles",2021,0.658003890048325
"SYC","Seychelles",2022,0.658003890048325
"SLE","Sierra Leone",1995,0.392696968707663
"SLE","Sierra Leone",1996,0.392696968707663
"SLE","Sierra Leone",1997,0.392696968707663
"SLE","Sierra Leone",1998,0.392696968707663
"SLE","Sierra Leone",1999,0.392696968707663
"SLE","Sierra Leone",2000,0.392696968707663
"SLE","Sierra Leone",2001,0.392696968707663
"SLE","Sierra Leone",2002,0.392696968707663
"SLE","Sierra Leone",2003,0.392696968707663
"SLE","Sierra Leone",2004,0.392696968707663
"SLE","Sierra Leone",2005,0.392696968707663
"SLE","Sierra Leone",2006,0.392696968707663
"SLE","Sierra Leone",2007,0.392696968707663
"SLE","Sierra Leone",2008,0.392696968707663
"SLE","Sierra Leone",2009,0.392696968707663
"SLE","Sierra Leone",2010,0.392696968707663
"SLE","Sierra Leone",2011,0.392696968707663
"SLE","Sierra Leone",2012,0.392696968707663
"SLE","Sierra Leone",2013,0.392696968707663
"SLE","Sierra Leone",2014,0.392696968707663
"SLE","Sierra Leone",2015,0.392696968707663
"SLE","Sierra Leone",2016,0.392696968707663
"SLE","Sierra Leone",2017,0.392696968707663
"SLE","Sierra Leone",2018,0.392696968707663
"SLE","Sierra Leone",2019,0.392696968707663
"SLE","Sierra Leone",2020,0.392696968707663
"SLE","Sierra Leone",2021,0.392696968707663
"SLE","Sierra Leone",2022,0.392696968707663
"SGP","Singapore",1995,0.658003890048325
"SGP","Singapore",1996,0.658003890048325
"SGP","Singapore",1997,0.658003890048325
"SGP","Singapore",1998,0.658003890048325
"SGP","Singapore",1999,0.658003890048325
"SGP","Singapore",2000,0.658003890048325
"SGP","Singapore",2001,0.658003890048325
"SGP","Singapore",2002,0.658003890048325
"SGP","Singapore",2003,0.658003890048325
"SGP","Singapore",2004,0.658003890048325
"SGP","Singapore",2005,0.658003890048325
"SGP","Singapore",2006,0.658003890048325
"SGP","Singapore",2007,0.658003890048325
"SGP","Singapore",2008,0.658003890048325
"SGP","Singapore",2009,0.658003890048325
"SGP","Singapore",2010,0.658003890048325
"SGP","Singapore",2011,0.658003890048325
"SGP","Singapore",2012,0.658003890048325
"SGP","Singapore",2013,0.658003890048325
"SGP","Singapore",2014,0.658003890048325
"SGP","Singapore",2015,0.658003890048325
"SGP","Singapore",2016,0.658003890048325
"SGP","Singapore",2017,0.658003890048325
"SGP","Singapore",2018,0.658003890048325
"SGP","Singapore",2019,0.658003890048325
"SGP","Singapore",2020,0.658003890048325
"SGP","Singapore",2021,0.658003890048325
"SGP","Singapore",2022,0.658003890048325
"SVK","Slovakia",1995,0.658003890048325
"SVK","Slovakia",1996,0.658003890048325
"SVK","Slovakia",1997,0.658003890048325
"SVK","Slovakia",1998,0.658003890048325
"SVK","Slovakia",1999,0.658003890048325
"SVK","Slovakia",2000,0.658003890048325
"SVK","Slovakia",2001,0.658003890048325
"SVK","Slovakia",2002,0.658003890048325
"SVK","Slovakia",2003,0.658003890048325
"SVK","Slovakia",2004,0.658003890048325
"SVK","Slovakia",2005,0.658003890048325
"SVK","Slovakia",2006,0.658003890048325
"SVK","Slovakia",2007,0.658003890048325
"SVK","Slovakia",2008,0.658003890048325
"SVK","Slovakia",2009,0.658003890048325
"SVK","Slovakia",2010,0.658003890048325
"SVK","Slovakia",2011,0.658003890048325
"SVK","Slovakia",2012,0.658003890048325
"SVK","Slovakia",2013,0.658003890048325
"SVK","Slovakia",2014,0.658003890048325
"SVK","Slovakia",2015,0.658003890048325
"SVK","Slovakia",2016,0.658003890048325
"SVK","Slovakia",2017,0.658003890048325
"SVK","Slovakia",2018,0.658003890048325
"SVK","Slovakia",2019,0.658003890048325
"SVK","Slovakia",2020,0.658003890048325
"SVK","Slovakia",2021,0.658003890048325
"SVK","Slovakia",2022,0.658003890048325
"SVN","Slovenia",1995,0.658003890048325
"SVN","Slovenia",1996,0.658003890048325
"SVN","Slovenia",1997,0.658003890048325
"SVN","Slovenia",1998,0.658003890048325
"SVN","Slovenia",1999,0.658003890048325
"SVN","Slovenia",2000,0.658003890048325
"SVN","Slovenia",2001,0.658003890048325
"SVN","Slovenia",2002,0.658003890048325
"SVN","Slovenia",2003,0.658003890048325
"SVN","Slovenia",2004,0.658003890048325
"SVN","Slovenia",2005,0.658003890048325
"SVN","Slovenia",2006,0.658003890048325
"SVN","Slovenia",2007,0.658003890048325
"SVN","Slovenia",2008,0.658003890048325
"SVN","Slovenia",2009,0.658003890048325
"SVN","Slovenia",2010,0.658003890048325
"SVN","Slovenia",2011,0.658003890048325
"SVN","Slovenia",2012,0.658003890048325
"SVN","Slovenia",2013,0.658003890048325
"SVN","Slovenia",2014,0.658003890048325
"SVN","Slovenia",2015,0.658003890048325
"SVN","Slovenia",2016,0.658003890048325
"SVN","Slovenia",2017,0.658003890048325
"SVN","Slovenia",2018,0.658003890048325
"SVN","Slovenia",2019,0.658003890048325
"SVN","Slovenia",2020,0.658003890048325
"SVN","Slovenia",2021,0.658003890048325
"SVN","Slovenia",2022,0.658003890048325
"SLB","Solomon Islands",1995,0.746512302562009
"SLB","Solomon Islands",1996,0.746512302562009
"SLB","Solomon Islands",1997,0.746512302562009
"SLB","Solomon Islands",1998,0.746512302562009
"SLB","Solomon Islands",1999,0.746512302562009
"SLB","Solomon Islands",2000,0.746512302562009
"SLB","Solomon Islands",2001,0.746512302562009
"SLB","Solomon Islands",2002,0.746512302562009
"SLB","Solomon Islands",2003,0.746512302562009
"SLB","Solomon Islands",2004,0.746512302562009
"SLB","Solomon Islands",2005,0.746512302562009
"SLB","Solomon Islands",2006,0.746512302562009
"SLB","Solomon Islands",2007,0.746512302562009
"SLB","Solomon Islands",2008,0.746512302562009
"SLB","Solomon Islands",2009,0.746512302562009
"SLB","Solomon Islands",2010,0.746512302562009
"SLB","Solomon Islands",2011,0.746512302562009
"SLB","Solomon Islands",2012,0.746512302562009
"SLB","Solomon Islands",2013,0.746512302562009
"SLB","Solomon Islands",2014,0.746512302562009
"SLB","Solomon Islands",2015,0.746512302562009
"SLB","Solomon Islands",2016,0.746512302562009
"SLB","Solomon Islands",2017,0.746512302562009
"SLB","Solomon Islands",2018,0.746512302562009
"SLB","Solomon Islands",2019,0.746512302562009
"SLB","Solomon Islands",2020,0.746512302562009
"SLB","Solomon Islands",2021,0.746512302562009
"SLB","Solomon Islands",2022,0.746512302562009
"SOM","Somalia",1995,1
"SOM","Somalia",1996,1
"SOM","Somalia",1997,1
"SOM","Somalia",1998,1
"SOM","Somalia",1999,1
"SOM","Somalia",2000,1
"SOM","Somalia",2001,1
"SOM","Somalia",2002,1
"SOM","Somalia",2003,1
"SOM","Somalia",2004,1
"SOM","Somalia",2005,1
"SOM","Somalia",2006,1
"SOM","Somalia",2007,1
"SOM","Somalia",2008,1
"SOM","Somalia",2009,1
"SOM","Somalia",2010,1
"SOM","Somalia",2011,1
"SOM","Somalia",2012,1
"SOM","Somalia",2013,1
"SOM","Somalia",2014,1
"SOM","Somalia",2015,1
"SOM","Somalia",2016,1
"SOM","Somalia",2017,1
"SOM","Somalia",2018,1
"SOM","Somalia",2019,1
"SOM","Somalia",2020,1
"SOM","Somalia",2021,1
"SOM","Somalia",2022,1
"ZAF","South Africa",1995,0.665094461356764
"ZAF","South Africa",1996,0.665094461356764
"ZAF","South Africa",1997,0.665094461356764
"ZAF","South Africa",1998,0.665094461356764
"ZAF","South Africa",1999,0.665094461356764
"ZAF","South Africa",2000,0.665094461356764
"ZAF","South Africa",2001,0.665094461356764
"ZAF","South Africa",2002,0.665094461356764
"ZAF","South Africa",2003,0.665094461356764
"ZAF","South Africa",2004,0.665094461356764
"ZAF","South Africa",2005,0.665094461356764
"ZAF","South Africa",2006,0.665094461356764
"ZAF","South Africa",2007,0.665094461356764
"ZAF","South Africa",2008,0.665094461356764
"ZAF","South Africa",2009,0.665094461356764
"ZAF","South Africa",2010,0.665094461356764
"ZAF","South Africa",2011,0.665094461356764
"ZAF","South Africa",2012,0.665094461356764
"ZAF","South Africa",2013,0.665094461356764
"ZAF","South Africa",2014,0.665094461356764
"ZAF","South Africa",2015,0.665094461356764
"ZAF","South Africa",2016,0.665094461356764
"ZAF","South Africa",2017,0.665094461356764
"ZAF","South Africa",2018,0.665094461356764
"ZAF","South Africa",2019,0.665094461356764
"ZAF","South Africa",2020,0.665094461356764
"ZAF","South Africa",2021,0.665094461356764
"ZAF","South Africa",2022,0.665094461356764
"ESP","Spain",1995,0.658003890048325
"ESP","Spain",1996,0.658003890048325
"ESP","Spain",1997,0.658003890048325
"ESP","Spain",1998,0.658003890048325
"ESP","Spain",1999,0.658003890048325
"ESP","Spain",2000,0.658003890048325
"ESP","Spain",2001,0.658003890048325
"ESP","Spain",2002,0.658003890048325
"ESP","Spain",2003,0.658003890048325
"ESP","Spain",2004,0.658003890048325
"ESP","Spain",2005,0.658003890048325
"ESP","Spain",2006,0.658003890048325
"ESP","Spain",2007,0.658003890048325
"ESP","Spain",2008,0.658003890048325
"ESP","Spain",2009,0.658003890048325
"ESP","Spain",2010,0.658003890048325
"ESP","Spain",2011,0.658003890048325
"ESP","Spain",2012,0.658003890048325
"ESP","Spain",2013,0.658003890048325
"ESP","Spain",2014,0.658003890048325
"ESP","Spain",2015,0.658003890048325
"ESP","Spain",2016,0.658003890048325
"ESP","Spain",2017,0.658003890048325
"ESP","Spain",2018,0.658003890048325
"ESP","Spain",2019,0.658003890048325
"ESP","Spain",2020,0.658003890048325
"ESP","Spain",2021,0.658003890048325
"ESP","Spain",2022,0.658003890048325
"LKA","Sri Lanka",1995,0.658043306713287
"LKA","Sri Lanka",1996,0.658043306713287
"LKA","Sri Lanka",1997,0.658043306713287
"LKA","Sri Lanka",1998,0.658043306713287
"LKA","Sri Lanka",1999,0.658043306713287
"LKA","Sri Lanka",2000,0.658043306713287
"LKA","Sri Lanka",2001,0.658043306713287
"LKA","Sri Lanka",2002,0.658043306713287
"LKA","Sri Lanka",2003,0.658043306713287
"LKA","Sri Lanka",2004,0.658043306713287
"LKA","Sri Lanka",2005,0.658043306713287
"LKA","Sri Lanka",2006,0.658043306713287
"LKA","Sri Lanka",2007,0.658043306713287
"LKA","Sri Lanka",2008,0.658043306713287
"LKA","Sri Lanka",2009,0.658043306713287
"LKA","Sri Lanka",2010,0.658043306713287
"LKA","Sri Lanka",2011,0.658043306713287
"LKA","Sri Lanka",2012,0.658043306713287
"LKA","Sri Lanka",2013,0.658043306713287
"LKA","Sri Lanka",2014,0.658043306713287
"LKA","Sri Lanka",2015,0.658043306713287
"LKA","Sri Lanka",2016,0.658043306713287
"LKA","Sri Lanka",2017,0.658043306713287
"LKA","Sri Lanka",2018,0.658043306713287
"LKA","Sri Lanka",2019,0.658043306713287
"LKA","Sri Lanka",2020,0.658043306713287
"LKA","Sri Lanka",2021,0.658043306713287
"LKA","Sri Lanka",2022,0.658043306713287
"SDN","Sudan",1995,0.9186845673804
"SDN","Sudan",1996,0.9186845673804
"SDN","Sudan",1997,0.9186845673804
"SDN","Sudan",1998,0.9186845673804
"SDN","Sudan",1999,0.9186845673804
"SDN","Sudan",2000,0.9186845673804
"SDN","Sudan",2001,0.9186845673804
"SDN","Sudan",2002,0.9186845673804
"SDN","Sudan",2003,0.9186845673804
"SDN","Sudan",2004,0.9186845673804
"SDN","Sudan",2005,0.9186845673804
"SDN","Sudan",2006,0.9186845673804
"SDN","Sudan",2007,0.9186845673804
"SDN","Sudan",2008,0.9186845673804
"SDN","Sudan",2009,0.9186845673804
"SDN","Sudan",2010,0.9186845673804
"SDN","Sudan",2011,0.9186845673804
"SDN","Sudan",2012,0.9186845673804
"SDN","Sudan",2013,0.9186845673804
"SDN","Sudan",2014,0.9186845673804
"SDN","Sudan",2015,0.9186845673804
"SDN","Sudan",2016,0.9186845673804
"SDN","Sudan",2017,0.9186845673804
"SDN","Sudan",2018,0.9186845673804
"SDN","Sudan",2019,0.9186845673804
"SDN","Sudan",2020,0.9186845673804
"SDN","Sudan",2021,0.9186845673804
"SDN","Sudan",2022,0.9186845673804
"SUR","Suriname",1995,0.656661132667972
"SUR","Suriname",1996,0.656661132667972
"SUR","Suriname",1997,0.656661132667972
"SUR","Suriname",1998,0.656661132667972
"SUR","Suriname",1999,0.656661132667972
"SUR","Suriname",2000,0.656661132667972
"SUR","Suriname",2001,0.656661132667972
"SUR","Suriname",2002,0.656661132667972
"SUR","Suriname",2003,0.656661132667972
"SUR","Suriname",2004,0.656661132667972
"SUR","Suriname",2005,0.656661132667972
"SUR","Suriname",2006,0.656661132667972
"SUR","Suriname",2007,0.656661132667972
"SUR","Suriname",2008,0.656661132667972
"SUR","Suriname",2009,0.656661132667972
"SUR","Suriname",2010,0.656661132667972
"SUR","Suriname",2011,0.656661132667972
"SUR","Suriname",2012,0.656661132667972
"SUR","Suriname",2013,0.656661132667972
"SUR","Suriname",2014,0.656661132667972
"SUR","Suriname",2015,0.656661132667972
"SUR","Suriname",2016,0.656661132667972
"SUR","Suriname",2017,0.656661132667972
"SUR","Suriname",2018,0.656661132667972
"SUR","Suriname",2019,0.656661132667972
"SUR","Suriname",2020,0.656661132667972
"SUR","Suriname",2021,0.656661132667972
"SUR","Suriname",2022,0.656661132667972
"SWZ","Swaziland",1995,0.663304479936671
"SWZ","Swaziland",1996,0.663304479936671
"SWZ","Swaziland",1997,0.663304479936671
"SWZ","Swaziland",1998,0.663304479936671
"SWZ","Swaziland",1999,0.663304479936671
"SWZ","Swaziland",2000,0.663304479936671
"SWZ","Swaziland",2001,0.663304479936671
"SWZ","Swaziland",2002,0.663304479936671
"SWZ","Swaziland",2003,0.663304479936671
"SWZ","Swaziland",2004,0.663304479936671
"SWZ","Swaziland",2005,0.663304479936671
"SWZ","Swaziland",2006,0.663304479936671
"SWZ","Swaziland",2007,0.663304479936671
"SWZ","Swaziland",2008,0.663304479936671
"SWZ","Swaziland",2009,0.663304479936671
"SWZ","Swaziland",2010,0.663304479936671
"SWZ","Swaziland",2011,0.663304479936671
"SWZ","Swaziland",2012,0.663304479936671
"SWZ","Swaziland",2013,0.663304479936671
"SWZ","Swaziland",2014,0.663304479936671
"SWZ","Swaziland",2015,0.663304479936671
"SWZ","Swaziland",2016,0.663304479936671
"SWZ","Swaziland",2017,0.663304479936671
"SWZ","Swaziland",2018,0.663304479936671
"SWZ","Swaziland",2019,0.663304479936671
"SWZ","Swaziland",2020,0.663304479936671
"SWZ","Swaziland",2021,0.663304479936671
"SWZ","Swaziland",2022,0.663304479936671
"SWE","Sweden",1995,0.658003890048325
"SWE","Sweden",1996,0.658003890048325
"SWE","Sweden",1997,0.658003890048325
"SWE","Sweden",1998,0.658003890048325
"SWE","Sweden",1999,0.658003890048325
"SWE","Sweden",2000,0.658003890048325
"SWE","Sweden",2001,0.658003890048325
"SWE","Sweden",2002,0.658003890048325
"SWE","Sweden",2003,0.658003890048325
"SWE","Sweden",2004,0.658003890048325
"SWE","Sweden",2005,0.658003890048325
"SWE","Sweden",2006,0.658003890048325
"SWE","Sweden",2007,0.658003890048325
"SWE","Sweden",2008,0.658003890048325
"SWE","Sweden",2009,0.658003890048325
"SWE","Sweden",2010,0.658003890048325
"SWE","Sweden",2011,0.658003890048325
"SWE","Sweden",2012,0.658003890048325
"SWE","Sweden",2013,0.658003890048325
"SWE","Sweden",2014,0.658003890048325
"SWE","Sweden",2015,0.658003890048325
"SWE","Sweden",2016,0.658003890048325
"SWE","Sweden",2017,0.658003890048325
"SWE","Sweden",2018,0.658003890048325
"SWE","Sweden",2019,0.658003890048325
"SWE","Sweden",2020,0.658003890048325
"SWE","Sweden",2021,0.658003890048325
"SWE","Sweden",2022,0.658003890048325
"CHE","Switzerland",1995,0.658003890048325
"CHE","Switzerland",1996,0.658003890048325
"CHE","Switzerland",1997,0.658003890048325
"CHE","Switzerland",1998,0.658003890048325
"CHE","Switzerland",1999,0.658003890048325
"CHE","Switzerland",2000,0.658003890048325
"CHE","Switzerland",2001,0.658003890048325
"CHE","Switzerland",2002,0.658003890048325
"CHE","Switzerland",2003,0.658003890048325
"CHE","Switzerland",2004,0.658003890048325
"CHE","Switzerland",2005,0.658003890048325
"CHE","Switzerland",2006,0.658003890048325
"CHE","Switzerland",2007,0.658003890048325
"CHE","Switzerland",2008,0.658003890048325
"CHE","Switzerland",2009,0.658003890048325
"CHE","Switzerland",2010,0.658003890048325
"CHE","Switzerland",2011,0.658003890048325
"CHE","Switzerland",2012,0.658003890048325
"CHE","Switzerland",2013,0.658003890048325
"CHE","Switzerland",2014,0.658003890048325
"CHE","Switzerland",2015,0.658003890048325
"CHE","Switzerland",2016,0.658003890048325
"CHE","Switzerland",2017,0.658003890048325
"CHE","Switzerland",2018,0.658003890048325
"CHE","Switzerland",2019,0.658003890048325
"CHE","Switzerland",2020,0.658003890048325
"CHE","Switzerland",2021,0.658003890048325
"CHE","Switzerland",2022,0.658003890048325
"SYR","Syrian Arab Republic",1995,0.658003890048325
"SYR","Syrian Arab Republic",1996,0.658003890048325
"SYR","Syrian Arab Republic",1997,0.658003890048325
"SYR","Syrian Arab Republic",1998,0.658003890048325
"SYR","Syrian Arab Republic",1999,0.658003890048325
"SYR","Syrian Arab Republic",2000,0.658003890048325
"SYR","Syrian Arab Republic",2001,0.658003890048325
"SYR","Syrian Arab Republic",2002,0.658003890048325
"SYR","Syrian Arab Republic",2003,0.658003890048325
"SYR","Syrian Arab Republic",2004,0.658003890048325
"SYR","Syrian Arab Republic",2005,0.658003890048325
"SYR","Syrian Arab Republic",2006,0.658003890048325
"SYR","Syrian Arab Republic",2007,0.658003890048325
"SYR","Syrian Arab Republic",2008,0.658003890048325
"SYR","Syrian Arab Republic",2009,0.658003890048325
"SYR","Syrian Arab Republic",2010,0.658003890048325
"SYR","Syrian Arab Republic",2011,0.658003890048325
"SYR","Syrian Arab Republic",2012,0.658003890048325
"SYR","Syrian Arab Republic",2013,0.658003890048325
"SYR","Syrian Arab Republic",2014,0.658003890048325
"SYR","Syrian Arab Republic",2015,0.658003890048325
"SYR","Syrian Arab Republic",2016,0.658003890048325
"SYR","Syrian Arab Republic",2017,0.658003890048325
"SYR","Syrian Arab Republic",2018,0.658003890048325
"SYR","Syrian Arab Republic",2019,0.658003890048325
"SYR","Syrian Arab Republic",2020,0.658003890048325
"SYR","Syrian Arab Republic",2021,0.658003890048325
"SYR","Syrian Arab Republic",2022,0.658003890048325
"TJK","Tajikistan",1995,0.658249274953324
"TJK","Tajikistan",1996,0.658249274953324
"TJK","Tajikistan",1997,0.658249274953324
"TJK","Tajikistan",1998,0.658249274953324
"TJK","Tajikistan",1999,0.658249274953324
"TJK","Tajikistan",2000,0.658249274953324
"TJK","Tajikistan",2001,0.658249274953324
"TJK","Tajikistan",2002,0.658249274953324
"TJK","Tajikistan",2003,0.658249274953324
"TJK","Tajikistan",2004,0.658249274953324
"TJK","Tajikistan",2005,0.658249274953324
"TJK","Tajikistan",2006,0.658249274953324
"TJK","Tajikistan",2007,0.658249274953324
"TJK","Tajikistan",2008,0.658249274953324
"TJK","Tajikistan",2009,0.658249274953324
"TJK","Tajikistan",2010,0.658249274953324
"TJK","Tajikistan",2011,0.658249274953324
"TJK","Tajikistan",2012,0.658249274953324
"TJK","Tajikistan",2013,0.658249274953324
"TJK","Tajikistan",2014,0.658249274953324
"TJK","Tajikistan",2015,0.658249274953324
"TJK","Tajikistan",2016,0.658249274953324
"TJK","Tajikistan",2017,0.658249274953324
"TJK","Tajikistan",2018,0.658249274953324
"TJK","Tajikistan",2019,0.658249274953324
"TJK","Tajikistan",2020,0.658249274953324
"TJK","Tajikistan",2021,0.658249274953324
"TJK","Tajikistan",2022,0.658249274953324
"TZA","Tanzania, United Republic of",1995,1
"TZA","Tanzania, United Republic of",1996,1
"TZA","Tanzania, United Republic of",1997,1
"TZA","Tanzania, United Republic of",1998,1
"TZA","Tanzania, United Republic of",1999,1
"TZA","Tanzania, United Republic of",2000,1
"TZA","Tanzania, United Republic of",2001,1
"TZA","Tanzania, United Republic of",2002,1
"TZA","Tanzania, United Republic of",2003,1
"TZA","Tanzania, United Republic of",2004,1
"TZA","Tanzania, United Republic of",2005,1
"TZA","Tanzania, United Republic of",2006,1
"TZA","Tanzania, United Republic of",2007,1
"TZA","Tanzania, United Republic of",2008,1
"TZA","Tanzania, United Republic of",2009,1
"TZA","Tanzania, United Republic of",2010,1
"TZA","Tanzania, United Republic of",2011,1
"TZA","Tanzania, United Republic of",2012,1
"TZA","Tanzania, United Republic of",2013,1
"TZA","Tanzania, United Republic of",2014,1
"TZA","Tanzania, United Republic of",2015,1
"TZA","Tanzania, United Republic of",2016,1
"TZA","Tanzania, United Republic of",2017,1
"TZA","Tanzania, United Republic of",2018,1
"TZA","Tanzania, United Republic of",2019,1
"TZA","Tanzania, United Republic of",2020,1
"TZA","Tanzania, United Republic of",2021,1
"TZA","Tanzania, United Republic of",2022,1
"THA","Thailand",1995,0.665158306598992
"THA","Thailand",1996,0.665158306598992
"THA","Thailand",1997,0.665158306598992
"THA","Thailand",1998,0.665158306598992
"THA","Thailand",1999,0.665158306598992
"THA","Thailand",2000,0.665158306598992
"THA","Thailand",2001,0.665158306598992
"THA","Thailand",2002,0.665158306598992
"THA","Thailand",2003,0.665158306598992
"THA","Thailand",2004,0.665158306598992
"THA","Thailand",2005,0.665158306598992
"THA","Thailand",2006,0.665158306598992
"THA","Thailand",2007,0.665158306598992
"THA","Thailand",2008,0.665158306598992
"THA","Thailand",2009,0.665158306598992
"THA","Thailand",2010,0.665158306598992
"THA","Thailand",2011,0.665158306598992
"THA","Thailand",2012,0.665158306598992
"THA","Thailand",2013,0.665158306598992
"THA","Thailand",2014,0.665158306598992
"THA","Thailand",2015,0.665158306598992
"THA","Thailand",2016,0.665158306598992
"THA","Thailand",2017,0.665158306598992
"THA","Thailand",2018,0.665158306598992
"THA","Thailand",2019,0.665158306598992
"THA","Thailand",2020,0.665158306598992
"THA","Thailand",2021,0.665158306598992
"THA","Thailand",2022,0.665158306598992
"TLS","Timor-Leste",1995,0.327919080869955
"TLS","Timor-Leste",1996,0.327919080869955
"TLS","Timor-Leste",1997,0.327919080869955
"TLS","Timor-Leste",1998,0.327919080869955
"TLS","Timor-Leste",1999,0.327919080869955
"TLS","Timor-Leste",2000,0.327919080869955
"TLS","Timor-Leste",2001,0.327919080869955
"TLS","Timor-Leste",2002,0.327919080869955
"TLS","Timor-Leste",2003,0.327919080869955
"TLS","Timor-Leste",2004,0.327919080869955
"TLS","Timor-Leste",2005,0.327919080869955
"TLS","Timor-Leste",2006,0.327919080869955
"TLS","Timor-Leste",2007,0.327919080869955
"TLS","Timor-Leste",2008,0.327919080869955
"TLS","Timor-Leste",2009,0.327919080869955
"TLS","Timor-Leste",2010,0.327919080869955
"TLS","Timor-Leste",2011,0.327919080869955
"TLS","Timor-Leste",2012,0.327919080869955
"TLS","Timor-Leste",2013,0.327919080869955
"TLS","Timor-Leste",2014,0.327919080869955
"TLS","Timor-Leste",2015,0.327919080869955
"TLS","Timor-Leste",2016,0.327919080869955
"TLS","Timor-Leste",2017,0.327919080869955
"TLS","Timor-Leste",2018,0.327919080869955
"TLS","Timor-Leste",2019,0.327919080869955
"TLS","Timor-Leste",2020,0.327919080869955
"TLS","Timor-Leste",2021,0.327919080869955
"TLS","Timor-Leste",2022,0.327919080869955
"TGO","Togo",1995,0.23679518935052
"TGO","Togo",1996,0.23679518935052
"TGO","Togo",1997,0.23679518935052
"TGO","Togo",1998,0.23679518935052
"TGO","Togo",1999,0.23679518935052
"TGO","Togo",2000,0.23679518935052
"TGO","Togo",2001,0.23679518935052
"TGO","Togo",2002,0.23679518935052
"TGO","Togo",2003,0.23679518935052
"TGO","Togo",2004,0.23679518935052
"TGO","Togo",2005,0.23679518935052
"TGO","Togo",2006,0.23679518935052
"TGO","Togo",2007,0.23679518935052
"TGO","Togo",2008,0.23679518935052
"TGO","Togo",2009,0.23679518935052
"TGO","Togo",2010,0.23679518935052
"TGO","Togo",2011,0.23679518935052
"TGO","Togo",2012,0.23679518935052
"TGO","Togo",2013,0.23679518935052
"TGO","Togo",2014,0.23679518935052
"TGO","Togo",2015,0.23679518935052
"TGO","Togo",2016,0.23679518935052
"TGO","Togo",2017,0.23679518935052
"TGO","Togo",2018,0.23679518935052
"TGO","Togo",2019,0.23679518935052
"TGO","Togo",2020,0.23679518935052
"TGO","Togo",2021,0.23679518935052
"TGO","Togo",2022,0.23679518935052
"TON","Tonga",1995,0.658003890048325
"TON","Tonga",1996,0.658003890048325
"TON","Tonga",1997,0.658003890048325
"TON","Tonga",1998,0.658003890048325
"TON","Tonga",1999,0.658003890048325
"TON","Tonga",2000,0.658003890048325
"TON","Tonga",2001,0.658003890048325
"TON","Tonga",2002,0.658003890048325
"TON","Tonga",2003,0.658003890048325
"TON","Tonga",2004,0.658003890048325
"TON","Tonga",2005,0.658003890048325
"TON","Tonga",2006,0.658003890048325
"TON","Tonga",2007,0.658003890048325
"TON","Tonga",2008,0.658003890048325
"TON","Tonga",2009,0.658003890048325
"TON","Tonga",2010,0.658003890048325
"TON","Tonga",2011,0.658003890048325
"TON","Tonga",2012,0.658003890048325
"TON","Tonga",2013,0.658003890048325
"TON","Tonga",2014,0.658003890048325
"TON","Tonga",2015,0.658003890048325
"TON","Tonga",2016,0.658003890048325
"TON","Tonga",2017,0.658003890048325
"TON","Tonga",2018,0.658003890048325
"TON","Tonga",2019,0.658003890048325
"TON","Tonga",2020,0.658003890048325
"TON","Tonga",2021,0.658003890048325
"TON","Tonga",2022,0.658003890048325
"TTO","Trinidad and Tobago",1995,0.658003890048325
"TTO","Trinidad and Tobago",1996,0.658003890048325
"TTO","Trinidad and Tobago",1997,0.658003890048325
"TTO","Trinidad and Tobago",1998,0.658003890048325
"TTO","Trinidad and Tobago",1999,0.658003890048325
"TTO","Trinidad and Tobago",2000,0.658003890048325
"TTO","Trinidad and Tobago",2001,0.658003890048325
"TTO","Trinidad and Tobago",2002,0.658003890048325
"TTO","Trinidad and Tobago",2003,0.658003890048325
"TTO","Trinidad and Tobago",2004,0.658003890048325
"TTO","Trinidad and Tobago",2005,0.658003890048325
"TTO","Trinidad and Tobago",2006,0.658003890048325
"TTO","Trinidad and Tobago",2007,0.658003890048325
"TTO","Trinidad and Tobago",2008,0.658003890048325
"TTO","Trinidad and Tobago",2009,0.658003890048325
"TTO","Trinidad and Tobago",2010,0.658003890048325
"TTO","Trinidad and Tobago",2011,0.658003890048325
"TTO","Trinidad and Tobago",2012,0.658003890048325
"TTO","Trinidad and Tobago",2013,0.658003890048325
"TTO","Trinidad and Tobago",2014,0.658003890048325
"TTO","Trinidad and Tobago",2015,0.658003890048325
"TTO","Trinidad and Tobago",2016,0.658003890048325
"TTO","Trinidad and Tobago",2017,0.658003890048325
"TTO","Trinidad and Tobago",2018,0.658003890048325
"TTO","Trinidad and Tobago",2019,0.658003890048325
"TTO","Trinidad and Tobago",2020,0.658003890048325
"TTO","Trinidad and Tobago",2021,0.658003890048325
"TTO","Trinidad and Tobago",2022,0.658003890048325
"TUN","Tunisia",1995,0.658003890048325
"TUN","Tunisia",1996,0.658003890048325
"TUN","Tunisia",1997,0.658003890048325
"TUN","Tunisia",1998,0.658003890048325
"TUN","Tunisia",1999,0.658003890048325
"TUN","Tunisia",2000,0.658003890048325
"TUN","Tunisia",2001,0.658003890048325
"TUN","Tunisia",2002,0.658003890048325
"TUN","Tunisia",2003,0.658003890048325
"TUN","Tunisia",2004,0.658003890048325
"TUN","Tunisia",2005,0.658003890048325
"TUN","Tunisia",2006,0.658003890048325
"TUN","Tunisia",2007,0.658003890048325
"TUN","Tunisia",2008,0.658003890048325
"TUN","Tunisia",2009,0.658003890048325
"TUN","Tunisia",2010,0.658003890048325
"TUN","Tunisia",2011,0.658003890048325
"TUN","Tunisia",2012,0.658003890048325
"TUN","Tunisia",2013,0.658003890048325
"TUN","Tunisia",2014,0.658003890048325
"TUN","Tunisia",2015,0.658003890048325
"TUN","Tunisia",2016,0.658003890048325
"TUN","Tunisia",2017,0.658003890048325
"TUN","Tunisia",2018,0.658003890048325
"TUN","Tunisia",2019,0.658003890048325
"TUN","Tunisia",2020,0.658003890048325
"TUN","Tunisia",2021,0.658003890048325
"TUN","Tunisia",2022,0.658003890048325
"TUR","Turkey",1995,0.658006857842756
"TUR","Turkey",1996,0.658006857842756
"TUR","Turkey",1997,0.658006857842756
"TUR","Turkey",1998,0.658006857842756
"TUR","Turkey",1999,0.658006857842756
"TUR","Turkey",2000,0.658006857842756
"TUR","Turkey",2001,0.658006857842756
"TUR","Turkey",2002,0.658006857842756
"TUR","Turkey",2003,0.658006857842756
"TUR","Turkey",2004,0.658006857842756
"TUR","Turkey",2005,0.658006857842756
"TUR","Turkey",2006,0.658006857842756
"TUR","Turkey",2007,0.658006857842756
"TUR","Turkey",2008,0.658006857842756
"TUR","Turkey",2009,0.658006857842756
"TUR","Turkey",2010,0.658006857842756
"TUR","Turkey",2011,0.658006857842756
"TUR","Turkey",2012,0.658006857842756
"TUR","Turkey",2013,0.658006857842756
"TUR","Turkey",2014,0.658006857842756
"TUR","Turkey",2015,0.658006857842756
"TUR","Turkey",2016,0.658006857842756
"TUR","Turkey",2017,0.658006857842756
"TUR","Turkey",2018,0.658006857842756
"TUR","Turkey",2019,0.658006857842756
"TUR","Turkey",2020,0.658006857842756
"TUR","Turkey",2021,0.658006857842756
"TUR","Turkey",2022,0.658006857842756
"TKM","Turkmenistan",1995,0.658003890048325
"TKM","Turkmenistan",1996,0.658003890048325
"TKM","Turkmenistan",1997,0.658003890048325
"TKM","Turkmenistan",1998,0.658003890048325
"TKM","Turkmenistan",1999,0.658003890048325
"TKM","Turkmenistan",2000,0.658003890048325
"TKM","Turkmenistan",2001,0.658003890048325
"TKM","Turkmenistan",2002,0.658003890048325
"TKM","Turkmenistan",2003,0.658003890048325
"TKM","Turkmenistan",2004,0.658003890048325
"TKM","Turkmenistan",2005,0.658003890048325
"TKM","Turkmenistan",2006,0.658003890048325
"TKM","Turkmenistan",2007,0.658003890048325
"TKM","Turkmenistan",2008,0.658003890048325
"TKM","Turkmenistan",2009,0.658003890048325
"TKM","Turkmenistan",2010,0.658003890048325
"TKM","Turkmenistan",2011,0.658003890048325
"TKM","Turkmenistan",2012,0.658003890048325
"TKM","Turkmenistan",2013,0.658003890048325
"TKM","Turkmenistan",2014,0.658003890048325
"TKM","Turkmenistan",2015,0.658003890048325
"TKM","Turkmenistan",2016,0.658003890048325
"TKM","Turkmenistan",2017,0.658003890048325
"TKM","Turkmenistan",2018,0.658003890048325
"TKM","Turkmenistan",2019,0.658003890048325
"TKM","Turkmenistan",2020,0.658003890048325
"TKM","Turkmenistan",2021,0.658003890048325
"TKM","Turkmenistan",2022,0.658003890048325
"TUV","Tuvalu",1995,0.658003890048325
"TUV","Tuvalu",1996,0.658003890048325
"TUV","Tuvalu",1997,0.658003890048325
"TUV","Tuvalu",1998,0.658003890048325
"TUV","Tuvalu",1999,0.658003890048325
"TUV","Tuvalu",2000,0.658003890048325
"TUV","Tuvalu",2001,0.658003890048325
"TUV","Tuvalu",2002,0.658003890048325
"TUV","Tuvalu",2003,0.658003890048325
"TUV","Tuvalu",2004,0.658003890048325
"TUV","Tuvalu",2005,0.658003890048325
"TUV","Tuvalu",2006,0.658003890048325
"TUV","Tuvalu",2007,0.658003890048325
"TUV","Tuvalu",2008,0.658003890048325
"TUV","Tuvalu",2009,0.658003890048325
"TUV","Tuvalu",2010,0.658003890048325
"TUV","Tuvalu",2011,0.658003890048325
"TUV","Tuvalu",2012,0.658003890048325
"TUV","Tuvalu",2013,0.658003890048325
"TUV","Tuvalu",2014,0.658003890048325
"TUV","Tuvalu",2015,0.658003890048325
"TUV","Tuvalu",2016,0.658003890048325
"TUV","Tuvalu",2017,0.658003890048325
"TUV","Tuvalu",2018,0.658003890048325
"TUV","Tuvalu",2019,0.658003890048325
"TUV","Tuvalu",2020,0.658003890048325
"TUV","Tuvalu",2021,0.658003890048325
"TUV","Tuvalu",2022,0.658003890048325
"UGA","Uganda",1995,1
"UGA","Uganda",1996,1
"UGA","Uganda",1997,1
"UGA","Uganda",1998,1
"UGA","Uganda",1999,1
"UGA","Uganda",2000,1
"UGA","Uganda",2001,1
"UGA","Uganda",2002,1
"UGA","Uganda",2003,1
"UGA","Uganda",2004,1
"UGA","Uganda",2005,1
"UGA","Uganda",2006,1
"UGA","Uganda",2007,1
"UGA","Uganda",2008,1
"UGA","Uganda",2009,1
"UGA","Uganda",2010,1
"UGA","Uganda",2011,1
"UGA","Uganda",2012,1
"UGA","Uganda",2013,1
"UGA","Uganda",2014,1
"UGA","Uganda",2015,1
"UGA","Uganda",2016,1
"UGA","Uganda",2017,1
"UGA","Uganda",2018,1
"UGA","Uganda",2019,1
"UGA","Uganda",2020,1
"UGA","Uganda",2021,1
"UGA","Uganda",2022,1
"UKR","Ukraine",1995,0.658003890048325
"UKR","Ukraine",1996,0.658003890048325
"UKR","Ukraine",1997,0.658003890048325
"UKR","Ukraine",1998,0.658003890048325
"UKR","Ukraine",1999,0.658003890048325
"UKR","Ukraine",2000,0.658003890048325
"UKR","Ukraine",2001,0.658003890048325
"UKR","Ukraine",2002,0.658003890048325
"UKR","Ukraine",2003,0.658003890048325
"UKR","Ukraine",2004,0.658003890048325
"UKR","Ukraine",2005,0.658003890048325
"UKR","Ukraine",2006,0.658003890048325
"UKR","Ukraine",2007,0.658003890048325
"UKR","Ukraine",2008,0.658003890048325
"UKR","Ukraine",2009,0.658003890048325
"UKR","Ukraine",2010,0.658003890048325
"UKR","Ukraine",2011,0.658003890048325
"UKR","Ukraine",2012,0.658003890048325
"UKR","Ukraine",2013,0.658003890048325
"UKR","Ukraine",2014,0.658003890048325
"UKR","Ukraine",2015,0.658003890048325
"UKR","Ukraine",2016,0.658003890048325
"UKR","Ukraine",2017,0.658003890048325
"UKR","Ukraine",2018,0.658003890048325
"UKR","Ukraine",2019,0.658003890048325
"UKR","Ukraine",2020,0.658003890048325
"UKR","Ukraine",2021,0.658003890048325
"UKR","Ukraine",2022,0.658003890048325
"ARE","United Arab Emirates",1995,0.658003890048325
"ARE","United Arab Emirates",1996,0.658003890048325
"ARE","United Arab Emirates",1997,0.658003890048325
"ARE","United Arab Emirates",1998,0.658003890048325
"ARE","United Arab Emirates",1999,0.658003890048325
"ARE","United Arab Emirates",2000,0.658003890048325
"ARE","United Arab Emirates",2001,0.658003890048325
"ARE","United Arab Emirates",2002,0.658003890048325
"ARE","United Arab Emirates",2003,0.658003890048325
"ARE","United Arab Emirates",2004,0.658003890048325
"ARE","United Arab Emirates",2005,0.658003890048325
"ARE","United Arab Emirates",2006,0.658003890048325
"ARE","United Arab Emirates",2007,0.658003890048325
"ARE","United Arab Emirates",2008,0.658003890048325
"ARE","United Arab Emirates",2009,0.658003890048325
"ARE","United Arab Emirates",2010,0.658003890048325
"ARE","United Arab Emirates",2011,0.658003890048325
"ARE","United Arab Emirates",2012,0.658003890048325
"ARE","United Arab Emirates",2013,0.658003890048325
"ARE","United Arab Emirates",2014,0.658003890048325
"ARE","United Arab Emirates",2015,0.658003890048325
"ARE","United Arab Emirates",2016,0.658003890048325
"ARE","United Arab Emirates",2017,0.658003890048325
"ARE","United Arab Emirates",2018,0.658003890048325
"ARE","United Arab Emirates",2019,0.658003890048325
"ARE","United Arab Emirates",2020,0.658003890048325
"ARE","United Arab Emirates",2021,0.658003890048325
"ARE","United Arab Emirates",2022,0.658003890048325
"GBR","United Kingdom",1995,0.658003890048325
"GBR","United Kingdom",1996,0.658003890048325
"GBR","United Kingdom",1997,0.658003890048325
"GBR","United Kingdom",1998,0.658003890048325
"GBR","United Kingdom",1999,0.658003890048325
"GBR","United Kingdom",2000,0.658003890048325
"GBR","United Kingdom",2001,0.658003890048325
"GBR","United Kingdom",2002,0.658003890048325
"GBR","United Kingdom",2003,0.658003890048325
"GBR","United Kingdom",2004,0.658003890048325
"GBR","United Kingdom",2005,0.658003890048325
"GBR","United Kingdom",2006,0.658003890048325
"GBR","United Kingdom",2007,0.658003890048325
"GBR","United Kingdom",2008,0.658003890048325
"GBR","United Kingdom",2009,0.658003890048325
"GBR","United Kingdom",2010,0.658003890048325
"GBR","United Kingdom",2011,0.658003890048325
"GBR","United Kingdom",2012,0.658003890048325
"GBR","United Kingdom",2013,0.658003890048325
"GBR","United Kingdom",2014,0.658003890048325
"GBR","United Kingdom",2015,0.658003890048325
"GBR","United Kingdom",2016,0.658003890048325
"GBR","United Kingdom",2017,0.658003890048325
"GBR","United Kingdom",2018,0.658003890048325
"GBR","United Kingdom",2019,0.658003890048325
"GBR","United Kingdom",2020,0.658003890048325
"GBR","United Kingdom",2021,0.658003890048325
"GBR","United Kingdom",2022,0.658003890048325
"USA","United States",1995,0.658003890048325
"USA","United States",1996,0.658003890048325
"USA","United States",1997,0.658003890048325
"USA","United States",1998,0.658003890048325
"USA","United States",1999,0.658003890048325
"USA","United States",2000,0.658003890048325
"USA","United States",2001,0.658003890048325
"USA","United States",2002,0.658003890048325
"USA","United States",2003,0.658003890048325
"USA","United States",2004,0.658003890048325
"USA","United States",2005,0.658003890048325
"USA","United States",2006,0.658003890048325
"USA","United States",2007,0.658003890048325
"USA","United States",2008,0.658003890048325
"USA","United States",2009,0.658003890048325
"USA","United States",2010,0.658003890048325
"USA","United States",2011,0.658003890048325
"USA","United States",2012,0.658003890048325
"USA","United States",2013,0.658003890048325
"USA","United States",2014,0.658003890048325
"USA","United States",2015,0.658003890048325
"USA","United States",2016,0.658003890048325
"USA","United States",2017,0.658003890048325
"USA","United States",2018,0.658003890048325
"USA","United States",2019,0.658003890048325
"USA","United States",2020,0.658003890048325
"USA","United States",2021,0.658003890048325
"USA","United States",2022,0.658003890048325
"URY","Uruguay",1995,0.658003890048325
"URY","Uruguay",1996,0.658003890048325
"URY","Uruguay",1997,0.658003890048325
"URY","Uruguay",1998,0.658003890048325
"URY","Uruguay",1999,0.658003890048325
"URY","Uruguay",2000,0.658003890048325
"URY","Uruguay",2001,0.658003890048325
"URY","Uruguay",2002,0.658003890048325
"URY","Uruguay",2003,0.658003890048325
"URY","Uruguay",2004,0.658003890048325
"URY","Uruguay",2005,0.658003890048325
"URY","Uruguay",2006,0.658003890048325
"URY","Uruguay",2007,0.658003890048325
"URY","Uruguay",2008,0.658003890048325
"URY","Uruguay",2009,0.658003890048325
"URY","Uruguay",2010,0.658003890048325
"URY","Uruguay",2011,0.658003890048325
"URY","Uruguay",2012,0.658003890048325
"URY","Uruguay",2013,0.658003890048325
"URY","Uruguay",2014,0.658003890048325
"URY","Uruguay",2015,0.658003890048325
"URY","Uruguay",2016,0.658003890048325
"URY","Uruguay",2017,0.658003890048325
"URY","Uruguay",2018,0.658003890048325
"URY","Uruguay",2019,0.658003890048325
"URY","Uruguay",2020,0.658003890048325
"URY","Uruguay",2021,0.658003890048325
"URY","Uruguay",2022,0.658003890048325
"UZB","Uzbekistan",1995,0.658006252993348
"UZB","Uzbekistan",1996,0.658006252993348
"UZB","Uzbekistan",1997,0.658006252993348
"UZB","Uzbekistan",1998,0.658006252993348
"UZB","Uzbekistan",1999,0.658006252993348
"UZB","Uzbekistan",2000,0.658006252993348
"UZB","Uzbekistan",2001,0.658006252993348
"UZB","Uzbekistan",2002,0.658006252993348
"UZB","Uzbekistan",2003,0.658006252993348
"UZB","Uzbekistan",2004,0.658006252993348
"UZB","Uzbekistan",2005,0.658006252993348
"UZB","Uzbekistan",2006,0.658006252993348
"UZB","Uzbekistan",2007,0.658006252993348
"UZB","Uzbekistan",2008,0.658006252993348
"UZB","Uzbekistan",2009,0.658006252993348
"UZB","Uzbekistan",2010,0.658006252993348
"UZB","Uzbekistan",2011,0.658006252993348
"UZB","Uzbekistan",2012,0.658006252993348
"UZB","Uzbekistan",2013,0.658006252993348
"UZB","Uzbekistan",2014,0.658006252993348
"UZB","Uzbekistan",2015,0.658006252993348
"UZB","Uzbekistan",2016,0.658006252993348
"UZB","Uzbekistan",2017,0.658006252993348
"UZB","Uzbekistan",2018,0.658006252993348
"UZB","Uzbekistan",2019,0.658006252993348
"UZB","Uzbekistan",2020,0.658006252993348
"UZB","Uzbekistan",2021,0.658006252993348
"UZB","Uzbekistan",2022,0.658006252993348
"VUT","Vanuatu",1995,0.674523275154162
"VUT","Vanuatu",1996,0.674523275154162
"VUT","Vanuatu",1997,0.674523275154162
"VUT","Vanuatu",1998,0.674523275154162
"VUT","Vanuatu",1999,0.674523275154162
"VUT","Vanuatu",2000,0.674523275154162
"VUT","Vanuatu",2001,0.674523275154162
"VUT","Vanuatu",2002,0.674523275154162
"VUT","Vanuatu",2003,0.674523275154162
"VUT","Vanuatu",2004,0.674523275154162
"VUT","Vanuatu",2005,0.674523275154162
"VUT","Vanuatu",2006,0.674523275154162
"VUT","Vanuatu",2007,0.674523275154162
"VUT","Vanuatu",2008,0.674523275154162
"VUT","Vanuatu",2009,0.674523275154162
"VUT","Vanuatu",2010,0.674523275154162
"VUT","Vanuatu",2011,0.674523275154162
"VUT","Vanuatu",2012,0.674523275154162
"VUT","Vanuatu",2013,0.674523275154162
"VUT","Vanuatu",2014,0.674523275154162
"VUT","Vanuatu",2015,0.674523275154162
"VUT","Vanuatu",2016,0.674523275154162
"VUT","Vanuatu",2017,0.674523275154162
"VUT","Vanuatu",2018,0.674523275154162
"VUT","Vanuatu",2019,0.674523275154162
"VUT","Vanuatu",2020,0.674523275154162
"VUT","Vanuatu",2021,0.674523275154162
"VUT","Vanuatu",2022,0.674523275154162
"VEN","Venezuela, Bolivarian Republic o",1995,0.655530443312971
"VEN","Venezuela, Bolivarian Republic o",1996,0.655530443312971
"VEN","Venezuela, Bolivarian Republic o",1997,0.655530443312971
"VEN","Venezuela, Bolivarian Republic o",1998,0.655530443312971
"VEN","Venezuela, Bolivarian Republic o",1999,0.655530443312971
"VEN","Venezuela, Bolivarian Republic o",2000,0.655530443312971
"VEN","Venezuela, Bolivarian Republic o",2001,0.655530443312971
"VEN","Venezuela, Bolivarian Republic o",2002,0.655530443312971
"VEN","Venezuela, Bolivarian Republic o",2003,0.655530443312971
"VEN","Venezuela, Bolivarian Republic o",2004,0.655530443312971
"VEN","Venezuela, Bolivarian Republic o",2005,0.655530443312971
"VEN","Venezuela, Bolivarian Republic o",2006,0.655530443312971
"VEN","Venezuela, Bolivarian Republic o",2007,0.655530443312971
"VEN","Venezuela, Bolivarian Republic o",2008,0.655530443312971
"VEN","Venezuela, Bolivarian Republic o",2009,0.655530443312971
"VEN","Venezuela, Bolivarian Republic o",2010,0.655530443312971
"VEN","Venezuela, Bolivarian Republic o",2011,0.655530443312971
"VEN","Venezuela, Bolivarian Republic o",2012,0.655530443312971
"VEN","Venezuela, Bolivarian Republic o",2013,0.655530443312971
"VEN","Venezuela, Bolivarian Republic o",2014,0.655530443312971
"VEN","Venezuela, Bolivarian Republic o",2015,0.655530443312971
"VEN","Venezuela, Bolivarian Republic o",2016,0.655530443312971
"VEN","Venezuela, Bolivarian Republic o",2017,0.655530443312971
"VEN","Venezuela, Bolivarian Republic o",2018,0.655530443312971
"VEN","Venezuela, Bolivarian Republic o",2019,0.655530443312971
"VEN","Venezuela, Bolivarian Republic o",2020,0.655530443312971
"VEN","Venezuela, Bolivarian Republic o",2021,0.655530443312971
"VEN","Venezuela, Bolivarian Republic o",2022,0.655530443312971
"VNM","Viet Nam",1995,0.659502630429714
"VNM","Viet Nam",1996,0.659502630429714
"VNM","Viet Nam",1997,0.659502630429714
"VNM","Viet Nam",1998,0.659502630429714
"VNM","Viet Nam",1999,0.659502630429714
"VNM","Viet Nam",2000,0.659502630429714
"VNM","Viet Nam",2001,0.659502630429714
"VNM","Viet Nam",2002,0.659502630429714
"VNM","Viet Nam",2003,0.659502630429714
"VNM","Viet Nam",2004,0.659502630429714
"VNM","Viet Nam",2005,0.659502630429714
"VNM","Viet Nam",2006,0.659502630429714
"VNM","Viet Nam",2007,0.659502630429714
"VNM","Viet Nam",2008,0.659502630429714
"VNM","Viet Nam",2009,0.659502630429714
"VNM","Viet Nam",2010,0.659502630429714
"VNM","Viet Nam",2011,0.659502630429714
"VNM","Viet Nam",2012,0.659502630429714
"VNM","Viet Nam",2013,0.659502630429714
"VNM","Viet Nam",2014,0.659502630429714
"VNM","Viet Nam",2015,0.659502630429714
"VNM","Viet Nam",2016,0.659502630429714
"VNM","Viet Nam",2017,0.659502630429714
"VNM","Viet Nam",2018,0.659502630429714
"VNM","Viet Nam",2019,0.659502630429714
"VNM","Viet Nam",2020,0.659502630429714
"VNM","Viet Nam",2021,0.659502630429714
"VNM","Viet Nam",2022,0.659502630429714
"YEM","Yemen",1995,1
"YEM","Yemen",1996,1
"YEM","Yemen",1997,1
"YEM","Yemen",1998,1
"YEM","Yemen",1999,1
"YEM","Yemen",2000,1
"YEM","Yemen",2001,1
"YEM","Yemen",2002,1
"YEM","Yemen",2003,1
"YEM","Yemen",2004,1
"YEM","Yemen",2005,1
"YEM","Yemen",2006,1
"YEM","Yemen",2007,1
"YEM","Yemen",2008,1
"YEM","Yemen",2009,1
"YEM","Yemen",2010,1
"YEM","Yemen",2011,1
"YEM","Yemen",2012,1
"YEM","Yemen",2013,1
"YEM","Yemen",2014,1
"YEM","Yemen",2015,1
"YEM","Yemen",2016,1
"YEM","Yemen",2017,1
"YEM","Yemen",2018,1
"YEM","Yemen",2019,1
"YEM","Yemen",2020,1
"YEM","Yemen",2021,1
"YEM","Yemen",2022,1
"ZMB","Zambia",1995,1
"ZMB","Zambia",1996,1
"ZMB","Zambia",1997,1
"ZMB","Zambia",1998,1
"ZMB","Zambia",1999,1
"ZMB","Zambia",2000,1
"ZMB","Zambia",2001,1
"ZMB","Zambia",2002,1
"ZMB","Zambia",2003,1
"ZMB","Zambia",2004,1
"ZMB","Zambia",2005,1
"ZMB","Zambia",2006,1
"ZMB","Zambia",2007,1
"ZMB","Zambia",2008,1
"ZMB","Zambia",2009,1
"ZMB","Zambia",2010,1
"ZMB","Zambia",2011,1
"ZMB","Zambia",2012,1
"ZMB","Zambia",2013,1
"ZMB","Zambia",2014,1
"ZMB","Zambia",2015,1
"ZMB","Zambia",2016,1
"ZMB","Zambia",2017,1
"ZMB","Zambia",2018,1
"ZMB","Zambia",2019,1
"ZMB","Zambia",2020,1
"ZMB","Zambia",2021,1
"ZMB","Zambia",2022,1
"ZWE","Zimbabwe",1995,1
"ZWE","Zimbabwe",1996,1
"ZWE","Zimbabwe",1997,1
"ZWE","Zimbabwe",1998,1
"ZWE","Zimbabwe",1999,1
"ZWE","Zimbabwe",2000,1
"ZWE","Zimbabwe",2001,1
"ZWE","Zimbabwe",2002,1
"ZWE","Zimbabwe",2003,1
"ZWE","Zimbabwe",2004,1
"ZWE","Zimbabwe",2005,1
"ZWE","Zimbabwe",2006,1
"ZWE","Zimbabwe",2007,1
"ZWE","Zimbabwe",2008,1
"ZWE","Zimbabwe",2009,1
"ZWE","Zimbabwe",2010,1
"ZWE","Zimbabwe",2011,1
"ZWE","Zimbabwe",2012,1
"ZWE","Zimbabwe",2013,1
"ZWE","Zimbabwe",2014,1
"ZWE","Zimbabwe",2015,1
"ZWE","Zimbabwe",2016,1
"ZWE","Zimbabwe",2017,1
"ZWE","Zimbabwe",2018,1
"ZWE","Zimbabwe",2019,1
"ZWE","Zimbabwe",2020,1
"ZWE","Zimbabwe",2021,1
"ZWE","Zimbabwe",2022,1
