"ISO3","Name","Year","Value: ecosystems"
"AFG","Afghanistan",1995,0.515883980262154
"AFG","Afghanistan",1996,0.516995261062154
"AFG","Afghanistan",1997,0.518030437862154
"AFG","Afghanistan",1998,0.518155608262154
"AFG","Afghanistan",1999,0.518155608262154
"AFG","Afghanistan",2000,0.518155608262154
"AFG","Afghanistan",2001,0.518155608262154
"AFG","Afghanistan",2002,0.518155608262154
"AFG","Afghanistan",2003,0.518155608262154
"AFG","Afghanistan",2004,0.518155608262154
"AFG","Afghanistan",2005,0.518155608262154
"AFG","Afghanistan",2006,0.518155608262154
"AFG","Afghanistan",2007,0.518155608262154
"AFG","Afghanistan",2008,0.518101808665651
"AFG","Afghanistan",2009,0.517590712498872
"AFG","Afghanistan",2010,0.509762871207682
"AFG","Afghanistan",2011,0.509655272014676
"AFG","Afghanistan",2012,0.507987484523082
"AFG","Afghanistan",2013,0.507906785128327
"AFG","Afghanistan",2014,0.503280019829067
"AFG","Afghanistan",2015,0.503737316399343
"AFG","Afghanistan",2016,0.5091979754444
"AFG","Afghanistan",2017,0.5091979754444
"AFG","Afghanistan",2018,0.5091979754444
"AFG","Afghanistan",2019,0.509142750443785
"AFG","Afghanistan",2020,0.50908752544317
"AFG","Afghanistan",2021,0.509674466288995
"AFG","Afghanistan",2022,0.509271539279062
"ALB","Albania",1995,0.484225835291075
"ALB","Albania",1996,0.485225013291076
"ALB","Albania",1997,0.486155764124409
"ALB","Albania",1998,0.484243270957742
"ALB","Albania",1999,0.479518185124409
"ALB","Albania",2000,0.479518185124409
"ALB","Albania",2001,0.470975777156334
"ALB","Albania",2002,0.462433369188259
"ALB","Albania",2003,0.453890961220184
"ALB","Albania",2004,0.44534855325211
"ALB","Albania",2005,0.436806145284035
"ALB","Albania",2006,0.436806145284035
"ALB","Albania",2007,0.436806145284035
"ALB","Albania",2008,0.434542078931199
"ALB","Albania",2009,0.435573237864174
"ALB","Albania",2010,0.42528406503297
"ALB","Albania",2011,0.428175793345008
"ALB","Albania",2012,0.426853219930975
"ALB","Albania",2013,0.427540337361115
"ALB","Albania",2014,0.422242249680294
"ALB","Albania",2015,0.420259153184336
"ALB","Albania",2016,0.417244897755403
"ALB","Albania",2017,0.417010288145794
"ALB","Albania",2018,0.416775678536184
"ALB","Albania",2019,0.417036712683676
"ALB","Albania",2020,0.417297746831168
"ALB","Albania",2021,0.415778726565463
"ALB","Albania",2022,0.416567741831605
"DZA","Algeria",1995,0.411706372740777
"DZA","Algeria",1996,0.41049421075081
"DZA","Algeria",1997,0.412833149594177
"DZA","Algeria",1998,0.411716294270877
"DZA","Algeria",1999,0.415144680447578
"DZA","Algeria",2000,0.416527574957611
"DZA","Algeria",2001,0.415688535457869
"DZA","Algeria",2002,0.414849495958126
"DZA","Algeria",2003,0.414010456458384
"DZA","Algeria",2004,0.413171416958642
"DZA","Algeria",2005,0.412332377458899
"DZA","Algeria",2006,0.412332377458899
"DZA","Algeria",2007,0.412332377458899
"DZA","Algeria",2008,0.411592633006982
"DZA","Algeria",2009,0.41157021650844
"DZA","Algeria",2010,0.410875305053609
"DZA","Algeria",2011,0.411121886537581
"DZA","Algeria",2012,0.410785639059437
"DZA","Algeria",2013,0.413059746135578
"DZA","Algeria",2014,0.412935287867627
"DZA","Algeria",2015,0.413271535345771
"DZA","Algeria",2016,0.416992674103897
"DZA","Algeria",2017,0.416992674103897
"DZA","Algeria",2018,0.416992674103897
"DZA","Algeria",2019,0.416528190498991
"DZA","Algeria",2020,0.416063706894086
"DZA","Algeria",2021,0.415789054443611
"DZA","Algeria",2022,0.414788224367568
"AND","Andorra",1995,NA
"AND","Andorra",1996,NA
"AND","Andorra",1997,NA
"AND","Andorra",1998,NA
"AND","Andorra",1999,NA
"AND","Andorra",2000,NA
"AND","Andorra",2001,NA
"AND","Andorra",2002,NA
"AND","Andorra",2003,NA
"AND","Andorra",2004,NA
"AND","Andorra",2005,NA
"AND","Andorra",2006,NA
"AND","Andorra",2007,NA
"AND","Andorra",2008,NA
"AND","Andorra",2009,NA
"AND","Andorra",2010,NA
"AND","Andorra",2011,NA
"AND","Andorra",2012,NA
"AND","Andorra",2013,NA
"AND","Andorra",2014,NA
"AND","Andorra",2015,NA
"AND","Andorra",2016,NA
"AND","Andorra",2017,NA
"AND","Andorra",2018,NA
"AND","Andorra",2019,NA
"AND","Andorra",2020,NA
"AND","Andorra",2021,NA
"AND","Andorra",2022,NA
"AGO","Angola",1995,0.544221212454917
"AGO","Angola",1996,0.544781726954917
"AGO","Angola",1997,0.543270583788251
"AGO","Angola",1998,0.54199192828825
"AGO","Angola",1999,0.54199192828825
"AGO","Angola",2000,0.54199192828825
"AGO","Angola",2001,0.54199192828825
"AGO","Angola",2002,0.54199192828825
"AGO","Angola",2003,0.54199192828825
"AGO","Angola",2004,0.54199192828825
"AGO","Angola",2005,0.54199192828825
"AGO","Angola",2006,0.54199192828825
"AGO","Angola",2007,0.54199192828825
"AGO","Angola",2008,0.54221609327368
"AGO","Angola",2009,0.542148843778051
"AGO","Angola",2010,0.541498765320306
"AGO","Angola",2011,0.542036761285336
"AGO","Angola",2012,0.541610847813021
"AGO","Angola",2013,0.546889485142347
"AGO","Angola",2014,0.546407082346142
"AGO","Angola",2015,0.546139611613809
"AGO","Angola",2016,0.544571983965986
"AGO","Angola",2017,0.544102764746767
"AGO","Angola",2018,0.543633545527548
"AGO","Angola",2019,0.54342199190403
"AGO","Angola",2020,0.543210438280513
"AGO","Angola",2021,0.542930451984004
"AGO","Angola",2022,0.545213972968716
"ATG","Antigua and Barbuda",1995,0.531713555765674
"ATG","Antigua and Barbuda",1996,0.533614431015675
"ATG","Antigua and Barbuda",1997,0.528268677015674
"ATG","Antigua and Barbuda",1998,0.528511606515675
"ATG","Antigua and Barbuda",1999,0.526486569515675
"ATG","Antigua and Barbuda",2000,0.526486569515675
"ATG","Antigua and Barbuda",2001,0.526486569515675
"ATG","Antigua and Barbuda",2002,0.526486569515675
"ATG","Antigua and Barbuda",2003,0.526486569515675
"ATG","Antigua and Barbuda",2004,0.526486569515675
"ATG","Antigua and Barbuda",2005,0.526486569515675
"ATG","Antigua and Barbuda",2006,0.526486569515675
"ATG","Antigua and Barbuda",2007,0.526486569515675
"ATG","Antigua and Barbuda",2008,0.524334585655553
"ATG","Antigua and Barbuda",2009,0.523796589690523
"ATG","Antigua and Barbuda",2010,0.526352070524417
"ATG","Antigua and Barbuda",2011,0.526486569515675
"ATG","Antigua and Barbuda",2012,0.526721942750375
"ATG","Antigua and Barbuda",2013,0.519740661283973
"ATG","Antigua and Barbuda",2014,0.512423132339426
"ATG","Antigua and Barbuda",2015,0.516691184436581
"ATG","Antigua and Barbuda",2016,0.524792457784576
"ATG","Antigua and Barbuda",2017,0.525496286613404
"ATG","Antigua and Barbuda",2018,0.526200115442233
"ATG","Antigua and Barbuda",2019,0.525739555249915
"ATG","Antigua and Barbuda",2020,0.525278995057598
"ATG","Antigua and Barbuda",2021,0.530403150957436
"ATG","Antigua and Barbuda",2022,0.518990536827884
"ARG","Argentina",1995,0.421481490725767
"ARG","Argentina",1996,0.424091529103143
"ARG","Argentina",1997,0.42446306548052
"ARG","Argentina",1998,0.424422091024563
"ARG","Argentina",1999,0.424035334068605
"ARG","Argentina",2000,0.423648577112648
"ARG","Argentina",2001,0.426601347416976
"ARG","Argentina",2002,0.429554117721303
"ARG","Argentina",2003,0.43250688802563
"ARG","Argentina",2004,0.435459658329958
"ARG","Argentina",2005,0.438412428634285
"ARG","Argentina",2006,0.438412428634285
"ARG","Argentina",2007,0.438412428634285
"ARG","Argentina",2008,0.438636593619715
"ARG","Argentina",2009,0.438659010118258
"ARG","Argentina",2010,0.438726259613886
"ARG","Argentina",2011,0.438457261631371
"ARG","Argentina",2012,0.438524511127
"ARG","Argentina",2013,0.438659010118258
"ARG","Argentina",2014,0.440157457119395
"ARG","Argentina",2015,0.439298240050948
"ARG","Argentina",2016,0.438035526008728
"ARG","Argentina",2017,0.437941682164884
"ARG","Argentina",2018,0.437941682164884
"ARG","Argentina",2019,0.437941682164884
"ARG","Argentina",2020,0.437941682164884
"ARG","Argentina",2021,0.441621204509103
"ARG","Argentina",2022,0.448609316287458
"ARM","Armenia",1995,0.425756809627105
"ARM","Armenia",1996,0.426317324127105
"ARM","Armenia",1997,0.424128423627105
"ARM","Armenia",1998,0.422852513293772
"ARM","Armenia",1999,0.420827476460439
"ARM","Armenia",2000,0.420827476460439
"ARM","Armenia",2001,0.414418489872914
"ARM","Armenia",2002,0.408009503285388
"ARM","Armenia",2003,0.401600516697863
"ARM","Armenia",2004,0.395191530110338
"ARM","Armenia",2005,0.388782543522812
"ARM","Armenia",2006,0.388782543522812
"ARM","Armenia",2007,0.388782543522812
"ARM","Armenia",2008,0.38692197414375
"ARM","Armenia",2009,0.387684135094209
"ARM","Armenia",2010,0.384568241796742
"ARM","Armenia",2011,0.387258221621894
"ARM","Armenia",2012,0.38394057983754
"ARM","Armenia",2013,0.386644058787236
"ARM","Armenia",2014,0.377892706981497
"ARM","Armenia",2015,0.378285759331089
"ARM","Armenia",2016,0.377244155773934
"ARM","Armenia",2017,0.377009546164324
"ARM","Armenia",2018,0.376774936554715
"ARM","Armenia",2019,0.377073461767825
"ARM","Armenia",2020,0.377371986980935
"ARM","Armenia",2021,0.378504250180841
"ARM","Armenia",2022,0.378819589473934
"AUS","Australia",1995,0.372738431071116
"AUS","Australia",1996,0.37598567778881
"AUS","Australia",1997,0.378404075173171
"AUS","Australia",1998,0.381977107890865
"AUS","Australia",1999,0.381743045775226
"AUS","Australia",2000,0.382859008159587
"AUS","Australia",2001,0.380808416873085
"AUS","Australia",2002,0.378757825586583
"AUS","Australia",2003,0.376707234300081
"AUS","Australia",2004,0.37465664301358
"AUS","Australia",2005,0.372606051727078
"AUS","Australia",2006,0.372606051727078
"AUS","Australia",2007,0.372606051727078
"AUS","Australia",2008,0.372359470243106
"AUS","Australia",2009,0.372673301222707
"AUS","Australia",2010,0.371821474278075
"AUS","Australia",2011,0.371530059797017
"AUS","Australia",2012,0.371216228817416
"AUS","Australia",2013,0.371866307275161
"AUS","Australia",2014,0.371507643298474
"AUS","Australia",2015,0.371799057779532
"AUS","Australia",2016,0.372606051727078
"AUS","Australia",2017,0.372606051727078
"AUS","Australia",2018,0.372606051727078
"AUS","Australia",2019,0.372606051727078
"AUS","Australia",2020,0.372606051727078
"AUS","Australia",2021,0.372606051727078
"AUS","Australia",2022,0.372606051727078
"AUT","Austria",1995,0.295188365115785
"AUT","Austria",1996,0.294396660009214
"AUT","Austria",1997,0.292964341069311
"AUT","Austria",1998,0.290662520462741
"AUT","Austria",1999,0.290638107356171
"AUT","Austria",2000,0.290613694249601
"AUT","Austria",2001,0.290171686141788
"AUT","Austria",2002,0.289729678033975
"AUT","Austria",2003,0.289287669926162
"AUT","Austria",2004,0.28884566181835
"AUT","Austria",2005,0.288403653710537
"AUT","Austria",2006,0.288403653710537
"AUT","Austria",2007,0.288403653710537
"AUT","Austria",2008,0.288941649675567
"AUT","Austria",2009,0.28858298569888
"AUT","Austria",2010,0.282844362071891
"AUT","Austria",2011,0.28306852705732
"AUT","Austria",2012,0.281476955660772
"AUT","Austria",2013,0.283249386295846
"AUT","Austria",2014,0.281076513187364
"AUT","Austria",2015,0.281052569438639
"AUT","Austria",2016,0.279369804797737
"AUT","Austria",2017,0.279839024016957
"AUT","Austria",2018,0.280308243236176
"AUT","Austria",2019,0.281236320934185
"AUT","Austria",2020,0.282164398632195
"AUT","Austria",2021,0.283018204938503
"AUT","Austria",2022,0.278643013773397
"AZE","Azerbaijan",1995,0.421494406352487
"AZE","Azerbaijan",1996,0.419058125352487
"AZE","Azerbaijan",1997,0.414745148352487
"AZE","Azerbaijan",1998,0.413466492852487
"AZE","Azerbaijan",1999,0.413466492852487
"AZE","Azerbaijan",2000,0.413466492852487
"AZE","Azerbaijan",2001,0.40881899115367
"AZE","Azerbaijan",2002,0.404171489454852
"AZE","Azerbaijan",2003,0.399523987756035
"AZE","Azerbaijan",2004,0.394876486057218
"AZE","Azerbaijan",2005,0.390228984358401
"AZE","Azerbaijan",2006,0.390228984358401
"AZE","Azerbaijan",2007,0.390228984358401
"AZE","Azerbaijan",2008,0.389847903883171
"AZE","Azerbaijan",2009,0.389489239906484
"AZE","Azerbaijan",2010,0.385118022690614
"AZE","Azerbaijan",2011,0.385073189693527
"AZE","Azerbaijan",2012,0.384445527734325
"AZE","Azerbaijan",2013,0.385350543375387
"AZE","Azerbaijan",2014,0.382736168745209
"AZE","Azerbaijan",2015,0.380921959613414
"AZE","Azerbaijan",2016,0.380228575408765
"AZE","Azerbaijan",2017,0.379759356189546
"AZE","Azerbaijan",2018,0.379290136970327
"AZE","Azerbaijan",2019,0.379000577826268
"AZE","Azerbaijan",2020,0.37871101868221
"AZE","Azerbaijan",2021,0.379035946120101
"AZE","Azerbaijan",2022,0.380115602234524
"BHS","Bahamas",1995,0.34100439575769
"BHS","Bahamas",1996,0.34246572115769
"BHS","Bahamas",1997,0.33488057475769
"BHS","Bahamas",1998,0.33591596695769
"BHS","Bahamas",1999,0.33591596695769
"BHS","Bahamas",2000,0.33591596695769
"BHS","Bahamas",2001,0.33591596695769
"BHS","Bahamas",2002,0.33591596695769
"BHS","Bahamas",2003,0.33591596695769
"BHS","Bahamas",2004,0.33591596695769
"BHS","Bahamas",2005,0.33591596695769
"BHS","Bahamas",2006,0.33591596695769
"BHS","Bahamas",2007,0.33591596695769
"BHS","Bahamas",2008,0.335243472001402
"BHS","Bahamas",2009,0.335001373817139
"BHS","Bahamas",2010,0.333979181483581
"BHS","Bahamas",2011,0.334920674422384
"BHS","Bahamas",2012,0.335162772606648
"BHS","Bahamas",2013,0.330744465597554
"BHS","Bahamas",2014,0.329856772255254
"BHS","Bahamas",2015,0.330125770237769
"BHS","Bahamas",2016,0.333273046633196
"BHS","Bahamas",2017,0.333273046633196
"BHS","Bahamas",2018,0.333273046633196
"BHS","Bahamas",2019,0.333273046633196
"BHS","Bahamas",2020,0.333273046633196
"BHS","Bahamas",2021,0.333273046633196
"BHS","Bahamas",2022,0.333273046633196
"BHR","Bahrain",1995,0.437313697292509
"BHR","Bahrain",1996,0.432253050520228
"BHR","Bahrain",1997,0.42954216458128
"BHR","Bahrain",1998,0.431560855475665
"BHR","Bahrain",1999,0.431421511036717
"BHR","Bahrain",2000,0.431282166597769
"BHR","Bahrain",2001,0.431235067562586
"BHR","Bahrain",2002,0.431187968527404
"BHR","Bahrain",2003,0.431140869492221
"BHR","Bahrain",2004,0.431093770457039
"BHR","Bahrain",2005,0.431046671421856
"BHR","Bahrain",2006,0.431046671421856
"BHR","Bahrain",2007,0.431046671421856
"BHR","Bahrain",2008,0.430934588929142
"BHR","Bahrain",2009,0.431517417891258
"BHR","Bahrain",2010,0.431495001392715
"BHR","Bahrain",2011,0.433400403768864
"BHR","Bahrain",2012,0.433153822284892
"BHR","Bahrain",2013,0.438892919233219
"BHR","Bahrain",2014,0.442031702350566
"BHR","Bahrain",2015,0.439465776892492
"BHR","Bahrain",2016,0.441002070667774
"BHR","Bahrain",2017,0.440767461058164
"BHR","Bahrain",2018,0.440532851448554
"BHR","Bahrain",2019,0.440866933157664
"BHR","Bahrain",2020,0.441201014866773
"BHR","Bahrain",2021,0.43685068360884
"BHR","Bahrain",2022,0.435273841626415
"BGD","Bangladesh",1995,0.49546077702009
"BGD","Bangladesh",1996,0.494093314707827
"BGD","Bangladesh",1997,0.493468052228897
"BGD","Bangladesh",1998,0.492610793249968
"BGD","Bangladesh",1999,0.492296788104371
"BGD","Bangladesh",2000,0.491982782958775
"BGD","Bangladesh",2001,0.490965122897845
"BGD","Bangladesh",2002,0.489947462836915
"BGD","Bangladesh",2003,0.488929802775984
"BGD","Bangladesh",2004,0.487912142715054
"BGD","Bangladesh",2005,0.486894482654124
"BGD","Bangladesh",2006,0.486894482654124
"BGD","Bangladesh",2007,0.486894482654124
"BGD","Bangladesh",2008,0.487163480636639
"BGD","Bangladesh",2009,0.487342812624982
"BGD","Bangladesh",2010,0.48671515066578
"BGD","Bangladesh",2011,0.487028981645381
"BGD","Bangladesh",2012,0.48655823517598
"BGD","Bangladesh",2013,0.487308424252076
"BGD","Bangladesh",2014,0.483597730118131
"BGD","Bangladesh",2015,0.483889144599189
"BGD","Bangladesh",2016,0.488125862823802
"BGD","Bangladesh",2017,0.488125862823802
"BGD","Bangladesh",2018,0.488125862823802
"BGD","Bangladesh",2019,0.488262111775301
"BGD","Bangladesh",2020,0.4883983607268
"BGD","Bangladesh",2021,0.488961319740093
"BGD","Bangladesh",2022,0.488650169763181
"BRB","Barbados",1995,0.525564100088083
"BRB","Barbados",1996,0.527976749338083
"BRB","Barbados",1997,0.528190900838083
"BRB","Barbados",1998,0.525433332088083
"BRB","Barbados",1999,0.526476532838083
"BRB","Barbados",2000,0.526476532838083
"BRB","Barbados",2001,0.526476532838083
"BRB","Barbados",2002,0.526476532838083
"BRB","Barbados",2003,0.526476532838083
"BRB","Barbados",2004,0.526476532838083
"BRB","Barbados",2005,0.526476532838083
"BRB","Barbados",2006,0.526476532838083
"BRB","Barbados",2007,0.526476532838083
"BRB","Barbados",2008,0.52223981461347
"BRB","Barbados",2009,0.529368261150121
"BRB","Barbados",2010,0.53051150257581
"BRB","Barbados",2011,0.529469135393564
"BRB","Barbados",2012,0.529939881862965
"BRB","Barbados",2013,0.521759194660969
"BRB","Barbados",2014,0.507357929113309
"BRB","Barbados",2015,0.507893634203066
"BRB","Barbados",2016,0.515288787846959
"BRB","Barbados",2017,0.515992616675788
"BRB","Barbados",2018,0.516696445504616
"BRB","Barbados",2019,0.516421629584622
"BRB","Barbados",2020,0.516146813664627
"BRB","Barbados",2021,0.519279341858783
"BRB","Barbados",2022,0.507919059783249
"BLR","Belarus",1995,0.425531013232414
"BLR","Belarus",1996,0.424922496899081
"BLR","Belarus",1997,0.427056413565748
"BLR","Belarus",1998,0.427314440565747
"BLR","Belarus",1999,0.427314440565747
"BLR","Belarus",2000,0.427314440565747
"BLR","Belarus",2001,0.415637346442946
"BLR","Belarus",2002,0.403960252320144
"BLR","Belarus",2003,0.392283158197342
"BLR","Belarus",2004,0.38060606407454
"BLR","Belarus",2005,0.368928969951738
"BLR","Belarus",2006,0.368928969951738
"BLR","Belarus",2007,0.368928969951738
"BLR","Belarus",2008,0.371372368292918
"BLR","Belarus",2009,0.371753448768148
"BLR","Belarus",2010,0.368144392502736
"BLR","Belarus",2011,0.365476829176128
"BLR","Belarus",2012,0.367852978021678
"BLR","Belarus",2013,0.366947400705963
"BLR","Belarus",2014,0.364539917987871
"BLR","Belarus",2015,0.360530419249052
"BLR","Belarus",2016,0.358695320868896
"BLR","Belarus",2017,0.357756882430458
"BLR","Belarus",2018,0.35681844399202
"BLR","Belarus",2019,0.357801545507124
"BLR","Belarus",2020,0.358784647022229
"BLR","Belarus",2021,0.362876963868146
"BLR","Belarus",2022,0.359757630965032
"BEL","Belgium",1995,0.333008098388363
"BEL","Belgium",1996,0.329204493749091
"BEL","Belgium",1997,0.329730310276485
"BEL","Belgium",1998,0.325328165637212
"BEL","Belgium",1999,0.32583343149794
"BEL","Belgium",2000,0.326318242525334
"BEL","Belgium",2001,0.325918605940453
"BEL","Belgium",2002,0.325518969355572
"BEL","Belgium",2003,0.325119332770691
"BEL","Belgium",2004,0.32471969618581
"BEL","Belgium",2005,0.324320059600929
"BEL","Belgium",2006,0.324320059600929
"BEL","Belgium",2007,0.324320059600929
"BEL","Belgium",2008,0.323826896632985
"BEL","Belgium",2009,0.324028645119871
"BEL","Belgium",2010,0.323513065653384
"BEL","Belgium",2011,0.323131985178154
"BEL","Belgium",2012,0.322571572714581
"BEL","Belgium",2013,0.321334329671268
"BEL","Belgium",2014,0.318169267753264
"BEL","Belgium",2015,0.316142865510403
"BEL","Belgium",2016,0.314116463267541
"BEL","Belgium",2017,0.313412634438712
"BEL","Belgium",2018,0.312708805609884
"BEL","Belgium",2019,0.314055234267024
"BEL","Belgium",2020,0.315401662924164
"BEL","Belgium",2021,0.318374467490514
"BEL","Belgium",2022,0.317458678228473
"BLZ","Belize",1995,0.568376390162088
"BLZ","Belize",1996,0.564517785333933
"BLZ","Belize",1997,0.558559201339113
"BLZ","Belize",1998,0.546419342510959
"BLZ","Belize",1999,0.543632160016138
"BLZ","Belize",2000,0.53879948585465
"BLZ","Belize",2001,0.538484561733866
"BLZ","Belize",2002,0.538169637613081
"BLZ","Belize",2003,0.537854713492296
"BLZ","Belize",2004,0.537539789371511
"BLZ","Belize",2005,0.537224865250726
"BLZ","Belize",2006,0.537224865250726
"BLZ","Belize",2007,0.537224865250726
"BLZ","Belize",2008,0.537919776705557
"BLZ","Belize",2009,0.538278440682244
"BLZ","Belize",2010,0.538816436647274
"BLZ","Belize",2011,0.538166358189529
"BLZ","Belize",2012,0.537202448752183
"BLZ","Belize",2013,0.535229796880406
"BLZ","Belize",2014,0.536664452787153
"BLZ","Belize",2015,0.536459649799902
"BLZ","Belize",2016,0.539908736075148
"BLZ","Belize",2017,0.540847174513587
"BLZ","Belize",2018,0.541785612952025
"BLZ","Belize",2019,0.550414853110934
"BLZ","Belize",2020,0.559044093269843
"BLZ","Belize",2021,0.567673333428752
"BLZ","Belize",2022,0.570414273476348
"BEN","Benin",1995,0.604183600059267
"BEN","Benin",1996,0.603927343725934
"BEN","Benin",1997,0.600972473225934
"BEN","Benin",1998,0.598423314225934
"BEN","Benin",1999,0.597748301892601
"BEN","Benin",2000,0.597748301892601
"BEN","Benin",2001,0.591806287890734
"BEN","Benin",2002,0.575461857025435
"BEN","Benin",2003,0.559117426160136
"BEN","Benin",2004,0.542772995294837
"BEN","Benin",2005,0.526428564429538
"BEN","Benin",2006,0.526428564429538
"BEN","Benin",2007,0.526428564429538
"BEN","Benin",2008,0.526473397426624
"BEN","Benin",2009,0.525576737484907
"BEN","Benin",2010,0.522281512199097
"BEN","Benin",2011,0.522147013207839
"BEN","Benin",2012,0.521676266738437
"BEN","Benin",2013,0.522926851132515
"BEN","Benin",2014,0.515547083587566
"BEN","Benin",2015,0.515535111713204
"BEN","Benin",2016,0.516150801798043
"BEN","Benin",2017,0.516385411407653
"BEN","Benin",2018,0.516620021017263
"BEN","Benin",2019,0.516717786433903
"BEN","Benin",2020,0.516815551850543
"BEN","Benin",2021,0.518380652436181
"BEN","Benin",2022,0.517295364646543
"BTN","Bhutan",1995,0.551350934448425
"BTN","Bhutan",1996,0.551692117281758
"BTN","Bhutan",1997,0.551332177448425
"BTN","Bhutan",1998,0.551373351948425
"BTN","Bhutan",1999,0.551373351948425
"BTN","Bhutan",2000,0.551373351948425
"BTN","Bhutan",2001,0.551373351948425
"BTN","Bhutan",2002,0.551373351948425
"BTN","Bhutan",2003,0.551373351948425
"BTN","Bhutan",2004,0.551373351948425
"BTN","Bhutan",2005,0.551373351948425
"BTN","Bhutan",2006,0.551373351948425
"BTN","Bhutan",2007,0.551373351948425
"BTN","Bhutan",2008,0.55148543444114
"BTN","Bhutan",2009,0.550611190997966
"BTN","Bhutan",2010,0.55202343040617
"BTN","Bhutan",2011,0.555497987680324
"BTN","Bhutan",2012,0.554915158718208
"BTN","Bhutan",2013,0.551762226448345
"BTN","Bhutan",2014,0.549461121123114
"BTN","Bhutan",2015,0.548833459163912
"BTN","Bhutan",2016,0.547197054770278
"BTN","Bhutan",2017,0.547197054770278
"BTN","Bhutan",2018,0.547197054770278
"BTN","Bhutan",2019,0.547090897292426
"BTN","Bhutan",2020,0.546984739814574
"BTN","Bhutan",2021,0.553590770517275
"BTN","Bhutan",2022,0.55101085086255
"BOL","Bolivia, Plurinational State of",1995,0.465039790274942
"BOL","Bolivia, Plurinational State of",1996,0.459592585707635
"BOL","Bolivia, Plurinational State of",1997,0.453429237973661
"BOL","Bolivia, Plurinational State of",1998,0.447487398073021
"BOL","Bolivia, Plurinational State of",1999,0.441479679005714
"BOL","Bolivia, Plurinational State of",2000,0.435471959938406
"BOL","Bolivia, Plurinational State of",2001,0.437852449548919
"BOL","Bolivia, Plurinational State of",2002,0.440232939159432
"BOL","Bolivia, Plurinational State of",2003,0.442613428769945
"BOL","Bolivia, Plurinational State of",2004,0.444993918380458
"BOL","Bolivia, Plurinational State of",2005,0.447374407990972
"BOL","Bolivia, Plurinational State of",2006,0.447374407990972
"BOL","Bolivia, Plurinational State of",2007,0.447374407990972
"BOL","Bolivia, Plurinational State of",2008,0.44820381843706
"BOL","Bolivia, Plurinational State of",2009,0.447845154460373
"BOL","Bolivia, Plurinational State of",2010,0.44582766959151
"BOL","Bolivia, Plurinational State of",2011,0.445020675643964
"BOL","Bolivia, Plurinational State of",2012,0.444706844664363
"BOL","Bolivia, Plurinational State of",2013,0.445424172617737
"BOL","Bolivia, Plurinational State of",2014,0.444572345673106
"BOL","Bolivia, Plurinational State of",2015,0.443339438253245
"BOL","Bolivia, Plurinational State of",2016,0.443877434218275
"BOL","Bolivia, Plurinational State of",2017,0.443877434218275
"BOL","Bolivia, Plurinational State of",2018,0.443877434218275
"BOL","Bolivia, Plurinational State of",2019,0.443877434218275
"BOL","Bolivia, Plurinational State of",2020,0.443877434218275
"BOL","Bolivia, Plurinational State of",2021,0.443877434218275
"BOL","Bolivia, Plurinational State of",2022,0.443877434218275
"BIH","Bosnia and Herzegovina",1995,0.491996751070679
"BIH","Bosnia and Herzegovina",1996,0.493634428070679
"BIH","Bosnia and Herzegovina",1997,0.491906716870679
"BIH","Bosnia and Herzegovina",1998,0.490484325070679
"BIH","Bosnia and Herzegovina",1999,0.490484325070679
"BIH","Bosnia and Herzegovina",2000,0.490484325070679
"BIH","Bosnia and Herzegovina",2001,0.490484325070679
"BIH","Bosnia and Herzegovina",2002,0.490484325070679
"BIH","Bosnia and Herzegovina",2003,0.490484325070679
"BIH","Bosnia and Herzegovina",2004,0.490484325070679
"BIH","Bosnia and Herzegovina",2005,0.490484325070679
"BIH","Bosnia and Herzegovina",2006,0.490484325070679
"BIH","Bosnia and Herzegovina",2007,0.490484325070679
"BIH","Bosnia and Herzegovina",2008,0.490699523456691
"BIH","Bosnia and Herzegovina",2009,0.489489032535373
"BIH","Bosnia and Herzegovina",2010,0.478702213436516
"BIH","Bosnia and Herzegovina",2011,0.477491722515198
"BIH","Bosnia and Herzegovina",2012,0.479240209401546
"BIH","Bosnia and Herzegovina",2013,0.482789824080112
"BIH","Bosnia and Herzegovina",2014,0.481201577292638
"BIH","Bosnia and Herzegovina",2015,0.479815321332576
"BIH","Bosnia and Herzegovina",2016,0.475147289985829
"BIH","Bosnia and Herzegovina",2017,0.475428821517361
"BIH","Bosnia and Herzegovina",2018,0.475710353048892
"BIH","Bosnia and Herzegovina",2019,0.475294802875733
"BIH","Bosnia and Herzegovina",2020,0.474879252702574
"BIH","Bosnia and Herzegovina",2021,0.476756760785379
"BIH","Bosnia and Herzegovina",2022,0.479541396820211
"BWA","Botswana",1995,0.387418849231548
"BWA","Botswana",1996,0.381537155596694
"BWA","Botswana",1997,0.377177906461841
"BWA","Botswana",1998,0.371341907660321
"BWA","Botswana",1999,0.3680851793588
"BWA","Botswana",2000,0.36482845105728
"BWA","Botswana",2001,0.363239146915298
"BWA","Botswana",2002,0.361649842773316
"BWA","Botswana",2003,0.360060538631334
"BWA","Botswana",2004,0.358471234489351
"BWA","Botswana",2005,0.356881930347369
"BWA","Botswana",2006,0.356881930347369
"BWA","Botswana",2007,0.356881930347369
"BWA","Botswana",2008,0.354842028979963
"BWA","Botswana",2009,0.353967785536789
"BWA","Botswana",2010,0.35152438719561
"BWA","Botswana",2011,0.352398630638784
"BWA","Botswana",2012,0.352241715148983
"BWA","Botswana",2013,0.348232462537259
"BWA","Botswana",2014,0.341017650633896
"BWA","Botswana",2015,0.341329954363315
"BWA","Botswana",2016,0.34206817156505
"BWA","Botswana",2017,0.342537390784269
"BWA","Botswana",2018,0.343006610003488
"BWA","Botswana",2019,0.343577568834894
"BWA","Botswana",2020,0.3441485276663
"BWA","Botswana",2021,0.338004701341701
"BWA","Botswana",2022,0.339003995984359
"BRA","Brazil",1995,0.433782916766643
"BRA","Brazil",1996,0.436293481902926
"BRA","Brazil",1997,0.436042404039209
"BRA","Brazil",1998,0.436911055008825
"BRA","Brazil",1999,0.436094961645107
"BRA","Brazil",2000,0.437978917448057
"BRA","Brazil",2001,0.437707578987879
"BRA","Brazil",2002,0.437436240527702
"BRA","Brazil",2003,0.437164902067525
"BRA","Brazil",2004,0.436893563607347
"BRA","Brazil",2005,0.43662222514717
"BRA","Brazil",2006,0.43662222514717
"BRA","Brazil",2007,0.43662222514717
"BRA","Brazil",2008,0.436196311674854
"BRA","Brazil",2009,0.436353227164655
"BRA","Brazil",2010,0.437518885088887
"BRA","Brazil",2011,0.437496468590344
"BRA","Brazil",2012,0.436958472625314
"BRA","Brazil",2013,0.436980889123857
"BRA","Brazil",2014,0.435658315709824
"BRA","Brazil",2015,0.435120319744794
"BRA","Brazil",2016,0.437832716068488
"BRA","Brazil",2017,0.437832716068488
"BRA","Brazil",2018,0.437832716068488
"BRA","Brazil",2019,0.437832716068488
"BRA","Brazil",2020,0.437832716068488
"BRA","Brazil",2021,0.437832716068488
"BRA","Brazil",2022,0.437832716068488
"BRN","Brunei Darussalam",1995,0.399265789180403
"BRN","Brunei Darussalam",1996,0.397551645284989
"BRN","Brunei Darussalam",1997,0.396660151556242
"BRN","Brunei Darussalam",1998,0.397291301494161
"BRN","Brunei Darussalam",1999,0.397842847265414
"BRN","Brunei Darussalam",2000,0.398394393036667
"BRN","Brunei Darussalam",2001,0.399092985078153
"BRN","Brunei Darussalam",2002,0.399791577119639
"BRN","Brunei Darussalam",2003,0.400490169161125
"BRN","Brunei Darussalam",2004,0.40118876120261
"BRN","Brunei Darussalam",2005,0.401887353244096
"BRN","Brunei Darussalam",2006,0.401887353244096
"BRN","Brunei Darussalam",2007,0.401887353244096
"BRN","Brunei Darussalam",2008,0.402358099713498
"BRN","Brunei Darussalam",2009,0.401999435736811
"BRN","Brunei Darussalam",2010,0.40184252024701
"BRN","Brunei Darussalam",2011,0.40276159668727
"BRN","Brunei Darussalam",2012,0.401125192293637
"BRN","Brunei Darussalam",2013,0.408681148973248
"BRN","Brunei Darussalam",2014,0.415833608679087
"BRN","Brunei Darussalam",2015,0.416549655509374
"BRN","Brunei Darussalam",2016,0.404510714668735
"BRN","Brunei Darussalam",2017,0.40146078974381
"BRN","Brunei Darussalam",2018,0.398410864818885
"BRN","Brunei Darussalam",2019,0.407077010962195
"BRN","Brunei Darussalam",2020,0.415743157105504
"BRN","Brunei Darussalam",2021,0.410639787378946
"BRN","Brunei Darussalam",2022,0.415067147734294
"BGR","Bulgaria",1995,0.471897414903673
"BGR","Bulgaria",1996,0.469314912737006
"BGR","Bulgaria",1997,0.471633031737006
"BGR","Bulgaria",1998,0.468622967737006
"BGR","Bulgaria",1999,0.465247906403673
"BGR","Bulgaria",2000,0.465247906403673
"BGR","Bulgaria",2001,0.456787396477638
"BGR","Bulgaria",2002,0.448326886551603
"BGR","Bulgaria",2003,0.439866376625568
"BGR","Bulgaria",2004,0.431405866699534
"BGR","Bulgaria",2005,0.422945356773499
"BGR","Bulgaria",2006,0.422945356773499
"BGR","Bulgaria",2007,0.422945356773499
"BGR","Bulgaria",2008,0.423326437248728
"BGR","Bulgaria",2009,0.423976515706473
"BGR","Bulgaria",2010,0.408172884233709
"BGR","Bulgaria",2011,0.406222648860475
"BGR","Bulgaria",2012,0.405505320907101
"BGR","Bulgaria",2013,0.40375346397283
"BGR","Bulgaria",2014,0.399692707688637
"BGR","Bulgaria",2015,0.396708258882063
"BGR","Bulgaria",2016,0.395674045448724
"BGR","Bulgaria",2017,0.396612483887163
"BGR","Bulgaria",2018,0.397550922325601
"BGR","Bulgaria",2019,0.398166032168364
"BGR","Bulgaria",2020,0.398781142011127
"BGR","Bulgaria",2021,0.398909475985511
"BGR","Bulgaria",2022,0.401271863505317
"BFA","Burkina Faso",1995,0.522782430233201
"BFA","Burkina Faso",1996,0.524967412523458
"BFA","Burkina Faso",1997,0.527201816813715
"BFA","Burkina Faso",1998,0.529030107937305
"BFA","Burkina Faso",1999,0.532049215560895
"BFA","Burkina Faso",2000,0.535068323184485
"BFA","Burkina Faso",2001,0.515714815238515
"BFA","Burkina Faso",2002,0.496361307292545
"BFA","Burkina Faso",2003,0.477007799346575
"BFA","Burkina Faso",2004,0.457654291400605
"BFA","Burkina Faso",2005,0.438300783454635
"BFA","Burkina Faso",2006,0.438300783454635
"BFA","Burkina Faso",2007,0.438300783454635
"BFA","Burkina Faso",2008,0.437964535976491
"BFA","Burkina Faso",2009,0.437336874017289
"BFA","Burkina Faso",2010,0.434265813716908
"BFA","Burkina Faso",2011,0.433638151757706
"BFA","Burkina Faso",2012,0.433458819769362
"BFA","Burkina Faso",2013,0.43421680287015
"BFA","Burkina Faso",2014,0.430469069763809
"BFA","Burkina Faso",2015,0.430356987271094
"BFA","Burkina Faso",2016,0.430469069763809
"BFA","Burkina Faso",2017,0.430469069763809
"BFA","Burkina Faso",2018,0.430469069763809
"BFA","Burkina Faso",2019,0.43060674384359
"BFA","Burkina Faso",2020,0.430744417923372
"BFA","Burkina Faso",2021,0.431055547776196
"BFA","Burkina Faso",2022,0.430588032305878
"BDI","Burundi",1995,0.575633031387074
"BDI","Burundi",1996,0.57616917555374
"BDI","Burundi",1997,0.570568787887074
"BDI","Burundi",1998,0.56862884505374
"BDI","Burundi",1999,0.56862884505374
"BDI","Burundi",2000,0.56862884505374
"BDI","Burundi",2001,0.56862884505374
"BDI","Burundi",2002,0.56862884505374
"BDI","Burundi",2003,0.56862884505374
"BDI","Burundi",2004,0.56862884505374
"BDI","Burundi",2005,0.56862884505374
"BDI","Burundi",2006,0.56862884505374
"BDI","Burundi",2007,0.56862884505374
"BDI","Burundi",2008,0.568516762561026
"BDI","Burundi",2009,0.569077175024599
"BDI","Burundi",2010,0.565916448730046
"BDI","Burundi",2011,0.566611360184877
"BDI","Burundi",2012,0.566566527187791
"BDI","Burundi",2013,0.567761833960603
"BDI","Burundi",2014,0.563173684109339
"BDI","Burundi",2015,0.562299440666165
"BDI","Burundi",2016,0.560932034255047
"BDI","Burundi",2017,0.560932034255047
"BDI","Burundi",2018,0.560932034255047
"BDI","Burundi",2019,0.560793274569556
"BDI","Burundi",2020,0.560654514884065
"BDI","Burundi",2021,0.56081992696338
"BDI","Burundi",2022,0.560562909081802
"KHM","Cambodia",1995,0.463371651596975
"KHM","Cambodia",1996,0.464629153596975
"KHM","Cambodia",1997,0.461733994196975
"KHM","Cambodia",1998,0.461892104396975
"KHM","Cambodia",1999,0.461082089596975
"KHM","Cambodia",2000,0.461082089596975
"KHM","Cambodia",2001,0.461082089596975
"KHM","Cambodia",2002,0.461082089596975
"KHM","Cambodia",2003,0.461082089596975
"KHM","Cambodia",2004,0.461082089596975
"KHM","Cambodia",2005,0.461082089596975
"KHM","Cambodia",2006,0.461082089596975
"KHM","Cambodia",2007,0.461082089596975
"KHM","Cambodia",2008,0.4606247930267
"KHM","Cambodia",2009,0.459306702912376
"KHM","Cambodia",2010,0.454626138016612
"KHM","Cambodia",2011,0.454034342455079
"KHM","Cambodia",2012,0.452662452744252
"KHM","Cambodia",2013,0.454702498001345
"KHM","Cambodia",2014,0.450770788046602
"KHM","Cambodia",2015,0.450568123209606
"KHM","Cambodia",2016,0.451333851109665
"KHM","Cambodia",2017,0.451615382641197
"KHM","Cambodia",2018,0.451896914172728
"KHM","Cambodia",2019,0.451641507598057
"KHM","Cambodia",2020,0.451386101023385
"KHM","Cambodia",2021,0.451962386188494
"KHM","Cambodia",2022,0.453060466119414
"CMR","Cameroon",1995,0.460013390601838
"CMR","Cameroon",1996,0.458506387848521
"CMR","Cameroon",1997,0.459211610428537
"CMR","Cameroon",1998,0.460721050508553
"CMR","Cameroon",1999,0.462052067755236
"CMR","Cameroon",2000,0.46338308500192
"CMR","Cameroon",2001,0.46038111776701
"CMR","Cameroon",2002,0.457379150532101
"CMR","Cameroon",2003,0.454377183297192
"CMR","Cameroon",2004,0.451375216062282
"CMR","Cameroon",2005,0.448373248827373
"CMR","Cameroon",2006,0.448373248827373
"CMR","Cameroon",2007,0.448373248827373
"CMR","Cameroon",2008,0.447880085859428
"CMR","Cameroon",2009,0.447319673395855
"CMR","Cameroon",2010,0.442253544725154
"CMR","Cameroon",2011,0.441962130244096
"CMR","Cameroon",2012,0.436380422106907
"CMR","Cameroon",2013,0.437571147129172
"CMR","Cameroon",2014,0.432171421579816
"CMR","Cameroon",2015,0.432002534215653
"CMR","Cameroon",2016,0.432685473796121
"CMR","Cameroon",2017,0.432920083405731
"CMR","Cameroon",2018,0.43315469301534
"CMR","Cameroon",2019,0.433000798683084
"CMR","Cameroon",2020,0.432846904350828
"CMR","Cameroon",2021,0.432401827812638
"CMR","Cameroon",2022,0.432092819332069
"CAN","Canada",1995,0.400201425784293
"CAN","Canada",1996,0.402603557539788
"CAN","Canada",1997,0.402821325628617
"CAN","Canada",1998,0.400134180217446
"CAN","Canada",1999,0.402450519306276
"CAN","Canada",2000,0.402721366728438
"CAN","Canada",2001,0.401351068931386
"CAN","Canada",2002,0.399980771134334
"CAN","Canada",2003,0.398610473337282
"CAN","Canada",2004,0.39724017554023
"CAN","Canada",2005,0.395869877743178
"CAN","Canada",2006,0.395869877743178
"CAN","Canada",2007,0.395869877743178
"CAN","Canada",2008,0.395556046763577
"CAN","Canada",2009,0.394547304329145
"CAN","Canada",2010,0.392776400944254
"CAN","Canada",2011,0.391902157501079
"CAN","Canada",2012,0.39129691204042
"CAN","Canada",2013,0.391408994533135
"CAN","Canada",2014,0.391319328538963
"CAN","Canada",2015,0.390288169605989
"CAN","Canada",2016,0.390288169605989
"CAN","Canada",2017,0.390288169605989
"CAN","Canada",2018,0.390288169605989
"CAN","Canada",2019,0.390288169605989
"CAN","Canada",2020,0.390288169605989
"CAN","Canada",2021,0.390288169605989
"CAN","Canada",2022,0.390288169605989
"CPV","Cape Verde",1995,0.462156376163712
"CPV","Cape Verde",1996,0.463267656963712
"CPV","Cape Verde",1997,0.463489524963712
"CPV","Cape Verde",1998,0.463617989363712
"CPV","Cape Verde",1999,0.461997959963712
"CPV","Cape Verde",2000,0.461997959963712
"CPV","Cape Verde",2001,0.461997959963712
"CPV","Cape Verde",2002,0.461997959963712
"CPV","Cape Verde",2003,0.461997959963712
"CPV","Cape Verde",2004,0.461997959963712
"CPV","Cape Verde",2005,0.461997959963712
"CPV","Cape Verde",2006,0.461997959963712
"CPV","Cape Verde",2007,0.461997959963712
"CPV","Cape Verde",2008,0.462213158349723
"CPV","Cape Verde",2009,0.463073951893772
"CPV","Cape Verde",2010,0.460034274691351
"CPV","Cape Verde",2011,0.460249473077363
"CPV","Cape Verde",2012,0.462401456937484
"CPV","Cape Verde",2013,0.459270674844026
"CPV","Cape Verde",2014,0.452885017162134
"CPV","Cape Verde",2015,0.450681066405729
"CPV","Cape Verde",2016,0.44949930798288
"CPV","Cape Verde",2017,0.448936244919818
"CPV","Cape Verde",2018,0.448373181856755
"CPV","Cape Verde",2019,0.450288802371746
"CPV","Cape Verde",2020,0.452204422886738
"CPV","Cape Verde",2021,0.454677467971619
"CPV","Cape Verde",2022,0.454677467971619
"CAF","Central African Republic",1995,0.501861270959334
"CAF","Central African Republic",1996,0.501362051126
"CAF","Central African Republic",1997,0.502247399626
"CAF","Central African Republic",1998,0.502354453292667
"CAF","Central African Republic",1999,0.502354453292667
"CAF","Central African Republic",2000,0.502354453292667
"CAF","Central African Republic",2001,0.502354453292667
"CAF","Central African Republic",2002,0.502354453292667
"CAF","Central African Republic",2003,0.502354453292667
"CAF","Central African Republic",2004,0.502354453292667
"CAF","Central African Republic",2005,0.502354453292667
"CAF","Central African Republic",2006,0.502354453292667
"CAF","Central African Republic",2007,0.502354453292667
"CAF","Central African Republic",2008,0.502085455310152
"CAF","Central African Republic",2009,0.501794040829094
"CAF","Central African Republic",2010,0.504954767123647
"CAF","Central African Republic",2011,0.505447930091591
"CAF","Central African Republic",2012,0.504013274184844
"CAF","Central African Republic",2013,0.504125356677558
"CAF","Central African Republic",2014,0.499395475485001
"CAF","Central African Republic",2015,0.499059228006857
"CAF","Central African Republic",2016,0.499574807473344
"CAF","Central African Republic",2017,0.499574807473344
"CAF","Central African Republic",2018,0.499574807473344
"CAF","Central African Republic",2019,0.499574807473344
"CAF","Central African Republic",2020,0.499574807473344
"CAF","Central African Republic",2021,0.499574807473344
"CAF","Central African Republic",2022,0.499574807473344
"TCD","Chad",1995,0.588900256768102
"TCD","Chad",1996,0.588900256768102
"TCD","Chad",1997,0.588900256768102
"TCD","Chad",1998,0.588900256768102
"TCD","Chad",1999,0.588900256768102
"TCD","Chad",2000,0.588900256768102
"TCD","Chad",2001,0.588900256768102
"TCD","Chad",2002,0.588900256768102
"TCD","Chad",2003,0.588900256768102
"TCD","Chad",2004,0.588900256768102
"TCD","Chad",2005,0.588900256768102
"TCD","Chad",2006,0.588900256768102
"TCD","Chad",2007,0.588900256768102
"TCD","Chad",2008,0.588564009289958
"TCD","Chad",2009,0.588227761811814
"TCD","Chad",2010,0.58712935338321
"TCD","Chad",2011,0.587017270890496
"TCD","Chad",2012,0.586703439910895
"TCD","Chad",2013,0.58936168196263
"TCD","Chad",2014,0.585855386915061
"TCD","Chad",2015,0.585743304422346
"TCD","Chad",2016,0.585810553917975
"TCD","Chad",2017,0.585810553917975
"TCD","Chad",2018,0.585810553917975
"TCD","Chad",2019,0.587197116490293
"TCD","Chad",2020,0.588583679062611
"TCD","Chad",2021,0.589068460684116
"TCD","Chad",2022,0.58894689464863
"CHL","Chile",1995,0.401731094464356
"CHL","Chile",1996,0.40414233764996
"CHL","Chile",1997,0.402372561335564
"CHL","Chile",1998,0.403552268021168
"CHL","Chile",1999,0.404366894206771
"CHL","Chile",2000,0.405181520392375
"CHL","Chile",2001,0.405527930172342
"CHL","Chile",2002,0.405874339952308
"CHL","Chile",2003,0.406220749732274
"CHL","Chile",2004,0.40656715951224
"CHL","Chile",2005,0.406913569292207
"CHL","Chile",2006,0.406913569292207
"CHL","Chile",2007,0.406913569292207
"CHL","Chile",2008,0.407675730242666
"CHL","Chile",2009,0.40747398175578
"CHL","Chile",2010,0.405523746382545
"CHL","Chile",2011,0.405904826857775
"CHL","Chile",2012,0.404739168933543
"CHL","Chile",2013,0.406146668817422
"CHL","Chile",2014,0.405312518847007
"CHL","Chile",2015,0.405400657590997
"CHL","Chile",2016,0.407954611174708
"CHL","Chile",2017,0.408423830393927
"CHL","Chile",2018,0.408893049613147
"CHL","Chile",2019,0.409216820366944
"CHL","Chile",2020,0.409540591120741
"CHL","Chile",2021,0.410369980046705
"CHL","Chile",2022,0.407530267322717
"CHN","China",1995,0.559194949657347
"CHN","China",1996,0.552917062172906
"CHN","China",1997,0.546246537521798
"CHN","China",1998,0.544049651704023
"CHN","China",1999,0.540922471552916
"CHN","China",2000,0.539145316068474
"CHN","China",2001,0.534174018768772
"CHN","China",2002,0.52920272146907
"CHN","China",2003,0.524231424169368
"CHN","China",2004,0.519260126869666
"CHN","China",2005,0.514288829569964
"CHN","China",2006,0.514288829569964
"CHN","China",2007,0.514288829569964
"CHN","China",2008,0.514378495564136
"CHN","China",2009,0.51449057805685
"CHN","China",2010,0.511957513721499
"CHN","China",2011,0.512024763217128
"CHN","China",2012,0.511598849744813
"CHN","China",2013,0.51333439918127
"CHN","China",2014,0.512402385291119
"CHN","China",2015,0.512200636804233
"CHN","China",2016,0.514800950635212
"CHN","China",2017,0.514800950635212
"CHN","China",2018,0.514800950635212
"CHN","China",2019,0.51522548994043
"CHN","China",2020,0.515650029245648
"CHN","China",2021,0.516427601479807
"CHN","China",2022,0.514907878718555
"COL","Colombia",1995,0.464444460896258
"COL","Colombia",1996,0.467376069548841
"COL","Colombia",1997,0.469011940034757
"COL","Colombia",1998,0.471844166020673
"COL","Colombia",1999,0.474448559839923
"COL","Colombia",2000,0.478402978159172
"COL","Colombia",2001,0.473417327286227
"COL","Colombia",2002,0.468431676413282
"COL","Colombia",2003,0.463446025540337
"COL","Colombia",2004,0.458460374667393
"COL","Colombia",2005,0.453474723794448
"COL","Colombia",2006,0.453474723794448
"COL","Colombia",2007,0.453474723794448
"COL","Colombia",2008,0.452914311330875
"COL","Colombia",2009,0.452488397858559
"COL","Colombia",2010,0.455514625161854
"COL","Colombia",2011,0.456837198575887
"COL","Colombia",2012,0.455918122135627
"COL","Colombia",2013,0.455475497264623
"COL","Colombia",2014,0.453486133994156
"COL","Colombia",2015,0.45406743570609
"COL","Colombia",2016,0.45875095665138
"COL","Colombia",2017,0.459220175870599
"COL","Colombia",2018,0.459689395089818
"COL","Colombia",2019,0.45927125808955
"COL","Colombia",2020,0.458853121089281
"COL","Colombia",2021,0.459854008518872
"COL","Colombia",2022,0.459857180540918
"COM","Comoros",1995,0.513750793669817
"COM","Comoros",1996,0.516255417222912
"COM","Comoros",1997,0.518707969576007
"COM","Comoros",1998,0.518917856529101
"COM","Comoros",1999,0.520662130082196
"COM","Comoros",2000,0.522406403635291
"COM","Comoros",2001,0.518771996527006
"COM","Comoros",2002,0.515137589418722
"COM","Comoros",2003,0.511503182310437
"COM","Comoros",2004,0.507868775202153
"COM","Comoros",2005,0.504234368093868
"COM","Comoros",2006,0.504234368093868
"COM","Comoros",2007,0.504234368093868
"COM","Comoros",2008,0.489089781678266
"COM","Comoros",2009,0.489116681476518
"COM","Comoros",2010,0.487072296809403
"COM","Comoros",2011,0.487986889949954
"COM","Comoros",2012,0.488040689546457
"COM","Comoros",2013,0.487802256762631
"COM","Comoros",2014,0.479520784301602
"COM","Comoros",2015,0.480754509620734
"COM","Comoros",2016,0.480616345229039
"COM","Comoros",2017,0.481742471355166
"COM","Comoros",2018,0.482868597481292
"COM","Comoros",2019,0.482375728779698
"COM","Comoros",2020,0.481882860078104
"COM","Comoros",2021,0.482207985048859
"COM","Comoros",2022,0.490937208674871
"COG","Congo",1995,0.528310873655121
"COG","Congo",1996,0.526410736988455
"COG","Congo",1997,0.525985973321788
"COG","Congo",1998,0.524753982488455
"COG","Congo",1999,0.522053933321788
"COG","Congo",2000,0.522053933321788
"COG","Congo",2001,0.522053933321788
"COG","Congo",2002,0.522053933321788
"COG","Congo",2003,0.522053933321788
"COG","Congo",2004,0.522053933321788
"COG","Congo",2005,0.519992685188843
"COG","Congo",2006,0.519992685188843
"COG","Congo",2007,0.519992685188843
"COG","Congo",2008,0.519320190232555
"COG","Congo",2009,0.513469484112851
"COG","Congo",2010,0.511877912716303
"COG","Congo",2011,0.510689838293528
"COG","Congo",2012,0.51024150832267
"COG","Congo",2013,0.510667421794985
"COG","Congo",2014,0.50412180422045
"COG","Congo",2015,0.504458051698594
"COG","Congo",2016,0.504727049681109
"COG","Congo",2017,0.504727049681109
"COG","Congo",2018,0.504727049681109
"COG","Congo",2019,0.504727049681109
"COG","Congo",2020,0.504727049681109
"COG","Congo",2021,0.504727049681109
"COG","Congo",2022,0.504727049681109
"COD","Congo, the Democratic Republic o",1995,0.511591854078113
"COD","Congo, the Democratic Republic o",1996,0.511591854078113
"COD","Congo, the Democratic Republic o",1997,0.511591854078113
"COD","Congo, the Democratic Republic o",1998,0.511591854078113
"COD","Congo, the Democratic Republic o",1999,0.511591854078113
"COD","Congo, the Democratic Republic o",2000,0.511591854078113
"COD","Congo, the Democratic Republic o",2001,0.511591854078113
"COD","Congo, the Democratic Republic o",2002,0.511591854078113
"COD","Congo, the Democratic Republic o",2003,0.511591854078113
"COD","Congo, the Democratic Republic o",2004,0.511591854078113
"COD","Congo, the Democratic Republic o",2005,0.511591854078113
"COD","Congo, the Democratic Republic o",2006,0.511591854078113
"COD","Congo, the Democratic Republic o",2007,0.511591854078113
"COD","Congo, the Democratic Republic o",2008,0.511995351051886
"COD","Congo, the Democratic Republic o",2009,0.510865559525323
"COD","Congo, the Democratic Republic o",2010,0.503979211172935
"COD","Congo, the Democratic Republic o",2011,0.504678605927474
"COD","Congo, the Democratic Republic o",2012,0.503468115006157
"COD","Congo, the Democratic Republic o",2013,0.506945224428962
"COD","Congo, the Democratic Republic o",2014,0.505230672789225
"COD","Congo, the Democratic Republic o",2015,0.506695795443823
"COD","Congo, the Democratic Republic o",2016,0.505955134641798
"COD","Congo, the Democratic Republic o",2017,0.506236666173329
"COD","Congo, the Democratic Republic o",2018,0.506518197704861
"COD","Congo, the Democratic Republic o",2019,0.506701217659977
"COD","Congo, the Democratic Republic o",2020,0.506884237615092
"COD","Congo, the Democratic Republic o",2021,0.511275955700356
"COD","Congo, the Democratic Republic o",2022,0.511275955700356
"CRI","Costa Rica",1995,0.487296892588377
"CRI","Costa Rica",1996,0.483811153536881
"CRI","Costa Rica",1997,0.482529396152052
"CRI","Costa Rica",1998,0.477903210767223
"CRI","Costa Rica",1999,0.475785093215728
"CRI","Costa Rica",2000,0.475017000164232
"CRI","Costa Rica",2001,0.47268447687952
"CRI","Costa Rica",2002,0.470351953594808
"CRI","Costa Rica",2003,0.468019430310095
"CRI","Costa Rica",2004,0.465686907025383
"CRI","Costa Rica",2005,0.46335438374067
"CRI","Costa Rica",2006,0.46335438374067
"CRI","Costa Rica",2007,0.46335438374067
"CRI","Costa Rica",2008,0.462412890801867
"CRI","Costa Rica",2009,0.462771554778554
"CRI","Costa Rica",2010,0.452616880938608
"CRI","Costa Rica",2011,0.45286346242258
"CRI","Costa Rica",2012,0.452773796428408
"CRI","Costa Rica",2013,0.451858740064041
"CRI","Costa Rica",2014,0.448433035862866
"CRI","Costa Rica",2015,0.449104003568972
"CRI","Costa Rica",2016,0.451702790149769
"CRI","Costa Rica",2017,0.452172009368988
"CRI","Costa Rica",2018,0.452641228588208
"CRI","Costa Rica",2019,0.452454249804278
"CRI","Costa Rica",2020,0.452267271020349
"CRI","Costa Rica",2021,0.451175225819814
"CRI","Costa Rica",2022,0.452830890992169
"CIV","Cote d'Ivoire",1995,0.480138216340495
"CIV","Cote d'Ivoire",1996,0.489798096754179
"CIV","Cote d'Ivoire",1997,0.499457977167862
"CIV","Cote d'Ivoire",1998,0.509117857581545
"CIV","Cote d'Ivoire",1999,0.518777737995229
"CIV","Cote d'Ivoire",2000,0.528437618408912
"CIV","Cote d'Ivoire",2001,0.523438182493001
"CIV","Cote d'Ivoire",2002,0.518438746577089
"CIV","Cote d'Ivoire",2003,0.513439310661177
"CIV","Cote d'Ivoire",2004,0.508439874745266
"CIV","Cote d'Ivoire",2005,0.503440438829354
"CIV","Cote d'Ivoire",2006,0.503440438829354
"CIV","Cote d'Ivoire",2007,0.503440438829354
"CIV","Cote d'Ivoire",2008,0.503978434794384
"CIV","Cote d'Ivoire",2009,0.504314682272528
"CIV","Cote d'Ivoire",2010,0.504202599779813
"CIV","Cote d'Ivoire",2011,0.504090517287099
"CIV","Cote d'Ivoire",2012,0.504135350284184
"CIV","Cote d'Ivoire",2013,0.503445582254554
"CIV","Cote d'Ivoire",2014,0.499370922944942
"CIV","Cote d'Ivoire",2015,0.499146757959513
"CIV","Cote d'Ivoire",2016,0.499146757959513
"CIV","Cote d'Ivoire",2017,0.499146757959513
"CIV","Cote d'Ivoire",2018,0.499146757959513
"CIV","Cote d'Ivoire",2019,0.499703533863643
"CIV","Cote d'Ivoire",2020,0.500260309767774
"CIV","Cote d'Ivoire",2021,0.502036112004183
"CIV","Cote d'Ivoire",2022,0.502036112004183
"HRV","Croatia",1995,0.374868640203018
"HRV","Croatia",1996,0.371775102536352
"HRV","Croatia",1997,0.372261668703018
"HRV","Croatia",1998,0.365824472203018
"HRV","Croatia",1999,0.364494902369685
"HRV","Croatia",2000,0.364494902369685
"HRV","Croatia",2001,0.361972886082801
"HRV","Croatia",2002,0.359450869795917
"HRV","Croatia",2003,0.356928853509033
"HRV","Croatia",2004,0.354406837222149
"HRV","Croatia",2005,0.351884820935265
"HRV","Croatia",2006,0.351884820935265
"HRV","Croatia",2007,0.351884820935265
"HRV","Croatia",2008,0.35199690342798
"HRV","Croatia",2009,0.350472581527061
"HRV","Croatia",2010,0.346773859267478
"HRV","Croatia",2011,0.345316786862188
"HRV","Croatia",2012,0.344487376416099
"HRV","Croatia",2013,0.345611659744485
"HRV","Croatia",2014,0.340481739979393
"HRV","Croatia",2015,0.335817581032282
"HRV","Croatia",2016,0.332319080009403
"HRV","Croatia",2017,0.332788299228622
"HRV","Croatia",2018,0.333257518447842
"HRV","Croatia",2019,0.332933149035934
"HRV","Croatia",2020,0.332608779624026
"HRV","Croatia",2021,0.335588338549193
"HRV","Croatia",2022,0.338130932503268
"CUB","Cuba",1995,0.550851601268355
"CUB","Cuba",1996,0.550851601268355
"CUB","Cuba",1997,0.550851601268355
"CUB","Cuba",1998,0.550851601268355
"CUB","Cuba",1999,0.550851601268355
"CUB","Cuba",2000,0.550851601268355
"CUB","Cuba",2001,0.550851601268355
"CUB","Cuba",2002,0.550851601268355
"CUB","Cuba",2003,0.550851601268355
"CUB","Cuba",2004,0.550851601268355
"CUB","Cuba",2005,0.550851601268355
"CUB","Cuba",2006,0.550851601268355
"CUB","Cuba",2007,0.550851601268355
"CUB","Cuba",2008,0.550259805706822
"CUB","Cuba",2009,0.550152206513816
"CUB","Cuba",2010,0.548592018215228
"CUB","Cuba",2011,0.552465589163446
"CUB","Cuba",2012,0.552035192391422
"CUB","Cuba",2013,0.553196223126259
"CUB","Cuba",2014,0.549649789167081
"CUB","Cuba",2015,0.54901856025828
"CUB","Cuba",2016,0.548118333366963
"CUB","Cuba",2017,0.547836801835432
"CUB","Cuba",2018,0.5475552703039
"CUB","Cuba",2019,0.54778628440615
"CUB","Cuba",2020,0.5480172985084
"CUB","Cuba",2021,0.54747217485345
"CUB","Cuba",2022,0.546011829476341
"CYP","Cyprus",1995,0.387451033463152
"CYP","Cyprus",1996,0.386625404542412
"CYP","Cyprus",1997,0.385168834621672
"CYP","Cyprus",1998,0.385581733034266
"CYP","Cyprus",1999,0.38427712944686
"CYP","Cyprus",2000,0.384322550359453
"CYP","Cyprus",2001,0.384322550359453
"CYP","Cyprus",2002,0.384322550359453
"CYP","Cyprus",2003,0.384322550359453
"CYP","Cyprus",2004,0.384322550359453
"CYP","Cyprus",2005,0.384322550359453
"CYP","Cyprus",2006,0.384322550359453
"CYP","Cyprus",2007,0.384322550359453
"CYP","Cyprus",2008,0.384479465849254
"CYP","Cyprus",2009,0.383537972910451
"CYP","Cyprus",2010,0.380915242580928
"CYP","Cyprus",2011,0.380422079612984
"CYP","Cyprus",2012,0.379861667149411
"CYP","Cyprus",2013,0.377616085572541
"CYP","Cyprus",2014,0.372344276692377
"CYP","Cyprus",2015,0.373753461600217
"CYP","Cyprus",2016,0.373189994636279
"CYP","Cyprus",2017,0.374128433074717
"CYP","Cyprus",2018,0.375066871513156
"CYP","Cyprus",2019,0.375730764112786
"CYP","Cyprus",2020,0.376394656712417
"CYP","Cyprus",2021,0.376421335552195
"CYP","Cyprus",2022,0.372641519594319
"CZE","Czech Republic",1995,0.301913772084755
"CZE","Czech Republic",1996,0.299691284084755
"CZE","Czech Republic",1997,0.298958543251422
"CZE","Czech Republic",1998,0.293218318751422
"CZE","Czech Republic",1999,0.291868294251422
"CZE","Czech Republic",2000,0.291868294251422
"CZE","Czech Republic",2001,0.290158877243188
"CZE","Czech Republic",2002,0.288449460234955
"CZE","Czech Republic",2003,0.286740043226722
"CZE","Czech Republic",2004,0.285030626218488
"CZE","Czech Republic",2005,0.283321209210255
"CZE","Czech Republic",2006,0.283321209210255
"CZE","Czech Republic",2007,0.283321209210255
"CZE","Czech Republic",2008,0.283029794729197
"CZE","Czech Republic",2009,0.283141877221912
"CZE","Czech Republic",2010,0.27823266404101
"CZE","Czech Republic",2011,0.277896416562867
"CZE","Czech Republic",2012,0.278255080539554
"CZE","Czech Republic",2013,0.280330493629173
"CZE","Czech Republic",2014,0.281823077756677
"CZE","Czech Republic",2015,0.281407608908541
"CZE","Czech Republic",2016,0.27964715014783
"CZE","Czech Republic",2017,0.27988175975744
"CZE","Czech Republic",2018,0.280116369367049
"CZE","Czech Republic",2019,0.280638731725189
"CZE","Czech Republic",2020,0.281161094083328
"CZE","Czech Republic",2021,0.28376133726307
"CZE","Czech Republic",2022,0.282506539815469
"DNK","Denmark",1995,0.221861582658608
"DNK","Denmark",1996,0.221827330762152
"DNK","Denmark",1997,0.221804250865695
"DNK","Denmark",1998,0.223551440802572
"DNK","Denmark",1999,0.223305210406115
"DNK","Denmark",2000,0.223733992176326
"DNK","Denmark",2001,0.222874918782226
"DNK","Denmark",2002,0.222015845388127
"DNK","Denmark",2003,0.221156771994027
"DNK","Denmark",2004,0.220297698599928
"DNK","Denmark",2005,0.219438625205828
"DNK","Denmark",2006,0.219438625205828
"DNK","Denmark",2007,0.219438625205828
"DNK","Denmark",2008,0.219707623188344
"DNK","Denmark",2009,0.221231945089263
"DNK","Denmark",2010,0.217757387815109
"DNK","Denmark",2011,0.217174558852993
"DNK","Denmark",2012,0.217331474342793
"DNK","Denmark",2013,0.229601320264707
"DNK","Denmark",2014,0.237230950988235
"DNK","Denmark",2015,0.235897932950022
"DNK","Denmark",2016,0.234699413903066
"DNK","Denmark",2017,0.234464804293457
"DNK","Denmark",2018,0.234230194683847
"DNK","Denmark",2019,0.23472707947108
"DNK","Denmark",2020,0.235223964258312
"DNK","Denmark",2021,0.238313286162826
"DNK","Denmark",2022,0.238361787707023
"DJI","Djibouti",1995,0.549926019496204
"DJI","Djibouti",1996,0.550685483496204
"DJI","Djibouti",1997,0.548953010696204
"DJI","Djibouti",1998,0.545808376696204
"DJI","Djibouti",1999,0.545808376696204
"DJI","Djibouti",2000,0.545808376696204
"DJI","Djibouti",2001,0.545808376696204
"DJI","Djibouti",2002,0.545808376696204
"DJI","Djibouti",2003,0.545808376696204
"DJI","Djibouti",2004,0.545808376696204
"DJI","Djibouti",2005,0.545808376696204
"DJI","Djibouti",2006,0.545808376696204
"DJI","Djibouti",2007,0.545808376696204
"DJI","Djibouti",2008,0.545781476897953
"DJI","Djibouti",2009,0.54680366923151
"DJI","Djibouti",2010,0.548955653091631
"DJI","Djibouti",2011,0.550515841390219
"DJI","Djibouti",2012,0.549977845425189
"DJI","Djibouti",2013,0.555499528843644
"DJI","Djibouti",2014,0.556125448980324
"DJI","Djibouti",2015,0.543904072425558
"DJI","Djibouti",2016,0.539752635346246
"DJI","Djibouti",2017,0.538344977688588
"DJI","Djibouti",2018,0.536937320030931
"DJI","Djibouti",2019,0.536008327358106
"DJI","Djibouti",2020,0.535079334685282
"DJI","Djibouti",2021,0.537211224907057
"DJI","Djibouti",2022,0.535211496300325
"DMA","Dominica",1995,0.477843649717162
"DMA","Dominica",1996,0.477611683101902
"DMA","Dominica",1997,0.475709099486642
"DMA","Dominica",1998,0.474103586271382
"DMA","Dominica",1999,0.471609103256122
"DMA","Dominica",2000,0.470734649640862
"DMA","Dominica",2001,0.466801479395159
"DMA","Dominica",2002,0.462868309149456
"DMA","Dominica",2003,0.458935138903753
"DMA","Dominica",2004,0.45500196865805
"DMA","Dominica",2005,0.451068798412347
"DMA","Dominica",2006,0.451068798412347
"DMA","Dominica",2007,0.451068798412347
"DMA","Dominica",2008,0.449750708298023
"DMA","Dominica",2009,0.449562409710262
"DMA","Dominica",2010,0.436811905339045
"DMA","Dominica",2011,0.43743060069883
"DMA","Dominica",2012,0.437699598681345
"DMA","Dominica",2013,0.436882577894587
"DMA","Dominica",2014,0.433590775668689
"DMA","Dominica",2015,0.432973913009123
"DMA","Dominica",2016,0.430554763866705
"DMA","Dominica",2017,0.429991700803642
"DMA","Dominica",2018,0.429428637740579
"DMA","Dominica",2019,0.429256848312173
"DMA","Dominica",2020,0.429085058883766
"DMA","Dominica",2021,0.429628224666255
"DMA","Dominica",2022,0.436749535002589
"DOM","Dominican Republic",1995,0.45358035776549
"DOM","Dominican Republic",1996,0.451255121956002
"DOM","Dominican Republic",1997,0.448197394313181
"DOM","Dominican Republic",1998,0.443258301337026
"DOM","Dominican Republic",1999,0.440171312360872
"DOM","Dominican Republic",2000,0.437084323384717
"DOM","Dominican Republic",2001,0.436474503087206
"DOM","Dominican Republic",2002,0.435864682789695
"DOM","Dominican Republic",2003,0.435254862492183
"DOM","Dominican Republic",2004,0.434645042194672
"DOM","Dominican Republic",2005,0.434035221897161
"DOM","Dominican Republic",2006,0.434035221897161
"DOM","Dominican Republic",2007,0.434035221897161
"DOM","Dominican Republic",2008,0.434124887891332
"DOM","Dominican Republic",2009,0.434236970384047
"DOM","Dominican Republic",2010,0.43410247139279
"DOM","Dominican Republic",2011,0.434954298337421
"DOM","Dominican Republic",2012,0.434730133351991
"DOM","Dominican Republic",2013,0.435184730097358
"DOM","Dominican Republic",2014,0.432994180014659
"DOM","Dominican Republic",2015,0.432982208140297
"DOM","Dominican Republic",2016,0.43653445953426
"DOM","Dominican Republic",2017,0.436769069143869
"DOM","Dominican Republic",2018,0.437003678753479
"DOM","Dominican Republic",2019,0.437271097294154
"DOM","Dominican Republic",2020,0.437538515834829
"DOM","Dominican Republic",2021,0.437013547156257
"DOM","Dominican Republic",2022,0.438178557543103
"ECU","Ecuador",1995,0.525047962178618
"ECU","Ecuador",1996,0.549282029671084
"ECU","Ecuador",1997,0.572002133330217
"ECU","Ecuador",1998,0.594188604822683
"ECU","Ecuador",1999,0.60244989167238
"ECU","Ecuador",2000,0.60244989167238
"ECU","Ecuador",2001,0.60244989167238
"ECU","Ecuador",2002,0.60244989167238
"ECU","Ecuador",2003,0.592309898683955
"ECU","Ecuador",2004,0.577520087531624
"ECU","Ecuador",2005,0.562730276379293
"ECU","Ecuador",2006,0.562730276379293
"ECU","Ecuador",2007,0.562730276379293
"ECU","Ecuador",2008,0.562999274361808
"ECU","Ecuador",2009,0.561878449434662
"ECU","Ecuador",2010,0.562057781423005
"ECU","Ecuador",2011,0.562237113411349
"ECU","Ecuador",2012,0.561228370976917
"ECU","Ecuador",2013,0.561324303745597
"ECU","Ecuador",2014,0.561285737523019
"ECU","Ecuador",2015,0.561119904659221
"ECU","Ecuador",2016,0.564114798089975
"ECU","Ecuador",2017,0.563410969261146
"ECU","Ecuador",2018,0.562707140432317
"ECU","Ecuador",2019,0.563018653468808
"ECU","Ecuador",2020,0.563330166505299
"ECU","Ecuador",2021,0.563802101759269
"ECU","Ecuador",2022,0.564585649390097
"EGY","Egypt",1995,0.400690479025817
"EGY","Egypt",1996,0.400928141750399
"EGY","Egypt",1997,0.400989337474982
"EGY","Egypt",1998,0.399058103866232
"EGY","Egypt",1999,0.395406441424148
"EGY","Egypt",2000,0.393104803648731
"EGY","Egypt",2001,0.394610813158236
"EGY","Egypt",2002,0.396116822667742
"EGY","Egypt",2003,0.397622832177247
"EGY","Egypt",2004,0.399128841686752
"EGY","Egypt",2005,0.400634851196257
"EGY","Egypt",2006,0.400634851196257
"EGY","Egypt",2007,0.400634851196257
"EGY","Egypt",2008,0.400746933688972
"EGY","Egypt",2009,0.399872690245798
"EGY","Egypt",2010,0.398213869353621
"EGY","Egypt",2011,0.39568080501827
"EGY","Egypt",2012,0.394358231604238
"EGY","Egypt",2013,0.396087918167062
"EGY","Egypt",2014,0.395015542412019
"EGY","Egypt",2015,0.394646433811152
"EGY","Egypt",2016,0.393492747761282
"EGY","Egypt",2017,0.393258138151673
"EGY","Egypt",2018,0.393023528542063
"EGY","Egypt",2019,0.392913975614582
"EGY","Egypt",2020,0.3928044226871
"EGY","Egypt",2021,0.393686066802198
"EGY","Egypt",2022,0.392111508620566
"SLV","El Salvador",1995,0.53633367391632
"SLV","El Salvador",1996,0.536466848962849
"SLV","El Salvador",1997,0.533803878342712
"SLV","El Salvador",1998,0.532845146555908
"SLV","El Salvador",1999,0.528360380269104
"SLV","El Salvador",2000,0.527250675315634
"SLV","El Salvador",2001,0.526298393814805
"SLV","El Salvador",2002,0.525346112313975
"SLV","El Salvador",2003,0.524393830813146
"SLV","El Salvador",2004,0.523441549312316
"SLV","El Salvador",2005,0.522489267811487
"SLV","El Salvador",2006,0.522489267811487
"SLV","El Salvador",2007,0.522489267811487
"SLV","El Salvador",2008,0.521435692379969
"SLV","El Salvador",2009,0.518185300091244
"SLV","El Salvador",2010,0.517938718607272
"SLV","El Salvador",2011,0.516795477181583
"SLV","El Salvador",2012,0.515495320266093
"SLV","El Salvador",2013,0.514227462798673
"SLV","El Salvador",2014,0.51493225720303
"SLV","El Salvador",2015,0.515884194766013
"SLV","El Salvador",2016,0.51907778218329
"SLV","El Salvador",2017,0.519312391792899
"SLV","El Salvador",2018,0.519547001402509
"SLV","El Salvador",2019,0.519168404459278
"SLV","El Salvador",2020,0.518789807516047
"SLV","El Salvador",2021,0.518974675342073
"SLV","El Salvador",2022,0.51880476173913
"GNQ","Equatorial Guinea",1995,0.461413894724008
"GNQ","Equatorial Guinea",1996,0.449565992124008
"GNQ","Equatorial Guinea",1997,0.444176423724008
"GNQ","Equatorial Guinea",1998,0.443527812924008
"GNQ","Equatorial Guinea",1999,0.443527812924008
"GNQ","Equatorial Guinea",2000,0.443527812924008
"GNQ","Equatorial Guinea",2001,0.443527812924008
"GNQ","Equatorial Guinea",2002,0.443527812924008
"GNQ","Equatorial Guinea",2003,0.443527812924008
"GNQ","Equatorial Guinea",2004,0.443527812924008
"GNQ","Equatorial Guinea",2005,0.443527812924008
"GNQ","Equatorial Guinea",2006,0.443527812924008
"GNQ","Equatorial Guinea",2007,0.443527812924008
"GNQ","Equatorial Guinea",2008,0.444254107476799
"GNQ","Equatorial Guinea",2009,0.444065808889038
"GNQ","Equatorial Guinea",2010,0.431046306535306
"GNQ","Equatorial Guinea",2011,0.430750408754539
"GNQ","Equatorial Guinea",2012,0.429997214403497
"GNQ","Equatorial Guinea",2013,0.427299525120401
"GNQ","Equatorial Guinea",2014,0.421777357020896
"GNQ","Equatorial Guinea",2015,0.423147414031504
"GNQ","Equatorial Guinea",2016,0.425270665393155
"GNQ","Equatorial Guinea",2017,0.425833728456218
"GNQ","Equatorial Guinea",2018,0.426396791519281
"GNQ","Equatorial Guinea",2019,0.42632322471905
"GNQ","Equatorial Guinea",2020,0.426249657918819
"GNQ","Equatorial Guinea",2021,0.419250004120633
"GNQ","Equatorial Guinea",2022,0.420269776473318
"ERI","Eritrea",1995,0.57761763764376
"ERI","Eritrea",1996,0.57286677904376
"ERI","Eritrea",1997,0.57330264284376
"ERI","Eritrea",1998,0.57335534624376
"ERI","Eritrea",1999,0.57335534624376
"ERI","Eritrea",2000,0.57335534624376
"ERI","Eritrea",2001,0.57335534624376
"ERI","Eritrea",2002,0.57335534624376
"ERI","Eritrea",2003,0.57335534624376
"ERI","Eritrea",2004,0.57335534624376
"ERI","Eritrea",2005,0.57335534624376
"ERI","Eritrea",2006,0.57335534624376
"ERI","Eritrea",2007,0.57335534624376
"ERI","Eritrea",2008,0.574404438375569
"ERI","Eritrea",2009,0.57531903151612
"ERI","Eritrea",2010,0.575399730910875
"ERI","Eritrea",2011,0.577390315981487
"ERI","Eritrea",2012,0.574269939384311
"ERI","Eritrea",2013,0.577119969979803
"ERI","Eritrea",2014,0.57101236775754
"ERI","Eritrea",2015,0.568295488134137
"ERI","Eritrea",2016,0.566547001247789
"ERI","Eritrea",2017,0.566547001247789
"ERI","Eritrea",2018,0.566547001247789
"ERI","Eritrea",2019,0.566699140761246
"ERI","Eritrea",2020,0.566851280274702
"ERI","Eritrea",2021,0.562719142655446
"ERI","Eritrea",2022,0.564683297291376
"EST","Estonia",1995,0.489307138751368
"EST","Estonia",1996,0.488159967351368
"EST","Estonia",1997,0.489522041751368
"EST","Estonia",1998,0.488066710351368
"EST","Estonia",1999,0.483206621951368
"EST","Estonia",2000,0.483206621951368
"EST","Estonia",2001,0.483206621951368
"EST","Estonia",2002,0.483206621951368
"EST","Estonia",2003,0.483206621951368
"EST","Estonia",2004,0.483206621951368
"EST","Estonia",2005,0.483206621951368
"EST","Estonia",2006,0.483206621951368
"EST","Estonia",2007,0.483206621951368
"EST","Estonia",2008,0.484524712065692
"EST","Estonia",2009,0.484793710048208
"EST","Estonia",2010,0.484201914486674
"EST","Estonia",2011,0.481162237284253
"EST","Estonia",2012,0.480328343538456
"EST","Estonia",2013,0.481309269824527
"EST","Estonia",2014,0.48521262593787
"EST","Estonia",2015,0.486137919927219
"EST","Estonia",2016,0.486041021583011
"EST","Estonia",2017,0.486885616177605
"EST","Estonia",2018,0.4877302107722
"EST","Estonia",2019,0.487290100952901
"EST","Estonia",2020,0.486849991133602
"EST","Estonia",2021,0.50099207970238
"EST","Estonia",2022,0.49412788320971
"ETH","Ethiopia",1995,0.552330663808585
"ETH","Ethiopia",1996,0.552002035308585
"ETH","Ethiopia",1997,0.551013020808585
"ETH","Ethiopia",1998,0.551147524141918
"ETH","Ethiopia",1999,0.551147524141918
"ETH","Ethiopia",2000,0.542826120435319
"ETH","Ethiopia",2001,0.533694882263239
"ETH","Ethiopia",2002,0.52456364409116
"ETH","Ethiopia",2003,0.51543240591908
"ETH","Ethiopia",2004,0.506301167747
"ETH","Ethiopia",2005,0.497169929574921
"ETH","Ethiopia",2006,0.497169929574921
"ETH","Ethiopia",2007,0.497169929574921
"ETH","Ethiopia",2008,0.497214762572007
"ETH","Ethiopia",2009,0.496676766606976
"ETH","Ethiopia",2010,0.496497434618633
"ETH","Ethiopia",2011,0.496811265598234
"ETH","Ethiopia",2012,0.495757690166717
"ETH","Ethiopia",2013,0.495433976237589
"ETH","Ethiopia",2014,0.487578318798038
"ETH","Ethiopia",2015,0.487007461710284
"ETH","Ethiopia",2016,0.486840101596303
"ETH","Ethiopia",2017,0.486605491986694
"ETH","Ethiopia",2018,0.486370882377084
"ETH","Ethiopia",2019,0.486553306078995
"ETH","Ethiopia",2020,0.486735729780905
"ETH","Ethiopia",2021,0.48695807168827
"ETH","Ethiopia",2022,0.486611944692565
"FJI","Fiji",1995,0.631487540009962
"FJI","Fiji",1996,0.640634176060367
"FJI","Fiji",1997,0.649780812110773
"FJI","Fiji",1998,0.658927448161178
"FJI","Fiji",1999,0.668074084211583
"FJI","Fiji",2000,0.677220720261989
"FJI","Fiji",2001,0.660958579715626
"FJI","Fiji",2002,0.644696439169262
"FJI","Fiji",2003,0.6284342986229
"FJI","Fiji",2004,0.612172158076536
"FJI","Fiji",2005,0.595910017530173
"FJI","Fiji",2006,0.595910017530173
"FJI","Fiji",2007,0.595910017530173
"FJI","Fiji",2008,0.595425821161646
"FJI","Fiji",2009,0.596528712889958
"FJI","Fiji",2010,0.582809815781687
"FJI","Fiji",2011,0.583186412957208
"FJI","Fiji",2012,0.581195827886596
"FJI","Fiji",2013,0.587816737632926
"FJI","Fiji",2014,0.591155871992571
"FJI","Fiji",2015,0.588674055105072
"FJI","Fiji",2016,0.585519743261284
"FJI","Fiji",2017,0.583549022540564
"FJI","Fiji",2018,0.581578301819843
"FJI","Fiji",2019,0.580710562223307
"FJI","Fiji",2020,0.579842822626771
"FJI","Fiji",2021,0.576235189725248
"FJI","Fiji",2022,0.572519105400235
"FIN","Finland",1995,0.364202686032939
"FIN","Finland",1996,0.365305011078078
"FIN","Finland",1997,0.370508417123216
"FIN","Finland",1998,0.372328443001688
"FIN","Finland",1999,0.373559972213493
"FIN","Finland",2000,0.375466513758631
"FIN","Finland",2001,0.372700898681014
"FIN","Finland",2002,0.369935283603398
"FIN","Finland",2003,0.367169668525781
"FIN","Finland",2004,0.364404053448164
"FIN","Finland",2005,0.361638438370547
"FIN","Finland",2006,0.361638438370547
"FIN","Finland",2007,0.361638438370547
"FIN","Finland",2008,0.361862603355976
"FIN","Finland",2009,0.362512681813721
"FIN","Finland",2010,0.36273684679915
"FIN","Finland",2011,0.362400599321006
"FIN","Finland",2012,0.361929852851605
"FIN","Finland",2013,0.362243683831206
"FIN","Finland",2014,0.361952269350148
"FIN","Finland",2015,0.361907436353062
"FIN","Finland",2016,0.362041935344319
"FIN","Finland",2017,0.362041935344319
"FIN","Finland",2018,0.362041935344319
"FIN","Finland",2019,0.362041935344319
"FIN","Finland",2020,0.362041935344319
"FIN","Finland",2021,0.362041935344319
"FIN","Finland",2022,0.362041935344319
"FRA","France",1995,0.291300514525936
"FRA","France",1996,0.291752716187174
"FRA","France",1997,0.294217651515078
"FRA","France",1998,0.29265711950965
"FRA","France",1999,0.293109321170888
"FRA","France",2000,0.293561522832125
"FRA","France",2001,0.292865591888722
"FRA","France",2002,0.292169660945319
"FRA","France",2003,0.291473730001916
"FRA","France",2004,0.290777799058512
"FRA","France",2005,0.290081868115109
"FRA","France",2006,0.290081868115109
"FRA","France",2007,0.290081868115109
"FRA","France",2008,0.29039569909471
"FRA","France",2009,0.289745620636965
"FRA","France",2010,0.288109216243331
"FRA","France",2011,0.287033224313271
"FRA","France",2012,0.286158980870096
"FRA","France",2013,0.286643788138697
"FRA","France",2014,0.284326533089431
"FRA","France",2015,0.284067979731096
"FRA","France",2016,0.283562844888789
"FRA","France",2017,0.283797454498399
"FRA","France",2018,0.284032064108008
"FRA","France",2019,0.283912903686066
"FRA","France",2020,0.283793743264123
"FRA","France",2021,0.283478802208609
"FRA","France",2022,0.284542570252043
"GAB","Gabon",1995,0.388251257762367
"GAB","Gabon",1996,0.386413774089553
"GAB","Gabon",1997,0.385350541083406
"GAB","Gabon",1998,0.381181145910593
"GAB","Gabon",1999,0.38090261623778
"GAB","Gabon",2000,0.380624086564966
"GAB","Gabon",2001,0.378116625677152
"GAB","Gabon",2002,0.375609164789337
"GAB","Gabon",2003,0.373101703901522
"GAB","Gabon",2004,0.370594243013707
"GAB","Gabon",2005,0.368086782125892
"GAB","Gabon",2006,0.368086782125892
"GAB","Gabon",2007,0.368086782125892
"GAB","Gabon",2008,0.368019532630264
"GAB","Gabon",2009,0.366248629245372
"GAB","Gabon",2010,0.363043069953734
"GAB","Gabon",2011,0.363468983426049
"GAB","Gabon",2012,0.363670731912936
"GAB","Gabon",2013,0.363827647402736
"GAB","Gabon",2014,0.361316999565928
"GAB","Gabon",2015,0.362392991495989
"GAB","Gabon",2016,0.362841321466847
"GAB","Gabon",2017,0.362841321466847
"GAB","Gabon",2018,0.362841321466847
"GAB","Gabon",2019,0.362841321466847
"GAB","Gabon",2020,0.362841321466847
"GAB","Gabon",2021,0.362841321466847
"GAB","Gabon",2022,0.362841321466847
"GMB","Gambia",1995,0.463559731641439
"GMB","Gambia",1996,0.468142760509809
"GMB","Gambia",1997,0.472102460878179
"GMB","Gambia",1998,0.476396419079882
"GMB","Gambia",1999,0.479861646948252
"GMB","Gambia",2000,0.485351911649955
"GMB","Gambia",2001,0.484573442730652
"GMB","Gambia",2002,0.48379497381135
"GMB","Gambia",2003,0.483016504892047
"GMB","Gambia",2004,0.482238035972744
"GMB","Gambia",2005,0.481459567053441
"GMB","Gambia",2006,0.481459567053441
"GMB","Gambia",2007,0.481459567053441
"GMB","Gambia",2008,0.481280235065098
"GMB","Gambia",2009,0.481952730021386
"GMB","Gambia",2010,0.481571649546156
"GMB","Gambia",2011,0.481638899041785
"GMB","Gambia",2012,0.481594066044699
"GMB","Gambia",2013,0.483854516222516
"GMB","Gambia",2014,0.479793513811228
"GMB","Gambia",2015,0.479950429301028
"GMB","Gambia",2016,0.480936755236917
"GMB","Gambia",2017,0.480936755236917
"GMB","Gambia",2018,0.480936755236917
"GMB","Gambia",2019,0.480687627990966
"GMB","Gambia",2020,0.480438500745016
"GMB","Gambia",2021,0.483047471922353
"GMB","Gambia",2022,0.482178472739539
"GEO","Georgia",1995,0.526145719136303
"GEO","Georgia",1996,0.518520063636303
"GEO","Georgia",1997,0.517485646636303
"GEO","Georgia",1998,0.517614659969636
"GEO","Georgia",1999,0.514914610969636
"GEO","Georgia",2000,0.514914610969636
"GEO","Georgia",2001,0.510754253922303
"GEO","Georgia",2002,0.50659389687497
"GEO","Georgia",2003,0.502433539827637
"GEO","Georgia",2004,0.498273182780304
"GEO","Georgia",2005,0.494112825732971
"GEO","Georgia",2006,0.494112825732971
"GEO","Georgia",2007,0.494112825732971
"GEO","Georgia",2008,0.493373081281054
"GEO","Georgia",2009,0.492386755345165
"GEO","Georgia",2010,0.490369270476302
"GEO","Georgia",2011,0.491490095403448
"GEO","Georgia",2012,0.490548602464645
"GEO","Georgia",2013,0.493323104858768
"GEO","Georgia",2014,0.488094917273065
"GEO","Georgia",2015,0.488810717976256
"GEO","Georgia",2016,0.487240035828069
"GEO","Georgia",2017,0.487709255047289
"GEO","Georgia",2018,0.488178474266508
"GEO","Georgia",2019,0.488703328398807
"GEO","Georgia",2020,0.489228182531106
"GEO","Georgia",2021,0.490583535950066
"GEO","Georgia",2022,0.492373216882991
"DEU","Germany",1995,0.280142856993468
"DEU","Germany",1996,0.28324025455962
"DEU","Germany",1997,0.286816599459104
"DEU","Germany",1998,0.285801222358589
"DEU","Germany",1999,0.28614552642474
"DEU","Germany",2000,0.286489830490891
"DEU","Germany",2001,0.286035752202335
"DEU","Germany",2002,0.285581673913779
"DEU","Germany",2003,0.285127595625223
"DEU","Germany",2004,0.284673517336666
"DEU","Germany",2005,0.28421943904811
"DEU","Germany",2006,0.28421943904811
"DEU","Germany",2007,0.28421943904811
"DEU","Germany",2008,0.283367612103479
"DEU","Germany",2009,0.285205764983999
"DEU","Germany",2010,0.278010068951719
"DEU","Germany",2011,0.277225491502717
"DEU","Germany",2012,0.276709912036229
"DEU","Germany",2013,0.281610365616912
"DEU","Germany",2014,0.28066011307789
"DEU","Germany",2015,0.281411829404169
"DEU","Germany",2016,0.279854646380527
"DEU","Germany",2017,0.279620036770917
"DEU","Germany",2018,0.279385427161307
"DEU","Germany",2019,0.279190474064228
"DEU","Germany",2020,0.278995520967149
"DEU","Germany",2021,0.279182914445467
"DEU","Germany",2022,0.278614661681143
"GHA","Ghana",1995,0.502120690473595
"GHA","Ghana",1996,0.51439030650112
"GHA","Ghana",1997,0.525924483861978
"GHA","Ghana",1998,0.537684751722835
"GHA","Ghana",1999,0.54918707575036
"GHA","Ghana",2000,0.553815524869765
"GHA","Ghana",2001,0.545354008374611
"GHA","Ghana",2002,0.530018616971337
"GHA","Ghana",2003,0.514683225568064
"GHA","Ghana",2004,0.49934783416479
"GHA","Ghana",2005,0.484012442761517
"GHA","Ghana",2006,0.484012442761517
"GHA","Ghana",2007,0.484012442761517
"GHA","Ghana",2008,0.485155684187207
"GHA","Ghana",2009,0.484281440744032
"GHA","Ghana",2010,0.479080813082073
"GHA","Ghana",2011,0.47943947705876
"GHA","Ghana",2012,0.47997747302379
"GHA","Ghana",2013,0.480668206628949
"GHA","Ghana",2014,0.475799648595461
"GHA","Ghana",2015,0.475799648595461
"GHA","Ghana",2016,0.47548581761586
"GHA","Ghana",2017,0.47548581761586
"GHA","Ghana",2018,0.47548581761586
"GHA","Ghana",2019,0.475933116217162
"GHA","Ghana",2020,0.476380414818464
"GHA","Ghana",2021,0.476470200977347
"GHA","Ghana",2022,0.477765198283487
"GRC","Greece",1995,0.352602681337585
"GRC","Greece",1996,0.353597875238723
"GRC","Greece",1997,0.353179226973194
"GRC","Greece",1998,0.351332800040999
"GRC","Greece",1999,0.351663721608804
"GRC","Greece",2000,0.351994643176608
"GRC","Greece",2001,0.350794509943704
"GRC","Greece",2002,0.349594376710801
"GRC","Greece",2003,0.348394243477897
"GRC","Greece",2004,0.347194110244993
"GRC","Greece",2005,0.345993977012089
"GRC","Greece",2006,0.345993977012089
"GRC","Greece",2007,0.345993977012089
"GRC","Greece",2008,0.34554564704123
"GRC","Greece",2009,0.345859478020832
"GRC","Greece",2010,0.343483329175281
"GRC","Greece",2011,0.342272838253963
"GRC","Greece",2012,0.340569184364701
"GRC","Greece",2013,0.341451221832565
"GRC","Greece",2014,0.338410372055418
"GRC","Greece",2015,0.337827543093301
"GRC","Greece",2016,0.335585893239009
"GRC","Greece",2017,0.335585893239009
"GRC","Greece",2018,0.335585893239009
"GRC","Greece",2019,0.33572048001472
"GRC","Greece",2020,0.33585506679043
"GRC","Greece",2021,0.337752204772417
"GRC","Greece",2022,0.335358028661188
"GRD","Grenada",1995,0.401206237835834
"GRD","Grenada",1996,0.401218773402965
"GRD","Grenada",1997,0.399542606770095
"GRD","Grenada",1998,0.391467139137225
"GRD","Grenada",1999,0.388953074104356
"GRD","Grenada",2000,0.388059038471486
"GRD","Grenada",2001,0.387433954564829
"GRD","Grenada",2002,0.386808870658172
"GRD","Grenada",2003,0.386183786751515
"GRD","Grenada",2004,0.385558702844858
"GRD","Grenada",2005,0.384933618938201
"GRD","Grenada",2006,0.384933618938201
"GRD","Grenada",2007,0.384933618938201
"GRD","Grenada",2008,0.384395622973171
"GRD","Grenada",2009,0.385579214096237
"GRD","Grenada",2010,0.374442697620111
"GRD","Grenada",2011,0.37549178975192
"GRD","Grenada",2012,0.37656778168198
"GRD","Grenada",2013,0.375867712917856
"GRD","Grenada",2014,0.370890576231742
"GRD","Grenada",2015,0.370716643893216
"GRD","Grenada",2016,0.368121729712055
"GRD","Grenada",2017,0.367840198180523
"GRD","Grenada",2018,0.367558666648992
"GRD","Grenada",2019,0.367414030541837
"GRD","Grenada",2020,0.367269394434681
"GRD","Grenada",2021,0.36348196154764
"GRD","Grenada",2022,0.362329146833051
"GTM","Guatemala",1995,0.587539980450321
"GTM","Guatemala",1996,0.588404570736308
"GTM","Guatemala",1997,0.583143324188963
"GTM","Guatemala",1998,0.583255737808284
"GTM","Guatemala",1999,0.582465306927605
"GTM","Guatemala",2000,0.583024900546927
"GTM","Guatemala",2001,0.588148818993149
"GTM","Guatemala",2002,0.593272737439371
"GTM","Guatemala",2003,0.598396655885594
"GTM","Guatemala",2004,0.603520574331816
"GTM","Guatemala",2005,0.608644492778038
"GTM","Guatemala",2006,0.608644492778038
"GTM","Guatemala",2007,0.608644492778038
"GTM","Guatemala",2008,0.607568500847978
"GTM","Guatemala",2009,0.608308245299895
"GTM","Guatemala",2010,0.606671840906261
"GTM","Guatemala",2011,0.60727708636692
"GTM","Guatemala",2012,0.606425259422289
"GTM","Guatemala",2013,0.60611295569287
"GTM","Guatemala",2014,0.602864090654328
"GTM","Guatemala",2015,0.603940082584388
"GTM","Guatemala",2016,0.603760750596045
"GTM","Guatemala",2017,0.603760750596045
"GTM","Guatemala",2018,0.603760750596045
"GTM","Guatemala",2019,0.603853454037176
"GTM","Guatemala",2020,0.603946157478308
"GTM","Guatemala",2021,0.604279817253327
"GTM","Guatemala",2022,0.605182879632983
"GIN","Guinea",1995,0.502958168853703
"GIN","Guinea",1996,0.50981770768053
"GIN","Guinea",1997,0.513879432007357
"GIN","Guinea",1998,0.518275414167517
"GIN","Guinea",1999,0.52319269066101
"GIN","Guinea",2000,0.528784979321171
"GIN","Guinea",2001,0.520932289977175
"GIN","Guinea",2002,0.513079600633179
"GIN","Guinea",2003,0.505226911289184
"GIN","Guinea",2004,0.497374221945188
"GIN","Guinea",2005,0.489521532601192
"GIN","Guinea",2006,0.489521532601192
"GIN","Guinea",2007,0.489521532601192
"GIN","Guinea",2008,0.489700864589536
"GIN","Guinea",2009,0.489028369633248
"GIN","Guinea",2010,0.482056838586397
"GIN","Guinea",2011,0.481855090099511
"GIN","Guinea",2012,0.481339510633024
"GIN","Guinea",2013,0.48211685573199
"GIN","Guinea",2014,0.477671156670453
"GIN","Guinea",2015,0.477547102303376
"GIN","Guinea",2016,0.477602379924642
"GIN","Guinea",2017,0.477836989534252
"GIN","Guinea",2018,0.478071599143861
"GIN","Guinea",2019,0.47851198966114
"GIN","Guinea",2020,0.478952380178419
"GIN","Guinea",2021,0.479814949772615
"GIN","Guinea",2022,0.479961434648017
"GNB","Guinea-Bissau",1995,0.608749838002414
"GNB","Guinea-Bissau",1996,0.61809027705001
"GNB","Guinea-Bissau",1997,0.61809027705001
"GNB","Guinea-Bissau",1998,0.61809027705001
"GNB","Guinea-Bissau",1999,0.61809027705001
"GNB","Guinea-Bissau",2000,0.61809027705001
"GNB","Guinea-Bissau",2001,0.61809027705001
"GNB","Guinea-Bissau",2002,0.61809027705001
"GNB","Guinea-Bissau",2003,0.61809027705001
"GNB","Guinea-Bissau",2004,0.61809027705001
"GNB","Guinea-Bissau",2005,0.61809027705001
"GNB","Guinea-Bissau",2006,0.61809027705001
"GNB","Guinea-Bissau",2007,0.61809027705001
"GNB","Guinea-Bissau",2008,0.617933361560209
"GNB","Guinea-Bissau",2009,0.617305699601007
"GNB","Guinea-Bissau",2010,0.616745287137434
"GNB","Guinea-Bissau",2011,0.615781377700088
"GNB","Guinea-Bissau",2012,0.615131299242343
"GNB","Guinea-Bissau",2013,0.615018655074975
"GNB","Guinea-Bissau",2014,0.611095206155309
"GNB","Guinea-Bissau",2015,0.611586841873071
"GNB","Guinea-Bissau",2016,0.612078477590833
"GNB","Guinea-Bissau",2017,0.612547696810052
"GNB","Guinea-Bissau",2018,0.613016916029272
"GNB","Guinea-Bissau",2019,0.613431587363047
"GNB","Guinea-Bissau",2020,0.613846258696823
"GNB","Guinea-Bissau",2021,0.614904905058926
"GNB","Guinea-Bissau",2022,0.615708199646619
"GUY","Guyana",1995,0.530142080785235
"GUY","Guyana",1996,0.530343319451901
"GUY","Guyana",1997,0.514939792951901
"GUY","Guyana",1998,0.515109980951901
"GUY","Guyana",1999,0.515109980951901
"GUY","Guyana",2000,0.515109980951901
"GUY","Guyana",2001,0.515109980951901
"GUY","Guyana",2002,0.515109980951901
"GUY","Guyana",2003,0.515109980951901
"GUY","Guyana",2004,0.515109980951901
"GUY","Guyana",2005,0.515109980951901
"GUY","Guyana",2006,0.515109980951901
"GUY","Guyana",2007,0.515109980951901
"GUY","Guyana",2008,0.514818566470843
"GUY","Guyana",2009,0.511411258692318
"GUY","Guyana",2010,0.513137329080124
"GUY","Guyana",2011,0.513563242552439
"GUY","Guyana",2012,0.511590590680662
"GUY","Guyana",2013,0.510537015249144
"GUY","Guyana",2014,0.509685188304513
"GUY","Guyana",2015,0.509864520292856
"GUY","Guyana",2016,0.508519530380281
"GUY","Guyana",2017,0.508519530380281
"GUY","Guyana",2018,0.508519530380281
"GUY","Guyana",2019,0.508519530380281
"GUY","Guyana",2020,0.508519530380281
"GUY","Guyana",2021,0.508519530380281
"GUY","Guyana",2022,0.508519530380281
"HTI","Haiti",1995,0.526745761017909
"HTI","Haiti",1996,0.518884404638287
"HTI","Haiti",1997,0.517508461258664
"HTI","Haiti",1998,0.515795249879042
"HTI","Haiti",1999,0.513939300332753
"HTI","Haiti",2000,0.512083350786464
"HTI","Haiti",2001,0.509070948249951
"HTI","Haiti",2002,0.506058545713438
"HTI","Haiti",2003,0.503046143176924
"HTI","Haiti",2004,0.500033740640411
"HTI","Haiti",2005,0.497021338103898
"HTI","Haiti",2006,0.497021338103898
"HTI","Haiti",2007,0.497021338103898
"HTI","Haiti",2008,0.496528175135954
"HTI","Haiti",2009,0.49619192765781
"HTI","Haiti",2010,0.494869354243777
"HTI","Haiti",2011,0.495183185223378
"HTI","Haiti",2012,0.494555523264176
"HTI","Haiti",2013,0.494771332550261
"HTI","Haiti",2014,0.489405433699157
"HTI","Haiti",2015,0.490671202241741
"HTI","Haiti",2016,0.490121234402348
"HTI","Haiti",2017,0.490355844011958
"HTI","Haiti",2018,0.490590453621568
"HTI","Haiti",2019,0.49036613930364
"HTI","Haiti",2020,0.490141824985713
"HTI","Haiti",2021,0.49050385655888
"HTI","Haiti",2022,0.490240220108157
"HND","Honduras",1995,0.53538709143464
"HND","Honduras",1996,0.529003798002746
"HND","Honduras",1997,0.521228613737518
"HND","Honduras",1998,0.512472085638957
"HND","Honduras",1999,0.505595111040396
"HND","Honduras",2000,0.498718136441834
"HND","Honduras",2001,0.510767024456879
"HND","Honduras",2002,0.522815912471924
"HND","Honduras",2003,0.534864800486969
"HND","Honduras",2004,0.546913688502014
"HND","Honduras",2005,0.558962576517059
"HND","Honduras",2006,0.558962576517059
"HND","Honduras",2007,0.558962576517059
"HND","Honduras",2008,0.556205347196279
"HND","Honduras",2009,0.555644934732706
"HND","Honduras",2010,0.55613809770065
"HND","Honduras",2011,0.557393421619054
"HND","Honduras",2012,0.556653677167138
"HND","Honduras",2013,0.557010252218988
"HND","Honduras",2014,0.553645688512713
"HND","Honduras",2015,0.553364718655836
"HND","Honduras",2016,0.55386832624796
"HND","Honduras",2017,0.55410293585757
"HND","Honduras",2018,0.55433754546718
"HND","Honduras",2019,0.554368923139251
"HND","Honduras",2020,0.554400300811322
"HND","Honduras",2021,0.5528148252626
"HND","Honduras",2022,0.551928886563723
"HUN","Hungary",1995,0.280967776523454
"HUN","Hungary",1996,0.282815452634001
"HUN","Hungary",1997,0.284521949244549
"HUN","Hungary",1998,0.282075566355097
"HUN","Hungary",1999,0.281261689965644
"HUN","Hungary",2000,0.281122825909525
"HUN","Hungary",2001,0.278947552342572
"HUN","Hungary",2002,0.276772278775619
"HUN","Hungary",2003,0.274597005208666
"HUN","Hungary",2004,0.272421731641712
"HUN","Hungary",2005,0.270246458074759
"HUN","Hungary",2006,0.270246458074759
"HUN","Hungary",2007,0.270246458074759
"HUN","Hungary",2008,0.270246458074759
"HUN","Hungary",2009,0.27017920857913
"HUN","Hungary",2010,0.267444395756893
"HUN","Hungary",2011,0.266973649287492
"HUN","Hungary",2012,0.265897657357431
"HUN","Hungary",2013,0.268910385536182
"HUN","Hungary",2014,0.266027574598142
"HUN","Hungary",2015,0.26602604734796
"HUN","Hungary",2016,0.261406721397934
"HUN","Hungary",2017,0.261875940617154
"HUN","Hungary",2018,0.262345159836373
"HUN","Hungary",2019,0.262643739195761
"HUN","Hungary",2020,0.262942318555148
"HUN","Hungary",2021,0.264167851578115
"HUN","Hungary",2022,0.265194173306146
"ISL","Iceland",1995,0.506067399386081
"ISL","Iceland",1996,0.507079990749061
"ISL","Iceland",1997,0.504726130312041
"ISL","Iceland",1998,0.502947236675021
"ISL","Iceland",1999,0.499966546638001
"ISL","Iceland",2000,0.498605886000982
"ISL","Iceland",2001,0.498082834992067
"ISL","Iceland",2002,0.497559783983153
"ISL","Iceland",2003,0.497036732974239
"ISL","Iceland",2004,0.496513681965325
"ISL","Iceland",2005,0.495990630956411
"ISL","Iceland",2006,0.495990630956411
"ISL","Iceland",2007,0.495990630956411
"ISL","Iceland",2008,0.496178929544171
"ISL","Iceland",2009,0.498734410378065
"ISL","Iceland",2010,0.493919346491044
"ISL","Iceland",2011,0.493273751333008
"ISL","Iceland",2012,0.494887739228099
"ISL","Iceland",2013,0.493569649113775
"ISL","Iceland",2014,0.492870254359235
"ISL","Iceland",2015,0.492439857587211
"ISL","Iceland",2016,0.492359158192457
"ISL","Iceland",2017,0.492359158192457
"ISL","Iceland",2018,0.492359158192457
"ISL","Iceland",2019,0.492359158192457
"ISL","Iceland",2020,0.492359158192457
"ISL","Iceland",2021,0.492359158192457
"ISL","Iceland",2022,0.492359158192457
"IND","India",1995,0.623031618692736
"IND","India",1996,0.612407748835884
"IND","India",1997,0.607451052312365
"IND","India",1998,0.601040141455513
"IND","India",1999,0.594332857265328
"IND","India",2000,0.587625573075143
"IND","India",2001,0.579567501010036
"IND","India",2002,0.57150942894493
"IND","India",2003,0.563451356879824
"IND","India",2004,0.555393284814717
"IND","India",2005,0.547335212749611
"IND","India",2006,0.547335212749611
"IND","India",2007,0.547335212749611
"IND","India",2008,0.547245546755439
"IND","India",2009,0.547223130256896
"IND","India",2010,0.547380045746697
"IND","India",2011,0.547581794233583
"IND","India",2012,0.547066214767096
"IND","India",2013,0.547557288810204
"IND","India",2014,0.544685888071873
"IND","India",2015,0.54450655608353
"IND","India",2016,0.547869030864969
"IND","India",2017,0.547869030864969
"IND","India",2018,0.547869030864969
"IND","India",2019,0.548167462455767
"IND","India",2020,0.548465894046565
"IND","India",2021,0.548469520692296
"IND","India",2022,0.547993789163232
"IDN","Indonesia",1995,0.475358174850292
"IDN","Indonesia",1996,0.48694753303265
"IDN","Indonesia",1997,0.497781034215009
"IDN","Indonesia",1998,0.505778769897366
"IDN","Indonesia",1999,0.514915167746391
"IDN","Indonesia",2000,0.525401590095416
"IDN","Indonesia",2001,0.515066560502195
"IDN","Indonesia",2002,0.504731530908974
"IDN","Indonesia",2003,0.494396501315753
"IDN","Indonesia",2004,0.484061471722532
"IDN","Indonesia",2005,0.47372644212931
"IDN","Indonesia",2006,0.47372644212931
"IDN","Indonesia",2007,0.47372644212931
"IDN","Indonesia",2008,0.474197188598712
"IDN","Indonesia",2009,0.473255695659909
"IDN","Indonesia",2010,0.470857130315816
"IDN","Indonesia",2011,0.470767464321644
"IDN","Indonesia",2012,0.469601806397412
"IDN","Indonesia",2013,0.469440713057939
"IDN","Indonesia",2014,0.466746555383116
"IDN","Indonesia",2015,0.46633108653498
"IDN","Indonesia",2016,0.466677778637305
"IDN","Indonesia",2017,0.466912388246914
"IDN","Indonesia",2018,0.467146997856524
"IDN","Indonesia",2019,0.467346869677161
"IDN","Indonesia",2020,0.467546741497798
"IDN","Indonesia",2021,0.46786898877244
"IDN","Indonesia",2022,0.467494931797983
"IRN","Iran, Islamic Republic of",1995,0.481212739213453
"IRN","Iran, Islamic Republic of",1996,0.490003991070659
"IRN","Iran, Islamic Republic of",1997,0.498751850261199
"IRN","Iran, Islamic Republic of",1998,0.506980846285071
"IRN","Iran, Islamic Republic of",1999,0.515138473142277
"IRN","Iran, Islamic Republic of",2000,0.523296099999483
"IRN","Iran, Islamic Republic of",2001,0.512980791633184
"IRN","Iran, Islamic Republic of",2002,0.502665483266884
"IRN","Iran, Islamic Republic of",2003,0.492350174900584
"IRN","Iran, Islamic Republic of",2004,0.482034866534285
"IRN","Iran, Islamic Republic of",2005,0.471719558167985
"IRN","Iran, Islamic Republic of",2006,0.471719558167985
"IRN","Iran, Islamic Republic of",2007,0.471719558167985
"IRN","Iran, Islamic Republic of",2008,0.47160747567527
"IRN","Iran, Islamic Republic of",2009,0.473221463570361
"IRN","Iran, Islamic Republic of",2010,0.47313179757619
"IRN","Iran, Islamic Republic of",2011,0.47344562855579
"IRN","Iran, Islamic Republic of",2012,0.472728300602417
"IRN","Iran, Islamic Republic of",2013,0.476889167504962
"IRN","Iran, Islamic Republic of",2014,0.478046223602754
"IRN","Iran, Islamic Republic of",2015,0.477766780996058
"IRN","Iran, Islamic Republic of",2016,0.474214529602096
"IRN","Iran, Islamic Republic of",2017,0.473979919992486
"IRN","Iran, Islamic Republic of",2018,0.473745310382877
"IRN","Iran, Islamic Republic of",2019,0.473650425985109
"IRN","Iran, Islamic Republic of",2020,0.473555541587342
"IRN","Iran, Islamic Republic of",2021,0.47405834226163
"IRN","Iran, Islamic Republic of",2022,0.472892948836665
"IRQ","Iraq",1995,0.543474228766647
"IRQ","Iraq",1996,0.543474228766647
"IRQ","Iraq",1997,0.543474228766647
"IRQ","Iraq",1998,0.543474228766647
"IRQ","Iraq",1999,0.543474228766647
"IRQ","Iraq",2000,0.543474228766647
"IRQ","Iraq",2001,0.543474228766647
"IRQ","Iraq",2002,0.543474228766647
"IRQ","Iraq",2003,0.543474228766647
"IRQ","Iraq",2004,0.543474228766647
"IRQ","Iraq",2005,0.543474228766647
"IRQ","Iraq",2006,0.543474228766647
"IRQ","Iraq",2007,0.543474228766647
"IRQ","Iraq",2008,0.546971202539344
"IRQ","Iraq",2009,0.54333972977539
"IRQ","Iraq",2010,0.545895210609284
"IRQ","Iraq",2011,0.549957080145262
"IRQ","Iraq",2012,0.549580482969741
"IRQ","Iraq",2013,0.551383443462177
"IRQ","Iraq",2014,0.548559638655352
"IRQ","Iraq",2015,0.54605979011818
"IRQ","Iraq",2016,0.540896861554109
"IRQ","Iraq",2017,0.540333798491046
"IRQ","Iraq",2018,0.539770735427983
"IRQ","Iraq",2019,0.540436330339837
"IRQ","Iraq",2020,0.541101925251692
"IRQ","Iraq",2021,0.540988709549604
"IRQ","Iraq",2022,0.539744140936335
"IRL","Ireland",1995,0.362474318479334
"IRL","Ireland",1996,0.356350635910093
"IRL","Ireland",1997,0.353965642674186
"IRL","Ireland",1998,0.356652945271612
"IRL","Ireland",1999,0.354775890369038
"IRL","Ireland",2000,0.354248859966464
"IRL","Ireland",2001,0.353176325559797
"IRL","Ireland",2002,0.352103791153131
"IRL","Ireland",2003,0.351031256746464
"IRL","Ireland",2004,0.349958722339797
"IRL","Ireland",2005,0.348886187933131
"IRL","Ireland",2006,0.348886187933131
"IRL","Ireland",2007,0.348886187933131
"IRL","Ireland",2008,0.347967111492871
"IRL","Ireland",2009,0.347003202055525
"IRL","Ireland",2010,0.346577288583209
"IRL","Ireland",2011,0.346644538078838
"IRL","Ireland",2012,0.346554872084666
"IRL","Ireland",2013,0.344202509214062
"IRL","Ireland",2014,0.3415587318624
"IRL","Ireland",2015,0.343606023353622
"IRL","Ireland",2016,0.346818972769076
"IRL","Ireland",2017,0.347992020817124
"IRL","Ireland",2018,0.349165068865172
"IRL","Ireland",2019,0.348586252710151
"IRL","Ireland",2020,0.348007436555129
"IRL","Ireland",2021,0.352713664294977
"IRL","Ireland",2022,0.34727404483599
"ISR","Israel",1995,0.393605147578234
"ISR","Israel",1996,0.389221460738203
"ISR","Israel",1997,0.391201063398172
"ISR","Israel",1998,0.391265468058141
"ISR","Israel",1999,0.39106643921811
"ISR","Israel",2000,0.390867410378079
"ISR","Israel",2001,0.390838480441343
"ISR","Israel",2002,0.390809550504607
"ISR","Israel",2003,0.39078062056787
"ISR","Israel",2004,0.390751690631134
"ISR","Israel",2005,0.390722760694398
"ISR","Israel",2006,0.390722760694398
"ISR","Israel",2007,0.390722760694398
"ISR","Israel",2008,0.39081242668857
"ISR","Israel",2009,0.390408929714797
"ISR","Israel",2010,0.389848517251224
"ISR","Israel",2011,0.389736434758509
"ISR","Israel",2012,0.389579519268709
"ISR","Israel",2013,0.383466574195189
"ISR","Israel",2014,0.376322470188694
"ISR","Israel",2015,0.376522691425398
"ISR","Israel",2016,0.377485073612562
"ISR","Israel",2017,0.377954292831781
"ISR","Israel",2018,0.378423512051
"ISR","Israel",2019,0.381843920268643
"ISR","Israel",2020,0.385264328486286
"ISR","Israel",2021,0.377261930069018
"ISR","Israel",2022,0.375505262264727
"ITA","Italy",1995,0.346254002243676
"ITA","Italy",1996,0.348846773866974
"ITA","Italy",1997,0.350581285823606
"ITA","Italy",1998,0.347933515446904
"ITA","Italy",1999,0.344665465736869
"ITA","Italy",2000,0.344772477360168
"ITA","Italy",2001,0.344369042132326
"ITA","Italy",2002,0.343965606904484
"ITA","Italy",2003,0.343562171676642
"ITA","Italy",2004,0.3431587364488
"ITA","Italy",2005,0.342755301220958
"ITA","Italy",2006,0.342755301220958
"ITA","Italy",2007,0.342755301220958
"ITA","Italy",2008,0.342508719736986
"ITA","Italy",2009,0.342150055760299
"ITA","Italy",2010,0.339123828457004
"ITA","Italy",2011,0.338585832491973
"ITA","Italy",2012,0.337756422045885
"ITA","Italy",2013,0.338334511483675
"ITA","Italy",2014,0.335101796169168
"ITA","Italy",2015,0.337914303111214
"ITA","Italy",2016,0.335907262866531
"ITA","Italy",2017,0.336141872476141
"ITA","Italy",2018,0.33637648208575
"ITA","Italy",2019,0.336543336194419
"ITA","Italy",2020,0.336710190303088
"ITA","Italy",2021,0.336273833371411
"ITA","Italy",2022,0.334151920604271
"JAM","Jamaica",1995,0.42348165092512
"JAM","Jamaica",1996,0.423260055907427
"JAM","Jamaica",1997,0.4148070070564
"JAM","Jamaica",1998,0.411993749205374
"JAM","Jamaica",1999,0.41033578968768
"JAM","Jamaica",2000,0.408677830169987
"JAM","Jamaica",2001,0.406056142299096
"JAM","Jamaica",2002,0.403434454428204
"JAM","Jamaica",2003,0.400812766557313
"JAM","Jamaica",2004,0.398191078686422
"JAM","Jamaica",2005,0.39556939081553
"JAM","Jamaica",2006,0.39556939081553
"JAM","Jamaica",2007,0.39556939081553
"JAM","Jamaica",2008,0.395457308322816
"JAM","Jamaica",2009,0.395255559835929
"JAM","Jamaica",2010,0.394896895859242
"JAM","Jamaica",2011,0.395524557818444
"JAM","Jamaica",2012,0.393955402920439
"JAM","Jamaica",2013,0.39338245690785
"JAM","Jamaica",2014,0.392921593387975
"JAM","Jamaica",2015,0.39240754117167
"JAM","Jamaica",2016,0.392140070439337
"JAM","Jamaica",2017,0.391670851220117
"JAM","Jamaica",2018,0.391201632000898
"JAM","Jamaica",2019,0.392216272969551
"JAM","Jamaica",2020,0.393230913938203
"JAM","Jamaica",2021,0.391344043646919
"JAM","Jamaica",2022,0.394313330459338
"JPN","Japan",1995,0.474370398069841
"JPN","Japan",1996,0.475989741436154
"JPN","Japan",1997,0.474090685635801
"JPN","Japan",1998,0.474562704835448
"JPN","Japan",1999,0.474663163035094
"JPN","Japan",2000,0.474763621234741
"JPN","Japan",2001,0.474395110177596
"JPN","Japan",2002,0.474026599120451
"JPN","Japan",2003,0.473658088063306
"JPN","Japan",2004,0.473289577006162
"JPN","Japan",2005,0.472921065949017
"JPN","Japan",2006,0.472921065949017
"JPN","Japan",2007,0.472921065949017
"JPN","Japan",2008,0.473503894911133
"JPN","Japan",2009,0.473503894911133
"JPN","Japan",2010,0.474759218829537
"JPN","Japan",2011,0.474893717820794
"JPN","Japan",2012,0.472360653485443
"JPN","Japan",2013,0.471601547035348
"JPN","Japan",2014,0.468869788713476
"JPN","Japan",2015,0.468759233470943
"JPN","Japan",2016,0.469747086657014
"JPN","Japan",2017,0.469277867437795
"JPN","Japan",2018,0.468808648218576
"JPN","Japan",2019,0.469553227411472
"JPN","Japan",2020,0.470297806604369
"JPN","Japan",2021,0.469893473706564
"JPN","Japan",2022,0.466036737556714
"JOR","Jordan",1995,0.345452902042191
"JOR","Jordan",1996,0.34359007331618
"JOR","Jordan",1997,0.34035739109017
"JOR","Jordan",1998,0.335849510697492
"JOR","Jordan",1999,0.333852276638148
"JOR","Jordan",2000,0.331855042578804
"JOR","Jordan",2001,0.332020891861854
"JOR","Jordan",2002,0.332186741144904
"JOR","Jordan",2003,0.332352590427955
"JOR","Jordan",2004,0.332518439711005
"JOR","Jordan",2005,0.332684288994056
"JOR","Jordan",2006,0.332684288994056
"JOR","Jordan",2007,0.332684288994056
"JOR","Jordan",2008,0.334567274871662
"JOR","Jordan",2009,0.334118944900803
"JOR","Jordan",2010,0.33355853243723
"JOR","Jordan",2011,0.334455192378947
"JOR","Jordan",2012,0.334567274871662
"JOR","Jordan",2013,0.334098617327097
"JOR","Jordan",2014,0.3326212173481
"JOR","Jordan",2015,0.331612474913668
"JOR","Jordan",2016,0.328160334138057
"JOR","Jordan",2017,0.328160334138057
"JOR","Jordan",2018,0.328160334138057
"JOR","Jordan",2019,0.327527945485024
"JOR","Jordan",2020,0.326895556831991
"JOR","Jordan",2021,0.32540511914181
"JOR","Jordan",2022,0.322602743761326
"KAZ","Kazakhstan",1995,0.443522706485497
"KAZ","Kazakhstan",1996,0.441037832885497
"KAZ","Kazakhstan",1997,0.440337426085497
"KAZ","Kazakhstan",1998,0.437215949885497
"KAZ","Kazakhstan",1999,0.437215949885497
"KAZ","Kazakhstan",2000,0.437215949885497
"KAZ","Kazakhstan",2001,0.437215949885497
"KAZ","Kazakhstan",2002,0.437215949885497
"KAZ","Kazakhstan",2003,0.437215949885497
"KAZ","Kazakhstan",2004,0.437215949885497
"KAZ","Kazakhstan",2005,0.437215949885497
"KAZ","Kazakhstan",2006,0.437215949885497
"KAZ","Kazakhstan",2007,0.437215949885497
"KAZ","Kazakhstan",2008,0.437162150288994
"KAZ","Kazakhstan",2009,0.436785553113473
"KAZ","Kazakhstan",2010,0.436113058157185
"KAZ","Kazakhstan",2011,0.435601961990407
"KAZ","Kazakhstan",2012,0.435037066227125
"KAZ","Kazakhstan",2013,0.437792220507161
"KAZ","Kazakhstan",2014,0.435893709689686
"KAZ","Kazakhstan",2015,0.435036581546075
"KAZ","Kazakhstan",2016,0.432699964498631
"KAZ","Kazakhstan",2017,0.431573838372505
"KAZ","Kazakhstan",2018,0.430447712246379
"KAZ","Kazakhstan",2019,0.432888605855346
"KAZ","Kazakhstan",2020,0.435329499464313
"KAZ","Kazakhstan",2021,0.423425593349982
"KAZ","Kazakhstan",2022,0.407476283427609
"KEN","Kenya",1995,0.545619048987352
"KEN","Kenya",1996,0.542853173904068
"KEN","Kenya",1997,0.536596757320784
"KEN","Kenya",1998,0.532526123404167
"KEN","Kenya",1999,0.52692438048755
"KEN","Kenya",2000,0.522672662070934
"KEN","Kenya",2001,0.51356137303605
"KEN","Kenya",2002,0.504450084001167
"KEN","Kenya",2003,0.495338794966284
"KEN","Kenya",2004,0.486227505931401
"KEN","Kenya",2005,0.477116216896518
"KEN","Kenya",2006,0.477116216896518
"KEN","Kenya",2007,0.477116216896518
"KEN","Kenya",2008,0.476645470427117
"KEN","Kenya",2009,0.477026550902346
"KEN","Kenya",2010,0.475345313511627
"KEN","Kenya",2011,0.474829734045139
"KEN","Kenya",2012,0.47422448858448
"KEN","Kenya",2013,0.47430997672898
"KEN","Kenya",2014,0.470539827124096
"KEN","Kenya",2015,0.469934581663437
"KEN","Kenya",2016,0.470069080654694
"KEN","Kenya",2017,0.470069080654694
"KEN","Kenya",2018,0.470069080654694
"KEN","Kenya",2019,0.470195782675997
"KEN","Kenya",2020,0.470322484697299
"KEN","Kenya",2021,0.470382797621661
"KEN","Kenya",2022,0.469920819996462
"KIR","Kiribati",1995,NA
"KIR","Kiribati",1996,NA
"KIR","Kiribati",1997,NA
"KIR","Kiribati",1998,NA
"KIR","Kiribati",1999,NA
"KIR","Kiribati",2000,NA
"KIR","Kiribati",2001,NA
"KIR","Kiribati",2002,NA
"KIR","Kiribati",2003,NA
"KIR","Kiribati",2004,NA
"KIR","Kiribati",2005,NA
"KIR","Kiribati",2006,NA
"KIR","Kiribati",2007,NA
"KIR","Kiribati",2008,NA
"KIR","Kiribati",2009,NA
"KIR","Kiribati",2010,NA
"KIR","Kiribati",2011,NA
"KIR","Kiribati",2012,NA
"KIR","Kiribati",2013,NA
"KIR","Kiribati",2014,NA
"KIR","Kiribati",2015,NA
"KIR","Kiribati",2016,NA
"KIR","Kiribati",2017,NA
"KIR","Kiribati",2018,NA
"KIR","Kiribati",2019,NA
"KIR","Kiribati",2020,NA
"KIR","Kiribati",2021,NA
"KIR","Kiribati",2022,NA
"PRK","Korea, Democratic People's Repub",1995,0.729531052330396
"PRK","Korea, Democratic People's Repub",1996,0.729531052330396
"PRK","Korea, Democratic People's Repub",1997,0.729531052330396
"PRK","Korea, Democratic People's Repub",1998,0.729531052330396
"PRK","Korea, Democratic People's Repub",1999,0.729531052330396
"PRK","Korea, Democratic People's Repub",2000,0.729531052330396
"PRK","Korea, Democratic People's Repub",2001,0.729531052330396
"PRK","Korea, Democratic People's Repub",2002,0.729531052330396
"PRK","Korea, Democratic People's Repub",2003,0.729531052330396
"PRK","Korea, Democratic People's Repub",2004,0.729531052330396
"PRK","Korea, Democratic People's Repub",2005,0.729531052330396
"PRK","Korea, Democratic People's Repub",2006,0.729531052330396
"PRK","Korea, Democratic People's Repub",2007,0.729531052330396
"PRK","Korea, Democratic People's Repub",2008,0.729531052330396
"PRK","Korea, Democratic People's Repub",2009,0.729531052330396
"PRK","Korea, Democratic People's Repub",2010,0.729531052330396
"PRK","Korea, Democratic People's Repub",2011,0.729531052330396
"PRK","Korea, Democratic People's Repub",2012,0.729531052330396
"PRK","Korea, Democratic People's Repub",2013,0.741707291069134
"PRK","Korea, Democratic People's Repub",2014,0.753883529807873
"PRK","Korea, Democratic People's Repub",2015,0.746845241519585
"PRK","Korea, Democratic People's Repub",2016,0.739806953231297
"PRK","Korea, Democratic People's Repub",2017,0.732768664943009
"PRK","Korea, Democratic People's Repub",2018,0.72573037665472
"PRK","Korea, Democratic People's Repub",2019,0.725294207811116
"PRK","Korea, Democratic People's Repub",2020,0.724858038967512
"PRK","Korea, Democratic People's Repub",2021,0.730071516730734
"PRK","Korea, Democratic People's Repub",2022,0.730071516730734
"KOR","Korea, Republic of",1995,0.585045157901135
"KOR","Korea, Republic of",1996,0.584864684098686
"KOR","Korea, Republic of",1997,0.584684210296237
"KOR","Korea, Republic of",1998,0.584503736493789
"KOR","Korea, Republic of",1999,0.58432326269134
"KOR","Korea, Republic of",2000,0.584142788888891
"KOR","Korea, Republic of",2001,0.583818591089333
"KOR","Korea, Republic of",2002,0.583494393289775
"KOR","Korea, Republic of",2003,0.583170195490218
"KOR","Korea, Republic of",2004,0.58284599769066
"KOR","Korea, Republic of",2005,0.582521799891103
"KOR","Korea, Republic of",2006,0.582521799891103
"KOR","Korea, Republic of",2007,0.582521799891103
"KOR","Korea, Republic of",2008,0.581894137931901
"KOR","Korea, Republic of",2009,0.582230385410044
"KOR","Korea, Republic of",2010,0.582454550395474
"KOR","Korea, Republic of",2011,0.582320051404216
"KOR","Korea, Republic of",2012,0.582073469920244
"KOR","Korea, Republic of",2013,0.582921680689857
"KOR","Korea, Republic of",2014,0.582133487065836
"KOR","Korea, Republic of",2015,0.582468207293798
"KOR","Korea, Republic of",2016,0.584506581411022
"KOR","Korea, Republic of",2017,0.584975800630241
"KOR","Korea, Republic of",2018,0.58544501984946
"KOR","Korea, Republic of",2019,0.58650978385832
"KOR","Korea, Republic of",2020,0.587574547867179
"KOR","Korea, Republic of",2021,0.588946150789776
"KOR","Korea, Republic of",2022,0.585624738960732
"KWT","Kuwait",1995,0.455944512359225
"KWT","Kuwait",1996,0.45715731314512
"KWT","Kuwait",1997,0.455578975431016
"KWT","Kuwait",1998,0.455089732883578
"KWT","Kuwait",1999,0.45513276433614
"KWT","Kuwait",2000,0.455175795788702
"KWT","Kuwait",2001,0.455137744113376
"KWT","Kuwait",2002,0.45509969243805
"KWT","Kuwait",2003,0.455061640762725
"KWT","Kuwait",2004,0.455023589087399
"KWT","Kuwait",2005,0.454985537412073
"KWT","Kuwait",2006,0.454985537412073
"KWT","Kuwait",2007,0.454985537412073
"KWT","Kuwait",2008,0.457585851243053
"KWT","Kuwait",2009,0.457742766732854
"KWT","Kuwait",2010,0.460656911543434
"KWT","Kuwait",2011,0.460253414569661
"KWT","Kuwait",2012,0.455545949875647
"KWT","Kuwait",2013,0.442266307590456
"KWT","Kuwait",2014,0.439163755643755
"KWT","Kuwait",2015,0.441666767229651
"KWT","Kuwait",2016,0.44074005453848
"KWT","Kuwait",2017,0.443086150634576
"KWT","Kuwait",2018,0.445432246730673
"KWT","Kuwait",2019,0.4433224296383
"KWT","Kuwait",2020,0.441212612545927
"KWT","Kuwait",2021,0.439786380871063
"KWT","Kuwait",2022,0.435197669466986
"KGZ","Kyrgyzstan",1995,0.562580541797014
"KGZ","Kyrgyzstan",1996,0.56149643746368
"KGZ","Kyrgyzstan",1997,0.559803684297013
"KGZ","Kyrgyzstan",1998,0.559853093797014
"KGZ","Kyrgyzstan",1999,0.559853093797014
"KGZ","Kyrgyzstan",2000,0.559853093797014
"KGZ","Kyrgyzstan",2001,0.547612310519704
"KGZ","Kyrgyzstan",2002,0.532940311682124
"KGZ","Kyrgyzstan",2003,0.518268312844544
"KGZ","Kyrgyzstan",2004,0.503596314006964
"KGZ","Kyrgyzstan",2005,0.488924315169384
"KGZ","Kyrgyzstan",2006,0.488924315169384
"KGZ","Kyrgyzstan",2007,0.488924315169384
"KGZ","Kyrgyzstan",2008,0.48805007172621
"KGZ","Kyrgyzstan",2009,0.487803490242238
"KGZ","Kyrgyzstan",2010,0.486301584839862
"KGZ","Kyrgyzstan",2011,0.48659299932092
"KGZ","Kyrgyzstan",2012,0.48567392288066
"KGZ","Kyrgyzstan",2013,0.486008081433968
"KGZ","Kyrgyzstan",2014,0.484526503605299
"KGZ","Kyrgyzstan",2015,0.483596982540858
"KGZ","Kyrgyzstan",2016,0.483496871922506
"KGZ","Kyrgyzstan",2017,0.483262262312897
"KGZ","Kyrgyzstan",2018,0.483027652703287
"KGZ","Kyrgyzstan",2019,0.482424634646103
"KGZ","Kyrgyzstan",2020,0.48182161658892
"KGZ","Kyrgyzstan",2021,0.481527798311395
"KGZ","Kyrgyzstan",2022,0.481789531629329
"LAO","Lao People's Democratic Republic",1995,0.557209739012322
"LAO","Lao People's Democratic Republic",1996,0.557209739012322
"LAO","Lao People's Democratic Republic",1997,0.557209739012322
"LAO","Lao People's Democratic Republic",1998,0.557209739012322
"LAO","Lao People's Democratic Republic",1999,0.557209739012322
"LAO","Lao People's Democratic Republic",2000,0.557209739012322
"LAO","Lao People's Democratic Republic",2001,0.557209739012322
"LAO","Lao People's Democratic Republic",2002,0.557209739012322
"LAO","Lao People's Democratic Republic",2003,0.557209739012322
"LAO","Lao People's Democratic Republic",2004,0.557209739012322
"LAO","Lao People's Democratic Republic",2005,0.557209739012322
"LAO","Lao People's Democratic Republic",2006,0.557209739012322
"LAO","Lao People's Democratic Republic",2007,0.557209739012322
"LAO","Lao People's Democratic Republic",2008,0.556335495569148
"LAO","Lao People's Democratic Republic",2009,0.556178580079348
"LAO","Lao People's Democratic Republic",2010,0.552345358828507
"LAO","Lao People's Democratic Republic",2011,0.554631841679886
"LAO","Lao People's Democratic Republic",2012,0.554093845714855
"LAO","Lao People's Democratic Republic",2013,0.55626213707279
"LAO","Lao People's Democratic Republic",2014,0.555090370147829
"LAO","Lao People's Democratic Republic",2015,0.554116016086303
"LAO","Lao People's Democratic Republic",2016,0.55332099401312
"LAO","Lao People's Democratic Republic",2017,0.55308638440351
"LAO","Lao People's Democratic Republic",2018,0.552851774793901
"LAO","Lao People's Democratic Republic",2019,0.554418474989927
"LAO","Lao People's Democratic Republic",2020,0.555985175185954
"LAO","Lao People's Democratic Republic",2021,0.555132200844952
"LAO","Lao People's Democratic Republic",2022,0.554020270013845
"LVA","Latvia",1995,0.465414395716967
"LVA","Latvia",1996,0.4629600215503
"LVA","Latvia",1997,0.4593053805503
"LVA","Latvia",1998,0.4513562065503
"LVA","Latvia",1999,0.450006181883634
"LVA","Latvia",2000,0.450006181883634
"LVA","Latvia",2001,0.444882486227662
"LVA","Latvia",2002,0.43975879057169
"LVA","Latvia",2003,0.434635094915718
"LVA","Latvia",2004,0.429511399259746
"LVA","Latvia",2005,0.424387703603774
"LVA","Latvia",2006,0.424387703603774
"LVA","Latvia",2007,0.424387703603774
"LVA","Latvia",2008,0.425620611023635
"LVA","Latvia",2009,0.426248272982837
"LVA","Latvia",2010,0.4233565446708
"LVA","Latvia",2011,0.422302969239282
"LVA","Latvia",2012,0.420845896833992
"LVA","Latvia",2013,0.425531260577022
"LVA","Latvia",2014,0.427481811497815
"LVA","Latvia",2015,0.428409805312073
"LVA","Latvia",2016,0.429606797108846
"LVA","Latvia",2017,0.430310625937675
"LVA","Latvia",2018,0.431014454766504
"LVA","Latvia",2019,0.429692088298918
"LVA","Latvia",2020,0.428369721831331
"LVA","Latvia",2021,0.434294321789777
"LVA","Latvia",2022,0.429075407215017
"LBN","Lebanon",1995,0.481825576188595
"LBN","Lebanon",1996,0.482424639988595
"LBN","Lebanon",1997,0.484603133788595
"LBN","Lebanon",1998,0.484866550588595
"LBN","Lebanon",1999,0.484056535988595
"LBN","Lebanon",2000,0.484056535988595
"LBN","Lebanon",2001,0.484056535988595
"LBN","Lebanon",2002,0.484056535988595
"LBN","Lebanon",2003,0.484056535988595
"LBN","Lebanon",2004,0.484056535988595
"LBN","Lebanon",2005,0.484056535988595
"LBN","Lebanon",2006,0.484056535988595
"LBN","Lebanon",2007,0.484056535988595
"LBN","Lebanon",2008,0.484244834576355
"LBN","Lebanon",2009,0.483195742444546
"LBN","Lebanon",2010,0.479429770689334
"LBN","Lebanon",2011,0.478542077347035
"LBN","Lebanon",2012,0.475583099539368
"LBN","Lebanon",2013,0.474890361576119
"LBN","Lebanon",2014,0.475488813928942
"LBN","Lebanon",2015,0.475569513323697
"LBN","Lebanon",2016,0.468360367392291
"LBN","Lebanon",2017,0.468360367392291
"LBN","Lebanon",2018,0.468360367392291
"LBN","Lebanon",2019,0.468774131884339
"LBN","Lebanon",2020,0.469187896376387
"LBN","Lebanon",2021,0.465100900331481
"LBN","Lebanon",2022,0.467349055193896
"LSO","Lesotho",1995,0.459922823016172
"LSO","Lesotho",1996,0.46073567880448
"LSO","Lesotho",1997,0.460804019092788
"LSO","Lesotho",1998,0.458054561714429
"LSO","Lesotho",1999,0.457892609669404
"LSO","Lesotho",2000,0.457730657624379
"LSO","Lesotho",2001,0.454538342758362
"LSO","Lesotho",2002,0.451346027892345
"LSO","Lesotho",2003,0.448153713026328
"LSO","Lesotho",2004,0.444961398160311
"LSO","Lesotho",2005,0.441769083294294
"LSO","Lesotho",2006,0.441769083294294
"LSO","Lesotho",2007,0.441769083294294
"LSO","Lesotho",2008,0.440625841868605
"LSO","Lesotho",2009,0.440446509880261
"LSO","Lesotho",2010,0.436949536107565
"LSO","Lesotho",2011,0.438742855990999
"LSO","Lesotho",2012,0.440199928396289
"LSO","Lesotho",2013,0.44034374866242
"LSO","Lesotho",2014,0.434726528803017
"LSO","Lesotho",2015,0.431936438359514
"LSO","Lesotho",2016,0.430244756344614
"LSO","Lesotho",2017,0.430010146735005
"LSO","Lesotho",2018,0.429775537125395
"LSO","Lesotho",2019,0.43021743481386
"LSO","Lesotho",2020,0.430659332502326
"LSO","Lesotho",2021,0.431157961628023
"LSO","Lesotho",2022,0.42970607889705
"LBR","Liberia",1995,0.558091570551044
"LBR","Liberia",1996,0.555447773551043
"LBR","Liberia",1997,0.556358415384377
"LBR","Liberia",1998,0.557248692051043
"LBR","Liberia",1999,0.557248692051043
"LBR","Liberia",2000,0.557248692051043
"LBR","Liberia",2001,0.557248692051043
"LBR","Liberia",2002,0.557248692051043
"LBR","Liberia",2003,0.557248692051043
"LBR","Liberia",2004,0.557248692051043
"LBR","Liberia",2005,0.557248692051043
"LBR","Liberia",2006,0.557248692051043
"LBR","Liberia",2007,0.557248692051043
"LBR","Liberia",2008,0.556867611575814
"LBR","Liberia",2009,0.557271108549586
"LBR","Liberia",2010,0.55561228765741
"LBR","Liberia",2011,0.555186374185094
"LBR","Liberia",2012,0.554805293709864
"LBR","Liberia",2013,0.555800537019751
"LBR","Liberia",2014,0.552962559078798
"LBR","Liberia",2015,0.55412821700303
"LBR","Liberia",2016,0.553321223055484
"LBR","Liberia",2017,0.553321223055484
"LBR","Liberia",2018,0.553321223055484
"LBR","Liberia",2019,0.553622353507167
"LBR","Liberia",2020,0.553923483958851
"LBR","Liberia",2021,0.548199674125304
"LBR","Liberia",2022,0.548748383412668
"LBY","Libyan Arab Jamahiriya",1995,0.563250851246708
"LBY","Libyan Arab Jamahiriya",1996,0.562973474246708
"LBY","Libyan Arab Jamahiriya",1997,0.564335548646708
"LBY","Libyan Arab Jamahiriya",1998,0.564500246646708
"LBY","Libyan Arab Jamahiriya",1999,0.562880217246708
"LBY","Libyan Arab Jamahiriya",2000,0.562880217246708
"LBY","Libyan Arab Jamahiriya",2001,0.562880217246708
"LBY","Libyan Arab Jamahiriya",2002,0.562880217246708
"LBY","Libyan Arab Jamahiriya",2003,0.562880217246708
"LBY","Libyan Arab Jamahiriya",2004,0.562880217246708
"LBY","Libyan Arab Jamahiriya",2005,0.562880217246708
"LBY","Libyan Arab Jamahiriya",2006,0.562880217246708
"LBY","Libyan Arab Jamahiriya",2007,0.562880217246708
"LBY","Libyan Arab Jamahiriya",2008,0.562261521886923
"LBY","Libyan Arab Jamahiriya",2009,0.561615926728887
"LBY","Libyan Arab Jamahiriya",2010,0.561723525921893
"LBY","Libyan Arab Jamahiriya",2011,0.562396020878181
"LBY","Libyan Arab Jamahiriya",2012,0.562127022895666
"LBY","Libyan Arab Jamahiriya",2013,0.566581393204105
"LBY","Libyan Arab Jamahiriya",2014,0.56635519861678
"LBY","Libyan Arab Jamahiriya",2015,0.564651643178356
"LBY","Libyan Arab Jamahiriya",2016,0.561925895406374
"LBY","Libyan Arab Jamahiriya",2017,0.560518237748717
"LBY","Libyan Arab Jamahiriya",2018,0.559110580091059
"LBY","Libyan Arab Jamahiriya",2019,0.557502914794236
"LBY","Libyan Arab Jamahiriya",2020,0.555895249497413
"LBY","Libyan Arab Jamahiriya",2021,0.554402063604573
"LBY","Libyan Arab Jamahiriya",2022,0.554402063604573
"LIE","Liechtenstein",1995,NA
"LIE","Liechtenstein",1996,NA
"LIE","Liechtenstein",1997,NA
"LIE","Liechtenstein",1998,NA
"LIE","Liechtenstein",1999,NA
"LIE","Liechtenstein",2000,NA
"LIE","Liechtenstein",2001,NA
"LIE","Liechtenstein",2002,NA
"LIE","Liechtenstein",2003,NA
"LIE","Liechtenstein",2004,NA
"LIE","Liechtenstein",2005,NA
"LIE","Liechtenstein",2006,NA
"LIE","Liechtenstein",2007,NA
"LIE","Liechtenstein",2008,NA
"LIE","Liechtenstein",2009,NA
"LIE","Liechtenstein",2010,NA
"LIE","Liechtenstein",2011,NA
"LIE","Liechtenstein",2012,NA
"LIE","Liechtenstein",2013,NA
"LIE","Liechtenstein",2014,NA
"LIE","Liechtenstein",2015,NA
"LIE","Liechtenstein",2016,NA
"LIE","Liechtenstein",2017,NA
"LIE","Liechtenstein",2018,NA
"LIE","Liechtenstein",2019,NA
"LIE","Liechtenstein",2020,NA
"LIE","Liechtenstein",2021,NA
"LIE","Liechtenstein",2022,NA
"LTU","Lithuania",1995,0.484743533732668
"LTU","Lithuania",1996,0.482167308732668
"LTU","Lithuania",1997,0.481787947732668
"LTU","Lithuania",1998,0.475836360732668
"LTU","Lithuania",1999,0.474486336232668
"LTU","Lithuania",2000,0.474486336232668
"LTU","Lithuania",2001,0.471062024758757
"LTU","Lithuania",2002,0.467637713284845
"LTU","Lithuania",2003,0.464213401810934
"LTU","Lithuania",2004,0.460789090337022
"LTU","Lithuania",2005,0.45736477886311
"LTU","Lithuania",2006,0.45736477886311
"LTU","Lithuania",2007,0.45736477886311
"LTU","Lithuania",2008,0.459023599755287
"LTU","Lithuania",2009,0.457902774828141
"LTU","Lithuania",2010,0.454540300046701
"LTU","Lithuania",2011,0.453262559629755
"LTU","Lithuania",2012,0.453733306099156
"LTU","Lithuania",2013,0.457048051156924
"LTU","Lithuania",2014,0.456865822441995
"LTU","Lithuania",2015,0.454761726079325
"LTU","Lithuania",2016,0.45232138223851
"LTU","Lithuania",2017,0.451382943800072
"LTU","Lithuania",2018,0.450444505361633
"LTU","Lithuania",2019,0.451946779782243
"LTU","Lithuania",2020,0.453449054202852
"LTU","Lithuania",2021,0.458429353006153
"LTU","Lithuania",2022,0.453636388444381
"LUX","Luxembourg",1995,0.360298002506831
"LUX","Luxembourg",1996,0.360800708108284
"LUX","Luxembourg",1997,0.358538672543071
"LUX","Luxembourg",1998,0.357476969977857
"LUX","Luxembourg",1999,0.35599528757931
"LUX","Luxembourg",2000,0.355863629680763
"LUX","Luxembourg",2001,0.355357043120445
"LUX","Luxembourg",2002,0.354850456560127
"LUX","Luxembourg",2003,0.354343869999809
"LUX","Luxembourg",2004,0.35383728343949
"LUX","Luxembourg",2005,0.353330696879172
"LUX","Luxembourg",2006,0.353330696879172
"LUX","Luxembourg",2007,0.353330696879172
"LUX","Luxembourg",2008,0.353958358838374
"LUX","Luxembourg",2009,0.356805254153326
"LUX","Luxembourg",2010,0.353196197887915
"LUX","Luxembourg",2011,0.353106531893743
"LUX","Luxembourg",2012,0.349475059129789
"LUX","Luxembourg",2013,0.338262493167727
"LUX","Luxembourg",2014,0.32256662749708
"LUX","Luxembourg",2015,0.324510753869585
"LUX","Luxembourg",2016,0.325782385285803
"LUX","Luxembourg",2017,0.32765926216268
"LUX","Luxembourg",2018,0.329536139039557
"LUX","Luxembourg",2019,0.328962290153178
"LUX","Luxembourg",2020,0.328388441266799
"LUX","Luxembourg",2021,0.329936267699467
"LUX","Luxembourg",2022,0.322661963722461
"MKD","Macedonia",1995,0.374601094638425
"MKD","Macedonia",1996,0.374601094638425
"MKD","Macedonia",1997,0.374601094638425
"MKD","Macedonia",1998,0.373791079838425
"MKD","Macedonia",1999,0.372981065238425
"MKD","Macedonia",2000,0.372981065238425
"MKD","Macedonia",2001,0.369150539387433
"MKD","Macedonia",2002,0.36532001353644
"MKD","Macedonia",2003,0.361489487685447
"MKD","Macedonia",2004,0.357658961834454
"MKD","Macedonia",2005,0.353828435983461
"MKD","Macedonia",2006,0.353828435983461
"MKD","Macedonia",2007,0.353828435983461
"MKD","Macedonia",2008,0.353290440018431
"MKD","Macedonia",2009,0.35398983477297
"MKD","Macedonia",2010,0.351192255754813
"MKD","Macedonia",2011,0.349954865035243
"MKD","Macedonia",2012,0.345435698928989
"MKD","Macedonia",2013,0.350779890632461
"MKD","Macedonia",2014,0.346171156982873
"MKD","Macedonia",2015,0.343429210261438
"MKD","Macedonia",2016,0.336141197635496
"MKD","Macedonia",2017,0.335578134572433
"MKD","Macedonia",2018,0.33501507150937
"MKD","Macedonia",2019,0.336759327613838
"MKD","Macedonia",2020,0.338503583718305
"MKD","Macedonia",2021,0.338443789640001
"MKD","Macedonia",2022,0.338443789640001
"MDG","Madagascar",1995,0.618973232910917
"MDG","Madagascar",1996,0.61598899174425
"MDG","Madagascar",1997,0.61522698974425
"MDG","Madagascar",1998,0.614038918077583
"MDG","Madagascar",1999,0.607509697348501
"MDG","Madagascar",2000,0.594885071170198
"MDG","Madagascar",2001,0.602877474563551
"MDG","Madagascar",2002,0.610869877956904
"MDG","Madagascar",2003,0.611338869077583
"MDG","Madagascar",2004,0.611338869077583
"MDG","Madagascar",2005,0.611338869077583
"MDG","Madagascar",2006,0.611338869077583
"MDG","Madagascar",2007,0.611338869077583
"MDG","Madagascar",2008,0.611249203083412
"MDG","Madagascar",2009,0.611899281541156
"MDG","Madagascar",2010,0.61154061756447
"MDG","Madagascar",2011,0.611585450561556
"MDG","Madagascar",2012,0.610800873112553
"MDG","Madagascar",2013,0.610830118060258
"MDG","Madagascar",2014,0.60823663267844
"MDG","Madagascar",2015,0.608516075285136
"MDG","Madagascar",2016,0.607540193973427
"MDG","Madagascar",2017,0.607774803583037
"MDG","Madagascar",2018,0.608009413192647
"MDG","Madagascar",2019,0.608203077094643
"MDG","Madagascar",2020,0.60839674099664
"MDG","Madagascar",2021,0.609330209063517
"MDG","Madagascar",2022,0.60928306917086
"MWI","Malawi",1995,0.582413674220344
"MWI","Malawi",1996,0.581457698053677
"MWI","Malawi",1997,0.58191500288701
"MWI","Malawi",1998,0.579354947053677
"MWI","Malawi",1999,0.579354947053677
"MWI","Malawi",2000,0.579354947053677
"MWI","Malawi",2001,0.577162593154545
"MWI","Malawi",2002,0.565194725097357
"MWI","Malawi",2003,0.553226857040169
"MWI","Malawi",2004,0.541258988982981
"MWI","Malawi",2005,0.529291120925793
"MWI","Malawi",2006,0.529291120925793
"MWI","Malawi",2007,0.529291120925793
"MWI","Malawi",2008,0.529223871430164
"MWI","Malawi",2009,0.53003086537771
"MWI","Malawi",2010,0.524359491246349
"MWI","Malawi",2011,0.524269825252177
"MWI","Malawi",2012,0.523395581809003
"MWI","Malawi",2013,0.523002529459411
"MWI","Malawi",2014,0.515682779060054
"MWI","Malawi",2015,0.515750028555682
"MWI","Malawi",2016,0.514920618109594
"MWI","Malawi",2017,0.514920618109594
"MWI","Malawi",2018,0.514920618109594
"MWI","Malawi",2019,0.514954939318554
"MWI","Malawi",2020,0.514989260527513
"MWI","Malawi",2021,0.514969568982342
"MWI","Malawi",2022,0.514543461762962
"MYS","Malaysia",1995,0.368912776968262
"MYS","Malaysia",1996,0.368157932881971
"MYS","Malaysia",1997,0.367489568462346
"MYS","Malaysia",1998,0.368325880042721
"MYS","Malaysia",1999,0.367633744289763
"MYS","Malaysia",2000,0.368291633036804
"MYS","Malaysia",2001,0.365534187511619
"MYS","Malaysia",2002,0.362776741986434
"MYS","Malaysia",2003,0.360019296461249
"MYS","Malaysia",2004,0.357261850936064
"MYS","Malaysia",2005,0.354504405410879
"MYS","Malaysia",2006,0.354504405410879
"MYS","Malaysia",2007,0.354504405410879
"MYS","Malaysia",2008,0.35573731283074
"MYS","Malaysia",2009,0.354235407428364
"MYS","Malaysia",2010,0.352509337040558
"MYS","Malaysia",2011,0.352666252530359
"MYS","Malaysia",2012,0.352464504043472
"MYS","Malaysia",2013,0.357183694484754
"MYS","Malaysia",2014,0.362463297389609
"MYS","Malaysia",2015,0.362656128502498
"MYS","Malaysia",2016,0.366345933388082
"MYS","Malaysia",2017,0.365642104559254
"MYS","Malaysia",2018,0.364938275730425
"MYS","Malaysia",2019,0.364548613514743
"MYS","Malaysia",2020,0.364158951299061
"MYS","Malaysia",2021,0.368676270306251
"MYS","Malaysia",2022,0.3688405027255
"MDV","Maldives",1995,0.555747744455558
"MDV","Maldives",1996,0.556013047205558
"MDV","Maldives",1997,0.557272966205558
"MDV","Maldives",1998,0.554387756705558
"MDV","Maldives",1999,0.554387756705558
"MDV","Maldives",2000,0.554387756705558
"MDV","Maldives",2001,0.553693629602099
"MDV","Maldives",2002,0.55299950249864
"MDV","Maldives",2003,0.552305375395182
"MDV","Maldives",2004,0.551611248291723
"MDV","Maldives",2005,0.550917121188264
"MDV","Maldives",2006,0.550917121188264
"MDV","Maldives",2007,0.550917121188264
"MDV","Maldives",2008,0.547554646406825
"MDV","Maldives",2009,0.547487396911196
"MDV","Maldives",2010,0.54530178830326
"MDV","Maldives",2011,0.543183429190954
"MDV","Maldives",2012,0.542914431208439
"MDV","Maldives",2013,0.541199569069905
"MDV","Maldives",2014,0.54177118978275
"MDV","Maldives",2015,0.542645433225924
"MDV","Maldives",2016,0.541132319574276
"MDV","Maldives",2017,0.541132319574276
"MDV","Maldives",2018,0.541132319574276
"MDV","Maldives",2019,0.541132319574276
"MDV","Maldives",2020,0.541132319574276
"MDV","Maldives",2021,0.541132319574276
"MDV","Maldives",2022,0.541132319574276
"MLI","Mali",1995,0.584353874507786
"MLI","Mali",1996,0.587158019152735
"MLI","Mali",1997,0.589962163797684
"MLI","Mali",1998,0.592766308442633
"MLI","Mali",1999,0.593879032965082
"MLI","Mali",2000,0.593879032965082
"MLI","Mali",2001,0.583215408232437
"MLI","Mali",2002,0.568056218732342
"MLI","Mali",2003,0.552897029232248
"MLI","Mali",2004,0.537737839732154
"MLI","Mali",2005,0.52257865023206
"MLI","Mali",2006,0.52257865023206
"MLI","Mali",2007,0.52257865023206
"MLI","Mali",2008,0.522511400736432
"MLI","Mali",2009,0.52188373877723
"MLI","Mali",2010,0.521435408806371
"MLI","Mali",2011,0.522511400736432
"MLI","Mali",2012,0.521188827322399
"MLI","Mali",2013,0.521468269929095
"MLI","Mali",2014,0.516457418879659
"MLI","Mali",2015,0.516143587900058
"MLI","Mali",2016,0.515964255911715
"MLI","Mali",2017,0.515964255911715
"MLI","Mali",2018,0.515964255911715
"MLI","Mali",2019,0.515886943744691
"MLI","Mali",2020,0.515809631577666
"MLI","Mali",2021,0.513653557037841
"MLI","Mali",2022,0.512372129407161
"MLT","Malta",1995,0.341953240332027
"MLT","Malta",1996,0.343616591435631
"MLT","Malta",1997,0.341955487539236
"MLT","Malta",1998,0.341371522842841
"MLT","Malta",1999,0.341274864546446
"MLT","Malta",2000,0.341988221050051
"MLT","Malta",2001,0.341772516802581
"MLT","Malta",2002,0.341556812555111
"MLT","Malta",2003,0.341341108307642
"MLT","Malta",2004,0.341125404060172
"MLT","Malta",2005,0.340909699812702
"MLT","Malta",2006,0.340909699812702
"MLT","Malta",2007,0.340909699812702
"MLT","Malta",2008,0.340533102637181
"MLT","Malta",2009,0.340048906268654
"MLT","Malta",2010,0.341609094567241
"MLT","Malta",2011,0.342227789927026
"MLT","Malta",2012,0.339026713935096
"MLT","Malta",2013,0.338192820189299
"MLT","Malta",2014,0.33216726538096
"MLT","Malta",2015,0.334297552190971
"MLT","Malta",2016,0.340678007124721
"MLT","Malta",2017,0.343211790908505
"MLT","Malta",2018,0.345745574692289
"MLT","Malta",2019,0.345224133873248
"MLT","Malta",2020,0.344702693054207
"MLT","Malta",2021,0.343108846178775
"MLT","Malta",2022,0.330730234055
"MHL","Marshall Islands",1995,NA
"MHL","Marshall Islands",1996,NA
"MHL","Marshall Islands",1997,NA
"MHL","Marshall Islands",1998,NA
"MHL","Marshall Islands",1999,NA
"MHL","Marshall Islands",2000,NA
"MHL","Marshall Islands",2001,NA
"MHL","Marshall Islands",2002,NA
"MHL","Marshall Islands",2003,NA
"MHL","Marshall Islands",2004,NA
"MHL","Marshall Islands",2005,NA
"MHL","Marshall Islands",2006,NA
"MHL","Marshall Islands",2007,NA
"MHL","Marshall Islands",2008,NA
"MHL","Marshall Islands",2009,NA
"MHL","Marshall Islands",2010,NA
"MHL","Marshall Islands",2011,NA
"MHL","Marshall Islands",2012,NA
"MHL","Marshall Islands",2013,NA
"MHL","Marshall Islands",2014,NA
"MHL","Marshall Islands",2015,NA
"MHL","Marshall Islands",2016,NA
"MHL","Marshall Islands",2017,NA
"MHL","Marshall Islands",2018,NA
"MHL","Marshall Islands",2019,NA
"MHL","Marshall Islands",2020,NA
"MHL","Marshall Islands",2021,NA
"MHL","Marshall Islands",2022,NA
"MRT","Mauritania",1995,0.482785551325328
"MRT","Mauritania",1996,0.480883003509687
"MRT","Mauritania",1997,0.477304068694046
"MRT","Mauritania",1998,0.478392860211738
"MRT","Mauritania",1999,0.482038962562764
"MRT","Mauritania",2000,0.485685064913789
"MRT","Mauritania",2001,0.485725369469037
"MRT","Mauritania",2002,0.485765674024284
"MRT","Mauritania",2003,0.485805978579531
"MRT","Mauritania",2004,0.485846283134778
"MRT","Mauritania",2005,0.485886587690025
"MRT","Mauritania",2006,0.485886587690025
"MRT","Mauritania",2007,0.485886587690025
"MRT","Mauritania",2008,0.486043503179826
"MRT","Mauritania",2009,0.486065919678369
"MRT","Mauritania",2010,0.485796921695854
"MRT","Mauritania",2011,0.48637975065797
"MRT","Mauritania",2012,0.485057177243937
"MRT","Mauritania",2013,0.485199470259885
"MRT","Mauritania",2014,0.479894554129902
"MRT","Mauritania",2015,0.480732881949988
"MRT","Mauritania",2016,0.480517634338557
"MRT","Mauritania",2017,0.481221463167386
"MRT","Mauritania",2018,0.481925291996215
"MRT","Mauritania",2019,0.482404619452838
"MRT","Mauritania",2020,0.482883946909461
"MRT","Mauritania",2021,0.484699818009728
"MRT","Mauritania",2022,0.483257562591045
"MUS","Mauritius",1995,0.539573560228149
"MUS","Mauritius",1996,0.541394979604571
"MUS","Mauritius",1997,0.541824950314327
"MUS","Mauritius",1998,0.543421549690749
"MUS","Mauritius",1999,0.544793228233838
"MUS","Mauritius",2000,0.546164906776928
"MUS","Mauritius",2001,0.538541302061549
"MUS","Mauritius",2002,0.53091769734617
"MUS","Mauritius",2003,0.523294092630792
"MUS","Mauritius",2004,0.515670487915413
"MUS","Mauritius",2005,0.508046883200035
"MUS","Mauritius",2006,0.508046883200035
"MUS","Mauritius",2007,0.508046883200035
"MUS","Mauritius",2008,0.506993307768517
"MUS","Mauritius",2009,0.507889967710234
"MUS","Mauritius",2010,0.510669613529557
"MUS","Mauritius",2011,0.511924937447961
"MUS","Mauritius",2012,0.512844013888221
"MUS","Mauritius",2013,0.514289114419149
"MUS","Mauritius",2014,0.514389225037501
"MUS","Mauritius",2015,0.512282074174465
"MUS","Mauritius",2016,0.515241051982132
"MUS","Mauritius",2017,0.515241051982132
"MUS","Mauritius",2018,0.515241051982132
"MUS","Mauritius",2019,0.513215046942408
"MUS","Mauritius",2020,0.511189041902684
"MUS","Mauritius",2021,0.512922949448348
"MUS","Mauritius",2022,0.512292543902935
"MEX","Mexico",1995,0.482832453700997
"MEX","Mexico",1996,0.483885745225834
"MEX","Mexico",1997,0.482718892917339
"MEX","Mexico",1998,0.48070449177551
"MEX","Mexico",1999,0.479029059967014
"MEX","Mexico",2000,0.477353628158518
"MEX","Mexico",2001,0.476138768697623
"MEX","Mexico",2002,0.474923909236728
"MEX","Mexico",2003,0.473709049775833
"MEX","Mexico",2004,0.472494190314938
"MEX","Mexico",2005,0.471279330854043
"MEX","Mexico",2006,0.471279330854043
"MEX","Mexico",2007,0.471279330854043
"MEX","Mexico",2008,0.468992848002665
"MEX","Mexico",2009,0.468253103550748
"MEX","Mexico",2010,0.465899371203741
"MEX","Mexico",2011,0.465809705209569
"MEX","Mexico",2012,0.465473457731425
"MEX","Mexico",2013,0.463546042757608
"MEX","Mexico",2014,0.460878883331874
"MEX","Mexico",2015,0.461651488906514
"MEX","Mexico",2016,0.461818849020495
"MEX","Mexico",2017,0.462053458630105
"MEX","Mexico",2018,0.462288068239714
"MEX","Mexico",2019,0.462698403797871
"MEX","Mexico",2020,0.463108739356028
"MEX","Mexico",2021,0.46067262379527
"MEX","Mexico",2022,0.461135468824681
"FSM","Micronesia, Federated States of",1995,NA
"FSM","Micronesia, Federated States of",1996,NA
"FSM","Micronesia, Federated States of",1997,NA
"FSM","Micronesia, Federated States of",1998,NA
"FSM","Micronesia, Federated States of",1999,NA
"FSM","Micronesia, Federated States of",2000,NA
"FSM","Micronesia, Federated States of",2001,NA
"FSM","Micronesia, Federated States of",2002,NA
"FSM","Micronesia, Federated States of",2003,NA
"FSM","Micronesia, Federated States of",2004,NA
"FSM","Micronesia, Federated States of",2005,NA
"FSM","Micronesia, Federated States of",2006,NA
"FSM","Micronesia, Federated States of",2007,NA
"FSM","Micronesia, Federated States of",2008,NA
"FSM","Micronesia, Federated States of",2009,NA
"FSM","Micronesia, Federated States of",2010,NA
"FSM","Micronesia, Federated States of",2011,NA
"FSM","Micronesia, Federated States of",2012,NA
"FSM","Micronesia, Federated States of",2013,NA
"FSM","Micronesia, Federated States of",2014,NA
"FSM","Micronesia, Federated States of",2015,NA
"FSM","Micronesia, Federated States of",2016,NA
"FSM","Micronesia, Federated States of",2017,NA
"FSM","Micronesia, Federated States of",2018,NA
"FSM","Micronesia, Federated States of",2019,NA
"FSM","Micronesia, Federated States of",2020,NA
"FSM","Micronesia, Federated States of",2021,NA
"FSM","Micronesia, Federated States of",2022,NA
"MDA","Moldova, Republic of",1995,0.537179252369059
"MDA","Moldova, Republic of",1996,0.537276733035725
"MDA","Moldova, Republic of",1997,0.536689780869059
"MDA","Moldova, Republic of",1998,0.536028493369059
"MDA","Moldova, Republic of",1999,0.536028493369059
"MDA","Moldova, Republic of",2000,0.536028493369059
"MDA","Moldova, Republic of",2001,0.522707515921025
"MDA","Moldova, Republic of",2002,0.504948460855079
"MDA","Moldova, Republic of",2003,0.487189405789132
"MDA","Moldova, Republic of",2004,0.469430350723185
"MDA","Moldova, Republic of",2005,0.451671295657239
"MDA","Moldova, Republic of",2006,0.451671295657239
"MDA","Moldova, Republic of",2007,0.451671295657239
"MDA","Moldova, Republic of",2008,0.453240450555243
"MDA","Moldova, Republic of",2009,0.452455873106241
"MDA","Moldova, Republic of",2010,0.449026148829173
"MDA","Moldova, Republic of",2011,0.447882907403484
"MDA","Moldova, Republic of",2012,0.448241571380171
"MDA","Moldova, Republic of",2013,0.449504127648611
"MDA","Moldova, Republic of",2014,0.446798963674954
"MDA","Moldova, Republic of",2015,0.444391480956862
"MDA","Moldova, Republic of",2016,0.441715000256256
"MDA","Moldova, Republic of",2017,0.441011171427427
"MDA","Moldova, Republic of",2018,0.440307342598598
"MDA","Moldova, Republic of",2019,0.440848974232591
"MDA","Moldova, Republic of",2020,0.441390605866583
"MDA","Moldova, Republic of",2021,0.44146130232082
"MDA","Moldova, Republic of",2022,0.44146130232082
"MCO","Monaco",1995,NA
"MCO","Monaco",1996,NA
"MCO","Monaco",1997,NA
"MCO","Monaco",1998,NA
"MCO","Monaco",1999,NA
"MCO","Monaco",2000,NA
"MCO","Monaco",2001,NA
"MCO","Monaco",2002,NA
"MCO","Monaco",2003,NA
"MCO","Monaco",2004,NA
"MCO","Monaco",2005,NA
"MCO","Monaco",2006,NA
"MCO","Monaco",2007,NA
"MCO","Monaco",2008,NA
"MCO","Monaco",2009,NA
"MCO","Monaco",2010,NA
"MCO","Monaco",2011,NA
"MCO","Monaco",2012,NA
"MCO","Monaco",2013,NA
"MCO","Monaco",2014,NA
"MCO","Monaco",2015,NA
"MCO","Monaco",2016,NA
"MCO","Monaco",2017,NA
"MCO","Monaco",2018,NA
"MCO","Monaco",2019,NA
"MCO","Monaco",2020,NA
"MCO","Monaco",2021,NA
"MCO","Monaco",2022,NA
"MNG","Mongolia",1995,0.484822745366398
"MNG","Mongolia",1996,0.476112985533064
"MNG","Mongolia",1997,0.476774601533064
"MNG","Mongolia",1998,0.476264287199731
"MNG","Mongolia",1999,0.476264287199731
"MNG","Mongolia",2000,0.476264287199731
"MNG","Mongolia",2001,0.476264287199731
"MNG","Mongolia",2002,0.466028978661023
"MNG","Mongolia",2003,0.450861157076564
"MNG","Mongolia",2004,0.435693335492105
"MNG","Mongolia",2005,0.420525513907646
"MNG","Mongolia",2006,0.420525513907646
"MNG","Mongolia",2007,0.420525513907646
"MNG","Mongolia",2008,0.42361899070657
"MNG","Mongolia",2009,0.423663823703656
"MNG","Mongolia",2010,0.42070484589599
"MNG","Mongolia",2011,0.419651270464472
"MNG","Mongolia",2012,0.417409620610179
"MNG","Mongolia",2013,0.414069562327283
"MNG","Mongolia",2014,0.409563846120154
"MNG","Mongolia",2015,0.41075192054293
"MNG","Mongolia",2016,0.416243962685947
"MNG","Mongolia",2017,0.416243962685947
"MNG","Mongolia",2018,0.416243962685947
"MNG","Mongolia",2019,0.416243962685947
"MNG","Mongolia",2020,0.416243962685947
"MNG","Mongolia",2021,0.416243962685947
"MNG","Mongolia",2022,0.416243962685947
"MNE","Montenegro",1995,0.507397275681795
"MNE","Montenegro",1996,0.507397275681795
"MNE","Montenegro",1997,0.507397275681795
"MNE","Montenegro",1998,0.507397275681795
"MNE","Montenegro",1999,0.507397275681795
"MNE","Montenegro",2000,0.507397275681795
"MNE","Montenegro",2001,0.507397275681795
"MNE","Montenegro",2002,0.507397275681795
"MNE","Montenegro",2003,0.507397275681795
"MNE","Montenegro",2004,0.507397275681795
"MNE","Montenegro",2005,0.507397275681795
"MNE","Montenegro",2006,0.507397275681795
"MNE","Montenegro",2007,0.507397275681795
"MNE","Montenegro",2008,0.508527067208358
"MNE","Montenegro",2009,0.50855396700661
"MNE","Montenegro",2010,0.506213684558728
"MNE","Montenegro",2011,0.503792702716092
"MNE","Montenegro",2012,0.503200907154559
"MNE","Montenegro",2013,0.505506095665194
"MNE","Montenegro",2014,0.5037225148416
"MNE","Montenegro",2015,0.500169908772181
"MNE","Montenegro",2016,0.49691320048353
"MNE","Montenegro",2017,0.497476263546593
"MNE","Montenegro",2018,0.498039326609656
"MNE","Montenegro",2019,0.500695221632034
"MNE","Montenegro",2020,0.503351116654412
"MNE","Montenegro",2021,0.510626329841638
"MNE","Montenegro",2022,0.510158700617446
"MAR","Morocco",1995,0.381724444973468
"MAR","Morocco",1996,0.383552316502392
"MAR","Morocco",1997,0.386730440197983
"MAR","Morocco",1998,0.38895524506024
"MAR","Morocco",1999,0.390856227089165
"MAR","Morocco",2000,0.392757209118089
"MAR","Morocco",2001,0.390656735578821
"MAR","Morocco",2002,0.388556262039554
"MAR","Morocco",2003,0.386455788500286
"MAR","Morocco",2004,0.384355314961019
"MAR","Morocco",2005,0.382254841421752
"MAR","Morocco",2006,0.382254841421752
"MAR","Morocco",2007,0.382254841421752
"MAR","Morocco",2008,0.379721777086401
"MAR","Morocco",2009,0.379721777086401
"MAR","Morocco",2010,0.378713034651969
"MAR","Morocco",2011,0.379295863614085
"MAR","Morocco",2012,0.380842602013547
"MAR","Morocco",2013,0.380940623707063
"MAR","Morocco",2014,0.375344854770676
"MAR","Morocco",2015,0.373920643488109
"MAR","Morocco",2016,0.374491500575862
"MAR","Morocco",2017,0.374726110185472
"MAR","Morocco",2018,0.374960719795081
"MAR","Morocco",2019,0.374648320268496
"MAR","Morocco",2020,0.374335920741911
"MAR","Morocco",2021,0.373693834387799
"MAR","Morocco",2022,0.373948256998972
"MOZ","Mozambique",1995,0.62230562608562
"MOZ","Mozambique",1996,0.621489593752287
"MOZ","Mozambique",1997,0.617335525418954
"MOZ","Mozambique",1998,0.613666167801587
"MOZ","Mozambique",1999,0.603003069739558
"MOZ","Mozambique",2000,0.59233997167753
"MOZ","Mozambique",2001,0.578029639047189
"MOZ","Mozambique",2002,0.563719306416849
"MOZ","Mozambique",2003,0.549408973786509
"MOZ","Mozambique",2004,0.535098641156169
"MOZ","Mozambique",2005,0.520788308525829
"MOZ","Mozambique",2006,0.520788308525829
"MOZ","Mozambique",2007,0.520788308525829
"MOZ","Mozambique",2008,0.520586560038943
"MOZ","Mozambique",2009,0.520452061047685
"MOZ","Mozambique",2010,0.519891648584112
"MOZ","Mozambique",2011,0.520160646566627
"MOZ","Mozambique",2012,0.520138230068084
"MOZ","Mozambique",2013,0.521298744567116
"MOZ","Mozambique",2014,0.516249888969756
"MOZ","Mozambique",2015,0.515734309503269
"MOZ","Mozambique",2016,0.515936057990155
"MOZ","Mozambique",2017,0.515936057990155
"MOZ","Mozambique",2018,0.515936057990155
"MOZ","Mozambique",2019,0.516289558236215
"MOZ","Mozambique",2020,0.516643058482276
"MOZ","Mozambique",2021,0.518102516783323
"MOZ","Mozambique",2022,0.518412102561064
"MMR","Myanmar",1995,0.558863040416597
"MMR","Myanmar",1996,0.555683837816597
"MMR","Myanmar",1997,0.555146880016597
"MMR","Myanmar",1998,0.555285226216597
"MMR","Myanmar",1999,0.555285226216597
"MMR","Myanmar",2000,0.555285226216597
"MMR","Myanmar",2001,0.555285226216597
"MMR","Myanmar",2002,0.555285226216597
"MMR","Myanmar",2003,0.555285226216597
"MMR","Myanmar",2004,0.555285226216597
"MMR","Myanmar",2005,0.555285226216597
"MMR","Myanmar",2006,0.555285226216597
"MMR","Myanmar",2007,0.555285226216597
"MMR","Myanmar",2008,0.556119119962394
"MMR","Myanmar",2009,0.556307418550155
"MMR","Myanmar",2010,0.551680653250894
"MMR","Myanmar",2011,0.555123827427088
"MMR","Myanmar",2012,0.553133242356476
"MMR","Myanmar",2013,0.556092894173727
"MMR","Myanmar",2014,0.554748578270736
"MMR","Myanmar",2015,0.555917803144568
"MMR","Myanmar",2016,0.555392340728554
"MMR","Myanmar",2017,0.555673872260085
"MMR","Myanmar",2018,0.555955403791617
"MMR","Myanmar",2019,0.556382239222513
"MMR","Myanmar",2020,0.556809074653408
"MMR","Myanmar",2021,0.555905122485311
"MMR","Myanmar",2022,0.555767852238778
"NAM","Namibia",1995,0.489919668847083
"NAM","Namibia",1996,0.48757306119258
"NAM","Namibia",1997,0.481151906038078
"NAM","Namibia",1998,0.476135660050242
"NAM","Namibia",1999,0.473709664562407
"NAM","Namibia",2000,0.471283669074571
"NAM","Namibia",2001,0.471456170376337
"NAM","Namibia",2002,0.471628671678104
"NAM","Namibia",2003,0.47180117297987
"NAM","Namibia",2004,0.471973674281637
"NAM","Namibia",2005,0.472146175583403
"NAM","Namibia",2006,0.472146175583403
"NAM","Namibia",2007,0.472146175583403
"NAM","Namibia",2008,0.470711519676656
"NAM","Namibia",2009,0.471249515641686
"NAM","Namibia",2010,0.469590694749509
"NAM","Namibia",2011,0.467819791364618
"NAM","Namibia",2012,0.467259378901045
"NAM","Namibia",2013,0.468873366796136
"NAM","Namibia",2014,0.464121069105035
"NAM","Namibia",2015,0.464121069105035
"NAM","Namibia",2016,0.464950479551123
"NAM","Namibia",2017,0.464950479551123
"NAM","Namibia",2018,0.464950479551123
"NAM","Namibia",2019,0.464950479551123
"NAM","Namibia",2020,0.464950479551123
"NAM","Namibia",2021,0.464950479551123
"NAM","Namibia",2022,0.464950479551123
"NRU","Nauru",1995,NA
"NRU","Nauru",1996,NA
"NRU","Nauru",1997,NA
"NRU","Nauru",1998,NA
"NRU","Nauru",1999,NA
"NRU","Nauru",2000,NA
"NRU","Nauru",2001,NA
"NRU","Nauru",2002,NA
"NRU","Nauru",2003,NA
"NRU","Nauru",2004,NA
"NRU","Nauru",2005,NA
"NRU","Nauru",2006,NA
"NRU","Nauru",2007,NA
"NRU","Nauru",2008,NA
"NRU","Nauru",2009,NA
"NRU","Nauru",2010,NA
"NRU","Nauru",2011,NA
"NRU","Nauru",2012,NA
"NRU","Nauru",2013,NA
"NRU","Nauru",2014,NA
"NRU","Nauru",2015,NA
"NRU","Nauru",2016,NA
"NRU","Nauru",2017,NA
"NRU","Nauru",2018,NA
"NRU","Nauru",2019,NA
"NRU","Nauru",2020,NA
"NRU","Nauru",2021,NA
"NRU","Nauru",2022,NA
"NPL","Nepal",1995,0.574716323983157
"NPL","Nepal",1996,0.573735977649823
"NPL","Nepal",1997,0.573492823983157
"NPL","Nepal",1998,0.570257755983157
"NPL","Nepal",1999,0.570257755983157
"NPL","Nepal",2000,0.570257755983157
"NPL","Nepal",2001,0.570257755983157
"NPL","Nepal",2002,0.570257755983157
"NPL","Nepal",2003,0.570257755983157
"NPL","Nepal",2004,0.563360207258476
"NPL","Nepal",2005,0.556167466848633
"NPL","Nepal",2006,0.556167466848633
"NPL","Nepal",2007,0.556167466848633
"NPL","Nepal",2008,0.555382889399631
"NPL","Nepal",2009,0.554889726431687
"NPL","Nepal",2010,0.554620728449172
"NPL","Nepal",2011,0.554889726431687
"NPL","Nepal",2012,0.553567153017654
"NPL","Nepal",2013,0.553616163864412
"NPL","Nepal",2014,0.549652621471986
"NPL","Nepal",2015,0.549528567104909
"NPL","Nepal",2016,0.551399581108152
"NPL","Nepal",2017,0.551634190717761
"NPL","Nepal",2018,0.551868800327371
"NPL","Nepal",2019,0.552005152197195
"NPL","Nepal",2020,0.552141504067018
"NPL","Nepal",2021,0.552541472052221
"NPL","Nepal",2022,0.551664227459748
"NLD","Netherlands",1995,0.297409634370432
"NLD","Netherlands",1996,0.295182550176961
"NLD","Netherlands",1997,0.29645973248349
"NLD","Netherlands",1998,0.298937254456685
"NLD","Netherlands",1999,0.298096285763214
"NLD","Netherlands",2000,0.29793032923641
"NLD","Netherlands",2001,0.297475934544184
"NLD","Netherlands",2002,0.297021539851958
"NLD","Netherlands",2003,0.296567145159733
"NLD","Netherlands",2004,0.296112750467507
"NLD","Netherlands",2005,0.295658355775281
"NLD","Netherlands",2006,0.295658355775281
"NLD","Netherlands",2007,0.295658355775281
"NLD","Netherlands",2008,0.296017019751968
"NLD","Netherlands",2009,0.296891263195142
"NLD","Netherlands",2010,0.294604780343764
"NLD","Netherlands",2011,0.292811460460329
"NLD","Netherlands",2012,0.293865035891847
"NLD","Netherlands",2013,0.299429382602377
"NLD","Netherlands",2014,0.303267658925102
"NLD","Netherlands",2015,0.29604673802101
"NLD","Netherlands",2016,0.295281768697282
"NLD","Netherlands",2017,0.292701062991576
"NLD","Netherlands",2018,0.29012035728587
"NLD","Netherlands",2019,0.291104834762438
"NLD","Netherlands",2020,0.292089312239005
"NLD","Netherlands",2021,0.29867820805539
"NLD","Netherlands",2022,0.301621103591042
"NZL","New Zealand",1995,0.434816400478593
"NZL","New Zealand",1996,0.43496981217964
"NZL","New Zealand",1997,0.438587589714021
"NZL","New Zealand",1998,0.435687414915068
"NZL","New Zealand",1999,0.437864838449448
"NZL","New Zealand",2000,0.439346794983829
"NZL","New Zealand",2001,0.435484670639387
"NZL","New Zealand",2002,0.431622546294945
"NZL","New Zealand",2003,0.427760421950504
"NZL","New Zealand",2004,0.423898297606062
"NZL","New Zealand",2005,0.42003617326162
"NZL","New Zealand",2006,0.42003617326162
"NZL","New Zealand",2007,0.42003617326162
"NZL","New Zealand",2008,0.419587843290762
"NZL","New Zealand",2009,0.419027430827189
"NZL","New Zealand",2010,0.419274012311161
"NZL","New Zealand",2011,0.410217746899818
"NZL","New Zealand",2012,0.410284996395447
"NZL","New Zealand",2013,0.410867825357563
"NZL","New Zealand",2014,0.410822992360477
"NZL","New Zealand",2015,0.411136823340078
"NZL","New Zealand",2016,0.415014877588005
"NZL","New Zealand",2017,0.415014877588005
"NZL","New Zealand",2018,0.415014877588005
"NZL","New Zealand",2019,0.415014877588005
"NZL","New Zealand",2020,0.415014877588005
"NZL","New Zealand",2021,0.415014877588005
"NZL","New Zealand",2022,0.417103574966257
"NIC","Nicaragua",1995,0.646363754291686
"NIC","Nicaragua",1996,0.633676799303012
"NIC","Nicaragua",1997,0.619645024981004
"NIC","Nicaragua",1998,0.60463739649233
"NIC","Nicaragua",1999,0.592181589003655
"NIC","Nicaragua",2000,0.57972578151498
"NIC","Nicaragua",2001,0.575597087459566
"NIC","Nicaragua",2002,0.571468393404151
"NIC","Nicaragua",2003,0.567339699348736
"NIC","Nicaragua",2004,0.563211005293321
"NIC","Nicaragua",2005,0.559082311237906
"NIC","Nicaragua",2006,0.559082311237906
"NIC","Nicaragua",2007,0.559082311237906
"NIC","Nicaragua",2008,0.55903747824082
"NIC","Nicaragua",2009,0.559284059724792
"NIC","Nicaragua",2010,0.557311407853015
"NIC","Nicaragua",2011,0.557916653313674
"NIC","Nicaragua",2012,0.556975160374871
"NIC","Nicaragua",2013,0.558243579516945
"NIC","Nicaragua",2014,0.556239189871752
"NIC","Nicaragua",2015,0.557022240070572
"NIC","Nicaragua",2016,0.558051871753364
"NIC","Nicaragua",2017,0.558521090972584
"NIC","Nicaragua",2018,0.558990310191803
"NIC","Nicaragua",2019,0.559167108900964
"NIC","Nicaragua",2020,0.559343907610124
"NIC","Nicaragua",2021,0.556493068816052
"NIC","Nicaragua",2022,0.555994583928995
"NER","Niger",1995,0.532048850701431
"NER","Niger",1996,0.532134122043979
"NER","Niger",1997,0.532963602886528
"NER","Niger",1998,0.533027757729077
"NER","Niger",1999,0.530858258238292
"NER","Niger",2000,0.53206382008084
"NER","Niger",2001,0.520813613457603
"NER","Niger",2002,0.509563406834366
"NER","Niger",2003,0.498313200211129
"NER","Niger",2004,0.487062993587891
"NER","Niger",2005,0.475812786964654
"NER","Niger",2006,0.475812786964654
"NER","Niger",2007,0.475812786964654
"NER","Niger",2008,0.475812786964654
"NER","Niger",2009,0.47585761996174
"NER","Niger",2010,0.47585761996174
"NER","Niger",2011,0.476081784947169
"NER","Niger",2012,0.475498955985053
"NER","Niger",2013,0.475068864663065
"NER","Niger",2014,0.470917634582952
"NER","Niger",2015,0.470155473632492
"NER","Niger",2016,0.469864059151434
"NER","Niger",2017,0.469864059151434
"NER","Niger",2018,0.469864059151434
"NER","Niger",2019,0.469775091628641
"NER","Niger",2020,0.469686124105849
"NER","Niger",2021,0.469319501353011
"NER","Niger",2022,0.469748844735143
"NGA","Nigeria",1995,0.533390315554051
"NGA","Nigeria",1996,0.531695062040366
"NGA","Nigeria",1997,0.528524129526681
"NGA","Nigeria",1998,0.525277349512997
"NGA","Nigeria",1999,0.520477417499312
"NGA","Nigeria",2000,0.517027509985628
"NGA","Nigeria",2001,0.502231777940226
"NGA","Nigeria",2002,0.487436045894824
"NGA","Nigeria",2003,0.472640313849422
"NGA","Nigeria",2004,0.45784458180402
"NGA","Nigeria",2005,0.443048849758618
"NGA","Nigeria",2006,0.443048849758618
"NGA","Nigeria",2007,0.443048849758618
"NGA","Nigeria",2008,0.443564429225105
"NGA","Nigeria",2009,0.442757435277559
"NGA","Nigeria",2010,0.438027554085002
"NGA","Nigeria",2011,0.438924214026719
"NGA","Nigeria",2012,0.438139636577716
"NGA","Nigeria",2013,0.438304346092207
"NGA","Nigeria",2014,0.431699273046734
"NGA","Nigeria",2015,0.430802613105017
"NGA","Nigeria",2016,0.430802613105017
"NGA","Nigeria",2017,0.430802613105017
"NGA","Nigeria",2018,0.430802613105017
"NGA","Nigeria",2019,0.430787782634842
"NGA","Nigeria",2020,0.430772952164668
"NGA","Nigeria",2021,0.430803847320482
"NGA","Nigeria",2022,0.430524157680825
"NOR","Norway",1995,0.359766909953557
"NOR","Norway",1996,0.35873434774443
"NOR","Norway",1997,0.363208891368636
"NOR","Norway",1998,0.365010699326175
"NOR","Norway",1999,0.365557399617048
"NOR","Norway",2000,0.36610409990792
"NOR","Norway",2001,0.364731741508619
"NOR","Norway",2002,0.363359383109319
"NOR","Norway",2003,0.361987024710018
"NOR","Norway",2004,0.360614666310717
"NOR","Norway",2005,0.359242307911416
"NOR","Norway",2006,0.359242307911416
"NOR","Norway",2007,0.359242307911416
"NOR","Norway",2008,0.357919734497383
"NOR","Norway",2009,0.357986983993012
"NOR","Norway",2010,0.357762819007583
"NOR","Norway",2011,0.357426571529439
"NOR","Norway",2012,0.357224823042553
"NOR","Norway",2013,0.365220350092804
"NOR","Norway",2014,0.373103794650341
"NOR","Norway",2015,0.371963607725016
"NOR","Norway",2016,0.372997821158355
"NOR","Norway",2017,0.372059382719917
"NOR","Norway",2018,0.371120944281478
"NOR","Norway",2019,0.37310242215631
"NOR","Norway",2020,0.375083900031142
"NOR","Norway",2021,0.376380094150097
"NOR","Norway",2022,0.373346679707918
"OMN","Oman",1995,0.591796776113079
"OMN","Oman",1996,0.59173362739279
"OMN","Oman",1997,0.591670478672501
"OMN","Oman",1998,0.591607329952212
"OMN","Oman",1999,0.591544181231923
"OMN","Oman",2000,0.591481032511634
"OMN","Oman",2001,0.591295562395653
"OMN","Oman",2002,0.591110092279673
"OMN","Oman",2003,0.590924622163693
"OMN","Oman",2004,0.590739152047713
"OMN","Oman",2005,0.590553681931733
"OMN","Oman",2006,0.590553681931733
"OMN","Oman",2007,0.590553681931733
"OMN","Oman",2008,0.590777846917162
"OMN","Oman",2009,0.591158927392392
"OMN","Oman",2010,0.589948436471074
"OMN","Oman",2011,0.590620931427361
"OMN","Oman",2012,0.590441599439018
"OMN","Oman",2013,0.585567020758118
"OMN","Oman",2014,0.579594033648614
"OMN","Oman",2015,0.581192995168978
"OMN","Oman",2016,0.582119461733054
"OMN","Oman",2017,0.583292509781102
"OMN","Oman",2018,0.58446555782915
"OMN","Oman",2019,0.586949537791145
"OMN","Oman",2020,0.58943351775314
"OMN","Oman",2021,0.580349858532979
"OMN","Oman",2022,0.57932153169017
"PAK","Pakistan",1995,0.603909165038125
"PAK","Pakistan",1996,0.605499530535478
"PAK","Pakistan",1997,0.602252474866163
"PAK","Pakistan",1998,0.602773109696848
"PAK","Pakistan",1999,0.603041207527534
"PAK","Pakistan",2000,0.60330930535822
"PAK","Pakistan",2001,0.594602033365842
"PAK","Pakistan",2002,0.585894761373464
"PAK","Pakistan",2003,0.577187489381087
"PAK","Pakistan",2004,0.568480217388709
"PAK","Pakistan",2005,0.559772945396331
"PAK","Pakistan",2006,0.559772945396331
"PAK","Pakistan",2007,0.559772945396331
"PAK","Pakistan",2008,0.559885027889046
"PAK","Pakistan",2009,0.559974693883218
"PAK","Pakistan",2010,0.55746404604641
"PAK","Pakistan",2011,0.55746404604641
"PAK","Pakistan",2012,0.557329547055152
"PAK","Pakistan",2013,0.557769521326666
"PAK","Pakistan",2014,0.553703779391052
"PAK","Pakistan",2015,0.554028054994834
"PAK","Pakistan",2016,0.557154392916481
"PAK","Pakistan",2017,0.557389002526091
"PAK","Pakistan",2018,0.5576236121357
"PAK","Pakistan",2019,0.557703846099782
"PAK","Pakistan",2020,0.557784080063863
"PAK","Pakistan",2021,0.557031586338028
"PAK","Pakistan",2022,0.556111872098178
"PLW","Palau",1995,NA
"PLW","Palau",1996,NA
"PLW","Palau",1997,NA
"PLW","Palau",1998,NA
"PLW","Palau",1999,NA
"PLW","Palau",2000,NA
"PLW","Palau",2001,NA
"PLW","Palau",2002,NA
"PLW","Palau",2003,NA
"PLW","Palau",2004,NA
"PLW","Palau",2005,NA
"PLW","Palau",2006,NA
"PLW","Palau",2007,NA
"PLW","Palau",2008,NA
"PLW","Palau",2009,NA
"PLW","Palau",2010,NA
"PLW","Palau",2011,NA
"PLW","Palau",2012,NA
"PLW","Palau",2013,NA
"PLW","Palau",2014,NA
"PLW","Palau",2015,NA
"PLW","Palau",2016,NA
"PLW","Palau",2017,NA
"PLW","Palau",2018,NA
"PLW","Palau",2019,NA
"PLW","Palau",2020,NA
"PLW","Palau",2021,NA
"PLW","Palau",2022,NA
"PAN","Panama",1995,0.404839256067112
"PAN","Panama",1996,0.396877703451881
"PAN","Panama",1997,0.394605122003317
"PAN","Panama",1998,0.388438918054752
"PAN","Panama",1999,0.382012191606188
"PAN","Panama",2000,0.37828551432429
"PAN","Panama",2001,0.377537778558962
"PAN","Panama",2002,0.376790042793635
"PAN","Panama",2003,0.376042307028307
"PAN","Panama",2004,0.375294571262979
"PAN","Panama",2005,0.374546835497651
"PAN","Panama",2006,0.374546835497651
"PAN","Panama",2007,0.374546835497651
"PAN","Panama",2008,0.374412336506394
"PAN","Panama",2009,0.375062414964139
"PAN","Panama",2010,0.373179429086533
"PAN","Panama",2011,0.373560509561762
"PAN","Panama",2012,0.373964006535535
"PAN","Panama",2013,0.371516272570905
"PAN","Panama",2014,0.366535474270923
"PAN","Panama",2015,0.366075172425702
"PAN","Panama",2016,0.369649840318208
"PAN","Panama",2017,0.369884449927818
"PAN","Panama",2018,0.370119059537427
"PAN","Panama",2019,0.370387980898245
"PAN","Panama",2020,0.370656902259063
"PAN","Panama",2021,0.378651624421061
"PAN","Panama",2022,0.37493080626
"PNG","Papua New Guinea",1995,0.629945478710454
"PNG","Papua New Guinea",1996,0.646123119572922
"PNG","Papua New Guinea",1997,0.643982213739589
"PNG","Papua New Guinea",1998,0.644146828572922
"PNG","Papua New Guinea",1999,0.642796804072922
"PNG","Papua New Guinea",2000,0.642796804072922
"PNG","Papua New Guinea",2001,0.642796804072922
"PNG","Papua New Guinea",2002,0.642796804072922
"PNG","Papua New Guinea",2003,0.642796804072922
"PNG","Papua New Guinea",2004,0.642796804072922
"PNG","Papua New Guinea",2005,0.642796804072922
"PNG","Papua New Guinea",2006,0.642796804072922
"PNG","Papua New Guinea",2007,0.642796804072922
"PNG","Papua New Guinea",2008,0.643289967040866
"PNG","Papua New Guinea",2009,0.643357216536495
"PNG","Papua New Guinea",2010,0.63535452655667
"PNG","Papua New Guinea",2011,0.636363268991102
"PNG","Papua New Guinea",2012,0.63611668750713
"PNG","Papua New Guinea",2013,0.635961860942165
"PNG","Papua New Guinea",2014,0.631704815143845
"PNG","Papua New Guinea",2015,0.632644780832466
"PNG","Papua New Guinea",2016,0.631813843136195
"PNG","Papua New Guinea",2017,0.632283062355414
"PNG","Papua New Guinea",2018,0.632752281574633
"PNG","Papua New Guinea",2019,0.633439010852803
"PNG","Papua New Guinea",2020,0.634125740130971
"PNG","Papua New Guinea",2021,0.633652116728537
"PNG","Papua New Guinea",2022,0.633234685378382
"PRY","Paraguay",1995,0.353437866225523
"PRY","Paraguay",1996,0.354929322225523
"PRY","Paraguay",1997,0.352252094825523
"PRY","Paraguay",1998,0.349196497625523
"PRY","Paraguay",1999,0.349196497625523
"PRY","Paraguay",2000,0.349196497625523
"PRY","Paraguay",2001,0.349196497625523
"PRY","Paraguay",2002,0.349196497625523
"PRY","Paraguay",2003,0.349196497625523
"PRY","Paraguay",2004,0.349196497625523
"PRY","Paraguay",2005,0.349196497625523
"PRY","Paraguay",2006,0.349196497625523
"PRY","Paraguay",2007,0.349196497625523
"PRY","Paraguay",2008,0.349868992581811
"PRY","Paraguay",2009,0.34914269802902
"PRY","Paraguay",2010,0.346856215177641
"PRY","Paraguay",2011,0.34594162203709
"PRY","Paraguay",2012,0.345107728291293
"PRY","Paraguay",2013,0.34559192465982
"PRY","Paraguay",2014,0.342632946852154
"PRY","Paraguay",2015,0.342337049071387
"PRY","Paraguay",2016,0.341718353711602
"PRY","Paraguay",2017,0.341718353711602
"PRY","Paraguay",2018,0.341718353711602
"PRY","Paraguay",2019,0.341718353711602
"PRY","Paraguay",2020,0.341718353711602
"PRY","Paraguay",2021,0.341718353711602
"PRY","Paraguay",2022,0.341718353711602
"PER","Peru",1995,0.433219162391588
"PER","Peru",1996,0.434438993672925
"PER","Peru",1997,0.435658824954261
"PER","Peru",1998,0.436878656235598
"PER","Peru",1999,0.438098487516934
"PER","Peru",2000,0.439318318798271
"PER","Peru",2001,0.439116438934928
"PER","Peru",2002,0.438914559071586
"PER","Peru",2003,0.438712679208243
"PER","Peru",2004,0.438510799344901
"PER","Peru",2005,0.438308919481558
"PER","Peru",2006,0.438308919481558
"PER","Peru",2007,0.438308919481558
"PER","Peru",2008,0.438039921499043
"PER","Peru",2009,0.437995088501957
"PER","Peru",2010,0.437927839006328
"PER","Peru",2011,0.437883006009243
"PER","Peru",2012,0.436807014079182
"PER","Peru",2013,0.437900279082585
"PER","Peru",2014,0.43686397672441
"PER","Peru",2015,0.43649334087336
"PER","Peru",2016,0.436705533984427
"PER","Peru",2017,0.436940143594037
"PER","Peru",2018,0.437174753203646
"PER","Peru",2019,0.436811397434762
"PER","Peru",2020,0.436448041665878
"PER","Peru",2021,0.438687555249442
"PER","Peru",2022,0.438035446905121
"PHL","Philippines",1995,0.429900027013488
"PHL","Philippines",1996,0.432799711935716
"PHL","Philippines",1997,0.433693901357944
"PHL","Philippines",1998,0.437314681946839
"PHL","Philippines",1999,0.4407324182024
"PHL","Philippines",2000,0.444150154457961
"PHL","Philippines",2001,0.441466615170258
"PHL","Philippines",2002,0.438783075882555
"PHL","Philippines",2003,0.436099536594852
"PHL","Philippines",2004,0.433415997307149
"PHL","Philippines",2005,0.430732458019446
"PHL","Philippines",2006,0.430732458019446
"PHL","Philippines",2007,0.430732458019446
"PHL","Philippines",2008,0.431001456001961
"PHL","Philippines",2009,0.430822124013617
"PHL","Philippines",2010,0.431270453984476
"PHL","Philippines",2011,0.430934206506332
"PHL","Philippines",2012,0.429656466089385
"PHL","Philippines",2013,0.429778431531626
"PHL","Philippines",2014,0.426067175723027
"PHL","Philippines",2015,0.425986427102853
"PHL","Philippines",2016,0.427452416882141
"PHL","Philippines",2017,0.42815624571097
"PHL","Philippines",2018,0.428860074539799
"PHL","Philippines",2019,0.428847842699832
"PHL","Philippines",2020,0.428835610859864
"PHL","Philippines",2021,0.430298026022532
"PHL","Philippines",2022,0.42949988583085
"POL","Poland",1995,0.380267393729134
"POL","Poland",1996,0.377569317729134
"POL","Poland",1997,0.379099453229134
"POL","Poland",1998,0.378188540229134
"POL","Poland",1999,0.378188540229134
"POL","Poland",2000,0.378188540229134
"POL","Poland",2001,0.375776884130689
"POL","Poland",2002,0.373365228032245
"POL","Poland",2003,0.370953571933801
"POL","Poland",2004,0.368541915835356
"POL","Poland",2005,0.366130259736912
"POL","Poland",2006,0.366130259736912
"POL","Poland",2007,0.366130259736912
"POL","Poland",2008,0.366287175226713
"POL","Poland",2009,0.366578589707771
"POL","Poland",2010,0.366219925731084
"POL","Poland",2011,0.365950927748569
"POL","Poland",2012,0.364874935818508
"POL","Poland",2013,0.367707770334262
"POL","Poland",2014,0.365743474161828
"POL","Poland",2015,0.363120743832306
"POL","Poland",2016,0.360498013502783
"POL","Poland",2017,0.360498013502783
"POL","Poland",2018,0.360498013502783
"POL","Poland",2019,0.362089154369035
"POL","Poland",2020,0.363680295235288
"POL","Poland",2021,0.364921067894675
"POL","Poland",2022,0.363226601791486
"PRT","Portugal",1995,0.417153145769926
"PRT","Portugal",1996,0.416015644110392
"PRT","Portugal",1997,0.414935653950858
"PRT","Portugal",1998,0.414016886291323
"PRT","Portugal",1999,0.414677049298456
"PRT","Portugal",2000,0.414641745138922
"PRT","Portugal",2001,0.414018765894399
"PRT","Portugal",2002,0.413395786649876
"PRT","Portugal",2003,0.412772807405354
"PRT","Portugal",2004,0.412149828160831
"PRT","Portugal",2005,0.411526848916308
"PRT","Portugal",2006,0.411526848916308
"PRT","Portugal",2007,0.411526848916308
"PRT","Portugal",2008,0.4088592855897
"PRT","Portugal",2009,0.408836869091157
"PRT","Portugal",2010,0.405653726298061
"PRT","Portugal",2011,0.405070897335945
"PRT","Portugal",2012,0.404286319886943
"PRT","Portugal",2013,0.403463176215362
"PRT","Portugal",2014,0.402707282039411
"PRT","Portugal",2015,0.403981967955993
"PRT","Portugal",2016,0.405099738382775
"PRT","Portugal",2017,0.406038176821214
"PRT","Portugal",2018,0.406976615259652
"PRT","Portugal",2019,0.408470240046226
"PRT","Portugal",2020,0.409963864832799
"PRT","Portugal",2021,0.411274427487505
"PRT","Portugal",2022,0.405670641044855
"QAT","Qatar",1995,0.551931472167004
"QAT","Qatar",1996,0.546720238167004
"QAT","Qatar",1997,0.545097556967004
"QAT","Qatar",1998,0.543586228167004
"QAT","Qatar",1999,0.542776213367004
"QAT","Qatar",2000,0.542776213367004
"QAT","Qatar",2001,0.542776213367004
"QAT","Qatar",2002,0.542776213367004
"QAT","Qatar",2003,0.542776213367004
"QAT","Qatar",2004,0.542776213367004
"QAT","Qatar",2005,0.542776213367004
"QAT","Qatar",2006,0.542776213367004
"QAT","Qatar",2007,0.542776213367004
"QAT","Qatar",2008,0.54697258189424
"QAT","Qatar",2009,0.543825305498813
"QAT","Qatar",2010,0.547537477657522
"QAT","Qatar",2011,0.547591277254025
"QAT","Qatar",2012,0.547268479675006
"QAT","Qatar",2013,0.575029995393819
"QAT","Qatar",2014,0.602979809700392
"QAT","Qatar",2015,0.599640864669281
"QAT","Qatar",2016,0.594176835576301
"QAT","Qatar",2017,0.591079988729454
"QAT","Qatar",2018,0.587983141882607
"QAT","Qatar",2019,0.589973575893454
"QAT","Qatar",2020,0.591964009904302
"QAT","Qatar",2021,0.587426840756481
"QAT","Qatar",2022,0.561049458280716
"ROU","Romania",1995,0.451984905003527
"ROU","Romania",1996,0.451751837403527
"ROU","Romania",1997,0.451522408003527
"ROU","Romania",1998,0.447851139803527
"ROU","Romania",1999,0.447851139803527
"ROU","Romania",2000,0.447851139803527
"ROU","Romania",2001,0.447851139803527
"ROU","Romania",2002,0.447851139803527
"ROU","Romania",2003,0.447851139803527
"ROU","Romania",2004,0.447851139803527
"ROU","Romania",2005,0.447851139803527
"ROU","Romania",2006,0.447851139803527
"ROU","Romania",2007,0.447851139803527
"ROU","Romania",2008,0.444219667039573
"ROU","Romania",2009,0.441475887617919
"ROU","Romania",2010,0.435504132406083
"ROU","Romania",2011,0.434293641484765
"ROU","Romania",2012,0.434912336844549
"ROU","Romania",2013,0.432341626423301
"ROU","Romania",2014,0.425897345053835
"ROU","Romania",2015,0.422680070112451
"ROU","Romania",2016,0.420511887302876
"ROU","Romania",2017,0.421356481897471
"ROU","Romania",2018,0.422201076492065
"ROU","Romania",2019,0.422845984054312
"ROU","Romania",2020,0.423490891616559
"ROU","Romania",2021,0.424522516818642
"ROU","Romania",2022,0.424386684319741
"RUS","Russian Federation",1995,0.481315347281308
"RUS","Russian Federation",1996,0.485238210281308
"RUS","Russian Federation",1997,0.484148121781308
"RUS","Russian Federation",1998,0.484609192947975
"RUS","Russian Federation",1999,0.484609192947975
"RUS","Russian Federation",2000,0.484609192947975
"RUS","Russian Federation",2001,0.472257136249767
"RUS","Russian Federation",2002,0.45990507955156
"RUS","Russian Federation",2003,0.447553022853352
"RUS","Russian Federation",2004,0.435200966155145
"RUS","Russian Federation",2005,0.422848909456938
"RUS","Russian Federation",2006,0.422848909456938
"RUS","Russian Federation",2007,0.422848909456938
"RUS","Russian Federation",2008,0.425381973792289
"RUS","Russian Federation",2009,0.425763054267518
"RUS","Russian Federation",2010,0.422198830999193
"RUS","Russian Federation",2011,0.422019499010849
"RUS","Russian Federation",2012,0.421548752541448
"RUS","Russian Federation",2013,0.421551807041812
"RUS","Russian Federation",2014,0.418730382725768
"RUS","Russian Federation",2015,0.416458926249117
"RUS","Russian Federation",2016,0.414254719268094
"RUS","Russian Federation",2017,0.413081671220046
"RUS","Russian Federation",2018,0.411908623171998
"RUS","Russian Federation",2019,0.413388002785072
"RUS","Russian Federation",2020,0.414867382398146
"RUS","Russian Federation",2021,0.415616391039866
"RUS","Russian Federation",2022,0.412573278417953
"RWA","Rwanda",1995,0.544662873845961
"RWA","Rwanda",1996,0.54892996936814
"RWA","Rwanda",1997,0.553910551556986
"RWA","Rwanda",1998,0.556173117412499
"RWA","Rwanda",1999,0.561036913434678
"RWA","Rwanda",2000,0.565900709456857
"RWA","Rwanda",2001,0.571474226516241
"RWA","Rwanda",2002,0.571474226516241
"RWA","Rwanda",2003,0.571474226516241
"RWA","Rwanda",2004,0.571474226516241
"RWA","Rwanda",2005,0.571474226516241
"RWA","Rwanda",2006,0.571474226516241
"RWA","Rwanda",2007,0.571474226516241
"RWA","Rwanda",2008,0.571451810017698
"RWA","Rwanda",2009,0.570286152093466
"RWA","Rwanda",2010,0.569142910667776
"RWA","Rwanda",2011,0.569568824140092
"RWA","Rwanda",2012,0.569299826157577
"RWA","Rwanda",2013,0.570214724748165
"RWA","Rwanda",2014,0.567498150574798
"RWA","Rwanda",2015,0.567296402087912
"RWA","Rwanda",2016,0.568708641496116
"RWA","Rwanda",2017,0.568708641496116
"RWA","Rwanda",2018,0.568708641496116
"RWA","Rwanda",2019,0.568755126181636
"RWA","Rwanda",2020,0.568801610867155
"RWA","Rwanda",2021,0.569342334035531
"RWA","Rwanda",2022,0.569034735153166
"KNA","Saint Kitts and Nevis",1995,NA
"KNA","Saint Kitts and Nevis",1996,NA
"KNA","Saint Kitts and Nevis",1997,NA
"KNA","Saint Kitts and Nevis",1998,NA
"KNA","Saint Kitts and Nevis",1999,NA
"KNA","Saint Kitts and Nevis",2000,NA
"KNA","Saint Kitts and Nevis",2001,NA
"KNA","Saint Kitts and Nevis",2002,NA
"KNA","Saint Kitts and Nevis",2003,NA
"KNA","Saint Kitts and Nevis",2004,NA
"KNA","Saint Kitts and Nevis",2005,NA
"KNA","Saint Kitts and Nevis",2006,NA
"KNA","Saint Kitts and Nevis",2007,NA
"KNA","Saint Kitts and Nevis",2008,NA
"KNA","Saint Kitts and Nevis",2009,NA
"KNA","Saint Kitts and Nevis",2010,NA
"KNA","Saint Kitts and Nevis",2011,NA
"KNA","Saint Kitts and Nevis",2012,NA
"KNA","Saint Kitts and Nevis",2013,NA
"KNA","Saint Kitts and Nevis",2014,NA
"KNA","Saint Kitts and Nevis",2015,NA
"KNA","Saint Kitts and Nevis",2016,NA
"KNA","Saint Kitts and Nevis",2017,NA
"KNA","Saint Kitts and Nevis",2018,NA
"KNA","Saint Kitts and Nevis",2019,NA
"KNA","Saint Kitts and Nevis",2020,NA
"KNA","Saint Kitts and Nevis",2021,NA
"KNA","Saint Kitts and Nevis",2022,NA
"LCA","Saint Lucia",1995,0.371148679957394
"LCA","Saint Lucia",1996,0.37018759459494
"LCA","Saint Lucia",1997,0.366235202732486
"LCA","Saint Lucia",1998,0.366398741620032
"LCA","Saint Lucia",1999,0.364380780757579
"LCA","Saint Lucia",2000,0.364387856645125
"LCA","Saint Lucia",2001,0.364398599251976
"LCA","Saint Lucia",2002,0.364409341858828
"LCA","Saint Lucia",2003,0.36442008446568
"LCA","Saint Lucia",2004,0.364430827072531
"LCA","Saint Lucia",2005,0.364441569679383
"LCA","Saint Lucia",2006,0.364441569679383
"LCA","Saint Lucia",2007,0.364441569679383
"LCA","Saint Lucia",2008,0.364441569679383
"LCA","Saint Lucia",2009,0.364441569679383
"LCA","Saint Lucia",2010,0.364441569679383
"LCA","Saint Lucia",2011,0.364441569679383
"LCA","Saint Lucia",2012,0.364441569679383
"LCA","Saint Lucia",2013,0.361626254364067
"LCA","Saint Lucia",2014,0.358810939048752
"LCA","Saint Lucia",2015,0.359866682291995
"LCA","Saint Lucia",2016,0.360922425535238
"LCA","Saint Lucia",2017,0.361978168778482
"LCA","Saint Lucia",2018,0.363033912021725
"LCA","Saint Lucia",2019,0.364251089137165
"LCA","Saint Lucia",2020,0.365468266252604
"LCA","Saint Lucia",2021,0.362235953885464
"LCA","Saint Lucia",2022,0.356787082895096
"VCT","Saint Vincent and the Grenadines",1995,NA
"VCT","Saint Vincent and the Grenadines",1996,NA
"VCT","Saint Vincent and the Grenadines",1997,NA
"VCT","Saint Vincent and the Grenadines",1998,NA
"VCT","Saint Vincent and the Grenadines",1999,NA
"VCT","Saint Vincent and the Grenadines",2000,NA
"VCT","Saint Vincent and the Grenadines",2001,NA
"VCT","Saint Vincent and the Grenadines",2002,NA
"VCT","Saint Vincent and the Grenadines",2003,NA
"VCT","Saint Vincent and the Grenadines",2004,NA
"VCT","Saint Vincent and the Grenadines",2005,NA
"VCT","Saint Vincent and the Grenadines",2006,NA
"VCT","Saint Vincent and the Grenadines",2007,NA
"VCT","Saint Vincent and the Grenadines",2008,NA
"VCT","Saint Vincent and the Grenadines",2009,NA
"VCT","Saint Vincent and the Grenadines",2010,NA
"VCT","Saint Vincent and the Grenadines",2011,NA
"VCT","Saint Vincent and the Grenadines",2012,NA
"VCT","Saint Vincent and the Grenadines",2013,NA
"VCT","Saint Vincent and the Grenadines",2014,NA
"VCT","Saint Vincent and the Grenadines",2015,NA
"VCT","Saint Vincent and the Grenadines",2016,NA
"VCT","Saint Vincent and the Grenadines",2017,NA
"VCT","Saint Vincent and the Grenadines",2018,NA
"VCT","Saint Vincent and the Grenadines",2019,NA
"VCT","Saint Vincent and the Grenadines",2020,NA
"VCT","Saint Vincent and the Grenadines",2021,NA
"VCT","Saint Vincent and the Grenadines",2022,NA
"WSM","Samoa",1995,0.57786092586919
"WSM","Samoa",1996,0.57453550186919
"WSM","Samoa",1997,0.57243904661919
"WSM","Samoa",1998,0.56952913236919
"WSM","Samoa",1999,0.56952913236919
"WSM","Samoa",2000,0.56952913236919
"WSM","Samoa",2001,0.56952913236919
"WSM","Samoa",2002,0.56952913236919
"WSM","Samoa",2003,0.56952913236919
"WSM","Samoa",2004,0.56952913236919
"WSM","Samoa",2005,0.56952913236919
"WSM","Samoa",2006,0.56952913236919
"WSM","Samoa",2007,0.56952913236919
"WSM","Samoa",2008,0.569730880856076
"WSM","Samoa",2009,0.57144574299461
"WSM","Samoa",2010,0.572488110176856
"WSM","Samoa",2011,0.571580241985868
"WSM","Samoa",2012,0.5683858909435
"WSM","Samoa",2013,0.566426861259816
"WSM","Samoa",2014,0.559087871925828
"WSM","Samoa",2015,0.561300232655757
"WSM","Samoa",2016,0.561394234273381
"WSM","Samoa",2017,0.563505720759867
"WSM","Samoa",2018,0.565617207246353
"WSM","Samoa",2019,0.562808689895232
"WSM","Samoa",2020,0.560000172544111
"WSM","Samoa",2021,0.562912174616849
"WSM","Samoa",2022,0.56346793615565
"SMR","San Marino",1995,NA
"SMR","San Marino",1996,NA
"SMR","San Marino",1997,NA
"SMR","San Marino",1998,NA
"SMR","San Marino",1999,NA
"SMR","San Marino",2000,NA
"SMR","San Marino",2001,NA
"SMR","San Marino",2002,NA
"SMR","San Marino",2003,NA
"SMR","San Marino",2004,NA
"SMR","San Marino",2005,NA
"SMR","San Marino",2006,NA
"SMR","San Marino",2007,NA
"SMR","San Marino",2008,NA
"SMR","San Marino",2009,NA
"SMR","San Marino",2010,NA
"SMR","San Marino",2011,NA
"SMR","San Marino",2012,NA
"SMR","San Marino",2013,NA
"SMR","San Marino",2014,NA
"SMR","San Marino",2015,NA
"SMR","San Marino",2016,NA
"SMR","San Marino",2017,NA
"SMR","San Marino",2018,NA
"SMR","San Marino",2019,NA
"SMR","San Marino",2020,NA
"SMR","San Marino",2021,NA
"SMR","San Marino",2022,NA
"STP","Sao Tome and Principe",1995,0.582338627613488
"STP","Sao Tome and Principe",1996,0.579808004363488
"STP","Sao Tome and Principe",1997,0.580489041613488
"STP","Sao Tome and Principe",1998,0.565383614613488
"STP","Sao Tome and Principe",1999,0.561333540863488
"STP","Sao Tome and Principe",2000,0.561333540863488
"STP","Sao Tome and Principe",2001,0.561333540863488
"STP","Sao Tome and Principe",2002,0.561333540863488
"STP","Sao Tome and Principe",2003,0.561333540863488
"STP","Sao Tome and Principe",2004,0.561333540863488
"STP","Sao Tome and Principe",2005,0.561333540863488
"STP","Sao Tome and Principe",2006,0.561333540863488
"STP","Sao Tome and Principe",2007,0.561333540863488
"STP","Sao Tome and Principe",2008,0.556357078186958
"STP","Sao Tome and Principe",2009,0.562140534811034
"STP","Sao Tome and Principe",2010,0.544689290695365
"STP","Sao Tome and Principe",2011,0.542301933600543
"STP","Sao Tome and Principe",2012,0.542268308852728
"STP","Sao Tome and Principe",2013,0.543202086653731
"STP","Sao Tome and Principe",2014,0.535494304266434
"STP","Sao Tome and Principe",2015,0.533981190614786
"STP","Sao Tome and Principe",2016,0.535628803257692
"STP","Sao Tome and Principe",2017,0.535628803257692
"STP","Sao Tome and Principe",2018,0.535628803257692
"STP","Sao Tome and Principe",2019,0.535586100296142
"STP","Sao Tome and Principe",2020,0.535543397334591
"STP","Sao Tome and Principe",2021,0.531579436675484
"STP","Sao Tome and Principe",2022,0.527024524062508
"SAU","Saudi Arabia",1995,0.498446497574664
"SAU","Saudi Arabia",1996,0.492456002732561
"SAU","Saudi Arabia",1997,0.492231099223792
"SAU","Saudi Arabia",1998,0.491728796548356
"SAU","Saudi Arabia",1999,0.491091990539586
"SAU","Saudi Arabia",2000,0.490455184530817
"SAU","Saudi Arabia",2001,0.489815488406658
"SAU","Saudi Arabia",2002,0.489175792282499
"SAU","Saudi Arabia",2003,0.48853609615834
"SAU","Saudi Arabia",2004,0.487896400034181
"SAU","Saudi Arabia",2005,0.487256703910022
"SAU","Saudi Arabia",2006,0.487256703910022
"SAU","Saudi Arabia",2007,0.487256703910022
"SAU","Saudi Arabia",2008,0.486875623434792
"SAU","Saudi Arabia",2009,0.487279120408565
"SAU","Saudi Arabia",2010,0.489677685752658
"SAU","Saudi Arabia",2011,0.489632852755572
"SAU","Saudi Arabia",2012,0.489969100233716
"SAU","Saudi Arabia",2013,0.492669682456827
"SAU","Saudi Arabia",2014,0.492971699335845
"SAU","Saudi Arabia",2015,0.493418502056521
"SAU","Saudi Arabia",2016,0.497250196057179
"SAU","Saudi Arabia",2017,0.497719415276398
"SAU","Saudi Arabia",2018,0.498188634495618
"SAU","Saudi Arabia",2019,0.496091330072333
"SAU","Saudi Arabia",2020,0.493994025649048
"SAU","Saudi Arabia",2021,0.486426327889011
"SAU","Saudi Arabia",2022,0.491135990848866
"SEN","Senegal",1995,0.447341584407664
"SEN","Senegal",1996,0.450572040275388
"SEN","Senegal",1997,0.445522642643111
"SEN","Senegal",1998,0.444184279510834
"SEN","Senegal",1999,0.443246598378557
"SEN","Senegal",2000,0.444333954079614
"SEN","Senegal",2001,0.43704382873017
"SEN","Senegal",2002,0.429753703380727
"SEN","Senegal",2003,0.422463578031284
"SEN","Senegal",2004,0.415173452681841
"SEN","Senegal",2005,0.407883327332398
"SEN","Senegal",2006,0.407883327332398
"SEN","Senegal",2007,0.407883327332398
"SEN","Senegal",2008,0.407009083889224
"SEN","Senegal",2009,0.407390164364454
"SEN","Senegal",2010,0.40521576400579
"SEN","Senegal",2011,0.40521576400579
"SEN","Senegal",2012,0.40467776804076
"SEN","Senegal",2013,0.405741226421804
"SEN","Senegal",2014,0.40391295649081
"SEN","Senegal",2015,0.40376648562519
"SEN","Senegal",2016,0.405906497610949
"SEN","Senegal",2017,0.406141107220558
"SEN","Senegal",2018,0.406375716830168
"SEN","Senegal",2019,0.406468789548567
"SEN","Senegal",2020,0.406561862266967
"SEN","Senegal",2021,0.407345629705543
"SEN","Senegal",2022,0.406941310627297
"SRB","Serbia",1995,0.47074034139365
"SRB","Serbia",1996,0.47074034139365
"SRB","Serbia",1997,0.47074034139365
"SRB","Serbia",1998,0.47074034139365
"SRB","Serbia",1999,0.47074034139365
"SRB","Serbia",2000,0.47074034139365
"SRB","Serbia",2001,0.47074034139365
"SRB","Serbia",2002,0.47074034139365
"SRB","Serbia",2003,0.47074034139365
"SRB","Serbia",2004,0.47074034139365
"SRB","Serbia",2005,0.47074034139365
"SRB","Serbia",2006,0.47074034139365
"SRB","Serbia",2007,0.47074034139365
"SRB","Serbia",2008,0.470283044823375
"SRB","Serbia",2009,0.471278337358681
"SRB","Serbia",2010,0.465871477910127
"SRB","Serbia",2011,0.46503758416433
"SRB","Serbia",2012,0.465898377708378
"SRB","Serbia",2013,0.469066192463281
"SRB","Serbia",2014,0.461662386505339
"SRB","Serbia",2015,0.458769741843192
"SRB","Serbia",2016,0.454047910899942
"SRB","Serbia",2017,0.454329442431474
"SRB","Serbia",2018,0.454610973963005
"SRB","Serbia",2019,0.455253841236636
"SRB","Serbia",2020,0.455896708510266
"SRB","Serbia",2021,0.455624313039582
"SRB","Serbia",2022,0.4590156013128
"SYC","Seychelles",1995,0.476260177188248
"SYC","Seychelles",1996,0.475912555705552
"SYC","Seychelles",1997,0.474544389722855
"SYC","Seychelles",1998,0.472478157740159
"SYC","Seychelles",1999,0.472185923007462
"SYC","Seychelles",2000,0.471893688274766
"SYC","Seychelles",2001,0.471783549596571
"SYC","Seychelles",2002,0.471673410918375
"SYC","Seychelles",2003,0.47156327224018
"SYC","Seychelles",2004,0.471453133561985
"SYC","Seychelles",2005,0.47134299488379
"SYC","Seychelles",2006,0.47134299488379
"SYC","Seychelles",2007,0.47134299488379
"SYC","Seychelles",2008,0.469930755475585
"SYC","Seychelles",2009,0.470367877197172
"SYC","Seychelles",2010,0.470367877197172
"SYC","Seychelles",2011,0.470872248414388
"SYC","Seychelles",2012,0.470435126692801
"SYC","Seychelles",2013,0.471611992866305
"SYC","Seychelles",2014,0.473091481770138
"SYC","Seychelles",2015,0.48129592023685
"SYC","Seychelles",2016,0.479345684863615
"SYC","Seychelles",2017,0.479345684863615
"SYC","Seychelles",2018,0.479345684863615
"SYC","Seychelles",2019,0.479345684863615
"SYC","Seychelles",2020,0.479345684863615
"SYC","Seychelles",2021,0.479345684863615
"SYC","Seychelles",2022,0.479345684863615
"SLE","Sierra Leone",1995,0.603764014897314
"SLE","Sierra Leone",1996,0.60662158639904
"SLE","Sierra Leone",1997,0.6080301822341
"SLE","Sierra Leone",1998,0.609007218735826
"SLE","Sierra Leone",1999,0.610500059404219
"SLE","Sierra Leone",2000,0.611992900072611
"SLE","Sierra Leone",2001,0.608066924526696
"SLE","Sierra Leone",2002,0.604140948980781
"SLE","Sierra Leone",2003,0.600214973434866
"SLE","Sierra Leone",2004,0.596288997888951
"SLE","Sierra Leone",2005,0.592363022343036
"SLE","Sierra Leone",2006,0.592363022343036
"SLE","Sierra Leone",2007,0.592363022343036
"SLE","Sierra Leone",2008,0.592026774864892
"SLE","Sierra Leone",2009,0.591802609879463
"SLE","Sierra Leone",2010,0.588664300083453
"SLE","Sierra Leone",2011,0.588664300083453
"SLE","Sierra Leone",2012,0.587050312188362
"SLE","Sierra Leone",2013,0.586332984234989
"SLE","Sierra Leone",2014,0.581222022567201
"SLE","Sierra Leone",2015,0.581075551701581
"SLE","Sierra Leone",2016,0.579942754900072
"SLE","Sierra Leone",2017,0.580177364509682
"SLE","Sierra Leone",2018,0.580411974119291
"SLE","Sierra Leone",2019,0.580539195990128
"SLE","Sierra Leone",2020,0.580666417860964
"SLE","Sierra Leone",2021,0.580746974428976
"SLE","Sierra Leone",2022,0.580688702037785
"SGP","Singapore",1995,0.349551880559761
"SGP","Singapore",1996,0.349968368273001
"SGP","Singapore",1997,0.345473368986241
"SGP","Singapore",1998,0.348095486899481
"SGP","Singapore",1999,0.347285008012721
"SGP","Singapore",2000,0.347284543925961
"SGP","Singapore",2001,0.347284353735044
"SGP","Singapore",2002,0.347284163544127
"SGP","Singapore",2003,0.34728397335321
"SGP","Singapore",2004,0.347283783162293
"SGP","Singapore",2005,0.347283592971377
"SGP","Singapore",2006,0.347283592971377
"SGP","Singapore",2007,0.347283592971377
"SGP","Singapore",2008,0.34698769519061
"SGP","Singapore",2009,0.347713989743401
"SGP","Singapore",2010,0.350134971586037
"SGP","Singapore",2011,0.350350169972049
"SGP","Singapore",2012,0.349812174007019
"SGP","Singapore",2013,0.338709130815879
"SGP","Singapore",2014,0.332205953125747
"SGP","Singapore",2015,0.332286652520502
"SGP","Singapore",2016,0.333900640415593
"SGP","Singapore",2017,0.333900640415593
"SGP","Singapore",2018,0.333900640415593
"SGP","Singapore",2019,0.333968413205758
"SGP","Singapore",2020,0.334036185995923
"SGP","Singapore",2021,0.334742852194872
"SGP","Singapore",2022,0.343885925729722
"SVK","Slovakia",1995,0.335916159867802
"SVK","Slovakia",1996,0.334223539034468
"SVK","Slovakia",1997,0.336020217201135
"SVK","Slovakia",1998,0.332947102201135
"SVK","Slovakia",1999,0.330922065367802
"SVK","Slovakia",2000,0.330922065367802
"SVK","Slovakia",2001,0.328542594780521
"SVK","Slovakia",2002,0.326163124193241
"SVK","Slovakia",2003,0.323783653605961
"SVK","Slovakia",2004,0.321404183018681
"SVK","Slovakia",2005,0.3190247124314
"SVK","Slovakia",2006,0.3190247124314
"SVK","Slovakia",2007,0.3190247124314
"SVK","Slovakia",2008,0.318464299967827
"SVK","Slovakia",2009,0.318172885486769
"SVK","Slovakia",2010,0.314855243702416
"SVK","Slovakia",2011,0.314249998241757
"SVK","Slovakia",2012,0.314832827203873
"SVK","Slovakia",2013,0.315496404786163
"SVK","Slovakia",2014,0.314366662485018
"SVK","Slovakia",2015,0.312573342601584
"SVK","Slovakia",2016,0.308695288353658
"SVK","Slovakia",2017,0.308695288353658
"SVK","Slovakia",2018,0.308695288353658
"SVK","Slovakia",2019,0.311147940908062
"SVK","Slovakia",2020,0.313600593462467
"SVK","Slovakia",2021,0.315640741046976
"SVK","Slovakia",2022,0.315413816898473
"SVN","Slovenia",1995,0.393656997309498
"SVN","Slovenia",1996,0.395016411109498
"SVN","Slovenia",1997,0.393836640109498
"SVN","Slovenia",1998,0.386912037309498
"SVN","Slovenia",1999,0.386102022709498
"SVN","Slovenia",2000,0.386102022709498
"SVN","Slovenia",2001,0.386102022709498
"SVN","Slovenia",2002,0.386102022709498
"SVN","Slovenia",2003,0.386102022709498
"SVN","Slovenia",2004,0.386102022709498
"SVN","Slovenia",2005,0.386102022709498
"SVN","Slovenia",2006,0.386102022709498
"SVN","Slovenia",2007,0.386102022709498
"SVN","Slovenia",2008,0.386102022709498
"SVN","Slovenia",2009,0.386801417464037
"SVN","Slovenia",2010,0.377816884848032
"SVN","Slovenia",2011,0.377897584242786
"SVN","Slovenia",2012,0.378301081216559
"SVN","Slovenia",2013,0.376499574767272
"SVN","Slovenia",2014,0.365256239131704
"SVN","Slovenia",2015,0.366045201429576
"SVN","Slovenia",2016,0.361481103875398
"SVN","Slovenia",2017,0.362888761533056
"SVN","Slovenia",2018,0.364296419190713
"SVN","Slovenia",2019,0.363281573551666
"SVN","Slovenia",2020,0.362266727912618
"SVN","Slovenia",2021,0.367300576138912
"SVN","Slovenia",2022,0.363015582651422
"SLB","Solomon Islands",1995,0.553881888505781
"SLB","Solomon Islands",1996,0.555080902105781
"SLB","Solomon Islands",1997,0.551317951105781
"SLB","Solomon Islands",1998,0.551472767105781
"SLB","Solomon Islands",1999,0.549042722905781
"SLB","Solomon Islands",2000,0.549042722905781
"SLB","Solomon Islands",2001,0.549042722905781
"SLB","Solomon Islands",2002,0.549042722905781
"SLB","Solomon Islands",2003,0.549042722905781
"SLB","Solomon Islands",2004,0.549042722905781
"SLB","Solomon Islands",2005,0.549042722905781
"SLB","Solomon Islands",2006,0.549042722905781
"SLB","Solomon Islands",2007,0.549042722905781
"SLB","Solomon Islands",2008,0.549500019476057
"SLB","Solomon Islands",2009,0.545949246106857
"SLB","Solomon Islands",2010,0.542855769307933
"SLB","Solomon Islands",2011,0.543044067895693
"SLB","Solomon Islands",2012,0.543097867492197
"SLB","Solomon Islands",2013,0.543420665071215
"SLB","Solomon Islands",2014,0.5369378136926
"SLB","Solomon Islands",2015,0.536641915911834
"SLB","Solomon Islands",2016,0.535888721560791
"SLB","Solomon Islands",2017,0.535888721560791
"SLB","Solomon Islands",2018,0.535888721560791
"SLB","Solomon Islands",2019,0.53492470270944
"SLB","Solomon Islands",2020,0.533960683858088
"SLB","Solomon Islands",2021,0.532996665006737
"SLB","Solomon Islands",2022,0.532364435112523
"SOM","Somalia",1995,0.646950703485867
"SOM","Somalia",1996,0.647447855485867
"SOM","Somalia",1997,0.647910960885867
"SOM","Somalia",1998,0.647966958085867
"SOM","Somalia",1999,0.647966958085867
"SOM","Somalia",2000,0.647966958085867
"SOM","Somalia",2001,0.647966958085867
"SOM","Somalia",2002,0.647966958085867
"SOM","Somalia",2003,0.647966958085867
"SOM","Somalia",2004,0.647966958085867
"SOM","Somalia",2005,0.647966958085867
"SOM","Somalia",2006,0.647966958085867
"SOM","Somalia",2007,0.647966958085867
"SOM","Somalia",2008,0.64909674961243
"SOM","Somalia",2009,0.648854651428167
"SOM","Somalia",2010,0.650522438919761
"SOM","Somalia",2011,0.651356332665557
"SOM","Somalia",2012,0.651652230446324
"SOM","Somalia",2013,0.652897141295304
"SOM","Somalia",2014,0.647981998344687
"SOM","Somalia",2015,0.648424928665727
"SOM","Somalia",2016,0.648222263828732
"SOM","Somalia",2017,0.648503795360263
"SOM","Somalia",2018,0.648785326891795
"SOM","Somalia",2019,0.64886318986351
"SOM","Somalia",2020,0.648941052835226
"SOM","Somalia",2021,0.649889546294948
"SOM","Somalia",2022,0.649787104808563
"ZAF","South Africa",1995,0.538573103687899
"ZAF","South Africa",1996,0.537153642840074
"ZAF","South Africa",1997,0.525400928158916
"ZAF","South Africa",1998,0.520510094477758
"ZAF","South Africa",1999,0.5159786017966
"ZAF","South Africa",2000,0.512122121448775
"ZAF","South Africa",2001,0.507334124135796
"ZAF","South Africa",2002,0.502546126822817
"ZAF","South Africa",2003,0.497758129509838
"ZAF","South Africa",2004,0.492970132196859
"ZAF","South Africa",2005,0.48818213488388
"ZAF","South Africa",2006,0.48818213488388
"ZAF","South Africa",2007,0.48818213488388
"ZAF","South Africa",2008,0.487845887405737
"ZAF","South Africa",2009,0.487666555417393
"ZAF","South Africa",2010,0.488137301886794
"ZAF","South Africa",2011,0.488921879335797
"ZAF","South Africa",2012,0.488764963845997
"ZAF","South Africa",2013,0.489892617222305
"ZAF","South Africa",2014,0.486693886379828
"ZAF","South Africa",2015,0.483746880446524
"ZAF","South Africa",2016,0.484027850303402
"ZAF","South Africa",2017,0.483793240693793
"ZAF","South Africa",2018,0.483558631084183
"ZAF","South Africa",2019,0.483213086432282
"ZAF","South Africa",2020,0.48286754178038
"ZAF","South Africa",2021,0.489229491087937
"ZAF","South Africa",2022,0.483083279799095
"ESP","Spain",1995,0.287677882958134
"ESP","Spain",1996,0.289826167423266
"ESP","Spain",1997,0.287098099055065
"ESP","Spain",1998,0.289395639020198
"ESP","Spain",1999,0.287065588651997
"ESP","Spain",2000,0.287435587283796
"ESP","Spain",2001,0.286744307121467
"ESP","Spain",2002,0.286053026959138
"ESP","Spain",2003,0.285361746796809
"ESP","Spain",2004,0.28467046663448
"ESP","Spain",2005,0.283979186472151
"ESP","Spain",2006,0.283979186472151
"ESP","Spain",2007,0.283979186472151
"ESP","Spain",2008,0.283777437985265
"ESP","Spain",2009,0.28350844000275
"ESP","Spain",2010,0.280616711690712
"ESP","Spain",2011,0.280258047714025
"ESP","Spain",2012,0.279787301244624
"ESP","Spain",2013,0.281081753060259
"ESP","Spain",2014,0.278699899114854
"ESP","Spain",2015,0.278944953348644
"ESP","Spain",2016,0.279010675594091
"ESP","Spain",2017,0.27947989481331
"ESP","Spain",2018,0.279949114032529
"ESP","Spain",2019,0.280529278272366
"ESP","Spain",2020,0.281109442512203
"ESP","Spain",2021,0.281415295244992
"ESP","Spain",2022,0.278580875010024
"LKA","Sri Lanka",1995,0.454163642713133
"LKA","Sri Lanka",1996,0.448428288169756
"LKA","Sri Lanka",1997,0.440006292293045
"LKA","Sri Lanka",1998,0.433600847916335
"LKA","Sri Lanka",1999,0.42698404120629
"LKA","Sri Lanka",2000,0.421717258996247
"LKA","Sri Lanka",2001,0.417874856363053
"LKA","Sri Lanka",2002,0.41403245372986
"LKA","Sri Lanka",2003,0.410190051096666
"LKA","Sri Lanka",2004,0.406347648463473
"LKA","Sri Lanka",2005,0.402505245830279
"LKA","Sri Lanka",2006,0.402505245830279
"LKA","Sri Lanka",2007,0.402505245830279
"LKA","Sri Lanka",2008,0.403289823279282
"LKA","Sri Lanka",2009,0.403939901737026
"LKA","Sri Lanka",2010,0.402908742804052
"LKA","Sri Lanka",2011,0.403850235742855
"LKA","Sri Lanka",2012,0.402505245830279
"LKA","Sri Lanka",2013,0.403492695115476
"LKA","Sri Lanka",2014,0.40163324908572
"LKA","Sri Lanka",2015,0.400995142502338
"LKA","Sri Lanka",2016,0.402374520787819
"LKA","Sri Lanka",2017,0.40213991117821
"LKA","Sri Lanka",2018,0.4019053015686
"LKA","Sri Lanka",2019,0.402248564081144
"LKA","Sri Lanka",2020,0.402591826593689
"LKA","Sri Lanka",2021,0.402459142249906
"LKA","Sri Lanka",2022,0.402459142249906
"SDN","Sudan",1995,0.681229760043382
"SDN","Sudan",1996,0.680127562543382
"SDN","Sudan",1997,0.680448660043382
"SDN","Sudan",1998,0.680572183543382
"SDN","Sudan",1999,0.679897171210048
"SDN","Sudan",2000,0.679897171210048
"SDN","Sudan",2001,0.679897171210048
"SDN","Sudan",2002,0.679897171210048
"SDN","Sudan",2003,0.679897171210048
"SDN","Sudan",2004,0.679897171210048
"SDN","Sudan",2005,0.665780577604269
"SDN","Sudan",2006,0.665780577604269
"SDN","Sudan",2007,0.665780577604269
"SDN","Sudan",2008,0.665421913627582
"SDN","Sudan",2009,0.667618730484789
"SDN","Sudan",2010,0.664278672201893
"SDN","Sudan",2011,0.663247513268918
"SDN","Sudan",2012,0.663068181280575
"SDN","Sudan",2013,0.663807925732491
"SDN","Sudan",2014,0.661723191367999
"SDN","Sudan",2015,0.665287414636325
"SDN","Sudan",2016,0.661230028400055
"SDN","Sudan",2017,0.661230028400055
"SDN","Sudan",2018,0.661230028400055
"SDN","Sudan",2019,0.661339482767839
"SDN","Sudan",2020,0.661448937135623
"SDN","Sudan",2021,0.661356968996902
"SDN","Sudan",2022,0.660442775365136
"SUR","Suriname",1995,0.44645946289177
"SUR","Suriname",1996,0.44559631489177
"SUR","Suriname",1997,0.43827964729177
"SUR","Suriname",1998,0.43436123229177
"SUR","Suriname",1999,0.43436123229177
"SUR","Suriname",2000,0.43436123229177
"SUR","Suriname",2001,0.43436123229177
"SUR","Suriname",2002,0.43436123229177
"SUR","Suriname",2003,0.43436123229177
"SUR","Suriname",2004,0.43436123229177
"SUR","Suriname",2005,0.43436123229177
"SUR","Suriname",2006,0.43436123229177
"SUR","Suriname",2007,0.43436123229177
"SUR","Suriname",2008,0.434253633098764
"SUR","Suriname",2009,0.434953027853304
"SUR","Suriname",2010,0.424623505324722
"SUR","Suriname",2011,0.426156793825059
"SUR","Suriname",2012,0.424973202701992
"SUR","Suriname",2013,0.42707138696561
"SUR","Suriname",2014,0.426291292816316
"SUR","Suriname",2015,0.426452691605825
"SUR","Suriname",2016,0.430460761545301
"SUR","Suriname",2017,0.430460761545301
"SUR","Suriname",2018,0.430460761545301
"SUR","Suriname",2019,0.430460761545301
"SUR","Suriname",2020,0.430460761545301
"SUR","Suriname",2021,0.430460761545301
"SUR","Suriname",2022,0.430460761545301
"SWZ","Swaziland",1995,0.571040095417891
"SWZ","Swaziland",1996,0.575339790865883
"SWZ","Swaziland",1997,0.582577868313876
"SWZ","Swaziland",1998,0.589168368595202
"SWZ","Swaziland",1999,0.59084542047628
"SWZ","Swaziland",2000,0.59084542047628
"SWZ","Swaziland",2001,0.586843825352829
"SWZ","Swaziland",2002,0.568830380214472
"SWZ","Swaziland",2003,0.550816935076114
"SWZ","Swaziland",2004,0.532803489937756
"SWZ","Swaziland",2005,0.514790044799398
"SWZ","Swaziland",2006,0.514790044799398
"SWZ","Swaziland",2007,0.514790044799398
"SWZ","Swaziland",2008,0.514453797321254
"SWZ","Swaziland",2009,0.514229632335825
"SWZ","Swaziland",2010,0.513288139397022
"SWZ","Swaziland",2011,0.513400221889737
"SWZ","Swaziland",2012,0.512907058921792
"SWZ","Swaziland",2013,0.515066994580383
"SWZ","Swaziland",2014,0.514088620442964
"SWZ","Swaziland",2015,0.51302765488763
"SWZ","Swaziland",2016,0.511899439836668
"SWZ","Swaziland",2017,0.51072639178862
"SWZ","Swaziland",2018,0.509553343740572
"SWZ","Swaziland",2019,0.50983351488883
"SWZ","Swaziland",2020,0.510113686037088
"SWZ","Swaziland",2021,0.514315910716923
"SWZ","Swaziland",2022,0.514315910716923
"SWE","Sweden",1995,0.348605569769747
"SWE","Sweden",1996,0.350614435297682
"SWE","Sweden",1997,0.353828578658949
"SWE","Sweden",1998,0.353406609686883
"SWE","Sweden",1999,0.353707905548151
"SWE","Sweden",2000,0.354009201409419
"SWE","Sweden",2001,0.353167511812727
"SWE","Sweden",2002,0.352325822216036
"SWE","Sweden",2003,0.351484132619344
"SWE","Sweden",2004,0.350642443022653
"SWE","Sweden",2005,0.349800753425962
"SWE","Sweden",2006,0.349800753425962
"SWE","Sweden",2007,0.349800753425962
"SWE","Sweden",2008,0.350159417402648
"SWE","Sweden",2009,0.350899161854565
"SWE","Sweden",2010,0.349128258469674
"SWE","Sweden",2011,0.34879201099153
"SWE","Sweden",2012,0.348523013009015
"SWE","Sweden",2013,0.349643837936161
"SWE","Sweden",2014,0.348861911086648
"SWE","Sweden",2015,0.348468858737056
"SWE","Sweden",2016,0.347156729947204
"SWE","Sweden",2017,0.347391339556813
"SWE","Sweden",2018,0.347625949166423
"SWE","Sweden",2019,0.34641891959388
"SWE","Sweden",2020,0.346124447664921
"SWE","Sweden",2021,0.351540895431438
"SWE","Sweden",2022,0.346386462822844
"CHE","Switzerland",1995,0.253465413066181
"CHE","Switzerland",1996,0.24797081163911
"CHE","Switzerland",1997,0.25158544421204
"CHE","Switzerland",1998,0.249826687284969
"CHE","Switzerland",1999,0.249512788691232
"CHE","Switzerland",2000,0.249198890097495
"CHE","Switzerland",2001,0.248776537002234
"CHE","Switzerland",2002,0.248354183906973
"CHE","Switzerland",2003,0.247931830811713
"CHE","Switzerland",2004,0.247509477716452
"CHE","Switzerland",2005,0.247087124621191
"CHE","Switzerland",2006,0.247087124621191
"CHE","Switzerland",2007,0.247087124621191
"CHE","Switzerland",2008,0.248252782545424
"CHE","Switzerland",2009,0.24677329364159
"CHE","Switzerland",2010,0.241146752507316
"CHE","Switzerland",2011,0.240496674049571
"CHE","Switzerland",2012,0.239308599626795
"CHE","Switzerland",2013,0.236992152379279
"CHE","Switzerland",2014,0.235303367090964
"CHE","Switzerland",2015,0.23716546372021
"CHE","Switzerland",2016,0.233894182183124
"CHE","Switzerland",2017,0.233424962963905
"CHE","Switzerland",2018,0.232955743744686
"CHE","Switzerland",2019,0.232285734180215
"CHE","Switzerland",2020,0.231615724615743
"CHE","Switzerland",2021,0.23064708857389
"CHE","Switzerland",2022,0.225889890971071
"SYR","Syrian Arab Republic",1995,0.510525285686726
"SYR","Syrian Arab Republic",1996,0.503409001453206
"SYR","Syrian Arab Republic",1997,0.497029960719686
"SYR","Syrian Arab Republic",1998,0.489684647152833
"SYR","Syrian Arab Republic",1999,0.483549447919313
"SYR","Syrian Arab Republic",2000,0.477414248685794
"SYR","Syrian Arab Republic",2001,0.478669062464592
"SYR","Syrian Arab Republic",2002,0.47992387624339
"SYR","Syrian Arab Republic",2003,0.481178690022187
"SYR","Syrian Arab Republic",2004,0.482433503800985
"SYR","Syrian Arab Republic",2005,0.483688317579783
"SYR","Syrian Arab Republic",2006,0.483688317579783
"SYR","Syrian Arab Republic",2007,0.483688317579783
"SYR","Syrian Arab Republic",2008,0.484024565057927
"SYR","Syrian Arab Republic",2009,0.484652227017129
"SYR","Syrian Arab Republic",2010,0.490727098122263
"SYR","Syrian Arab Republic",2011,0.491534092069808
"SYR","Syrian Arab Republic",2012,0.490839180614977
"SYR","Syrian Arab Republic",2013,0.493189296786966
"SYR","Syrian Arab Republic",2014,0.491414777227057
"SYR","Syrian Arab Republic",2015,0.488771157649174
"SYR","Syrian Arab Republic",2016,0.482428815811708
"SYR","Syrian Arab Republic",2017,0.481959596592488
"SYR","Syrian Arab Republic",2018,0.481490377373269
"SYR","Syrian Arab Republic",2019,0.481080813576324
"SYR","Syrian Arab Republic",2020,0.480671249779378
"SYR","Syrian Arab Republic",2021,0.481961728246017
"SYR","Syrian Arab Republic",2022,0.479712960422577
"TJK","Tajikistan",1995,0.53217668828018
"TJK","Tajikistan",1996,0.531141324280179
"TJK","Tajikistan",1997,0.528816216446846
"TJK","Tajikistan",1998,0.526848823946846
"TJK","Tajikistan",1999,0.525498799446846
"TJK","Tajikistan",2000,0.525498799446846
"TJK","Tajikistan",2001,0.511694610633093
"TJK","Tajikistan",2002,0.497890421819341
"TJK","Tajikistan",2003,0.484086233005588
"TJK","Tajikistan",2004,0.470282044191835
"TJK","Tajikistan",2005,0.456477855378083
"TJK","Tajikistan",2006,0.456477855378083
"TJK","Tajikistan",2007,0.456477855378083
"TJK","Tajikistan",2008,0.456231273894111
"TJK","Tajikistan",2009,0.457240016328542
"TJK","Tajikistan",2010,0.457957344281916
"TJK","Tajikistan",2011,0.458786754728004
"TJK","Tajikistan",2012,0.459638581672636
"TJK","Tajikistan",2013,0.460068672994624
"TJK","Tajikistan",2014,0.458167448468147
"TJK","Tajikistan",2015,0.458615778439005
"TJK","Tajikistan",2016,0.457136289535172
"TJK","Tajikistan",2017,0.457136289535172
"TJK","Tajikistan",2018,0.457136289535172
"TJK","Tajikistan",2019,0.45737631738371
"TJK","Tajikistan",2020,0.457616345232247
"TJK","Tajikistan",2021,0.459501591196208
"TJK","Tajikistan",2022,0.458551721961767
"TZA","Tanzania, United Republic of",1995,0.544308800150744
"TZA","Tanzania, United Republic of",1996,0.544308800150744
"TZA","Tanzania, United Republic of",1997,0.544308800150744
"TZA","Tanzania, United Republic of",1998,0.544308800150744
"TZA","Tanzania, United Republic of",1999,0.544308800150744
"TZA","Tanzania, United Republic of",2000,0.544308800150744
"TZA","Tanzania, United Republic of",2001,0.544308800150744
"TZA","Tanzania, United Republic of",2002,0.544308800150744
"TZA","Tanzania, United Republic of",2003,0.544308800150744
"TZA","Tanzania, United Republic of",2004,0.544308800150744
"TZA","Tanzania, United Republic of",2005,0.544308800150744
"TZA","Tanzania, United Republic of",2006,0.544308800150744
"TZA","Tanzania, United Republic of",2007,0.544308800150744
"TZA","Tanzania, United Republic of",2008,0.543905303176971
"TZA","Tanzania, United Republic of",2009,0.544039802168229
"TZA","Tanzania, United Republic of",2010,0.537234153210596
"TZA","Tanzania, United Republic of",2011,0.537422451798357
"TZA","Tanzania, United Republic of",2012,0.537987347561639
"TZA","Tanzania, United Republic of",2013,0.539053312652486
"TZA","Tanzania, United Republic of",2014,0.53312533019794
"TZA","Tanzania, United Republic of",2015,0.531834139881867
"TZA","Tanzania, United Republic of",2016,0.530731248153555
"TZA","Tanzania, United Republic of",2017,0.530731248153555
"TZA","Tanzania, United Republic of",2018,0.530731248153555
"TZA","Tanzania, United Republic of",2019,0.530643802202198
"TZA","Tanzania, United Republic of",2020,0.53055635625084
"TZA","Tanzania, United Republic of",2021,0.53060705935851
"TZA","Tanzania, United Republic of",2022,0.530066092133596
"THA","Thailand",1995,0.480370800089011
"THA","Thailand",1996,0.48891563987696
"THA","Thailand",1997,0.496818792831577
"THA","Thailand",1998,0.502136635619526
"THA","Thailand",1999,0.511320639240809
"THA","Thailand",2000,0.520504642862092
"THA","Thailand",2001,0.512335539608593
"THA","Thailand",2002,0.504166436355093
"THA","Thailand",2003,0.495997333101594
"THA","Thailand",2004,0.487828229848095
"THA","Thailand",2005,0.479659126594596
"THA","Thailand",2006,0.479659126594596
"THA","Thailand",2007,0.479659126594596
"THA","Thailand",2008,0.481250697991144
"THA","Thailand",2009,0.481250697991144
"THA","Thailand",2010,0.480354038049426
"THA","Thailand",2011,0.481295530988229
"THA","Thailand",2012,0.479636710096053
"THA","Thailand",2013,0.479433838259859
"THA","Thailand",2014,0.478423972476119
"THA","Thailand",2015,0.480250153482277
"THA","Thailand",2016,0.47860177721428
"THA","Thailand",2017,0.47883638682389
"THA","Thailand",2018,0.4790709964335
"THA","Thailand",2019,0.479338224210434
"THA","Thailand",2020,0.479605451987368
"THA","Thailand",2021,0.477021437386953
"THA","Thailand",2022,0.4780552949547
"TLS","Timor-Leste",1995,0.58278105590938
"TLS","Timor-Leste",1996,0.58278105590938
"TLS","Timor-Leste",1997,0.58278105590938
"TLS","Timor-Leste",1998,0.58278105590938
"TLS","Timor-Leste",1999,0.58278105590938
"TLS","Timor-Leste",2000,0.58278105590938
"TLS","Timor-Leste",2001,0.58278105590938
"TLS","Timor-Leste",2002,0.58278105590938
"TLS","Timor-Leste",2003,0.58278105590938
"TLS","Timor-Leste",2004,0.58278105590938
"TLS","Timor-Leste",2005,0.58278105590938
"TLS","Timor-Leste",2006,0.58278105590938
"TLS","Timor-Leste",2007,0.58278105590938
"TLS","Timor-Leste",2008,0.583130753286649
"TLS","Timor-Leste",2009,0.581705063979319
"TLS","Timor-Leste",2010,0.559593429816575
"TLS","Timor-Leste",2011,0.559055433851545
"TLS","Timor-Leste",2012,0.558840235465533
"TLS","Timor-Leste",2013,0.560262259372426
"TLS","Timor-Leste",2014,0.554932433918189
"TLS","Timor-Leste",2015,0.555482963432235
"TLS","Timor-Leste",2016,0.556114192341037
"TLS","Timor-Leste",2017,0.556395723872568
"TLS","Timor-Leste",2018,0.5566772554041
"TLS","Timor-Leste",2019,0.5580647038186
"TLS","Timor-Leste",2020,0.5594521522331
"TLS","Timor-Leste",2021,0.555846570325271
"TLS","Timor-Leste",2022,0.554750992718268
"TGO","Togo",1995,0.574482485165696
"TGO","Togo",1996,0.568513337940517
"TGO","Togo",1997,0.562544190715338
"TGO","Togo",1998,0.556575043490159
"TGO","Togo",1999,0.550605896264979
"TGO","Togo",2000,0.5446367490398
"TGO","Togo",2001,0.539375481718731
"TGO","Togo",2002,0.534114214397661
"TGO","Togo",2003,0.528852947076592
"TGO","Togo",2004,0.523591679755523
"TGO","Togo",2005,0.518330412434453
"TGO","Togo",2006,0.518330412434453
"TGO","Togo",2007,0.518330412434453
"TGO","Togo",2008,0.518778742405312
"TGO","Togo",2009,0.519047740387827
"TGO","Togo",2010,0.512031376343891
"TGO","Togo",2011,0.512524539311835
"TGO","Togo",2012,0.512277957827863
"TGO","Togo",2013,0.51317461776958
"TGO","Togo",2014,0.508018823104707
"TGO","Togo",2015,0.507346328148419
"TGO","Togo",2016,0.506808332183389
"TGO","Togo",2017,0.506808332183389
"TGO","Togo",2018,0.506808332183389
"TGO","Togo",2019,0.506686719784707
"TGO","Togo",2020,0.506565107386026
"TGO","Togo",2021,0.505399132380461
"TGO","Togo",2022,0.504093806526727
"TON","Tonga",1995,0.68164371684679
"TON","Tonga",1996,0.67144767024679
"TON","Tonga",1997,0.67248284704679
"TON","Tonga",1998,0.66450787024679
"TON","Tonga",1999,0.66450787024679
"TON","Tonga",2000,0.66450787024679
"TON","Tonga",2001,0.66450787024679
"TON","Tonga",2002,0.66450787024679
"TON","Tonga",2003,0.66450787024679
"TON","Tonga",2004,0.66450787024679
"TON","Tonga",2005,0.66450787024679
"TON","Tonga",2006,0.66450787024679
"TON","Tonga",2007,0.66450787024679
"TON","Tonga",2008,0.66450787024679
"TON","Tonga",2009,0.664830667825808
"TON","Tonga",2010,0.671017621423656
"TON","Tonga",2011,0.665099665808323
"TON","Tonga",2012,0.66362017690449
"TON","Tonga",2013,0.666833975773971
"TON","Tonga",2014,0.667546093406062
"TON","Tonga",2015,0.667734391993823
"TON","Tonga",2016,0.683228675786694
"TON","Tonga",2017,0.683228675786694
"TON","Tonga",2018,0.683228675786694
"TON","Tonga",2019,0.682884372377604
"TON","Tonga",2020,0.682540068968513
"TON","Tonga",2021,0.684796954379037
"TON","Tonga",2022,0.688185748537771
"TTO","Trinidad and Tobago",1995,0.407248838376172
"TTO","Trinidad and Tobago",1996,0.404281468927892
"TTO","Trinidad and Tobago",1997,0.400640361646278
"TTO","Trinidad and Tobago",1998,0.39526307303133
"TTO","Trinidad and Tobago",1999,0.389729321416383
"TTO","Trinidad and Tobago",2000,0.386895618801436
"TTO","Trinidad and Tobago",2001,0.38671713883335
"TTO","Trinidad and Tobago",2002,0.386538658865265
"TTO","Trinidad and Tobago",2003,0.386360178897179
"TTO","Trinidad and Tobago",2004,0.386181698929093
"TTO","Trinidad and Tobago",2005,0.386003218961008
"TTO","Trinidad and Tobago",2006,0.386003218961008
"TTO","Trinidad and Tobago",2007,0.386003218961008
"TTO","Trinidad and Tobago",2008,0.385891136468293
"TTO","Trinidad and Tobago",2009,0.386586047923124
"TTO","Trinidad and Tobago",2010,0.387751705847356
"TTO","Trinidad and Tobago",2011,0.387975870832785
"TTO","Trinidad and Tobago",2012,0.387931037835699
"TTO","Trinidad and Tobago",2013,0.383251783093398
"TTO","Trinidad and Tobago",2014,0.376173963007004
"TTO","Trinidad and Tobago",2015,0.380072660376195
"TTO","Trinidad and Tobago",2016,0.388678822439402
"TTO","Trinidad and Tobago",2017,0.392667185802765
"TTO","Trinidad and Tobago",2018,0.396655549166128
"TTO","Trinidad and Tobago",2019,0.396107265688911
"TTO","Trinidad and Tobago",2020,0.395558982211693
"TTO","Trinidad and Tobago",2021,0.388632507358696
"TTO","Trinidad and Tobago",2022,0.376929938095502
"TUN","Tunisia",1995,0.374239263521399
"TUN","Tunisia",1996,0.376982539519187
"TUN","Tunisia",1997,0.376182208183641
"TUN","Tunisia",1998,0.379096277181428
"TUN","Tunisia",1999,0.378266302179216
"TUN","Tunisia",2000,0.37878635184367
"TUN","Tunisia",2001,0.377964631172377
"TUN","Tunisia",2002,0.377142910501085
"TUN","Tunisia",2003,0.376321189829792
"TUN","Tunisia",2004,0.375499469158499
"TUN","Tunisia",2005,0.374677748487207
"TUN","Tunisia",2006,0.374677748487207
"TUN","Tunisia",2007,0.374677748487207
"TUN","Tunisia",2008,0.372548181125629
"TUN","Tunisia",2009,0.367056138982611
"TUN","Tunisia",2010,0.366495726519038
"TUN","Tunisia",2011,0.367168221475326
"TUN","Tunisia",2012,0.366831973997182
"TUN","Tunisia",2013,0.368266629903929
"TUN","Tunisia",2014,0.364523074647261
"TUN","Tunisia",2015,0.366013008175274
"TUN","Tunisia",2016,0.365238875350452
"TUN","Tunisia",2017,0.365473484960062
"TUN","Tunisia",2018,0.365708094569671
"TUN","Tunisia",2019,0.365600255414062
"TUN","Tunisia",2020,0.365492416258452
"TUN","Tunisia",2021,0.364195667261113
"TUN","Tunisia",2022,0.361116577410765
"TUR","Turkey",1995,0.480324126895644
"TUR","Turkey",1996,0.47889330106231
"TUR","Turkey",1997,0.477547626728977
"TUR","Turkey",1998,0.475108349395644
"TUR","Turkey",1999,0.475108349395644
"TUR","Turkey",2000,0.475108349395644
"TUR","Turkey",2001,0.47205018760979
"TUR","Turkey",2002,0.468992025823936
"TUR","Turkey",2003,0.465933864038083
"TUR","Turkey",2004,0.462875702252229
"TUR","Turkey",2005,0.459817540466375
"TUR","Turkey",2006,0.459817540466375
"TUR","Turkey",2007,0.459817540466375
"TUR","Turkey",2008,0.461184946877494
"TUR","Turkey",2009,0.460422785927034
"TUR","Turkey",2010,0.449326619148285
"TUR","Turkey",2011,0.448743790186169
"TUR","Turkey",2012,0.447959212737166
"TUR","Turkey",2013,0.450490188147681
"TUR","Turkey",2014,0.447708453403522
"TUR","Turkey",2015,0.446732572091814
"TUR","Turkey",2016,0.443761622409785
"TUR","Turkey",2017,0.443996232019394
"TUR","Turkey",2018,0.444230841629004
"TUR","Turkey",2019,0.445205707773387
"TUR","Turkey",2020,0.446180573917771
"TUR","Turkey",2021,0.445550086157908
"TUR","Turkey",2022,0.445550086157908
"TKM","Turkmenistan",1995,0.440532637469937
"TKM","Turkmenistan",1996,0.436015732669937
"TKM","Turkmenistan",1997,0.434229602269937
"TKM","Turkmenistan",1998,0.432698509869937
"TKM","Turkmenistan",1999,0.432698509869937
"TKM","Turkmenistan",2000,0.432698509869937
"TKM","Turkmenistan",2001,0.432698509869937
"TKM","Turkmenistan",2002,0.432698509869937
"TKM","Turkmenistan",2003,0.432698509869937
"TKM","Turkmenistan",2004,0.432698509869937
"TKM","Turkmenistan",2005,0.432698509869937
"TKM","Turkmenistan",2006,0.432698509869937
"TKM","Turkmenistan",2007,0.432698509869937
"TKM","Turkmenistan",2008,0.431595618141625
"TKM","Turkmenistan",2009,0.432644710273434
"TKM","Turkmenistan",2010,0.431730117132883
"TKM","Turkmenistan",2011,0.432241213299661
"TKM","Turkmenistan",2012,0.431568718343373
"TKM","Turkmenistan",2013,0.433747117320696
"TKM","Turkmenistan",2014,0.434661225780198
"TKM","Turkmenistan",2015,0.433909864129374
"TKM","Turkmenistan",2016,0.43652097725999
"TKM","Turkmenistan",2017,0.435957914196927
"TKM","Turkmenistan",2018,0.435394851133864
"TKM","Turkmenistan",2019,0.435761363472106
"TKM","Turkmenistan",2020,0.436127875810349
"TKM","Turkmenistan",2021,0.433273475187918
"TKM","Turkmenistan",2022,0.425146625448129
"TUV","Tuvalu",1995,NA
"TUV","Tuvalu",1996,NA
"TUV","Tuvalu",1997,NA
"TUV","Tuvalu",1998,NA
"TUV","Tuvalu",1999,NA
"TUV","Tuvalu",2000,NA
"TUV","Tuvalu",2001,NA
"TUV","Tuvalu",2002,NA
"TUV","Tuvalu",2003,NA
"TUV","Tuvalu",2004,NA
"TUV","Tuvalu",2005,NA
"TUV","Tuvalu",2006,NA
"TUV","Tuvalu",2007,NA
"TUV","Tuvalu",2008,NA
"TUV","Tuvalu",2009,NA
"TUV","Tuvalu",2010,NA
"TUV","Tuvalu",2011,NA
"TUV","Tuvalu",2012,NA
"TUV","Tuvalu",2013,NA
"TUV","Tuvalu",2014,NA
"TUV","Tuvalu",2015,NA
"TUV","Tuvalu",2016,NA
"TUV","Tuvalu",2017,NA
"TUV","Tuvalu",2018,NA
"TUV","Tuvalu",2019,NA
"TUV","Tuvalu",2020,NA
"TUV","Tuvalu",2021,NA
"TUV","Tuvalu",2022,NA
"UGA","Uganda",1995,0.520126241464734
"UGA","Uganda",1996,0.520766143631401
"UGA","Uganda",1997,0.520004141631401
"UGA","Uganda",1998,0.520166094631401
"UGA","Uganda",1999,0.518141057798068
"UGA","Uganda",2000,0.518141057798068
"UGA","Uganda",2001,0.518141057798068
"UGA","Uganda",2002,0.518141057798068
"UGA","Uganda",2003,0.518141057798068
"UGA","Uganda",2004,0.518141057798068
"UGA","Uganda",2005,0.518141057798068
"UGA","Uganda",2006,0.518141057798068
"UGA","Uganda",2007,0.518141057798068
"UGA","Uganda",2008,0.517020232870921
"UGA","Uganda",2009,0.517109898865093
"UGA","Uganda",2010,0.516235655421919
"UGA","Uganda",2011,0.516101156430661
"UGA","Uganda",2012,0.51540624497583
"UGA","Uganda",2013,0.515371294928271
"UGA","Uganda",2014,0.511211709148813
"UGA","Uganda",2015,0.511525540128414
"UGA","Uganda",2016,0.511077210157555
"UGA","Uganda",2017,0.511077210157555
"UGA","Uganda",2018,0.511077210157555
"UGA","Uganda",2019,0.51100069322997
"UGA","Uganda",2020,0.510924176302384
"UGA","Uganda",2021,0.511001023342615
"UGA","Uganda",2022,0.510929937308126
"UKR","Ukraine",1995,0.499370179043062
"UKR","Ukraine",1996,0.501855939043062
"UKR","Ukraine",1997,0.500782679543062
"UKR","Ukraine",1998,0.497026317376395
"UKR","Ukraine",1999,0.491626219209729
"UKR","Ukraine",2000,0.491626219209729
"UKR","Ukraine",2001,0.481296512850515
"UKR","Ukraine",2002,0.470966806491302
"UKR","Ukraine",2003,0.460637100132088
"UKR","Ukraine",2004,0.450307393772874
"UKR","Ukraine",2005,0.439977687413661
"UKR","Ukraine",2006,0.439977687413661
"UKR","Ukraine",2007,0.439977687413661
"UKR","Ukraine",2008,0.440605349372863
"UKR","Ukraine",2009,0.441076095842264
"UKR","Ukraine",2010,0.436749711623479
"UKR","Ukraine",2011,0.436435880643878
"UKR","Ukraine",2012,0.436278965154078
"UKR","Ukraine",2013,0.436153225763039
"UKR","Ukraine",2014,0.430983774199842
"UKR","Ukraine",2015,0.429281647560761
"UKR","Ukraine",2016,0.427288106440623
"UKR","Ukraine",2017,0.426818887221404
"UKR","Ukraine",2018,0.426349668002185
"UKR","Ukraine",2019,0.426254783916034
"UKR","Ukraine",2020,0.426159899829884
"UKR","Ukraine",2021,0.422451749055113
"UKR","Ukraine",2022,0.423357247198107
"ARE","United Arab Emirates",1995,0.476958402444621
"ARE","United Arab Emirates",1996,0.477690107633702
"ARE","United Arab Emirates",1997,0.475670880822783
"ARE","United Arab Emirates",1998,0.475221514178531
"ARE","United Arab Emirates",1999,0.475370550200946
"ARE","United Arab Emirates",2000,0.47551958622336
"ARE","United Arab Emirates",2001,0.47527733718176
"ARE","United Arab Emirates",2002,0.475035088140159
"ARE","United Arab Emirates",2003,0.474792839098559
"ARE","United Arab Emirates",2004,0.474550590056959
"ARE","United Arab Emirates",2005,0.474308341015358
"ARE","United Arab Emirates",2006,0.474308341015358
"ARE","United Arab Emirates",2007,0.474308341015358
"ARE","United Arab Emirates",2008,0.476549990869651
"ARE","United Arab Emirates",2009,0.477132819831767
"ARE","United Arab Emirates",2010,0.475406749443962
"ARE","United Arab Emirates",2011,0.476460324875479
"ARE","United Arab Emirates",2012,0.476460324875479
"ARE","United Arab Emirates",2013,0.478186395263285
"ARE","United Arab Emirates",2014,0.476124077397336
"ARE","United Arab Emirates",2015,0.473754037552514
"ARE","United Arab Emirates",2016,0.475329301451248
"ARE","United Arab Emirates",2017,0.473452424574371
"ARE","United Arab Emirates",2018,0.471575547697495
"ARE","United Arab Emirates",2019,0.471629389987245
"ARE","United Arab Emirates",2020,0.471683232276996
"ARE","United Arab Emirates",2021,0.463871047162585
"ARE","United Arab Emirates",2022,0.470773653977667
"GBR","United Kingdom",1995,0.286783373849199
"GBR","United Kingdom",1996,0.285906502641806
"GBR","United Kingdom",1997,0.285057884601079
"GBR","United Kingdom",1998,0.290392413560353
"GBR","United Kingdom",1999,0.28891545535296
"GBR","United Kingdom",2000,0.288788521645567
"GBR","United Kingdom",2001,0.288553123750118
"GBR","United Kingdom",2002,0.288317725854669
"GBR","United Kingdom",2003,0.28808232795922
"GBR","United Kingdom",2004,0.28784693006377
"GBR","United Kingdom",2005,0.287611532168321
"GBR","United Kingdom",2006,0.287611532168321
"GBR","United Kingdom",2007,0.287611532168321
"GBR","United Kingdom",2008,0.2853026328184
"GBR","United Kingdom",2009,0.286199292760117
"GBR","United Kingdom",2010,0.282881650975764
"GBR","United Kingdom",2011,0.282904067474307
"GBR","United Kingdom",2012,0.281424578570473
"GBR","United Kingdom",2013,0.2811065697412
"GBR","United Kingdom",2014,0.28004881646001
"GBR","United Kingdom",2015,0.278537993683636
"GBR","United Kingdom",2016,0.282205382070678
"GBR","United Kingdom",2017,0.28150155324185
"GBR","United Kingdom",2018,0.280797724413021
"GBR","United Kingdom",2019,0.279934675830902
"GBR","United Kingdom",2020,0.279071627248784
"GBR","United Kingdom",2021,0.279405624187796
"GBR","United Kingdom",2022,0.275465440307679
"USA","United States",1995,0.428246476231984
"USA","United States",1996,0.429087216357936
"USA","United States",1997,0.431889548817222
"USA","United States",1998,0.432381535609841
"USA","United States",1999,0.432363041735793
"USA","United States",2000,0.432344547861746
"USA","United States",2001,0.431991589501394
"USA","United States",2002,0.431638631141042
"USA","United States",2003,0.43128567278069
"USA","United States",2004,0.430932714420338
"USA","United States",2005,0.430579756059987
"USA","United States",2006,0.430579756059987
"USA","United States",2007,0.430579756059987
"USA","United States",2008,0.429324432141583
"USA","United States",2009,0.429257182645954
"USA","United States",2010,0.426455120328088
"USA","United States",2011,0.426208538844116
"USA","United States",2012,0.425110130415512
"USA","United States",2013,0.427131389233173
"USA","United States",2014,0.426933414695084
"USA","United States",2015,0.426207169367713
"USA","United States",2016,0.425077427066568
"USA","United States",2017,0.424373598237739
"USA","United States",2018,0.42366976940891
"USA","United States",2019,0.424084905732484
"USA","United States",2020,0.424500042056057
"USA","United States",2021,0.425888994634136
"USA","United States",2022,0.425888994634136
"URY","Uruguay",1995,0.394443279291307
"URY","Uruguay",1996,0.39633495538044
"URY","Uruguay",1997,0.395399268302906
"URY","Uruguay",1998,0.395912191392039
"URY","Uruguay",1999,0.395467620147839
"URY","Uruguay",2000,0.395698061236972
"URY","Uruguay",2001,0.397787230938606
"URY","Uruguay",2002,0.39987640064024
"URY","Uruguay",2003,0.401965570341874
"URY","Uruguay",2004,0.404054740043508
"URY","Uruguay",2005,0.406143909745143
"URY","Uruguay",2006,0.406143909745143
"URY","Uruguay",2007,0.406143909745143
"URY","Uruguay",2008,0.406054243750971
"URY","Uruguay",2009,0.4061214932466
"URY","Uruguay",2010,0.406188742742228
"URY","Uruguay",2011,0.405314499299054
"URY","Uruguay",2012,0.404305756864623
"URY","Uruguay",2013,0.404776503334024
"URY","Uruguay",2014,0.404507505351509
"URY","Uruguay",2015,0.405852495264085
"URY","Uruguay",2016,0.405090334313625
"URY","Uruguay",2017,0.405090334313625
"URY","Uruguay",2018,0.405090334313625
"URY","Uruguay",2019,0.405090334313625
"URY","Uruguay",2020,0.405090334313625
"URY","Uruguay",2021,0.405090334313625
"URY","Uruguay",2022,0.405090334313625
"UZB","Uzbekistan",1995,0.448829443379818
"UZB","Uzbekistan",1996,0.445089726213152
"UZB","Uzbekistan",1997,0.444301742713152
"UZB","Uzbekistan",1998,0.441675807713152
"UZB","Uzbekistan",1999,0.441675807713152
"UZB","Uzbekistan",2000,0.441675807713152
"UZB","Uzbekistan",2001,0.454114723757034
"UZB","Uzbekistan",2002,0.466553639800916
"UZB","Uzbekistan",2003,0.478992555844798
"UZB","Uzbekistan",2004,0.491431471888681
"UZB","Uzbekistan",2005,0.503870387932563
"UZB","Uzbekistan",2006,0.503870387932563
"UZB","Uzbekistan",2007,0.503870387932563
"UZB","Uzbekistan",2008,0.503063393985017
"UZB","Uzbekistan",2009,0.505999955294141
"UZB","Uzbekistan",2010,0.504273884906336
"UZB","Uzbekistan",2011,0.505058462355338
"UZB","Uzbekistan",2012,0.504722214877194
"UZB","Uzbekistan",2013,0.508310381894245
"UZB","Uzbekistan",2014,0.506541005759536
"UZB","Uzbekistan",2015,0.505825205056344
"UZB","Uzbekistan",2016,0.508068382160819
"UZB","Uzbekistan",2017,0.5075991629416
"UZB","Uzbekistan",2018,0.507129943722381
"UZB","Uzbekistan",2019,0.506906754449071
"UZB","Uzbekistan",2020,0.506683565175761
"UZB","Uzbekistan",2021,0.509754159807216
"UZB","Uzbekistan",2022,0.509464733385863
"VUT","Vanuatu",1995,0.565267585292705
"VUT","Vanuatu",1996,0.565589936459372
"VUT","Vanuatu",1997,0.565887644792705
"VUT","Vanuatu",1998,0.566008340126039
"VUT","Vanuatu",1999,0.564658315626039
"VUT","Vanuatu",2000,0.564658315626039
"VUT","Vanuatu",2001,0.552150437558498
"VUT","Vanuatu",2002,0.539642559490958
"VUT","Vanuatu",2003,0.527134681423417
"VUT","Vanuatu",2004,0.514626803355877
"VUT","Vanuatu",2005,0.502118925288336
"VUT","Vanuatu",2006,0.502118925288336
"VUT","Vanuatu",2007,0.502118925288336
"VUT","Vanuatu",2008,0.50191717680145
"VUT","Vanuatu",2009,0.501603345821849
"VUT","Vanuatu",2010,0.500213522912187
"VUT","Vanuatu",2011,0.500101440419472
"VUT","Vanuatu",2012,0.4998548589355
"VUT","Vanuatu",2013,0.500191106413644
"VUT","Vanuatu",2014,0.497366627597235
"VUT","Vanuatu",2015,0.497254545104521
"VUT","Vanuatu",2016,0.497523543087036
"VUT","Vanuatu",2017,0.497523543087036
"VUT","Vanuatu",2018,0.497523543087036
"VUT","Vanuatu",2019,0.497523543087036
"VUT","Vanuatu",2020,0.497523543087036
"VUT","Vanuatu",2021,0.497523543087036
"VUT","Vanuatu",2022,0.497444097418278
"VEN","Venezuela, Bolivarian Republic o",1995,0.378189091216508
"VEN","Venezuela, Bolivarian Republic o",1996,0.378945518825831
"VEN","Venezuela, Bolivarian Republic o",1997,0.376152940768486
"VEN","Venezuela, Bolivarian Republic o",1998,0.368096948711142
"VEN","Venezuela, Bolivarian Republic o",1999,0.367209304820464
"VEN","Venezuela, Bolivarian Republic o",2000,0.36562619376312
"VEN","Venezuela, Bolivarian Republic o",2001,0.366268600663436
"VEN","Venezuela, Bolivarian Republic o",2002,0.366911007563752
"VEN","Venezuela, Bolivarian Republic o",2003,0.367553414464068
"VEN","Venezuela, Bolivarian Republic o",2004,0.368195821364384
"VEN","Venezuela, Bolivarian Republic o",2005,0.3688382282647
"VEN","Venezuela, Bolivarian Republic o",2006,0.3688382282647
"VEN","Venezuela, Bolivarian Republic o",2007,0.3688382282647
"VEN","Venezuela, Bolivarian Republic o",2008,0.368367481795298
"VEN","Venezuela, Bolivarian Republic o",2009,0.367941568322983
"VEN","Venezuela, Bolivarian Republic o",2010,0.357697228488865
"VEN","Venezuela, Bolivarian Republic o",2011,0.357562729497607
"VEN","Venezuela, Bolivarian Republic o",2012,0.35742823050635
"VEN","Venezuela, Bolivarian Republic o",2013,0.357567872922808
"VEN","Venezuela, Bolivarian Republic o",2014,0.356048694447089
"VEN","Venezuela, Bolivarian Republic o",2015,0.354484121299631
"VEN","Venezuela, Bolivarian Republic o",2016,0.356237189936526
"VEN","Venezuela, Bolivarian Republic o",2017,0.354829532278868
"VEN","Venezuela, Bolivarian Republic o",2018,0.353421874621211
"VEN","Venezuela, Bolivarian Republic o",2019,0.352379339227765
"VEN","Venezuela, Bolivarian Republic o",2020,0.35133680383432
"VEN","Venezuela, Bolivarian Republic o",2021,0.349960418511976
"VEN","Venezuela, Bolivarian Republic o",2022,0.349960418511976
"VNM","Viet Nam",1995,0.559066836080957
"VNM","Viet Nam",1996,0.560236605414291
"VNM","Viet Nam",1997,0.561326265080957
"VNM","Viet Nam",1998,0.558757974414291
"VNM","Viet Nam",1999,0.558757974414291
"VNM","Viet Nam",2000,0.558757974414291
"VNM","Viet Nam",2001,0.558757974414291
"VNM","Viet Nam",2002,0.558757974414291
"VNM","Viet Nam",2003,0.558757974414291
"VNM","Viet Nam",2004,0.558757974414291
"VNM","Viet Nam",2005,0.558757974414291
"VNM","Viet Nam",2006,0.558757974414291
"VNM","Viet Nam",2007,0.558757974414291
"VNM","Viet Nam",2008,0.559946048837066
"VNM","Viet Nam",2009,0.56005813132978
"VNM","Viet Nam",2010,0.556852572038142
"VNM","Viet Nam",2011,0.557323318507543
"VNM","Viet Nam",2012,0.556157660583311
"VNM","Viet Nam",2013,0.556840600163779
"VNM","Viet Nam",2014,0.553667901994864
"VNM","Viet Nam",2015,0.552006026602323
"VNM","Viet Nam",2016,0.551756390617986
"VNM","Viet Nam",2017,0.552694829056424
"VNM","Viet Nam",2018,0.553633267494862
"VNM","Viet Nam",2019,0.554299641535276
"VNM","Viet Nam",2020,0.55496601557569
"VNM","Viet Nam",2021,0.555827449739607
"VNM","Viet Nam",2022,0.557718741254024
"YEM","Yemen",1995,0.588690181904171
"YEM","Yemen",1996,0.583946855704171
"YEM","Yemen",1997,0.582760038304171
"YEM","Yemen",1998,0.581301412904171
"YEM","Yemen",1999,0.581301412904171
"YEM","Yemen",2000,0.581301412904171
"YEM","Yemen",2001,0.581301412904171
"YEM","Yemen",2002,0.581301412904171
"YEM","Yemen",2003,0.581301412904171
"YEM","Yemen",2004,0.581301412904171
"YEM","Yemen",2005,0.581301412904171
"YEM","Yemen",2006,0.581301412904171
"YEM","Yemen",2007,0.581301412904171
"YEM","Yemen",2008,0.581032414921656
"YEM","Yemen",2009,0.582081507053465
"YEM","Yemen",2010,0.579902623395092
"YEM","Yemen",2011,0.579122529245798
"YEM","Yemen",2012,0.578530733684265
"YEM","Yemen",2013,0.580619565118255
"YEM","Yemen",2014,0.580852310472889
"YEM","Yemen",2015,0.577882631816425
"YEM","Yemen",2016,0.573056867080607
"YEM","Yemen",2017,0.572212272486012
"YEM","Yemen",2018,0.571367677891418
"YEM","Yemen",2019,0.571009238997785
"YEM","Yemen",2020,0.570650800104152
"YEM","Yemen",2021,0.569497074141418
"YEM","Yemen",2022,0.570949389238839
"ZMB","Zambia",1995,0.485327517501398
"ZMB","Zambia",1996,0.489796116265374
"ZMB","Zambia",1997,0.49495984352935
"ZMB","Zambia",1998,0.499886084126659
"ZMB","Zambia",1999,0.504683311390635
"ZMB","Zambia",2000,0.509480538654611
"ZMB","Zambia",2001,0.4954347058616
"ZMB","Zambia",2002,0.481388873068589
"ZMB","Zambia",2003,0.467343040275578
"ZMB","Zambia",2004,0.453297207482567
"ZMB","Zambia",2005,0.439251374689555
"ZMB","Zambia",2006,0.439251374689555
"ZMB","Zambia",2007,0.439251374689555
"ZMB","Zambia",2008,0.440753280091932
"ZMB","Zambia",2009,0.442434517482651
"ZMB","Zambia",2010,0.437256306319235
"ZMB","Zambia",2011,0.437390805310493
"ZMB","Zambia",2012,0.436382062876061
"ZMB","Zambia",2013,0.437083802780053
"ZMB","Zambia",2014,0.433190160482746
"ZMB","Zambia",2015,0.432224723795218
"ZMB","Zambia",2016,0.432671526515894
"ZMB","Zambia",2017,0.433140745735114
"ZMB","Zambia",2018,0.433609964954333
"ZMB","Zambia",2019,0.433693419465608
"ZMB","Zambia",2020,0.433776873976883
"ZMB","Zambia",2021,0.437556788312066
"ZMB","Zambia",2022,0.43739566098176
"ZWE","Zimbabwe",1995,0.462259899951484
"ZWE","Zimbabwe",1996,0.467923081384702
"ZWE","Zimbabwe",1997,0.470142401151254
"ZWE","Zimbabwe",1998,0.47375565025114
"ZWE","Zimbabwe",1999,0.478614615184358
"ZWE","Zimbabwe",2000,0.483473580117577
"ZWE","Zimbabwe",2001,0.490444238569999
"ZWE","Zimbabwe",2002,0.497414897022422
"ZWE","Zimbabwe",2003,0.504385555474845
"ZWE","Zimbabwe",2004,0.511356213927267
"ZWE","Zimbabwe",2005,0.51832687237969
"ZWE","Zimbabwe",2006,0.51832687237969
"ZWE","Zimbabwe",2007,0.51832687237969
"ZWE","Zimbabwe",2008,0.518999367335978
"ZWE","Zimbabwe",2009,0.517968208403003
"ZWE","Zimbabwe",2010,0.518035457898632
"ZWE","Zimbabwe",2011,0.51794579190446
"ZWE","Zimbabwe",2012,0.518349288878233
"ZWE","Zimbabwe",2013,0.517848735786473
"ZWE","Zimbabwe",2014,0.514478870881218
"ZWE","Zimbabwe",2015,0.514803146484999
"ZWE","Zimbabwe",2016,0.51550850256401
"ZWE","Zimbabwe",2017,0.51574311217362
"ZWE","Zimbabwe",2018,0.515977721783229
"ZWE","Zimbabwe",2019,0.515728965906525
"ZWE","Zimbabwe",2020,0.515480210029821
"ZWE","Zimbabwe",2021,0.515920557903725
"ZWE","Zimbabwe",2022,0.513962154770763
