"ISO3","Name","Year","Value: food"
"AFG","Afghanistan",1995,0.665453025390844
"AFG","Afghanistan",1996,0.665291360544491
"AFG","Afghanistan",1997,0.665127956161851
"AFG","Afghanistan",1998,0.65678068401529
"AFG","Afghanistan",1999,0.648604522047377
"AFG","Afghanistan",2000,0.640340169863936
"AFG","Afghanistan",2001,0.630837524756965
"AFG","Afghanistan",2002,0.621997958240035
"AFG","Afghanistan",2003,0.61414346205094
"AFG","Afghanistan",2004,0.605612828925888
"AFG","Afghanistan",2005,0.605716101434577
"AFG","Afghanistan",2006,0.605602171949827
"AFG","Afghanistan",2007,0.605884392028917
"AFG","Afghanistan",2008,0.606070601904019
"AFG","Afghanistan",2009,0.604513319688057
"AFG","Afghanistan",2010,0.592175041932623
"AFG","Afghanistan",2011,0.592091377618068
"AFG","Afghanistan",2012,0.566305138019111
"AFG","Afghanistan",2013,0.573403750786308
"AFG","Afghanistan",2014,0.568743058262618
"AFG","Afghanistan",2015,0.586778582629671
"AFG","Afghanistan",2016,0.591661133574079
"AFG","Afghanistan",2017,0.616818750851877
"AFG","Afghanistan",2018,0.604917009741035
"AFG","Afghanistan",2019,0.588229847506008
"AFG","Afghanistan",2020,0.586687483876001
"AFG","Afghanistan",2021,0.584488784254335
"AFG","Afghanistan",2022,0.581384859488074
"ALB","Albania",1995,0.55346995432526
"ALB","Albania",1996,0.557015832708413
"ALB","Albania",1997,0.53809597146524
"ALB","Albania",1998,0.530906093549799
"ALB","Albania",1999,0.53465422694891
"ALB","Albania",2000,0.514982993301252
"ALB","Albania",2001,0.507503842071491
"ALB","Albania",2002,0.507802573115873
"ALB","Albania",2003,0.506154384949738
"ALB","Albania",2004,0.501122946440256
"ALB","Albania",2005,0.489380435452185
"ALB","Albania",2006,0.502607617669931
"ALB","Albania",2007,0.49545113173514
"ALB","Albania",2008,0.497661741707538
"ALB","Albania",2009,0.501250645120177
"ALB","Albania",2010,0.492806297095633
"ALB","Albania",2011,0.480564540574519
"ALB","Albania",2012,0.476035903031422
"ALB","Albania",2013,0.467434298142909
"ALB","Albania",2014,0.438770916796505
"ALB","Albania",2015,0.440511799023285
"ALB","Albania",2016,0.430517688992145
"ALB","Albania",2017,0.423485610454707
"ALB","Albania",2018,0.421434283601556
"ALB","Albania",2019,0.418967347472768
"ALB","Albania",2020,0.424921530893718
"ALB","Albania",2021,0.417345145881523
"ALB","Albania",2022,0.410372857585524
"DZA","Algeria",1995,0.575364779645382
"DZA","Algeria",1996,0.570736810285236
"DZA","Algeria",1997,0.56118637046204
"DZA","Algeria",1998,0.545983153975977
"DZA","Algeria",1999,0.528378134424483
"DZA","Algeria",2000,0.519761249028433
"DZA","Algeria",2001,0.534764410983796
"DZA","Algeria",2002,0.552903152635468
"DZA","Algeria",2003,0.535916213735511
"DZA","Algeria",2004,0.521839439282702
"DZA","Algeria",2005,0.507040722795134
"DZA","Algeria",2006,0.493339481960831
"DZA","Algeria",2007,0.492879545163973
"DZA","Algeria",2008,0.496902481491691
"DZA","Algeria",2009,0.481087046894393
"DZA","Algeria",2010,0.480020607271343
"DZA","Algeria",2011,0.493079633226064
"DZA","Algeria",2012,0.482556810549293
"DZA","Algeria",2013,0.477804520802962
"DZA","Algeria",2014,0.477105312447139
"DZA","Algeria",2015,0.474920432749188
"DZA","Algeria",2016,0.471988606007352
"DZA","Algeria",2017,0.471045606572383
"DZA","Algeria",2018,0.468718980336544
"DZA","Algeria",2019,0.46634699376168
"DZA","Algeria",2020,0.465293970876447
"DZA","Algeria",2021,0.464345582597664
"DZA","Algeria",2022,0.463503625115253
"AND","Andorra",1995,0.25625658696721
"AND","Andorra",1996,0.254507812645256
"AND","Andorra",1997,0.260472806454637
"AND","Andorra",1998,0.231220914416903
"AND","Andorra",1999,0.224078718443523
"AND","Andorra",2000,0.220318717765883
"AND","Andorra",2001,0.221879576668579
"AND","Andorra",2002,0.220016601712178
"AND","Andorra",2003,0.219302307679867
"AND","Andorra",2004,0.217635785794098
"AND","Andorra",2005,0.220119520492108
"AND","Andorra",2006,0.222635586608713
"AND","Andorra",2007,0.220657896356364
"AND","Andorra",2008,0.230372366883859
"AND","Andorra",2009,0.236725166637923
"AND","Andorra",2010,0.238651025172285
"AND","Andorra",2011,0.240143082535604
"AND","Andorra",2012,0.244750047321032
"AND","Andorra",2013,0.246305138659493
"AND","Andorra",2014,0.24451316127603
"AND","Andorra",2015,0.245687345359068
"AND","Andorra",2016,0.24578671409512
"AND","Andorra",2017,0.243483022873183
"AND","Andorra",2018,0.240882875898846
"AND","Andorra",2019,0.243178464592558
"AND","Andorra",2020,0.232917531902342
"AND","Andorra",2021,0.23778798726875
"AND","Andorra",2022,0.235796547876403
"AGO","Angola",1995,0.6294928280555
"AGO","Angola",1996,0.628119810413733
"AGO","Angola",1997,0.626374680737199
"AGO","Angola",1998,0.624553850098419
"AGO","Angola",1999,0.62279435090251
"AGO","Angola",2000,0.621231448363058
"AGO","Angola",2001,0.619327674005561
"AGO","Angola",2002,0.617423899648064
"AGO","Angola",2003,0.615907843038541
"AGO","Angola",2004,0.613708232990239
"AGO","Angola",2005,0.612033429318951
"AGO","Angola",2006,0.610974169594307
"AGO","Angola",2007,0.609981643495065
"AGO","Angola",2008,0.602340906064803
"AGO","Angola",2009,0.594710945774071
"AGO","Angola",2010,0.595112905031364
"AGO","Angola",2011,0.599924103132655
"AGO","Angola",2012,0.599652039230126
"AGO","Angola",2013,0.58920468291241
"AGO","Angola",2014,0.582909831513395
"AGO","Angola",2015,0.568512907865622
"AGO","Angola",2016,0.568674180052627
"AGO","Angola",2017,0.578252189159737
"AGO","Angola",2018,0.584409610747609
"AGO","Angola",2019,0.581371859615872
"AGO","Angola",2020,0.58822643755416
"AGO","Angola",2021,0.575137129148583
"AGO","Angola",2022,0.572872321831106
"ATG","Antigua and Barbuda",1995,0.628497323223127
"ATG","Antigua and Barbuda",1996,0.629296986976373
"ATG","Antigua and Barbuda",1997,0.630092339873807
"ATG","Antigua and Barbuda",1998,0.630881226487522
"ATG","Antigua and Barbuda",1999,0.631667957673331
"ATG","Antigua and Barbuda",2000,0.631956378347759
"ATG","Antigua and Barbuda",2001,0.62917067294123
"ATG","Antigua and Barbuda",2002,0.627914993807675
"ATG","Antigua and Barbuda",2003,0.622660076791037
"ATG","Antigua and Barbuda",2004,0.626104970480917
"ATG","Antigua and Barbuda",2005,0.621856503209118
"ATG","Antigua and Barbuda",2006,0.615731076557033
"ATG","Antigua and Barbuda",2007,0.634045030665708
"ATG","Antigua and Barbuda",2008,0.630170935718118
"ATG","Antigua and Barbuda",2009,0.625063375134125
"ATG","Antigua and Barbuda",2010,0.640713761427641
"ATG","Antigua and Barbuda",2011,0.650172685808215
"ATG","Antigua and Barbuda",2012,0.68996529480941
"ATG","Antigua and Barbuda",2013,0.682712379953605
"ATG","Antigua and Barbuda",2014,0.643004436334571
"ATG","Antigua and Barbuda",2015,0.660188548746952
"ATG","Antigua and Barbuda",2016,0.638142617276208
"ATG","Antigua and Barbuda",2017,0.64760423044778
"ATG","Antigua and Barbuda",2018,0.661889694987652
"ATG","Antigua and Barbuda",2019,0.656520148327749
"ATG","Antigua and Barbuda",2020,0.675354977476792
"ATG","Antigua and Barbuda",2021,0.673024071556247
"ATG","Antigua and Barbuda",2022,0.666110454456035
"ARG","Argentina",1995,0.394401766792636
"ARG","Argentina",1996,0.392648073038017
"ARG","Argentina",1997,0.391528262005183
"ARG","Argentina",1998,0.388308906359412
"ARG","Argentina",1999,0.38608805984403
"ARG","Argentina",2000,0.384170844152136
"ARG","Argentina",2001,0.383915786769308
"ARG","Argentina",2002,0.378821424778994
"ARG","Argentina",2003,0.375446228885323
"ARG","Argentina",2004,0.370002515834572
"ARG","Argentina",2005,0.366548593752873
"ARG","Argentina",2006,0.365560858892615
"ARG","Argentina",2007,0.367448233569609
"ARG","Argentina",2008,0.36941462317282
"ARG","Argentina",2009,0.367054464419148
"ARG","Argentina",2010,0.362860340659596
"ARG","Argentina",2011,0.362002940399897
"ARG","Argentina",2012,0.362020713016048
"ARG","Argentina",2013,0.3612284274903
"ARG","Argentina",2014,0.361374694146899
"ARG","Argentina",2015,0.3617433507181
"ARG","Argentina",2016,0.364167247732256
"ARG","Argentina",2017,0.365435764328499
"ARG","Argentina",2018,0.372445759306374
"ARG","Argentina",2019,0.371212402479552
"ARG","Argentina",2020,0.377125699442358
"ARG","Argentina",2021,0.373598373994553
"ARG","Argentina",2022,0.369013532364476
"ARM","Armenia",1995,0.437615493742673
"ARM","Armenia",1996,0.436852290268405
"ARM","Armenia",1997,0.437017699789399
"ARM","Armenia",1998,0.427725445745781
"ARM","Armenia",1999,0.423161773309036
"ARM","Armenia",2000,0.41733974663731
"ARM","Armenia",2001,0.422749998522417
"ARM","Armenia",2002,0.400369879300029
"ARM","Armenia",2003,0.403990518735978
"ARM","Armenia",2004,0.411710667560901
"ARM","Armenia",2005,0.412224375513381
"ARM","Armenia",2006,0.396755235505817
"ARM","Armenia",2007,0.400066221711197
"ARM","Armenia",2008,0.400505270707794
"ARM","Armenia",2009,0.40217965845335
"ARM","Armenia",2010,0.395579598283794
"ARM","Armenia",2011,0.400006993021304
"ARM","Armenia",2012,0.398150153986277
"ARM","Armenia",2013,0.400242127504836
"ARM","Armenia",2014,0.398244068968276
"ARM","Armenia",2015,0.400372517376517
"ARM","Armenia",2016,0.398316040624422
"ARM","Armenia",2017,0.394680918561702
"ARM","Armenia",2018,0.389172222598242
"ARM","Armenia",2019,0.391013542965851
"ARM","Armenia",2020,0.393818842522154
"ARM","Armenia",2021,0.38730273899875
"ARM","Armenia",2022,0.381224744247788
"AUS","Australia",1995,0.378325808644124
"AUS","Australia",1996,0.377447379728478
"AUS","Australia",1997,0.37783679087508
"AUS","Australia",1998,0.376776903571825
"AUS","Australia",1999,0.379092460719871
"AUS","Australia",2000,0.379117173569514
"AUS","Australia",2001,0.381010841161381
"AUS","Australia",2002,0.382264872075229
"AUS","Australia",2003,0.380711984970794
"AUS","Australia",2004,0.379532167977782
"AUS","Australia",2005,0.379992947640336
"AUS","Australia",2006,0.378485045763849
"AUS","Australia",2007,0.379586440548742
"AUS","Australia",2008,0.37586775966671
"AUS","Australia",2009,0.380647928435616
"AUS","Australia",2010,0.37784745560144
"AUS","Australia",2011,0.378255049761947
"AUS","Australia",2012,0.377532523985604
"AUS","Australia",2013,0.379743535509961
"AUS","Australia",2014,0.380093091800665
"AUS","Australia",2015,0.380293980288095
"AUS","Australia",2016,0.377996625591757
"AUS","Australia",2017,0.377436340516452
"AUS","Australia",2018,0.377511777606345
"AUS","Australia",2019,0.378801580037179
"AUS","Australia",2020,0.379832307624549
"AUS","Australia",2021,0.376814978014204
"AUS","Australia",2022,0.375795574608514
"AUT","Austria",1995,0.30125323475128
"AUT","Austria",1996,0.301882564263388
"AUT","Austria",1997,0.302800506774054
"AUT","Austria",1998,0.304670368134019
"AUT","Austria",1999,0.304589996294357
"AUT","Austria",2000,0.302009802696669
"AUT","Austria",2001,0.3055055782462
"AUT","Austria",2002,0.306469122737228
"AUT","Austria",2003,0.304434226519113
"AUT","Austria",2004,0.303951941632963
"AUT","Austria",2005,0.304349974661183
"AUT","Austria",2006,0.304186981848595
"AUT","Austria",2007,0.305154097763042
"AUT","Austria",2008,0.302890106016575
"AUT","Austria",2009,0.309931699779303
"AUT","Austria",2010,0.30812506669875
"AUT","Austria",2011,0.309166527530865
"AUT","Austria",2012,0.309285763576628
"AUT","Austria",2013,0.312255387434257
"AUT","Austria",2014,0.311939624731959
"AUT","Austria",2015,0.310344638096708
"AUT","Austria",2016,0.311000648842504
"AUT","Austria",2017,0.304277626685385
"AUT","Austria",2018,0.299483960627985
"AUT","Austria",2019,0.301573168184428
"AUT","Austria",2020,0.299356702268928
"AUT","Austria",2021,0.29506908464088
"AUT","Austria",2022,0.291135221820622
"AZE","Azerbaijan",1995,0.537614461524617
"AZE","Azerbaijan",1996,0.54373429137302
"AZE","Azerbaijan",1997,0.507680907225128
"AZE","Azerbaijan",1998,0.502291517408516
"AZE","Azerbaijan",1999,0.520590973474684
"AZE","Azerbaijan",2000,0.530070408897142
"AZE","Azerbaijan",2001,0.48086850038336
"AZE","Azerbaijan",2002,0.477982563020174
"AZE","Azerbaijan",2003,0.47717226442848
"AZE","Azerbaijan",2004,0.479118887304732
"AZE","Azerbaijan",2005,0.48149914422408
"AZE","Azerbaijan",2006,0.484951597830308
"AZE","Azerbaijan",2007,0.499724880302756
"AZE","Azerbaijan",2008,0.4959520550528
"AZE","Azerbaijan",2009,0.496841758555682
"AZE","Azerbaijan",2010,0.505889690737238
"AZE","Azerbaijan",2011,0.489513475846278
"AZE","Azerbaijan",2012,0.478436309408158
"AZE","Azerbaijan",2013,0.465983059959306
"AZE","Azerbaijan",2014,0.471524166203719
"AZE","Azerbaijan",2015,0.465524631640898
"AZE","Azerbaijan",2016,0.474645419524209
"AZE","Azerbaijan",2017,0.476078618523127
"AZE","Azerbaijan",2018,0.463375584539035
"AZE","Azerbaijan",2019,0.460846314425204
"AZE","Azerbaijan",2020,0.469726281246997
"AZE","Azerbaijan",2021,0.472221803719558
"AZE","Azerbaijan",2022,0.470446399538555
"BHS","Bahamas",1995,0.504406605518931
"BHS","Bahamas",1996,0.501287962808773
"BHS","Bahamas",1997,0.503468994379679
"BHS","Bahamas",1998,0.503762130271926
"BHS","Bahamas",1999,0.508152918535229
"BHS","Bahamas",2000,0.504849502520926
"BHS","Bahamas",2001,0.503469672342451
"BHS","Bahamas",2002,0.507030035198477
"BHS","Bahamas",2003,0.505283177670827
"BHS","Bahamas",2004,0.505932265062153
"BHS","Bahamas",2005,0.49708737096229
"BHS","Bahamas",2006,0.494599843686978
"BHS","Bahamas",2007,0.49611683833729
"BHS","Bahamas",2008,0.496997202009737
"BHS","Bahamas",2009,0.505530699375369
"BHS","Bahamas",2010,0.502724942665846
"BHS","Bahamas",2011,0.497224099171747
"BHS","Bahamas",2012,0.497152624493974
"BHS","Bahamas",2013,0.497776713595887
"BHS","Bahamas",2014,0.49742554811471
"BHS","Bahamas",2015,0.50784785469372
"BHS","Bahamas",2016,0.510475058585218
"BHS","Bahamas",2017,0.505107201238889
"BHS","Bahamas",2018,0.50690224902647
"BHS","Bahamas",2019,0.50364338386686
"BHS","Bahamas",2020,0.511863248536725
"BHS","Bahamas",2021,0.514182047283797
"BHS","Bahamas",2022,0.516485758035525
"BHR","Bahrain",1995,0.371017030788553
"BHR","Bahrain",1996,0.390591354580536
"BHR","Bahrain",1997,0.388077480436297
"BHR","Bahrain",1998,0.379871438714644
"BHR","Bahrain",1999,0.371165422812831
"BHR","Bahrain",2000,0.368416787501927
"BHR","Bahrain",2001,0.372321657503877
"BHR","Bahrain",2002,0.381341893045113
"BHR","Bahrain",2003,0.370913166297943
"BHR","Bahrain",2004,0.357512158169909
"BHR","Bahrain",2005,0.354259364038766
"BHR","Bahrain",2006,0.35264351449851
"BHR","Bahrain",2007,0.345960091587973
"BHR","Bahrain",2008,0.35714120694576
"BHR","Bahrain",2009,0.358011449278571
"BHR","Bahrain",2010,0.360790432386875
"BHR","Bahrain",2011,0.363320512681713
"BHR","Bahrain",2012,0.368332779350336
"BHR","Bahrain",2013,0.36225121725782
"BHR","Bahrain",2014,0.3611261055043
"BHR","Bahrain",2015,0.365279739322528
"BHR","Bahrain",2016,0.363970337890887
"BHR","Bahrain",2017,0.363174968086967
"BHR","Bahrain",2018,0.357607516944581
"BHR","Bahrain",2019,0.35402370780986
"BHR","Bahrain",2020,0.358265685931157
"BHR","Bahrain",2021,0.359711951917912
"BHR","Bahrain",2022,0.366636125022779
"BGD","Bangladesh",1995,0.654561530091923
"BGD","Bangladesh",1996,0.65567605180955
"BGD","Bangladesh",1997,0.690002126511443
"BGD","Bangladesh",1998,0.646155736063882
"BGD","Bangladesh",1999,0.63781641199393
"BGD","Bangladesh",2000,0.629921385620332
"BGD","Bangladesh",2001,0.632693633129806
"BGD","Bangladesh",2002,0.621204094091474
"BGD","Bangladesh",2003,0.631890481441866
"BGD","Bangladesh",2004,0.634105337704765
"BGD","Bangladesh",2005,0.626482594755492
"BGD","Bangladesh",2006,0.6137266628174
"BGD","Bangladesh",2007,0.664823697569968
"BGD","Bangladesh",2008,0.648009583085013
"BGD","Bangladesh",2009,0.643345888798021
"BGD","Bangladesh",2010,0.636000828173321
"BGD","Bangladesh",2011,0.635531773493672
"BGD","Bangladesh",2012,0.606291769959912
"BGD","Bangladesh",2013,0.583577848422115
"BGD","Bangladesh",2014,0.61403575952413
"BGD","Bangladesh",2015,0.622787538264274
"BGD","Bangladesh",2016,0.604167197207134
"BGD","Bangladesh",2017,0.585698647285392
"BGD","Bangladesh",2018,0.567839058095162
"BGD","Bangladesh",2019,0.576165235950957
"BGD","Bangladesh",2020,0.577434922200681
"BGD","Bangladesh",2021,0.578785892587869
"BGD","Bangladesh",2022,0.580144047734745
"BRB","Barbados",1995,0.378864223804607
"BRB","Barbados",1996,0.377914545190549
"BRB","Barbados",1997,0.386707413482718
"BRB","Barbados",1998,0.393631191796658
"BRB","Barbados",1999,0.385700464647789
"BRB","Barbados",2000,0.385860273437209
"BRB","Barbados",2001,0.392843799176126
"BRB","Barbados",2002,0.44809471683969
"BRB","Barbados",2003,0.441520259933928
"BRB","Barbados",2004,0.396177856460869
"BRB","Barbados",2005,0.405200176594562
"BRB","Barbados",2006,0.410082985210801
"BRB","Barbados",2007,0.430028669364925
"BRB","Barbados",2008,0.408375989108316
"BRB","Barbados",2009,0.472216486914875
"BRB","Barbados",2010,0.479211028057734
"BRB","Barbados",2011,0.43619861198953
"BRB","Barbados",2012,0.404374514916155
"BRB","Barbados",2013,0.399740812816276
"BRB","Barbados",2014,0.434693876960198
"BRB","Barbados",2015,0.450589002876746
"BRB","Barbados",2016,0.452457901726063
"BRB","Barbados",2017,0.433831559716274
"BRB","Barbados",2018,0.467668848803991
"BRB","Barbados",2019,0.480025202514362
"BRB","Barbados",2020,0.48171682171359
"BRB","Barbados",2021,0.488335753059747
"BRB","Barbados",2022,0.487482658258304
"BLR","Belarus",1995,0.289955194609861
"BLR","Belarus",1996,0.289269050059681
"BLR","Belarus",1997,0.288588294079266
"BLR","Belarus",1998,0.288138817181792
"BLR","Belarus",1999,0.290844155419524
"BLR","Belarus",2000,0.288686562506578
"BLR","Belarus",2001,0.284118746935073
"BLR","Belarus",2002,0.283931547885999
"BLR","Belarus",2003,0.280524967333069
"BLR","Belarus",2004,0.276943877777152
"BLR","Belarus",2005,0.275792496259593
"BLR","Belarus",2006,0.272368830376108
"BLR","Belarus",2007,0.268561210897297
"BLR","Belarus",2008,0.269187859495691
"BLR","Belarus",2009,0.269754419050362
"BLR","Belarus",2010,0.270411237969634
"BLR","Belarus",2011,0.26696442005958
"BLR","Belarus",2012,0.269010757978453
"BLR","Belarus",2013,0.272905808322239
"BLR","Belarus",2014,0.278559766086684
"BLR","Belarus",2015,0.285360528799608
"BLR","Belarus",2016,0.284280725853505
"BLR","Belarus",2017,0.27965413444548
"BLR","Belarus",2018,0.273032521112491
"BLR","Belarus",2019,0.268222302414215
"BLR","Belarus",2020,0.269759550402189
"BLR","Belarus",2021,0.266714537892302
"BLR","Belarus",2022,0.265815531749378
"BEL","Belgium",1995,0.132142033327659
"BEL","Belgium",1996,0.132009115273436
"BEL","Belgium",1997,0.131877993409134
"BEL","Belgium",1998,0.131748667734755
"BEL","Belgium",1999,0.131624730630141
"BEL","Belgium",2000,0.132942499884319
"BEL","Belgium",2001,0.136312256164924
"BEL","Belgium",2002,0.132200898690554
"BEL","Belgium",2003,0.134555113453687
"BEL","Belgium",2004,0.132905747498651
"BEL","Belgium",2005,0.131320147595568
"BEL","Belgium",2006,0.135391958411852
"BEL","Belgium",2007,0.150229493925882
"BEL","Belgium",2008,0.153484548645808
"BEL","Belgium",2009,0.165093428987031
"BEL","Belgium",2010,0.173652073985441
"BEL","Belgium",2011,0.157841377414385
"BEL","Belgium",2012,0.154724439190081
"BEL","Belgium",2013,0.158476894299854
"BEL","Belgium",2014,0.146852131839252
"BEL","Belgium",2015,0.15511609288385
"BEL","Belgium",2016,0.155727298535015
"BEL","Belgium",2017,0.15757724929041
"BEL","Belgium",2018,0.155845314426729
"BEL","Belgium",2019,0.161962260785562
"BEL","Belgium",2020,0.167784038087586
"BEL","Belgium",2021,0.163868580576902
"BEL","Belgium",2022,0.16630233063546
"BLZ","Belize",1995,0.54130826170327
"BLZ","Belize",1996,0.547186255572754
"BLZ","Belize",1997,0.543887290178836
"BLZ","Belize",1998,0.53819339210555
"BLZ","Belize",1999,0.539075077694657
"BLZ","Belize",2000,0.518401790446569
"BLZ","Belize",2001,0.524582701385769
"BLZ","Belize",2002,0.44891577923017
"BLZ","Belize",2003,0.450187681346659
"BLZ","Belize",2004,0.514439833536538
"BLZ","Belize",2005,0.515129635193149
"BLZ","Belize",2006,0.51335625083646
"BLZ","Belize",2007,0.519393093670989
"BLZ","Belize",2008,0.527126194598126
"BLZ","Belize",2009,0.50337748929509
"BLZ","Belize",2010,0.528489156441287
"BLZ","Belize",2011,0.505851490628761
"BLZ","Belize",2012,0.505592675439192
"BLZ","Belize",2013,0.470491662785492
"BLZ","Belize",2014,0.502849499282834
"BLZ","Belize",2015,0.488322051775174
"BLZ","Belize",2016,0.476719297913893
"BLZ","Belize",2017,0.479067686720574
"BLZ","Belize",2018,0.470328041667124
"BLZ","Belize",2019,0.488463287901428
"BLZ","Belize",2020,0.489880302395823
"BLZ","Belize",2021,0.490263562899639
"BLZ","Belize",2022,0.471854533744911
"BEN","Benin",1995,0.696299400150368
"BEN","Benin",1996,0.695741555410405
"BEN","Benin",1997,0.686847643327272
"BEN","Benin",1998,0.677952969039186
"BEN","Benin",1999,0.664021356950638
"BEN","Benin",2000,0.652150786247592
"BEN","Benin",2001,0.639194127964699
"BEN","Benin",2002,0.644252086662962
"BEN","Benin",2003,0.641047437055652
"BEN","Benin",2004,0.637669363538798
"BEN","Benin",2005,0.647458000958832
"BEN","Benin",2006,0.644923066040923
"BEN","Benin",2007,0.641451136318773
"BEN","Benin",2008,0.650273586943962
"BEN","Benin",2009,0.63376586811097
"BEN","Benin",2010,0.652030531783397
"BEN","Benin",2011,0.638269993568157
"BEN","Benin",2012,0.646192725409483
"BEN","Benin",2013,0.651984892659167
"BEN","Benin",2014,0.663697492952943
"BEN","Benin",2015,0.65082344295214
"BEN","Benin",2016,0.675357030693421
"BEN","Benin",2017,0.683214984096489
"BEN","Benin",2018,0.664505941623246
"BEN","Benin",2019,0.648218224096635
"BEN","Benin",2020,0.639913985908025
"BEN","Benin",2021,0.652315493680725
"BEN","Benin",2022,0.637532361624727
"BTN","Bhutan",1995,0.545485017456462
"BTN","Bhutan",1996,0.543837021029119
"BTN","Bhutan",1997,0.542547161243055
"BTN","Bhutan",1998,0.540715604405345
"BTN","Bhutan",1999,0.536601295226087
"BTN","Bhutan",2000,0.534327306913947
"BTN","Bhutan",2001,0.532432888926311
"BTN","Bhutan",2002,0.530378100102619
"BTN","Bhutan",2003,0.528102645867985
"BTN","Bhutan",2004,0.526077614817029
"BTN","Bhutan",2005,0.524195158111419
"BTN","Bhutan",2006,0.540631876142804
"BTN","Bhutan",2007,0.542801846782385
"BTN","Bhutan",2008,0.528379208207928
"BTN","Bhutan",2009,0.527382357362192
"BTN","Bhutan",2010,0.522317561122044
"BTN","Bhutan",2011,0.519331005022263
"BTN","Bhutan",2012,0.525421843685184
"BTN","Bhutan",2013,0.524176199061314
"BTN","Bhutan",2014,0.522946720146742
"BTN","Bhutan",2015,0.521050346832177
"BTN","Bhutan",2016,0.519171935416832
"BTN","Bhutan",2017,0.513435906832667
"BTN","Bhutan",2018,0.510474208275759
"BTN","Bhutan",2019,0.510753847298515
"BTN","Bhutan",2020,0.509114214173341
"BTN","Bhutan",2021,0.506702621938496
"BTN","Bhutan",2022,0.505484805171423
"BOL","Bolivia, Plurinational State of",1995,0.474124896171269
"BOL","Bolivia, Plurinational State of",1996,0.474799721212266
"BOL","Bolivia, Plurinational State of",1997,0.469195662977148
"BOL","Bolivia, Plurinational State of",1998,0.467353784209018
"BOL","Bolivia, Plurinational State of",1999,0.471272188397059
"BOL","Bolivia, Plurinational State of",2000,0.480405549489353
"BOL","Bolivia, Plurinational State of",2001,0.482910591834363
"BOL","Bolivia, Plurinational State of",2002,0.477736379236386
"BOL","Bolivia, Plurinational State of",2003,0.477067358505208
"BOL","Bolivia, Plurinational State of",2004,0.471092038089139
"BOL","Bolivia, Plurinational State of",2005,0.465978335748569
"BOL","Bolivia, Plurinational State of",2006,0.462391082413121
"BOL","Bolivia, Plurinational State of",2007,0.46332617654789
"BOL","Bolivia, Plurinational State of",2008,0.459009112105167
"BOL","Bolivia, Plurinational State of",2009,0.457539041010233
"BOL","Bolivia, Plurinational State of",2010,0.453424901976986
"BOL","Bolivia, Plurinational State of",2011,0.453750898669765
"BOL","Bolivia, Plurinational State of",2012,0.451129710817323
"BOL","Bolivia, Plurinational State of",2013,0.451079610886405
"BOL","Bolivia, Plurinational State of",2014,0.45132417367017
"BOL","Bolivia, Plurinational State of",2015,0.450026676177707
"BOL","Bolivia, Plurinational State of",2016,0.454773525922268
"BOL","Bolivia, Plurinational State of",2017,0.453466442436456
"BOL","Bolivia, Plurinational State of",2018,0.451662414447432
"BOL","Bolivia, Plurinational State of",2019,0.45133596048153
"BOL","Bolivia, Plurinational State of",2020,0.458400647730437
"BOL","Bolivia, Plurinational State of",2021,0.449071835084464
"BOL","Bolivia, Plurinational State of",2022,0.443775606125057
"BIH","Bosnia and Herzegovina",1995,0.478644144363187
"BIH","Bosnia and Herzegovina",1996,0.479661749937011
"BIH","Bosnia and Herzegovina",1997,0.479086911165207
"BIH","Bosnia and Herzegovina",1998,0.465177280300581
"BIH","Bosnia and Herzegovina",1999,0.464309694394298
"BIH","Bosnia and Herzegovina",2000,0.464426954678177
"BIH","Bosnia and Herzegovina",2001,0.46297638148871
"BIH","Bosnia and Herzegovina",2002,0.45837940884299
"BIH","Bosnia and Herzegovina",2003,0.459236037305303
"BIH","Bosnia and Herzegovina",2004,0.453978939086175
"BIH","Bosnia and Herzegovina",2005,0.451782250498149
"BIH","Bosnia and Herzegovina",2006,0.446105467825441
"BIH","Bosnia and Herzegovina",2007,0.441927500361793
"BIH","Bosnia and Herzegovina",2008,0.437755245166227
"BIH","Bosnia and Herzegovina",2009,0.444318788981066
"BIH","Bosnia and Herzegovina",2010,0.439409554445988
"BIH","Bosnia and Herzegovina",2011,0.434515596660363
"BIH","Bosnia and Herzegovina",2012,0.433800900964456
"BIH","Bosnia and Herzegovina",2013,0.432481052942818
"BIH","Bosnia and Herzegovina",2014,0.428704524523303
"BIH","Bosnia and Herzegovina",2015,0.431562251433652
"BIH","Bosnia and Herzegovina",2016,0.430425809426543
"BIH","Bosnia and Herzegovina",2017,0.427405857018872
"BIH","Bosnia and Herzegovina",2018,0.422734841557102
"BIH","Bosnia and Herzegovina",2019,0.422527260606583
"BIH","Bosnia and Herzegovina",2020,0.424774846861415
"BIH","Bosnia and Herzegovina",2021,0.41794125912717
"BIH","Bosnia and Herzegovina",2022,0.415973424688564
"BWA","Botswana",1995,0.5736561280869
"BWA","Botswana",1996,0.572055267275477
"BWA","Botswana",1997,0.557081405036975
"BWA","Botswana",1998,0.540511939686876
"BWA","Botswana",1999,0.524930912906783
"BWA","Botswana",2000,0.514701691846193
"BWA","Botswana",2001,0.508712172591225
"BWA","Botswana",2002,0.515466742917997
"BWA","Botswana",2003,0.510023585854279
"BWA","Botswana",2004,0.513002224045133
"BWA","Botswana",2005,0.513078404374153
"BWA","Botswana",2006,0.512076515666202
"BWA","Botswana",2007,0.508005862953709
"BWA","Botswana",2008,0.504569080857643
"BWA","Botswana",2009,0.504839910585852
"BWA","Botswana",2010,0.506281483288491
"BWA","Botswana",2011,0.490667465864666
"BWA","Botswana",2012,0.486534252196313
"BWA","Botswana",2013,0.483303478640588
"BWA","Botswana",2014,0.480844790795536
"BWA","Botswana",2015,0.482054265176246
"BWA","Botswana",2016,0.486843332970332
"BWA","Botswana",2017,0.48947831901666
"BWA","Botswana",2018,0.487230019868817
"BWA","Botswana",2019,0.48718155908589
"BWA","Botswana",2020,0.485902287392028
"BWA","Botswana",2021,0.48127596968611
"BWA","Botswana",2022,0.485187454428595
"BRA","Brazil",1995,0.42488786911904
"BRA","Brazil",1996,0.42374735468489
"BRA","Brazil",1997,0.417446818721068
"BRA","Brazil",1998,0.417259027327286
"BRA","Brazil",1999,0.41078517580715
"BRA","Brazil",2000,0.405552387891945
"BRA","Brazil",2001,0.40209396330512
"BRA","Brazil",2002,0.403778010673884
"BRA","Brazil",2003,0.403565862905678
"BRA","Brazil",2004,0.396640642440858
"BRA","Brazil",2005,0.39355865408235
"BRA","Brazil",2006,0.392866153284637
"BRA","Brazil",2007,0.392236849480512
"BRA","Brazil",2008,0.392063262433604
"BRA","Brazil",2009,0.393863768887843
"BRA","Brazil",2010,0.392557463157109
"BRA","Brazil",2011,0.392701576732581
"BRA","Brazil",2012,0.392940171208967
"BRA","Brazil",2013,0.393709315344108
"BRA","Brazil",2014,0.394104437171696
"BRA","Brazil",2015,0.394326126734284
"BRA","Brazil",2016,0.400700702967738
"BRA","Brazil",2017,0.398161713908845
"BRA","Brazil",2018,0.39526724508419
"BRA","Brazil",2019,0.39573553843203
"BRA","Brazil",2020,0.396919376198948
"BRA","Brazil",2021,0.394149803384302
"BRA","Brazil",2022,0.392307855860494
"BRN","Brunei Darussalam",1995,0.476081391687404
"BRN","Brunei Darussalam",1996,0.475158150067528
"BRN","Brunei Darussalam",1997,0.474245685587184
"BRN","Brunei Darussalam",1998,0.481313661204672
"BRN","Brunei Darussalam",1999,0.481618144297563
"BRN","Brunei Darussalam",2000,0.481929812150141
"BRN","Brunei Darussalam",2001,0.482254053332173
"BRN","Brunei Darussalam",2002,0.469580590569262
"BRN","Brunei Darussalam",2003,0.475368996901434
"BRN","Brunei Darussalam",2004,0.473770649664269
"BRN","Brunei Darussalam",2005,0.456049025501314
"BRN","Brunei Darussalam",2006,0.47159542841228
"BRN","Brunei Darussalam",2007,0.438612328039911
"BRN","Brunei Darussalam",2008,0.461160797485321
"BRN","Brunei Darussalam",2009,0.457645368831318
"BRN","Brunei Darussalam",2010,0.431817611945758
"BRN","Brunei Darussalam",2011,0.448117391397512
"BRN","Brunei Darussalam",2012,0.445115906456749
"BRN","Brunei Darussalam",2013,0.463254743131935
"BRN","Brunei Darussalam",2014,0.451221218361197
"BRN","Brunei Darussalam",2015,0.451427891016491
"BRN","Brunei Darussalam",2016,0.458610455208045
"BRN","Brunei Darussalam",2017,0.448379647247342
"BRN","Brunei Darussalam",2018,0.44009108380336
"BRN","Brunei Darussalam",2019,0.433641965753655
"BRN","Brunei Darussalam",2020,0.435282974624905
"BRN","Brunei Darussalam",2021,0.425262726729945
"BRN","Brunei Darussalam",2022,0.424492149123052
"BGR","Bulgaria",1995,0.397238587788285
"BGR","Bulgaria",1996,0.397596982215685
"BGR","Bulgaria",1997,0.399925146192637
"BGR","Bulgaria",1998,0.394613389982107
"BGR","Bulgaria",1999,0.390398914982156
"BGR","Bulgaria",2000,0.389185728652444
"BGR","Bulgaria",2001,0.389635506703654
"BGR","Bulgaria",2002,0.390168870036509
"BGR","Bulgaria",2003,0.388505095860899
"BGR","Bulgaria",2004,0.388306820171968
"BGR","Bulgaria",2005,0.386847082965103
"BGR","Bulgaria",2006,0.388587493470625
"BGR","Bulgaria",2007,0.392900761999081
"BGR","Bulgaria",2008,0.395910215140037
"BGR","Bulgaria",2009,0.405383128038238
"BGR","Bulgaria",2010,0.405247596573472
"BGR","Bulgaria",2011,0.406278808772865
"BGR","Bulgaria",2012,0.406182694000838
"BGR","Bulgaria",2013,0.407844921079011
"BGR","Bulgaria",2014,0.4075443293703
"BGR","Bulgaria",2015,0.408025605920297
"BGR","Bulgaria",2016,0.404062337594168
"BGR","Bulgaria",2017,0.403035828213915
"BGR","Bulgaria",2018,0.398251746346461
"BGR","Bulgaria",2019,0.398602535950492
"BGR","Bulgaria",2020,0.40636172444199
"BGR","Bulgaria",2021,0.40069756443351
"BGR","Bulgaria",2022,0.402116160301487
"BFA","Burkina Faso",1995,0.745364352756047
"BFA","Burkina Faso",1996,0.747816051657778
"BFA","Burkina Faso",1997,0.73142017609913
"BFA","Burkina Faso",1998,0.741229180124567
"BFA","Burkina Faso",1999,0.732270684843756
"BFA","Burkina Faso",2000,0.714320008706005
"BFA","Burkina Faso",2001,0.717380874762525
"BFA","Burkina Faso",2002,0.730043704870615
"BFA","Burkina Faso",2003,0.719345879829824
"BFA","Burkina Faso",2004,0.711014490464562
"BFA","Burkina Faso",2005,0.70871344373482
"BFA","Burkina Faso",2006,0.698948526222765
"BFA","Burkina Faso",2007,0.690261049713443
"BFA","Burkina Faso",2008,0.686502593355473
"BFA","Burkina Faso",2009,0.681566369520357
"BFA","Burkina Faso",2010,0.708429261909044
"BFA","Burkina Faso",2011,0.674604426376807
"BFA","Burkina Faso",2012,0.67110270139939
"BFA","Burkina Faso",2013,0.64905755300319
"BFA","Burkina Faso",2014,0.652522438669307
"BFA","Burkina Faso",2015,0.665565408728026
"BFA","Burkina Faso",2016,0.646231835264658
"BFA","Burkina Faso",2017,0.648715930867117
"BFA","Burkina Faso",2018,0.646071440098712
"BFA","Burkina Faso",2019,0.639093736647394
"BFA","Burkina Faso",2020,0.64516179527199
"BFA","Burkina Faso",2021,0.654385711160824
"BFA","Burkina Faso",2022,0.652129757417091
"BDI","Burundi",1995,0.710967422399399
"BDI","Burundi",1996,0.696647566226111
"BDI","Burundi",1997,0.703599779979588
"BDI","Burundi",1998,0.706347496440406
"BDI","Burundi",1999,0.682802838317373
"BDI","Burundi",2000,0.714543473551769
"BDI","Burundi",2001,0.689131072152764
"BDI","Burundi",2002,0.685100221143867
"BDI","Burundi",2003,0.697079038172569
"BDI","Burundi",2004,0.678737730839619
"BDI","Burundi",2005,0.673478040135939
"BDI","Burundi",2006,0.711610246980418
"BDI","Burundi",2007,0.67994079307216
"BDI","Burundi",2008,0.671749244889487
"BDI","Burundi",2009,0.67235524168299
"BDI","Burundi",2010,0.669834629213786
"BDI","Burundi",2011,0.698584419424883
"BDI","Burundi",2012,0.71142890584288
"BDI","Burundi",2013,0.661444584781199
"BDI","Burundi",2014,0.661383169043775
"BDI","Burundi",2015,0.659170520449984
"BDI","Burundi",2016,0.666668264588637
"BDI","Burundi",2017,0.670643404550823
"BDI","Burundi",2018,0.661621169771822
"BDI","Burundi",2019,0.661041380666925
"BDI","Burundi",2020,0.664169177462641
"BDI","Burundi",2021,0.659913585574011
"BDI","Burundi",2022,0.652602512987429
"KHM","Cambodia",1995,0.637319097840868
"KHM","Cambodia",1996,0.636829616665099
"KHM","Cambodia",1997,0.642285182645906
"KHM","Cambodia",1998,0.648396140933581
"KHM","Cambodia",1999,0.654220318267614
"KHM","Cambodia",2000,0.660196725154361
"KHM","Cambodia",2001,0.648785402059413
"KHM","Cambodia",2002,0.634661597127399
"KHM","Cambodia",2003,0.619046068137062
"KHM","Cambodia",2004,0.607625204496309
"KHM","Cambodia",2005,0.594504483712286
"KHM","Cambodia",2006,0.594117644930395
"KHM","Cambodia",2007,0.592818235654947
"KHM","Cambodia",2008,0.595857206224803
"KHM","Cambodia",2009,0.60418060854905
"KHM","Cambodia",2010,0.606991068283601
"KHM","Cambodia",2011,0.601857387797063
"KHM","Cambodia",2012,0.598593654110536
"KHM","Cambodia",2013,0.594136337311067
"KHM","Cambodia",2014,0.592283029643854
"KHM","Cambodia",2015,0.590090639172118
"KHM","Cambodia",2016,0.588080752165563
"KHM","Cambodia",2017,0.587839170785542
"KHM","Cambodia",2018,0.583200961928773
"KHM","Cambodia",2019,0.581293338483179
"KHM","Cambodia",2020,0.583836292278512
"KHM","Cambodia",2021,0.57566867985953
"KHM","Cambodia",2022,0.576382194588178
"CMR","Cameroon",1995,0.607395320517038
"CMR","Cameroon",1996,0.596199106557368
"CMR","Cameroon",1997,0.599919971161332
"CMR","Cameroon",1998,0.598547539185313
"CMR","Cameroon",1999,0.605173149141338
"CMR","Cameroon",2000,0.600730774249398
"CMR","Cameroon",2001,0.590891240112736
"CMR","Cameroon",2002,0.594090292298766
"CMR","Cameroon",2003,0.590574970968607
"CMR","Cameroon",2004,0.589331644947382
"CMR","Cameroon",2005,0.590805373180216
"CMR","Cameroon",2006,0.595882694290614
"CMR","Cameroon",2007,0.60163919202534
"CMR","Cameroon",2008,0.604476437599172
"CMR","Cameroon",2009,0.608823914921634
"CMR","Cameroon",2010,0.580623954611526
"CMR","Cameroon",2011,0.595791328973463
"CMR","Cameroon",2012,0.579009160804011
"CMR","Cameroon",2013,0.58373415514394
"CMR","Cameroon",2014,0.56941249603794
"CMR","Cameroon",2015,0.571919515021192
"CMR","Cameroon",2016,0.575155290316226
"CMR","Cameroon",2017,0.574245648824801
"CMR","Cameroon",2018,0.564588359588311
"CMR","Cameroon",2019,0.564431096938981
"CMR","Cameroon",2020,0.569326817190053
"CMR","Cameroon",2021,0.56753034579816
"CMR","Cameroon",2022,0.566479574693827
"CAN","Canada",1995,0.246942115040117
"CAN","Canada",1996,0.24614679207414
"CAN","Canada",1997,0.244149612162096
"CAN","Canada",1998,0.242997740678188
"CAN","Canada",1999,0.241049781004818
"CAN","Canada",2000,0.240656101999513
"CAN","Canada",2001,0.242227045288025
"CAN","Canada",2002,0.243497128177177
"CAN","Canada",2003,0.243419912075504
"CAN","Canada",2004,0.242075643889417
"CAN","Canada",2005,0.241376559258021
"CAN","Canada",2006,0.241416111593947
"CAN","Canada",2007,0.240439270145695
"CAN","Canada",2008,0.239087158547213
"CAN","Canada",2009,0.242440228980617
"CAN","Canada",2010,0.238764074731627
"CAN","Canada",2011,0.237907050182108
"CAN","Canada",2012,0.237968522929499
"CAN","Canada",2013,0.238477975070919
"CAN","Canada",2014,0.239104635060296
"CAN","Canada",2015,0.240283654247988
"CAN","Canada",2016,0.240982820129624
"CAN","Canada",2017,0.240175580679426
"CAN","Canada",2018,0.239343178227413
"CAN","Canada",2019,0.239919090897874
"CAN","Canada",2020,0.24292784368652
"CAN","Canada",2021,0.240964552307885
"CAN","Canada",2022,0.239999712407621
"CPV","Cape Verde",1995,0.623322923940951
"CPV","Cape Verde",1996,0.621357232648381
"CPV","Cape Verde",1997,0.619072101516848
"CPV","Cape Verde",1998,0.614966397311882
"CPV","Cape Verde",1999,0.603802326538317
"CPV","Cape Verde",2000,0.599848191367806
"CPV","Cape Verde",2001,0.607309645262194
"CPV","Cape Verde",2002,0.592786596275986
"CPV","Cape Verde",2003,0.593943709761998
"CPV","Cape Verde",2004,0.590326259875049
"CPV","Cape Verde",2005,0.589474038248348
"CPV","Cape Verde",2006,0.583354971260976
"CPV","Cape Verde",2007,0.570305247366486
"CPV","Cape Verde",2008,0.574969734189562
"CPV","Cape Verde",2009,0.578965238598803
"CPV","Cape Verde",2010,0.571747883310961
"CPV","Cape Verde",2011,0.563079360247546
"CPV","Cape Verde",2012,0.570214778544943
"CPV","Cape Verde",2013,0.582748635062543
"CPV","Cape Verde",2014,0.569708637117379
"CPV","Cape Verde",2015,0.581641653192655
"CPV","Cape Verde",2016,0.575448832051721
"CPV","Cape Verde",2017,0.571933173838082
"CPV","Cape Verde",2018,0.571239995251683
"CPV","Cape Verde",2019,0.572591356974117
"CPV","Cape Verde",2020,0.542732143662288
"CPV","Cape Verde",2021,0.568071639216068
"CPV","Cape Verde",2022,0.580403688125065
"CAF","Central African Republic",1995,0.617535615813991
"CAF","Central African Republic",1996,0.608567164400743
"CAF","Central African Republic",1997,0.633813745028864
"CAF","Central African Republic",1998,0.638044600782851
"CAF","Central African Republic",1999,0.636227024719764
"CAF","Central African Republic",2000,0.653679061216273
"CAF","Central African Republic",2001,0.649062836288064
"CAF","Central African Republic",2002,0.633154043914785
"CAF","Central African Republic",2003,0.643280210196042
"CAF","Central African Republic",2004,0.626318069305254
"CAF","Central African Republic",2005,0.629996159569785
"CAF","Central African Republic",2006,0.58663661013266
"CAF","Central African Republic",2007,0.627098435685324
"CAF","Central African Republic",2008,0.638527433892366
"CAF","Central African Republic",2009,0.666207188775455
"CAF","Central African Republic",2010,0.627556588665057
"CAF","Central African Republic",2011,0.635537219720129
"CAF","Central African Republic",2012,0.630793961910359
"CAF","Central African Republic",2013,0.643515761157988
"CAF","Central African Republic",2014,0.612903755766925
"CAF","Central African Republic",2015,0.582623913364839
"CAF","Central African Republic",2016,0.584563341597099
"CAF","Central African Republic",2017,0.598333885467753
"CAF","Central African Republic",2018,0.596741150223423
"CAF","Central African Republic",2019,0.578192543158466
"CAF","Central African Republic",2020,0.576608824176287
"CAF","Central African Republic",2021,0.587136560194294
"CAF","Central African Republic",2022,0.576343353752477
"TCD","Chad",1995,0.750561817476039
"TCD","Chad",1996,0.750502543208615
"TCD","Chad",1997,0.750520960698812
"TCD","Chad",1998,0.744541832150878
"TCD","Chad",1999,0.738562703602944
"TCD","Chad",2000,0.73258357505501
"TCD","Chad",2001,0.736451896416002
"TCD","Chad",2002,0.740322013966915
"TCD","Chad",2003,0.744190335327906
"TCD","Chad",2004,0.748058656688898
"TCD","Chad",2005,0.748113225773022
"TCD","Chad",2006,0.748167794857146
"TCD","Chad",2007,0.748220567751349
"TCD","Chad",2008,0.748275136835473
"TCD","Chad",2009,0.748329705919597
"TCD","Chad",2010,0.748351943585127
"TCD","Chad",2011,0.744129645824775
"TCD","Chad",2012,0.739873220455908
"TCD","Chad",2013,0.735584463668444
"TCD","Chad",2014,0.731263375462386
"TCD","Chad",2015,0.726908159647811
"TCD","Chad",2016,0.727300236989747
"TCD","Chad",2017,0.727658186723166
"TCD","Chad",2018,0.727980212658146
"TCD","Chad",2019,0.729634231203189
"TCD","Chad",2020,0.699146704623259
"TCD","Chad",2021,0.70345931981866
"TCD","Chad",2022,0.686559351637723
"CHL","Chile",1995,0.250764512352038
"CHL","Chile",1996,0.248137249942604
"CHL","Chile",1997,0.245111515644242
"CHL","Chile",1998,0.246038523879666
"CHL","Chile",1999,0.24894694906119
"CHL","Chile",2000,0.244125122251897
"CHL","Chile",2001,0.24278258819383
"CHL","Chile",2002,0.241320205511429
"CHL","Chile",2003,0.239678913749476
"CHL","Chile",2004,0.235811381983778
"CHL","Chile",2005,0.230374849359528
"CHL","Chile",2006,0.223778574168896
"CHL","Chile",2007,0.229947625854283
"CHL","Chile",2008,0.231336130081985
"CHL","Chile",2009,0.231791728880474
"CHL","Chile",2010,0.230614419866931
"CHL","Chile",2011,0.231714434955452
"CHL","Chile",2012,0.230276900372565
"CHL","Chile",2013,0.230999067806922
"CHL","Chile",2014,0.232803853230331
"CHL","Chile",2015,0.234702251698466
"CHL","Chile",2016,0.236011558585075
"CHL","Chile",2017,0.236732764537263
"CHL","Chile",2018,0.235378619292889
"CHL","Chile",2019,0.236471683517568
"CHL","Chile",2020,0.24302279339675
"CHL","Chile",2021,0.239861052747803
"CHL","Chile",2022,0.237725987009387
"CHN","China",1995,0.477540198217924
"CHN","China",1996,0.466354713457489
"CHN","China",1997,0.45567156784344
"CHN","China",1998,0.446728262820009
"CHN","China",1999,0.441890166425311
"CHN","China",2000,0.44014777440886
"CHN","China",2001,0.439392177968337
"CHN","China",2002,0.437032779281633
"CHN","China",2003,0.435192152699306
"CHN","China",2004,0.432380628960511
"CHN","China",2005,0.427708314727537
"CHN","China",2006,0.422847068385668
"CHN","China",2007,0.420377741441311
"CHN","China",2008,0.419695855490268
"CHN","China",2009,0.417419314805203
"CHN","China",2010,0.41153024701042
"CHN","China",2011,0.407949674622375
"CHN","China",2012,0.406436224620032
"CHN","China",2013,0.40345589068417
"CHN","China",2014,0.402001878400479
"CHN","China",2015,0.402118151436189
"CHN","China",2016,0.400642703054179
"CHN","China",2017,0.398692852808656
"CHN","China",2018,0.396944165909638
"CHN","China",2019,0.398339895455162
"CHN","China",2020,0.400343312838663
"CHN","China",2021,0.398987595314987
"CHN","China",2022,0.398686332921919
"COL","Colombia",1995,0.427860460896326
"COL","Colombia",1996,0.43531879872906
"COL","Colombia",1997,0.429952519961859
"COL","Colombia",1998,0.430002199784897
"COL","Colombia",1999,0.431216208361548
"COL","Colombia",2000,0.426904653914089
"COL","Colombia",2001,0.425618671666552
"COL","Colombia",2002,0.426815540057519
"COL","Colombia",2003,0.424784338072759
"COL","Colombia",2004,0.422758499925596
"COL","Colombia",2005,0.418257033688265
"COL","Colombia",2006,0.416610927615253
"COL","Colombia",2007,0.415683312872303
"COL","Colombia",2008,0.416660412478174
"COL","Colombia",2009,0.414569636776078
"COL","Colombia",2010,0.411392041978863
"COL","Colombia",2011,0.411031780719065
"COL","Colombia",2012,0.413350878981355
"COL","Colombia",2013,0.412603474168148
"COL","Colombia",2014,0.411469727528191
"COL","Colombia",2015,0.413753783185979
"COL","Colombia",2016,0.42131983074974
"COL","Colombia",2017,0.419627090491118
"COL","Colombia",2018,0.418762808598653
"COL","Colombia",2019,0.418217358612311
"COL","Colombia",2020,0.424714692477078
"COL","Colombia",2021,0.42048058223345
"COL","Colombia",2022,0.419444855854892
"COM","Comoros",1995,0.71541611893658
"COM","Comoros",1996,0.699618610535515
"COM","Comoros",1997,0.715477297786408
"COM","Comoros",1998,0.715860127176755
"COM","Comoros",1999,0.655476537853544
"COM","Comoros",2000,0.72593804475559
"COM","Comoros",2001,0.71173277130032
"COM","Comoros",2002,0.715856711870123
"COM","Comoros",2003,0.709195606885848
"COM","Comoros",2004,0.724090586168903
"COM","Comoros",2005,0.696803782253534
"COM","Comoros",2006,0.679428223927601
"COM","Comoros",2007,0.654572328359227
"COM","Comoros",2008,0.729774076696585
"COM","Comoros",2009,0.704475777594969
"COM","Comoros",2010,0.700387143432099
"COM","Comoros",2011,0.706569360254047
"COM","Comoros",2012,0.708226081343943
"COM","Comoros",2013,0.692380281489881
"COM","Comoros",2014,0.706918673988092
"COM","Comoros",2015,0.716658792854206
"COM","Comoros",2016,0.726811928440835
"COM","Comoros",2017,0.688181222096867
"COM","Comoros",2018,0.70698488937747
"COM","Comoros",2019,0.708165427869975
"COM","Comoros",2020,0.693475471721686
"COM","Comoros",2021,0.660326135791634
"COM","Comoros",2022,0.659875292121228
"COG","Congo",1995,0.604221494130973
"COG","Congo",1996,0.598694595686926
"COG","Congo",1997,0.594517017984428
"COG","Congo",1998,0.590281730217295
"COG","Congo",1999,0.586078889862323
"COG","Congo",2000,0.581827349390717
"COG","Congo",2001,0.576729974035507
"COG","Congo",2002,0.573351877689223
"COG","Congo",2003,0.569977373722782
"COG","Congo",2004,0.566606462136186
"COG","Congo",2005,0.563344944714598
"COG","Congo",2006,0.556836295301168
"COG","Congo",2007,0.550286159529184
"COG","Congo",2008,0.553736278011427
"COG","Congo",2009,0.551438305485986
"COG","Congo",2010,0.544705738278635
"COG","Congo",2011,0.537951966370922
"COG","Congo",2012,0.542565484339764
"COG","Congo",2013,0.548936867860201
"COG","Congo",2014,0.551862745453596
"COG","Congo",2015,0.547572568484611
"COG","Congo",2016,0.544290704708254
"COG","Congo",2017,0.569759726813858
"COG","Congo",2018,0.573290728037866
"COG","Congo",2019,0.597762221735673
"COG","Congo",2020,0.611255501881174
"COG","Congo",2021,0.612663693927769
"COG","Congo",2022,0.611850019893131
"COD","Congo, the Democratic Republic o",1995,0.671397021176619
"COD","Congo, the Democratic Republic o",1996,0.676684998800511
"COD","Congo, the Democratic Republic o",1997,0.681869115707096
"COD","Congo, the Democratic Republic o",1998,0.687044610902054
"COD","Congo, the Democratic Republic o",1999,0.692365128732962
"COD","Congo, the Democratic Republic o",2000,0.69751470659594
"COD","Congo, the Democratic Republic o",2001,0.702547438977067
"COD","Congo, the Democratic Republic o",2002,0.694038022279264
"COD","Congo, the Democratic Republic o",2003,0.685522139297742
"COD","Congo, the Democratic Republic o",2004,0.677012774797044
"COD","Congo, the Democratic Republic o",2005,0.668514291830087
"COD","Congo, the Democratic Republic o",2006,0.659797310288983
"COD","Congo, the Democratic Republic o",2007,0.651052273387025
"COD","Congo, the Democratic Republic o",2008,0.644614552861308
"COD","Congo, the Democratic Republic o",2009,0.638521006891636
"COD","Congo, the Democratic Republic o",2010,0.63210073857759
"COD","Congo, the Democratic Republic o",2011,0.629993157829898
"COD","Congo, the Democratic Republic o",2012,0.627775267480213
"COD","Congo, the Democratic Republic o",2013,0.625273937334629
"COD","Congo, the Democratic Republic o",2014,0.620337233218691
"COD","Congo, the Democratic Republic o",2015,0.615646587033772
"COD","Congo, the Democratic Republic o",2016,0.614460508944436
"COD","Congo, the Democratic Republic o",2017,0.603935169283153
"COD","Congo, the Democratic Republic o",2018,0.587035056956084
"COD","Congo, the Democratic Republic o",2019,0.582975247223363
"COD","Congo, the Democratic Republic o",2020,0.587122633741801
"COD","Congo, the Democratic Republic o",2021,0.590824649176799
"COD","Congo, the Democratic Republic o",2022,0.579892197781615
"CRI","Costa Rica",1995,0.443697196588382
"CRI","Costa Rica",1996,0.429616219225667
"CRI","Costa Rica",1997,0.397134778442435
"CRI","Costa Rica",1998,0.369854575212331
"CRI","Costa Rica",1999,0.365804645771045
"CRI","Costa Rica",2000,0.363687752942328
"CRI","Costa Rica",2001,0.365469705112819
"CRI","Costa Rica",2002,0.361013715269603
"CRI","Costa Rica",2003,0.354527631125726
"CRI","Costa Rica",2004,0.35351997849564
"CRI","Costa Rica",2005,0.344105198692344
"CRI","Costa Rica",2006,0.34103947157037
"CRI","Costa Rica",2007,0.34240612154928
"CRI","Costa Rica",2008,0.340683637995315
"CRI","Costa Rica",2009,0.357196116909437
"CRI","Costa Rica",2010,0.340644111374985
"CRI","Costa Rica",2011,0.336334399056154
"CRI","Costa Rica",2012,0.339591572958905
"CRI","Costa Rica",2013,0.335220259857244
"CRI","Costa Rica",2014,0.335188728937657
"CRI","Costa Rica",2015,0.33396739512708
"CRI","Costa Rica",2016,0.335768156311426
"CRI","Costa Rica",2017,0.334550177121026
"CRI","Costa Rica",2018,0.332516837016652
"CRI","Costa Rica",2019,0.331905206083147
"CRI","Costa Rica",2020,0.33487956330514
"CRI","Costa Rica",2021,0.32986694703627
"CRI","Costa Rica",2022,0.326526380617225
"CIV","Cote d'Ivoire",1995,0.620150664660954
"CIV","Cote d'Ivoire",1996,0.613156533910669
"CIV","Cote d'Ivoire",1997,0.613874083612342
"CIV","Cote d'Ivoire",1998,0.617416190834014
"CIV","Cote d'Ivoire",1999,0.618123906671919
"CIV","Cote d'Ivoire",2000,0.617583575142032
"CIV","Cote d'Ivoire",2001,0.632953519757992
"CIV","Cote d'Ivoire",2002,0.641853672993011
"CIV","Cote d'Ivoire",2003,0.646474742726027
"CIV","Cote d'Ivoire",2004,0.637098624022273
"CIV","Cote d'Ivoire",2005,0.635043156512876
"CIV","Cote d'Ivoire",2006,0.647635915963442
"CIV","Cote d'Ivoire",2007,0.65225690785717
"CIV","Cote d'Ivoire",2008,0.648286068725158
"CIV","Cote d'Ivoire",2009,0.648010492202642
"CIV","Cote d'Ivoire",2010,0.627485954957941
"CIV","Cote d'Ivoire",2011,0.633403352990547
"CIV","Cote d'Ivoire",2012,0.609803594139945
"CIV","Cote d'Ivoire",2013,0.591709720802232
"CIV","Cote d'Ivoire",2014,0.594640645192241
"CIV","Cote d'Ivoire",2015,0.593262705926788
"CIV","Cote d'Ivoire",2016,0.60054829686404
"CIV","Cote d'Ivoire",2017,0.600890196746455
"CIV","Cote d'Ivoire",2018,0.603135870737071
"CIV","Cote d'Ivoire",2019,0.605804456168438
"CIV","Cote d'Ivoire",2020,0.608296447133848
"CIV","Cote d'Ivoire",2021,0.611361520593455
"CIV","Cote d'Ivoire",2022,0.59970327300748
"HRV","Croatia",1995,0.504323182503797
"HRV","Croatia",1996,0.502138204266799
"HRV","Croatia",1997,0.499088397395945
"HRV","Croatia",1998,0.4966401552033
"HRV","Croatia",1999,0.492392467545005
"HRV","Croatia",2000,0.490850614617952
"HRV","Croatia",2001,0.492096871607555
"HRV","Croatia",2002,0.489259115895797
"HRV","Croatia",2003,0.487367440407057
"HRV","Croatia",2004,0.48678323645268
"HRV","Croatia",2005,0.486249102171112
"HRV","Croatia",2006,0.484718218966651
"HRV","Croatia",2007,0.48339642733988
"HRV","Croatia",2008,0.482803094856618
"HRV","Croatia",2009,0.48869923252535
"HRV","Croatia",2010,0.489146902547408
"HRV","Croatia",2011,0.490609164753434
"HRV","Croatia",2012,0.49189852342876
"HRV","Croatia",2013,0.493195206978493
"HRV","Croatia",2014,0.494879099145548
"HRV","Croatia",2015,0.495115540631849
"HRV","Croatia",2016,0.492642272874262
"HRV","Croatia",2017,0.492443491249473
"HRV","Croatia",2018,0.488808164229494
"HRV","Croatia",2019,0.490074884046521
"HRV","Croatia",2020,0.489409467331041
"HRV","Croatia",2021,0.48628007038321
"HRV","Croatia",2022,0.48109290758883
"CUB","Cuba",1995,0.431631591811822
"CUB","Cuba",1996,0.430263542329506
"CUB","Cuba",1997,0.430830209774328
"CUB","Cuba",1998,0.430050519008653
"CUB","Cuba",1999,0.43239836288235
"CUB","Cuba",2000,0.421223899532731
"CUB","Cuba",2001,0.426124945200258
"CUB","Cuba",2002,0.436559996521424
"CUB","Cuba",2003,0.447978788350421
"CUB","Cuba",2004,0.442931844669159
"CUB","Cuba",2005,0.439598775125875
"CUB","Cuba",2006,0.414239810405106
"CUB","Cuba",2007,0.417791127820662
"CUB","Cuba",2008,0.419844834895416
"CUB","Cuba",2009,0.425124888021588
"CUB","Cuba",2010,0.418588805413688
"CUB","Cuba",2011,0.420225910709758
"CUB","Cuba",2012,0.420509983042344
"CUB","Cuba",2013,0.420609500977731
"CUB","Cuba",2014,0.422361454818528
"CUB","Cuba",2015,0.425505346726319
"CUB","Cuba",2016,0.431043183297741
"CUB","Cuba",2017,0.433172741565333
"CUB","Cuba",2018,0.43238989000999
"CUB","Cuba",2019,0.432116762207339
"CUB","Cuba",2020,0.431964086063975
"CUB","Cuba",2021,0.431788059451625
"CUB","Cuba",2022,0.431592274750134
"CYP","Cyprus",1995,0.301917104770021
"CYP","Cyprus",1996,0.310447942314519
"CYP","Cyprus",1997,0.336176808008686
"CYP","Cyprus",1998,0.314956025760986
"CYP","Cyprus",1999,0.311427841459359
"CYP","Cyprus",2000,0.326196981895678
"CYP","Cyprus",2001,0.316113486345433
"CYP","Cyprus",2002,0.298656431043002
"CYP","Cyprus",2003,0.302076383216921
"CYP","Cyprus",2004,0.31052030084897
"CYP","Cyprus",2005,0.325345962148546
"CYP","Cyprus",2006,0.316147230251071
"CYP","Cyprus",2007,0.331129513703201
"CYP","Cyprus",2008,0.329974865473646
"CYP","Cyprus",2009,0.318905689280269
"CYP","Cyprus",2010,0.316309973879199
"CYP","Cyprus",2011,0.314405732449006
"CYP","Cyprus",2012,0.311084497739119
"CYP","Cyprus",2013,0.329673585368037
"CYP","Cyprus",2014,0.324982200679448
"CYP","Cyprus",2015,0.319546117947104
"CYP","Cyprus",2016,0.30804737431461
"CYP","Cyprus",2017,0.311073871180007
"CYP","Cyprus",2018,0.313376961055976
"CYP","Cyprus",2019,0.314940509961415
"CYP","Cyprus",2020,0.315424808820794
"CYP","Cyprus",2021,0.324680828844118
"CYP","Cyprus",2022,0.323077416048076
"CZE","Czech Republic",1995,0.230731622973054
"CZE","Czech Republic",1996,0.231887425222025
"CZE","Czech Republic",1997,0.229923723708861
"CZE","Czech Republic",1998,0.228050249032446
"CZE","Czech Republic",1999,0.227788350974677
"CZE","Czech Republic",2000,0.225100520604443
"CZE","Czech Republic",2001,0.223654742075706
"CZE","Czech Republic",2002,0.219725668706647
"CZE","Czech Republic",2003,0.222375749446588
"CZE","Czech Republic",2004,0.220883244513456
"CZE","Czech Republic",2005,0.221479127957325
"CZE","Czech Republic",2006,0.220541985858152
"CZE","Czech Republic",2007,0.220360874136544
"CZE","Czech Republic",2008,0.222182093595577
"CZE","Czech Republic",2009,0.227442115099595
"CZE","Czech Republic",2010,0.224277113483331
"CZE","Czech Republic",2011,0.223809629794241
"CZE","Czech Republic",2012,0.224884121518002
"CZE","Czech Republic",2013,0.223338890609136
"CZE","Czech Republic",2014,0.222529372802133
"CZE","Czech Republic",2015,0.221520500372993
"CZE","Czech Republic",2016,0.221055312347842
"CZE","Czech Republic",2017,0.221918045833847
"CZE","Czech Republic",2018,0.220904367868402
"CZE","Czech Republic",2019,0.222514004021204
"CZE","Czech Republic",2020,0.225260714816364
"CZE","Czech Republic",2021,0.223400916056214
"CZE","Czech Republic",2022,0.219819889151762
"DNK","Denmark",1995,0.186955487003351
"DNK","Denmark",1996,0.195586394718783
"DNK","Denmark",1997,0.196851645149323
"DNK","Denmark",1998,0.199422543492414
"DNK","Denmark",1999,0.200113444269825
"DNK","Denmark",2000,0.198474828067602
"DNK","Denmark",2001,0.199451636650319
"DNK","Denmark",2002,0.20129458613159
"DNK","Denmark",2003,0.202719325126278
"DNK","Denmark",2004,0.202052465699328
"DNK","Denmark",2005,0.201437896215089
"DNK","Denmark",2006,0.200452502307229
"DNK","Denmark",2007,0.199847029467285
"DNK","Denmark",2008,0.198846608797506
"DNK","Denmark",2009,0.206061167481065
"DNK","Denmark",2010,0.203087487731378
"DNK","Denmark",2011,0.200691473796516
"DNK","Denmark",2012,0.196630055909326
"DNK","Denmark",2013,0.201957843060899
"DNK","Denmark",2014,0.209184627127004
"DNK","Denmark",2015,0.207048729373951
"DNK","Denmark",2016,0.207308878777013
"DNK","Denmark",2017,0.205982558854716
"DNK","Denmark",2018,0.205321474350371
"DNK","Denmark",2019,0.206178141297803
"DNK","Denmark",2020,0.204638253506414
"DNK","Denmark",2021,0.20207252931181
"DNK","Denmark",2022,0.200966624686859
"DJI","Djibouti",1995,0.515247789369335
"DJI","Djibouti",1996,0.515163368443004
"DJI","Djibouti",1997,0.513031563378726
"DJI","Djibouti",1998,0.510899758314448
"DJI","Djibouti",1999,0.50876795325017
"DJI","Djibouti",2000,0.50663435199597
"DJI","Djibouti",2001,0.504502546931692
"DJI","Djibouti",2002,0.502370741867414
"DJI","Djibouti",2003,0.500981953885315
"DJI","Djibouti",2004,0.498583239772099
"DJI","Djibouti",2005,0.496547009752776
"DJI","Djibouti",2006,0.493910416751588
"DJI","Djibouti",2007,0.49177861168731
"DJI","Djibouti",2008,0.489646806623032
"DJI","Djibouti",2009,0.487516797748676
"DJI","Djibouti",2010,0.4853688269751
"DJI","Djibouti",2011,0.483202894302306
"DJI","Djibouti",2012,0.493657407942071
"DJI","Djibouti",2013,0.504093959682618
"DJI","Djibouti",2014,0.500171879608706
"DJI","Djibouti",2015,0.496230041445654
"DJI","Djibouti",2016,0.492273833763226
"DJI","Djibouti",2017,0.488301460371501
"DJI","Djibouti",2018,0.484312921270478
"DJI","Djibouti",2019,0.480308216460158
"DJI","Djibouti",2020,0.480044176541633
"DJI","Djibouti",2021,0.479765767103732
"DJI","Djibouti",2022,0.479472988146457
"DMA","Dominica",1995,0.502089237064963
"DMA","Dominica",1996,0.51555787577647
"DMA","Dominica",1997,0.506451545953504
"DMA","Dominica",1998,0.501593264243364
"DMA","Dominica",1999,0.503530342644026
"DMA","Dominica",2000,0.501045571841693
"DMA","Dominica",2001,0.507859918637592
"DMA","Dominica",2002,0.549207058450703
"DMA","Dominica",2003,0.542822748692888
"DMA","Dominica",2004,0.531868647137906
"DMA","Dominica",2005,0.520820113549445
"DMA","Dominica",2006,0.535549868416852
"DMA","Dominica",2007,0.51568297884025
"DMA","Dominica",2008,0.535720790270323
"DMA","Dominica",2009,0.53945387189968
"DMA","Dominica",2010,0.540832622413901
"DMA","Dominica",2011,0.541448266033332
"DMA","Dominica",2012,0.547290286080812
"DMA","Dominica",2013,0.541704089934409
"DMA","Dominica",2014,0.549236613844534
"DMA","Dominica",2015,0.538120860443095
"DMA","Dominica",2016,0.545075588429611
"DMA","Dominica",2017,0.53246184532431
"DMA","Dominica",2018,0.521684329218416
"DMA","Dominica",2019,0.520356937709652
"DMA","Dominica",2020,0.546756359904723
"DMA","Dominica",2021,0.543180460115767
"DMA","Dominica",2022,0.542523054604338
"DOM","Dominican Republic",1995,0.460623922279345
"DOM","Dominican Republic",1996,0.458927113586544
"DOM","Dominican Republic",1997,0.453294372360954
"DOM","Dominican Republic",1998,0.448121770375801
"DOM","Dominican Republic",1999,0.442904444333319
"DOM","Dominican Republic",2000,0.44237090641597
"DOM","Dominican Republic",2001,0.436998286020467
"DOM","Dominican Republic",2002,0.459028277957877
"DOM","Dominican Republic",2003,0.47987025700899
"DOM","Dominican Republic",2004,0.453521651484838
"DOM","Dominican Republic",2005,0.44496435610888
"DOM","Dominican Republic",2006,0.439586401284129
"DOM","Dominican Republic",2007,0.432214466731004
"DOM","Dominican Republic",2008,0.432099956236801
"DOM","Dominican Republic",2009,0.434904541895786
"DOM","Dominican Republic",2010,0.424501089001428
"DOM","Dominican Republic",2011,0.429957921971653
"DOM","Dominican Republic",2012,0.43339782672439
"DOM","Dominican Republic",2013,0.429036313113472
"DOM","Dominican Republic",2014,0.424674956172537
"DOM","Dominican Republic",2015,0.42134739713806
"DOM","Dominican Republic",2016,0.414004855616476
"DOM","Dominican Republic",2017,0.407136637783301
"DOM","Dominican Republic",2018,0.402947143880364
"DOM","Dominican Republic",2019,0.410794196915381
"DOM","Dominican Republic",2020,0.430598745585412
"DOM","Dominican Republic",2021,0.43175042859382
"DOM","Dominican Republic",2022,0.443071195326151
"ECU","Ecuador",1995,0.458486356027606
"ECU","Ecuador",1996,0.464702780215643
"ECU","Ecuador",1997,0.449092175926026
"ECU","Ecuador",1998,0.453207149262122
"ECU","Ecuador",1999,0.45319317961526
"ECU","Ecuador",2000,0.446204067439467
"ECU","Ecuador",2001,0.439247242975983
"ECU","Ecuador",2002,0.455498224535965
"ECU","Ecuador",2003,0.427570894441302
"ECU","Ecuador",2004,0.422268361090778
"ECU","Ecuador",2005,0.421482872486878
"ECU","Ecuador",2006,0.427615639467565
"ECU","Ecuador",2007,0.42067048609682
"ECU","Ecuador",2008,0.412262908101652
"ECU","Ecuador",2009,0.429961504148104
"ECU","Ecuador",2010,0.4111739200597
"ECU","Ecuador",2011,0.405640274455895
"ECU","Ecuador",2012,0.419927141222138
"ECU","Ecuador",2013,0.431621887560703
"ECU","Ecuador",2014,0.395792678250414
"ECU","Ecuador",2015,0.414432998908926
"ECU","Ecuador",2016,0.404735435452607
"ECU","Ecuador",2017,0.406342379792977
"ECU","Ecuador",2018,0.408532847834464
"ECU","Ecuador",2019,0.412496329371624
"ECU","Ecuador",2020,0.421040842859678
"ECU","Ecuador",2021,0.468255668081551
"ECU","Ecuador",2022,0.465640152592384
"EGY","Egypt",1995,0.530130045964584
"EGY","Egypt",1996,0.538265257109806
"EGY","Egypt",1997,0.536887462169204
"EGY","Egypt",1998,0.515539338720687
"EGY","Egypt",1999,0.520228307635501
"EGY","Egypt",2000,0.522460805049171
"EGY","Egypt",2001,0.521974623057483
"EGY","Egypt",2002,0.525435465461098
"EGY","Egypt",2003,0.515304383882811
"EGY","Egypt",2004,0.508949419291174
"EGY","Egypt",2005,0.49852422774294
"EGY","Egypt",2006,0.49218382203222
"EGY","Egypt",2007,0.502250178225176
"EGY","Egypt",2008,0.501143642806557
"EGY","Egypt",2009,0.50487619091277
"EGY","Egypt",2010,0.504637998406844
"EGY","Egypt",2011,0.515717634020923
"EGY","Egypt",2012,0.512462268817492
"EGY","Egypt",2013,0.502145662497267
"EGY","Egypt",2014,0.517696622149896
"EGY","Egypt",2015,0.5210870761216
"EGY","Egypt",2016,0.516292325129868
"EGY","Egypt",2017,0.523535328601696
"EGY","Egypt",2018,0.512132191098671
"EGY","Egypt",2019,0.516275463829448
"EGY","Egypt",2020,0.524539953513152
"EGY","Egypt",2021,0.522029118871894
"EGY","Egypt",2022,0.52633647594942
"SLV","El Salvador",1995,0.43346591662845
"SLV","El Salvador",1996,0.437095551000883
"SLV","El Salvador",1997,0.435793619270531
"SLV","El Salvador",1998,0.435139561343212
"SLV","El Salvador",1999,0.441710830006539
"SLV","El Salvador",2000,0.425056183165663
"SLV","El Salvador",2001,0.426253223091965
"SLV","El Salvador",2002,0.428007489019081
"SLV","El Salvador",2003,0.427918345175269
"SLV","El Salvador",2004,0.430747454881034
"SLV","El Salvador",2005,0.430592383050996
"SLV","El Salvador",2006,0.426557276364691
"SLV","El Salvador",2007,0.431579357244356
"SLV","El Salvador",2008,0.414981831651943
"SLV","El Salvador",2009,0.429380824525193
"SLV","El Salvador",2010,0.420190114360335
"SLV","El Salvador",2011,0.422042217475946
"SLV","El Salvador",2012,0.423946160103527
"SLV","El Salvador",2013,0.389513236576996
"SLV","El Salvador",2014,0.401872620837265
"SLV","El Salvador",2015,0.427671041929205
"SLV","El Salvador",2016,0.430452141812277
"SLV","El Salvador",2017,0.412122261050928
"SLV","El Salvador",2018,0.41400711193121
"SLV","El Salvador",2019,0.424041894882271
"SLV","El Salvador",2020,0.425586395155936
"SLV","El Salvador",2021,0.40491607066461
"SLV","El Salvador",2022,0.406040812904593
"GNQ","Equatorial Guinea",1995,0.656577671053308
"GNQ","Equatorial Guinea",1996,0.652928531607899
"GNQ","Equatorial Guinea",1997,0.649251371599709
"GNQ","Equatorial Guinea",1998,0.659745219590334
"GNQ","Equatorial Guinea",1999,0.670215357873991
"GNQ","Equatorial Guinea",2000,0.681154262931733
"GNQ","Equatorial Guinea",2001,0.664539519649773
"GNQ","Equatorial Guinea",2002,0.647740471577429
"GNQ","Equatorial Guinea",2003,0.629772540644328
"GNQ","Equatorial Guinea",2004,0.611639703772
"GNQ","Equatorial Guinea",2005,0.609001395008466
"GNQ","Equatorial Guinea",2006,0.605270933873313
"GNQ","Equatorial Guinea",2007,0.602462199631324
"GNQ","Equatorial Guinea",2008,0.599047300922244
"GNQ","Equatorial Guinea",2009,0.595978384216416
"GNQ","Equatorial Guinea",2010,0.592777186052692
"GNQ","Equatorial Guinea",2011,0.589562707340831
"GNQ","Equatorial Guinea",2012,0.586736525831232
"GNQ","Equatorial Guinea",2013,0.584880108784263
"GNQ","Equatorial Guinea",2014,0.58359714200702
"GNQ","Equatorial Guinea",2015,0.581366235221037
"GNQ","Equatorial Guinea",2016,0.581132722352551
"GNQ","Equatorial Guinea",2017,0.579007640322398
"GNQ","Equatorial Guinea",2018,0.578646226447968
"GNQ","Equatorial Guinea",2019,0.579689218177872
"GNQ","Equatorial Guinea",2020,0.578635074739399
"GNQ","Equatorial Guinea",2021,0.577797239649098
"GNQ","Equatorial Guinea",2022,0.576829452519158
"ERI","Eritrea",1995,0.795346090520327
"ERI","Eritrea",1996,0.7898620646048
"ERI","Eritrea",1997,0.783692653223756
"ERI","Eritrea",1998,0.778583178901237
"ERI","Eritrea",1999,0.77324768692433
"ERI","Eritrea",2000,0.768026896765934
"ERI","Eritrea",2001,0.73858214471318
"ERI","Eritrea",2002,0.735858383248218
"ERI","Eritrea",2003,0.780896338916628
"ERI","Eritrea",2004,0.779169276925228
"ERI","Eritrea",2005,0.776169422700486
"ERI","Eritrea",2006,0.774373387016084
"ERI","Eritrea",2007,0.771215639845007
"ERI","Eritrea",2008,0.768687018147515
"ERI","Eritrea",2009,0.767016256756741
"ERI","Eritrea",2010,0.765662882096313
"ERI","Eritrea",2011,0.764050083194266
"ERI","Eritrea",2012,0.762754671022564
"ERI","Eritrea",2013,0.761446326283425
"ERI","Eritrea",2014,0.76012935983266
"ERI","Eritrea",2015,0.758801616242364
"ERI","Eritrea",2016,0.757463095512536
"ERI","Eritrea",2017,0.756118108498989
"ERI","Eritrea",2018,0.754762344345911
"ERI","Eritrea",2019,0.753400113909114
"ERI","Eritrea",2020,0.752031417188597
"ERI","Eritrea",2021,0.750656254184362
"ERI","Eritrea",2022,0.749276780324314
"EST","Estonia",1995,0.26271391308579
"EST","Estonia",1996,0.267012002616568
"EST","Estonia",1997,0.269101899649641
"EST","Estonia",1998,0.270575005249216
"EST","Estonia",1999,0.261206061189469
"EST","Estonia",2000,0.252091247167527
"EST","Estonia",2001,0.25361528215799
"EST","Estonia",2002,0.256074743662793
"EST","Estonia",2003,0.254894362967986
"EST","Estonia",2004,0.250558662483818
"EST","Estonia",2005,0.248065984690869
"EST","Estonia",2006,0.243827799742984
"EST","Estonia",2007,0.248758033555762
"EST","Estonia",2008,0.250699519965334
"EST","Estonia",2009,0.260135411515342
"EST","Estonia",2010,0.255315468553644
"EST","Estonia",2011,0.252172901122272
"EST","Estonia",2012,0.248737539841999
"EST","Estonia",2013,0.251459842124372
"EST","Estonia",2014,0.249981609782613
"EST","Estonia",2015,0.250895718954941
"EST","Estonia",2016,0.251067153114486
"EST","Estonia",2017,0.250855048987957
"EST","Estonia",2018,0.248512392803311
"EST","Estonia",2019,0.24773131944669
"EST","Estonia",2020,0.25012829445024
"EST","Estonia",2021,0.244118683383342
"EST","Estonia",2022,0.245974010032946
"ETH","Ethiopia",1995,0.661603552548724
"ETH","Ethiopia",1996,0.645788167171712
"ETH","Ethiopia",1997,0.630122776740175
"ETH","Ethiopia",1998,0.639536887785815
"ETH","Ethiopia",1999,0.648068480793705
"ETH","Ethiopia",2000,0.641279201939075
"ETH","Ethiopia",2001,0.661232008371837
"ETH","Ethiopia",2002,0.651003319201877
"ETH","Ethiopia",2003,0.6865046584556
"ETH","Ethiopia",2004,0.653112429683624
"ETH","Ethiopia",2005,0.648079909725062
"ETH","Ethiopia",2006,0.637627062831661
"ETH","Ethiopia",2007,0.630436950062085
"ETH","Ethiopia",2008,0.643407491670952
"ETH","Ethiopia",2009,0.632020753015076
"ETH","Ethiopia",2010,0.628306401038963
"ETH","Ethiopia",2011,0.634076736200645
"ETH","Ethiopia",2012,0.620982583042445
"ETH","Ethiopia",2013,0.622232501809651
"ETH","Ethiopia",2014,0.609662326428872
"ETH","Ethiopia",2015,0.614359035536216
"ETH","Ethiopia",2016,0.626671442687597
"ETH","Ethiopia",2017,0.616616453884571
"ETH","Ethiopia",2018,0.615777476381399
"ETH","Ethiopia",2019,0.599965440326918
"ETH","Ethiopia",2020,0.615888862187996
"ETH","Ethiopia",2021,0.641314246715273
"ETH","Ethiopia",2022,0.628695411144351
"FJI","Fiji",1995,0.512841340338328
"FJI","Fiji",1996,0.510518788247299
"FJI","Fiji",1997,0.508723860402342
"FJI","Fiji",1998,0.507034907762779
"FJI","Fiji",1999,0.505268263365596
"FJI","Fiji",2000,0.505429772430927
"FJI","Fiji",2001,0.516067019547437
"FJI","Fiji",2002,0.51345712853388
"FJI","Fiji",2003,0.508949662997655
"FJI","Fiji",2004,0.502990097653353
"FJI","Fiji",2005,0.493239637213641
"FJI","Fiji",2006,0.490273494612463
"FJI","Fiji",2007,0.494192518431229
"FJI","Fiji",2008,0.490998311338165
"FJI","Fiji",2009,0.511837173392168
"FJI","Fiji",2010,0.506989462221297
"FJI","Fiji",2011,0.507572941303273
"FJI","Fiji",2012,0.505277301472955
"FJI","Fiji",2013,0.492110131805427
"FJI","Fiji",2014,0.500914147488923
"FJI","Fiji",2015,0.49074232748251
"FJI","Fiji",2016,0.488217163852617
"FJI","Fiji",2017,0.482853830169397
"FJI","Fiji",2018,0.482866510410303
"FJI","Fiji",2019,0.469657848779684
"FJI","Fiji",2020,0.483233754784134
"FJI","Fiji",2021,0.483204279402593
"FJI","Fiji",2022,0.480472650754829
"FIN","Finland",1995,0.270094229963163
"FIN","Finland",1996,0.271196880675151
"FIN","Finland",1997,0.268106132938237
"FIN","Finland",1998,0.263233440585048
"FIN","Finland",1999,0.261510627977253
"FIN","Finland",2000,0.260079281368544
"FIN","Finland",2001,0.258734091087484
"FIN","Finland",2002,0.25702138679468
"FIN","Finland",2003,0.25705935089743
"FIN","Finland",2004,0.255590899120638
"FIN","Finland",2005,0.253362842931678
"FIN","Finland",2006,0.250692190948664
"FIN","Finland",2007,0.2557302842621
"FIN","Finland",2008,0.258819847641727
"FIN","Finland",2009,0.260941134148373
"FIN","Finland",2010,0.262477762831564
"FIN","Finland",2011,0.25930865353778
"FIN","Finland",2012,0.258995573948886
"FIN","Finland",2013,0.264129127103619
"FIN","Finland",2014,0.264093950996643
"FIN","Finland",2015,0.26364865816931
"FIN","Finland",2016,0.261240396055044
"FIN","Finland",2017,0.26069645217764
"FIN","Finland",2018,0.256796867145171
"FIN","Finland",2019,0.260734211283438
"FIN","Finland",2020,0.259395046337439
"FIN","Finland",2021,0.258667526460814
"FIN","Finland",2022,0.262222174686086
"FRA","France",1995,0.303334055530397
"FRA","France",1996,0.296651561156106
"FRA","France",1997,0.290791114695788
"FRA","France",1998,0.290385077206893
"FRA","France",1999,0.286115957086272
"FRA","France",2000,0.28879669150272
"FRA","France",2001,0.28776811411255
"FRA","France",2002,0.295260738364285
"FRA","France",2003,0.298168744512403
"FRA","France",2004,0.295619002489969
"FRA","France",2005,0.293034303892969
"FRA","France",2006,0.294200779818359
"FRA","France",2007,0.292138076936966
"FRA","France",2008,0.291849340894606
"FRA","France",2009,0.299931019753145
"FRA","France",2010,0.297999805469008
"FRA","France",2011,0.296288989093316
"FRA","France",2012,0.295291159524019
"FRA","France",2013,0.295394949479655
"FRA","France",2014,0.292996230106683
"FRA","France",2015,0.296611178361927
"FRA","France",2016,0.294815519324958
"FRA","France",2017,0.293957494232121
"FRA","France",2018,0.286144360287332
"FRA","France",2019,0.297049713816651
"FRA","France",2020,0.296737077435096
"FRA","France",2021,0.292324004652618
"FRA","France",2022,0.290315834655863
"GAB","Gabon",1995,0.519317890032772
"GAB","Gabon",1996,0.517778555269671
"GAB","Gabon",1997,0.51213997828248
"GAB","Gabon",1998,0.504716577454019
"GAB","Gabon",1999,0.513445740682595
"GAB","Gabon",2000,0.509545129430661
"GAB","Gabon",2001,0.507956142596682
"GAB","Gabon",2002,0.498940526107074
"GAB","Gabon",2003,0.495479054706596
"GAB","Gabon",2004,0.517815745727715
"GAB","Gabon",2005,0.502452275536411
"GAB","Gabon",2006,0.493846915786257
"GAB","Gabon",2007,0.496130707209814
"GAB","Gabon",2008,0.493117996176006
"GAB","Gabon",2009,0.490444286342213
"GAB","Gabon",2010,0.485470702924155
"GAB","Gabon",2011,0.491832481290881
"GAB","Gabon",2012,0.464303603567507
"GAB","Gabon",2013,0.464312202103764
"GAB","Gabon",2014,0.453777084962053
"GAB","Gabon",2015,0.455965648267239
"GAB","Gabon",2016,0.462077101320271
"GAB","Gabon",2017,0.465481227379238
"GAB","Gabon",2018,0.471202140260057
"GAB","Gabon",2019,0.465728914612721
"GAB","Gabon",2020,0.475873512253752
"GAB","Gabon",2021,0.474513271178072
"GAB","Gabon",2022,0.473952859922428
"GMB","Gambia",1995,0.701619348330576
"GMB","Gambia",1996,0.703145115780768
"GMB","Gambia",1997,0.70238583089077
"GMB","Gambia",1998,0.71008215703045
"GMB","Gambia",1999,0.693818344147484
"GMB","Gambia",2000,0.687989521869339
"GMB","Gambia",2001,0.701996471604035
"GMB","Gambia",2002,0.686483183331845
"GMB","Gambia",2003,0.682860697206996
"GMB","Gambia",2004,0.689876185754611
"GMB","Gambia",2005,0.677182348032874
"GMB","Gambia",2006,0.655674299789166
"GMB","Gambia",2007,0.657565705696265
"GMB","Gambia",2008,0.668398096144949
"GMB","Gambia",2009,0.683687935169043
"GMB","Gambia",2010,0.702749634478611
"GMB","Gambia",2011,0.666184966800205
"GMB","Gambia",2012,0.669248058513946
"GMB","Gambia",2013,0.68986435284584
"GMB","Gambia",2014,0.692143790203217
"GMB","Gambia",2015,0.674245084707721
"GMB","Gambia",2016,0.681783487222344
"GMB","Gambia",2017,0.647244941364349
"GMB","Gambia",2018,0.634149723392255
"GMB","Gambia",2019,0.633850362564571
"GMB","Gambia",2020,0.618274820695366
"GMB","Gambia",2021,0.600917046497222
"GMB","Gambia",2022,0.60075869589101
"GEO","Georgia",1995,0.466331426507258
"GEO","Georgia",1996,0.465943909761468
"GEO","Georgia",1997,0.460386640406443
"GEO","Georgia",1998,0.417564298486397
"GEO","Georgia",1999,0.425831724461816
"GEO","Georgia",2000,0.429263906671153
"GEO","Georgia",2001,0.425428990696655
"GEO","Georgia",2002,0.425310565403476
"GEO","Georgia",2003,0.428053523956971
"GEO","Georgia",2004,0.416907035221862
"GEO","Georgia",2005,0.392246637115327
"GEO","Georgia",2006,0.385069935156139
"GEO","Georgia",2007,0.372518497100026
"GEO","Georgia",2008,0.368970417808874
"GEO","Georgia",2009,0.356171193599189
"GEO","Georgia",2010,0.356080360507995
"GEO","Georgia",2011,0.354945066464403
"GEO","Georgia",2012,0.358059649062805
"GEO","Georgia",2013,0.353414872243573
"GEO","Georgia",2014,0.352783770091847
"GEO","Georgia",2015,0.370987293430217
"GEO","Georgia",2016,0.376320436687533
"GEO","Georgia",2017,0.377520066428221
"GEO","Georgia",2018,0.374956589728435
"GEO","Georgia",2019,0.374688844596776
"GEO","Georgia",2020,0.366806668061303
"GEO","Georgia",2021,0.36068707894362
"GEO","Georgia",2022,0.361080895804065
"DEU","Germany",1995,0.220367522696377
"DEU","Germany",1996,0.219075159062919
"DEU","Germany",1997,0.217905042207875
"DEU","Germany",1998,0.214788757614911
"DEU","Germany",1999,0.214886166631868
"DEU","Germany",2000,0.206552196962906
"DEU","Germany",2001,0.209716648115281
"DEU","Germany",2002,0.209844866393663
"DEU","Germany",2003,0.207386084247363
"DEU","Germany",2004,0.205163361595424
"DEU","Germany",2005,0.204514689103902
"DEU","Germany",2006,0.200860768485912
"DEU","Germany",2007,0.198115946246216
"DEU","Germany",2008,0.1976237037294
"DEU","Germany",2009,0.201957850962369
"DEU","Germany",2010,0.198141396980803
"DEU","Germany",2011,0.194608495062629
"DEU","Germany",2012,0.194187336259362
"DEU","Germany",2013,0.19682315832242
"DEU","Germany",2014,0.195010216212419
"DEU","Germany",2015,0.194918645844151
"DEU","Germany",2016,0.195798830523119
"DEU","Germany",2017,0.194241369334857
"DEU","Germany",2018,0.195042301450249
"DEU","Germany",2019,0.194895499009898
"DEU","Germany",2020,0.194868131197636
"DEU","Germany",2021,0.192065848744577
"DEU","Germany",2022,0.191223269383694
"GHA","Ghana",1995,0.58312951146851
"GHA","Ghana",1996,0.581059196925626
"GHA","Ghana",1997,0.574334005029518
"GHA","Ghana",1998,0.596617642740706
"GHA","Ghana",1999,0.597521006894741
"GHA","Ghana",2000,0.596986926798935
"GHA","Ghana",2001,0.608378509287692
"GHA","Ghana",2002,0.608726261102447
"GHA","Ghana",2003,0.596149819355381
"GHA","Ghana",2004,0.602039518441569
"GHA","Ghana",2005,0.576777890780411
"GHA","Ghana",2006,0.568126005975832
"GHA","Ghana",2007,0.579517612902057
"GHA","Ghana",2008,0.588172101652315
"GHA","Ghana",2009,0.58551027843632
"GHA","Ghana",2010,0.574751052115371
"GHA","Ghana",2011,0.568437048486717
"GHA","Ghana",2012,0.55922090493613
"GHA","Ghana",2013,0.560089811850758
"GHA","Ghana",2014,0.566002287210998
"GHA","Ghana",2015,0.554224570678782
"GHA","Ghana",2016,0.556370863231845
"GHA","Ghana",2017,0.566113543176081
"GHA","Ghana",2018,0.57002252422603
"GHA","Ghana",2019,0.559304534607044
"GHA","Ghana",2020,0.556448175385286
"GHA","Ghana",2021,0.554323969110999
"GHA","Ghana",2022,0.544946887454265
"GRC","Greece",1995,0.33222122414715
"GRC","Greece",1996,0.327077981486459
"GRC","Greece",1997,0.324329616904762
"GRC","Greece",1998,0.320716375490267
"GRC","Greece",1999,0.320983833197591
"GRC","Greece",2000,0.314867772112456
"GRC","Greece",2001,0.320364178164528
"GRC","Greece",2002,0.31966820629072
"GRC","Greece",2003,0.317417828042796
"GRC","Greece",2004,0.311363265917829
"GRC","Greece",2005,0.31493965758946
"GRC","Greece",2006,0.327643844652015
"GRC","Greece",2007,0.322778920872976
"GRC","Greece",2008,0.332426239051024
"GRC","Greece",2009,0.344807058331469
"GRC","Greece",2010,0.332408007845346
"GRC","Greece",2011,0.334933306075653
"GRC","Greece",2012,0.333130536721143
"GRC","Greece",2013,0.325780083865277
"GRC","Greece",2014,0.32899024582576
"GRC","Greece",2015,0.335704191570566
"GRC","Greece",2016,0.331321763210181
"GRC","Greece",2017,0.330589138977919
"GRC","Greece",2018,0.328342741642015
"GRC","Greece",2019,0.326280248998312
"GRC","Greece",2020,0.315955849798335
"GRC","Greece",2021,0.311082455754338
"GRC","Greece",2022,0.309476789247666
"GRD","Grenada",1995,0.622103280095072
"GRD","Grenada",1996,0.61821802963111
"GRD","Grenada",1997,0.608437491637075
"GRD","Grenada",1998,0.598341351803567
"GRD","Grenada",1999,0.597252208568327
"GRD","Grenada",2000,0.591004827867892
"GRD","Grenada",2001,0.593232976223752
"GRD","Grenada",2002,0.597959676178441
"GRD","Grenada",2003,0.589101822954808
"GRD","Grenada",2004,0.607446954096313
"GRD","Grenada",2005,0.584108671558339
"GRD","Grenada",2006,0.591156650273706
"GRD","Grenada",2007,0.590465128802188
"GRD","Grenada",2008,0.599952010429388
"GRD","Grenada",2009,0.612060220798425
"GRD","Grenada",2010,0.60327367452007
"GRD","Grenada",2011,0.607994708822026
"GRD","Grenada",2012,0.603825884581794
"GRD","Grenada",2013,0.640768048703532
"GRD","Grenada",2014,0.607450610096364
"GRD","Grenada",2015,0.601710213439751
"GRD","Grenada",2016,0.597224668680989
"GRD","Grenada",2017,0.591577015109327
"GRD","Grenada",2018,0.58643745905202
"GRD","Grenada",2019,0.592095175771093
"GRD","Grenada",2020,0.596660909742991
"GRD","Grenada",2021,0.597826470240314
"GRD","Grenada",2022,0.598586662047124
"GTM","Guatemala",1995,0.484969307991705
"GTM","Guatemala",1996,0.491310650404458
"GTM","Guatemala",1997,0.485052741928639
"GTM","Guatemala",1998,0.487291288500694
"GTM","Guatemala",1999,0.482363986005577
"GTM","Guatemala",2000,0.489390247066311
"GTM","Guatemala",2001,0.485757346118989
"GTM","Guatemala",2002,0.482214550622717
"GTM","Guatemala",2003,0.472643601692664
"GTM","Guatemala",2004,0.464113603962957
"GTM","Guatemala",2005,0.453778207823605
"GTM","Guatemala",2006,0.447909068292991
"GTM","Guatemala",2007,0.456156344129597
"GTM","Guatemala",2008,0.470585342449706
"GTM","Guatemala",2009,0.462358246738989
"GTM","Guatemala",2010,0.453920437797519
"GTM","Guatemala",2011,0.445897812165136
"GTM","Guatemala",2012,0.438957999223579
"GTM","Guatemala",2013,0.43854804520609
"GTM","Guatemala",2014,0.4579372901195
"GTM","Guatemala",2015,0.465376880625527
"GTM","Guatemala",2016,0.462043448333726
"GTM","Guatemala",2017,0.461676185849872
"GTM","Guatemala",2018,0.460100944896615
"GTM","Guatemala",2019,0.464263118520618
"GTM","Guatemala",2020,0.460457795263116
"GTM","Guatemala",2021,0.457146867059303
"GTM","Guatemala",2022,0.454010704347961
"GIN","Guinea",1995,0.692658095209484
"GIN","Guinea",1996,0.669045245045525
"GIN","Guinea",1997,0.672291797463565
"GIN","Guinea",1998,0.676331735296268
"GIN","Guinea",1999,0.689588288768722
"GIN","Guinea",2000,0.673366738193312
"GIN","Guinea",2001,0.672437574444696
"GIN","Guinea",2002,0.672079981543038
"GIN","Guinea",2003,0.668048710947939
"GIN","Guinea",2004,0.6639108935629
"GIN","Guinea",2005,0.655428873867918
"GIN","Guinea",2006,0.668190248420057
"GIN","Guinea",2007,0.631046732580464
"GIN","Guinea",2008,0.624566946949024
"GIN","Guinea",2009,0.632624047357224
"GIN","Guinea",2010,0.640215874868498
"GIN","Guinea",2011,0.647484742847451
"GIN","Guinea",2012,0.655282176963185
"GIN","Guinea",2013,0.6563001488522
"GIN","Guinea",2014,0.662863998997388
"GIN","Guinea",2015,0.654403714914513
"GIN","Guinea",2016,0.659410899089951
"GIN","Guinea",2017,0.661166371392729
"GIN","Guinea",2018,0.665216373582725
"GIN","Guinea",2019,0.6597883244458
"GIN","Guinea",2020,0.654376615008522
"GIN","Guinea",2021,0.64891090388002
"GIN","Guinea",2022,0.64340382238653
"GNB","Guinea-Bissau",1995,0.770078514474304
"GNB","Guinea-Bissau",1996,0.769417613938899
"GNB","Guinea-Bissau",1997,0.768770770346446
"GNB","Guinea-Bissau",1998,0.768174890883341
"GNB","Guinea-Bissau",1999,0.767573622850469
"GNB","Guinea-Bissau",2000,0.766287498518386
"GNB","Guinea-Bissau",2001,0.761045418919271
"GNB","Guinea-Bissau",2002,0.756253324156583
"GNB","Guinea-Bissau",2003,0.751535328771672
"GNB","Guinea-Bissau",2004,0.684375024888637
"GNB","Guinea-Bissau",2005,0.710622066129106
"GNB","Guinea-Bissau",2006,0.70286478619942
"GNB","Guinea-Bissau",2007,0.695105710079812
"GNB","Guinea-Bissau",2008,0.687343041580359
"GNB","Guinea-Bissau",2009,0.679580373080907
"GNB","Guinea-Bissau",2010,0.671810519821768
"GNB","Guinea-Bissau",2011,0.669091718991527
"GNB","Guinea-Bissau",2012,0.666367529591521
"GNB","Guinea-Bissau",2013,0.661932097538446
"GNB","Guinea-Bissau",2014,0.657491276915606
"GNB","Guinea-Bissau",2015,0.68215776317137
"GNB","Guinea-Bissau",2016,0.66851560686766
"GNB","Guinea-Bissau",2017,0.666294372139769
"GNB","Guinea-Bissau",2018,0.652800841640746
"GNB","Guinea-Bissau",2019,0.650898217814275
"GNB","Guinea-Bissau",2020,0.650145614236983
"GNB","Guinea-Bissau",2021,0.649389418279848
"GNB","Guinea-Bissau",2022,0.648627833752946
"GUY","Guyana",1995,0.576461645259463
"GUY","Guyana",1996,0.578605289634353
"GUY","Guyana",1997,0.573693878607581
"GUY","Guyana",1998,0.578894111703322
"GUY","Guyana",1999,0.573169000495696
"GUY","Guyana",2000,0.571221057188705
"GUY","Guyana",2001,0.571757934210395
"GUY","Guyana",2002,0.563149279982967
"GUY","Guyana",2003,0.561233361600255
"GUY","Guyana",2004,0.53935550531971
"GUY","Guyana",2005,0.562924808482395
"GUY","Guyana",2006,0.549007690900323
"GUY","Guyana",2007,0.549618998318336
"GUY","Guyana",2008,0.525471787768464
"GUY","Guyana",2009,0.538217375067226
"GUY","Guyana",2010,0.529149325641504
"GUY","Guyana",2011,0.540691624427889
"GUY","Guyana",2012,0.533640406621224
"GUY","Guyana",2013,0.528550142437716
"GUY","Guyana",2014,0.533855100054217
"GUY","Guyana",2015,0.532748931538097
"GUY","Guyana",2016,0.54348752645662
"GUY","Guyana",2017,0.544849538131614
"GUY","Guyana",2018,0.516793674139902
"GUY","Guyana",2019,0.501923906465812
"GUY","Guyana",2020,0.53027724252722
"GUY","Guyana",2021,0.508793694636652
"GUY","Guyana",2022,0.519234172392289
"HTI","Haiti",1995,0.628911786682592
"HTI","Haiti",1996,0.626964609106833
"HTI","Haiti",1997,0.625794222454257
"HTI","Haiti",1998,0.623496443894743
"HTI","Haiti",1999,0.622469944910944
"HTI","Haiti",2000,0.62106837006266
"HTI","Haiti",2001,0.624385897022833
"HTI","Haiti",2002,0.626679558458966
"HTI","Haiti",2003,0.630107062542096
"HTI","Haiti",2004,0.634359710682145
"HTI","Haiti",2005,0.638774015915169
"HTI","Haiti",2006,0.643173233152848
"HTI","Haiti",2007,0.633435718957879
"HTI","Haiti",2008,0.623683116767565
"HTI","Haiti",2009,0.617916837291932
"HTI","Haiti",2010,0.608713958265339
"HTI","Haiti",2011,0.598126055086534
"HTI","Haiti",2012,0.587533841051917
"HTI","Haiti",2013,0.583838463757495
"HTI","Haiti",2014,0.57959536594326
"HTI","Haiti",2015,0.57518149834413
"HTI","Haiti",2016,0.571880075428703
"HTI","Haiti",2017,0.564997873357648
"HTI","Haiti",2018,0.564446414429874
"HTI","Haiti",2019,0.55983498258647
"HTI","Haiti",2020,0.561739688257376
"HTI","Haiti",2021,0.560665245322793
"HTI","Haiti",2022,0.558820199034978
"HND","Honduras",1995,0.509911332449937
"HND","Honduras",1996,0.51918717289561
"HND","Honduras",1997,0.523607838204779
"HND","Honduras",1998,0.520336645509319
"HND","Honduras",1999,0.519424523940526
"HND","Honduras",2000,0.516471806923695
"HND","Honduras",2001,0.514974251651833
"HND","Honduras",2002,0.51212871135576
"HND","Honduras",2003,0.507418529129037
"HND","Honduras",2004,0.504309356436511
"HND","Honduras",2005,0.503492500190364
"HND","Honduras",2006,0.49794600538644
"HND","Honduras",2007,0.500187195754788
"HND","Honduras",2008,0.504104424046383
"HND","Honduras",2009,0.508025244717821
"HND","Honduras",2010,0.50132148591635
"HND","Honduras",2011,0.500107467790538
"HND","Honduras",2012,0.499746791896399
"HND","Honduras",2013,0.500896376227469
"HND","Honduras",2014,0.502045960558538
"HND","Honduras",2015,0.501685621067128
"HND","Honduras",2016,0.504303173075283
"HND","Honduras",2017,0.499927464422375
"HND","Honduras",2018,0.500701240379337
"HND","Honduras",2019,0.499792474970147
"HND","Honduras",2020,0.507639051812201
"HND","Honduras",2021,0.499402986731875
"HND","Honduras",2022,0.498292941360118
"HUN","Hungary",1995,0.352370620707839
"HUN","Hungary",1996,0.352747168061144
"HUN","Hungary",1997,0.355206898639801
"HUN","Hungary",1998,0.352899566852983
"HUN","Hungary",1999,0.351387460036452
"HUN","Hungary",2000,0.347429649549743
"HUN","Hungary",2001,0.345405231897671
"HUN","Hungary",2002,0.340375405885571
"HUN","Hungary",2003,0.339265786052724
"HUN","Hungary",2004,0.341474038182773
"HUN","Hungary",2005,0.342551191758131
"HUN","Hungary",2006,0.338390549146091
"HUN","Hungary",2007,0.337306813431423
"HUN","Hungary",2008,0.337034151110693
"HUN","Hungary",2009,0.337004077256338
"HUN","Hungary",2010,0.335823380827373
"HUN","Hungary",2011,0.337661491573158
"HUN","Hungary",2012,0.3371698915537
"HUN","Hungary",2013,0.337196431406445
"HUN","Hungary",2014,0.333626290733153
"HUN","Hungary",2015,0.332880788351176
"HUN","Hungary",2016,0.333360719596623
"HUN","Hungary",2017,0.333606087768501
"HUN","Hungary",2018,0.3344037531825
"HUN","Hungary",2019,0.33534236134569
"HUN","Hungary",2020,0.333531331539957
"HUN","Hungary",2021,0.331989575696593
"HUN","Hungary",2022,0.333156440745672
"ISL","Iceland",1995,0.28970186438576
"ISL","Iceland",1996,0.285886988183284
"ISL","Iceland",1997,0.284121378027527
"ISL","Iceland",1998,0.283387907460667
"ISL","Iceland",1999,0.283921358440662
"ISL","Iceland",2000,0.280269593128577
"ISL","Iceland",2001,0.282506786106059
"ISL","Iceland",2002,0.286798618177499
"ISL","Iceland",2003,0.282654242538474
"ISL","Iceland",2004,0.280780461744197
"ISL","Iceland",2005,0.273665567595721
"ISL","Iceland",2006,0.270192802308997
"ISL","Iceland",2007,0.272459474140481
"ISL","Iceland",2008,0.276184075975089
"ISL","Iceland",2009,0.284713132962611
"ISL","Iceland",2010,0.282961723618031
"ISL","Iceland",2011,0.281428061313193
"ISL","Iceland",2012,0.280793174847184
"ISL","Iceland",2013,0.281426497509917
"ISL","Iceland",2014,0.281713396416826
"ISL","Iceland",2015,0.283633469294146
"ISL","Iceland",2016,0.280576121845128
"ISL","Iceland",2017,0.278205817896179
"ISL","Iceland",2018,0.278125202156588
"ISL","Iceland",2019,0.283671286818726
"ISL","Iceland",2020,0.28983854451606
"ISL","Iceland",2021,0.283421715794362
"ISL","Iceland",2022,0.278790148954779
"IND","India",1995,0.61625994121371
"IND","India",1996,0.616485608827851
"IND","India",1997,0.617311598074399
"IND","India",1998,0.621417651281922
"IND","India",1999,0.614498488914568
"IND","India",2000,0.609582024537648
"IND","India",2001,0.6132620834682
"IND","India",2002,0.615063808075447
"IND","India",2003,0.615989675827015
"IND","India",2004,0.614744632738304
"IND","India",2005,0.613857249615287
"IND","India",2006,0.613943137947819
"IND","India",2007,0.61051328270089
"IND","India",2008,0.604055575633718
"IND","India",2009,0.602707430093844
"IND","India",2010,0.59650344993657
"IND","India",2011,0.591130963180742
"IND","India",2012,0.587127968082422
"IND","India",2013,0.5821929878652
"IND","India",2014,0.578878047605534
"IND","India",2015,0.62002715170324
"IND","India",2016,0.609619156335008
"IND","India",2017,0.595703128794657
"IND","India",2018,0.593438619859881
"IND","India",2019,0.596031108226333
"IND","India",2020,0.60247320166926
"IND","India",2021,0.600468807716841
"IND","India",2022,0.598626303688366
"IDN","Indonesia",1995,0.577553199717831
"IDN","Indonesia",1996,0.580783731737959
"IDN","Indonesia",1997,0.557349263301629
"IDN","Indonesia",1998,0.543730260793546
"IDN","Indonesia",1999,0.539487067400617
"IDN","Indonesia",2000,0.505947275495405
"IDN","Indonesia",2001,0.502830940131817
"IDN","Indonesia",2002,0.524301881845071
"IDN","Indonesia",2003,0.542754555737009
"IDN","Indonesia",2004,0.556958070733019
"IDN","Indonesia",2005,0.551072080649247
"IDN","Indonesia",2006,0.552420745552466
"IDN","Indonesia",2007,0.556221666559617
"IDN","Indonesia",2008,0.546604247525816
"IDN","Indonesia",2009,0.541094788095515
"IDN","Indonesia",2010,0.529920292086425
"IDN","Indonesia",2011,0.534050120611507
"IDN","Indonesia",2012,0.532395094944637
"IDN","Indonesia",2013,0.535326322003295
"IDN","Indonesia",2014,0.531684576263778
"IDN","Indonesia",2015,0.527061313382841
"IDN","Indonesia",2016,0.525755394196483
"IDN","Indonesia",2017,0.518383513856873
"IDN","Indonesia",2018,0.510572024154547
"IDN","Indonesia",2019,0.51048237140897
"IDN","Indonesia",2020,0.514668857931694
"IDN","Indonesia",2021,0.510693809565683
"IDN","Indonesia",2022,0.508067857872347
"IRN","Iran, Islamic Republic of",1995,0.486517604965799
"IRN","Iran, Islamic Republic of",1996,0.481639551127715
"IRN","Iran, Islamic Republic of",1997,0.47229726139806
"IRN","Iran, Islamic Republic of",1998,0.456257484395372
"IRN","Iran, Islamic Republic of",1999,0.464099527874466
"IRN","Iran, Islamic Republic of",2000,0.455624587755841
"IRN","Iran, Islamic Republic of",2001,0.445409194039266
"IRN","Iran, Islamic Republic of",2002,0.425441632466369
"IRN","Iran, Islamic Republic of",2003,0.424203520844109
"IRN","Iran, Islamic Republic of",2004,0.417772942951699
"IRN","Iran, Islamic Republic of",2005,0.412353483844874
"IRN","Iran, Islamic Republic of",2006,0.393529893612105
"IRN","Iran, Islamic Republic of",2007,0.401171573922851
"IRN","Iran, Islamic Republic of",2008,0.409247410179503
"IRN","Iran, Islamic Republic of",2009,0.415817908411631
"IRN","Iran, Islamic Republic of",2010,0.422702766054086
"IRN","Iran, Islamic Republic of",2011,0.418859460042941
"IRN","Iran, Islamic Republic of",2012,0.434551120250521
"IRN","Iran, Islamic Republic of",2013,0.451559947957811
"IRN","Iran, Islamic Republic of",2014,0.44079638112108
"IRN","Iran, Islamic Republic of",2015,0.43742478224335
"IRN","Iran, Islamic Republic of",2016,0.431641846345207
"IRN","Iran, Islamic Republic of",2017,0.430200904785274
"IRN","Iran, Islamic Republic of",2018,0.444345254347998
"IRN","Iran, Islamic Republic of",2019,0.450549779592654
"IRN","Iran, Islamic Republic of",2020,0.445826015790566
"IRN","Iran, Islamic Republic of",2021,0.456203409681485
"IRN","Iran, Islamic Republic of",2022,0.45537356993755
"IRQ","Iraq",1995,0.471948600808053
"IRQ","Iraq",1996,0.472588070594251
"IRQ","Iraq",1997,0.471830280976044
"IRQ","Iraq",1998,0.472429271240742
"IRQ","Iraq",1999,0.47255058373222
"IRQ","Iraq",2000,0.472145707040856
"IRQ","Iraq",2001,0.464098375485725
"IRQ","Iraq",2002,0.463016167366777
"IRQ","Iraq",2003,0.474652736841584
"IRQ","Iraq",2004,0.48802004606187
"IRQ","Iraq",2005,0.493425749829575
"IRQ","Iraq",2006,0.4989091453549
"IRQ","Iraq",2007,0.508724381605907
"IRQ","Iraq",2008,0.469377609721473
"IRQ","Iraq",2009,0.471803349915207
"IRQ","Iraq",2010,0.474331043517501
"IRQ","Iraq",2011,0.476783297143073
"IRQ","Iraq",2012,0.474713971123716
"IRQ","Iraq",2013,0.47272233686198
"IRQ","Iraq",2014,0.471228641025812
"IRQ","Iraq",2015,0.470146973894454
"IRQ","Iraq",2016,0.463524268396674
"IRQ","Iraq",2017,0.45970257333689
"IRQ","Iraq",2018,0.455861120187965
"IRQ","Iraq",2019,0.455417005686269
"IRQ","Iraq",2020,0.455030824853053
"IRQ","Iraq",2021,0.454624885930695
"IRQ","Iraq",2022,0.45420278129904
"IRL","Ireland",1995,0.202676227720911
"IRL","Ireland",1996,0.215446741656749
"IRL","Ireland",1997,0.201895702948083
"IRL","Ireland",1998,0.200296369807515
"IRL","Ireland",1999,0.20825788267299
"IRL","Ireland",2000,0.206050017874271
"IRL","Ireland",2001,0.201652332394559
"IRL","Ireland",2002,0.19842591817664
"IRL","Ireland",2003,0.200387326287923
"IRL","Ireland",2004,0.193378906932315
"IRL","Ireland",2005,0.195887092394575
"IRL","Ireland",2006,0.191679338580832
"IRL","Ireland",2007,0.18522385281169
"IRL","Ireland",2008,0.196414906735595
"IRL","Ireland",2009,0.208393232912535
"IRL","Ireland",2010,0.201093747718867
"IRL","Ireland",2011,0.179357901374992
"IRL","Ireland",2012,0.201304554700995
"IRL","Ireland",2013,0.200490659492173
"IRL","Ireland",2014,0.187004082245597
"IRL","Ireland",2015,0.180060562986586
"IRL","Ireland",2016,0.186657291412903
"IRL","Ireland",2017,0.188360902453918
"IRL","Ireland",2018,0.191539528376226
"IRL","Ireland",2019,0.183911642142432
"IRL","Ireland",2020,0.187395258613094
"IRL","Ireland",2021,0.175018536446993
"IRL","Ireland",2022,0.181143011711734
"ISR","Israel",1995,0.217676600559211
"ISR","Israel",1996,0.216512857317654
"ISR","Israel",1997,0.217657524465968
"ISR","Israel",1998,0.217866634743302
"ISR","Israel",1999,0.206888921554544
"ISR","Israel",2000,0.19775683145754
"ISR","Israel",2001,0.191849804294013
"ISR","Israel",2002,0.189299913984631
"ISR","Israel",2003,0.179171257111444
"ISR","Israel",2004,0.172933745952759
"ISR","Israel",2005,0.175044995695904
"ISR","Israel",2006,0.174866826032955
"ISR","Israel",2007,0.176323147002807
"ISR","Israel",2008,0.177994789356154
"ISR","Israel",2009,0.195752759586559
"ISR","Israel",2010,0.204197725698643
"ISR","Israel",2011,0.179235101473935
"ISR","Israel",2012,0.178747017755724
"ISR","Israel",2013,0.179632816392381
"ISR","Israel",2014,0.180156599228068
"ISR","Israel",2015,0.182639759675243
"ISR","Israel",2016,0.181781605992894
"ISR","Israel",2017,0.193519979056124
"ISR","Israel",2018,0.18985780098064
"ISR","Israel",2019,0.20305714307708
"ISR","Israel",2020,0.219229586176071
"ISR","Israel",2021,0.213503509560564
"ISR","Israel",2022,0.213174611140747
"ITA","Italy",1995,0.294504063132221
"ITA","Italy",1996,0.302016925175712
"ITA","Italy",1997,0.293954695418568
"ITA","Italy",1998,0.295924463879252
"ITA","Italy",1999,0.297477228181288
"ITA","Italy",2000,0.295802522751632
"ITA","Italy",2001,0.300914815299011
"ITA","Italy",2002,0.281780927895375
"ITA","Italy",2003,0.284042310012968
"ITA","Italy",2004,0.282995402384437
"ITA","Italy",2005,0.283481349179293
"ITA","Italy",2006,0.285107436506203
"ITA","Italy",2007,0.277309158198096
"ITA","Italy",2008,0.292753742573601
"ITA","Italy",2009,0.308052316912111
"ITA","Italy",2010,0.308004573547575
"ITA","Italy",2011,0.303419674118189
"ITA","Italy",2012,0.308914211678977
"ITA","Italy",2013,0.310209113446758
"ITA","Italy",2014,0.310228237566241
"ITA","Italy",2015,0.303237761100718
"ITA","Italy",2016,0.307165598344613
"ITA","Italy",2017,0.309431397220208
"ITA","Italy",2018,0.308626422918295
"ITA","Italy",2019,0.314715454607078
"ITA","Italy",2020,0.312621928997354
"ITA","Italy",2021,0.313365557849019
"ITA","Italy",2022,0.315772682044371
"JAM","Jamaica",1995,0.459360470781356
"JAM","Jamaica",1996,0.443728358082346
"JAM","Jamaica",1997,0.450850218361979
"JAM","Jamaica",1998,0.450149296087906
"JAM","Jamaica",1999,0.445260644234335
"JAM","Jamaica",2000,0.441319751444491
"JAM","Jamaica",2001,0.44532453137444
"JAM","Jamaica",2002,0.439210073161274
"JAM","Jamaica",2003,0.440424670458567
"JAM","Jamaica",2004,0.446841229505192
"JAM","Jamaica",2005,0.452215236105907
"JAM","Jamaica",2006,0.453180139959676
"JAM","Jamaica",2007,0.441621610679161
"JAM","Jamaica",2008,0.43794057478227
"JAM","Jamaica",2009,0.45995011343286
"JAM","Jamaica",2010,0.463125812907441
"JAM","Jamaica",2011,0.454401690934354
"JAM","Jamaica",2012,0.441290548756975
"JAM","Jamaica",2013,0.450926760825527
"JAM","Jamaica",2014,0.4528300193229
"JAM","Jamaica",2015,0.460819631022904
"JAM","Jamaica",2016,0.459073388576175
"JAM","Jamaica",2017,0.45074967053343
"JAM","Jamaica",2018,0.439775749980956
"JAM","Jamaica",2019,0.448756817348718
"JAM","Jamaica",2020,0.461160177187646
"JAM","Jamaica",2021,0.45904153455829
"JAM","Jamaica",2022,0.457332244315764
"JPN","Japan",1995,0.269820499957001
"JPN","Japan",1996,0.269324631095995
"JPN","Japan",1997,0.268210495011712
"JPN","Japan",1998,0.272980891087931
"JPN","Japan",1999,0.26998889607135
"JPN","Japan",2000,0.262058366803818
"JPN","Japan",2001,0.260342409961828
"JPN","Japan",2002,0.259626909813919
"JPN","Japan",2003,0.251488134111822
"JPN","Japan",2004,0.249806174480954
"JPN","Japan",2005,0.244385720248134
"JPN","Japan",2006,0.241311644308818
"JPN","Japan",2007,0.235778157928584
"JPN","Japan",2008,0.247989562778608
"JPN","Japan",2009,0.253085822443214
"JPN","Japan",2010,0.240697238846952
"JPN","Japan",2011,0.242726886187907
"JPN","Japan",2012,0.240341034042798
"JPN","Japan",2013,0.243858712302981
"JPN","Japan",2014,0.239492649764565
"JPN","Japan",2015,0.247990064529456
"JPN","Japan",2016,0.246530190972397
"JPN","Japan",2017,0.244583555388174
"JPN","Japan",2018,0.244604849586538
"JPN","Japan",2019,0.246838648525668
"JPN","Japan",2020,0.248812827440005
"JPN","Japan",2021,0.245518369109185
"JPN","Japan",2022,0.243686791830587
"JOR","Jordan",1995,0.43970809041574
"JOR","Jordan",1996,0.443173370694562
"JOR","Jordan",1997,0.44344011178888
"JOR","Jordan",1998,0.442559925953784
"JOR","Jordan",1999,0.442155947181834
"JOR","Jordan",2000,0.433319362507491
"JOR","Jordan",2001,0.424818109079562
"JOR","Jordan",2002,0.422590171321385
"JOR","Jordan",2003,0.420933349151982
"JOR","Jordan",2004,0.43073426288881
"JOR","Jordan",2005,0.409586955846723
"JOR","Jordan",2006,0.412874176544106
"JOR","Jordan",2007,0.404860379980139
"JOR","Jordan",2008,0.402016512752669
"JOR","Jordan",2009,0.403411783799869
"JOR","Jordan",2010,0.396720344511696
"JOR","Jordan",2011,0.396271767066098
"JOR","Jordan",2012,0.407167011236333
"JOR","Jordan",2013,0.395610728457371
"JOR","Jordan",2014,0.401450290618819
"JOR","Jordan",2015,0.403224940766089
"JOR","Jordan",2016,0.398840616791679
"JOR","Jordan",2017,0.388971182667012
"JOR","Jordan",2018,0.394350980111889
"JOR","Jordan",2019,0.395045394205997
"JOR","Jordan",2020,0.411180829491748
"JOR","Jordan",2021,0.404588374606295
"JOR","Jordan",2022,0.402332803830902
"KAZ","Kazakhstan",1995,0.442557183014921
"KAZ","Kazakhstan",1996,0.442745707346142
"KAZ","Kazakhstan",1997,0.440384878142679
"KAZ","Kazakhstan",1998,0.426507893408537
"KAZ","Kazakhstan",1999,0.419902093066499
"KAZ","Kazakhstan",2000,0.396813302985651
"KAZ","Kazakhstan",2001,0.419186314800969
"KAZ","Kazakhstan",2002,0.421470433409743
"KAZ","Kazakhstan",2003,0.423130797068001
"KAZ","Kazakhstan",2004,0.422916419698643
"KAZ","Kazakhstan",2005,0.425643638532265
"KAZ","Kazakhstan",2006,0.426704084899076
"KAZ","Kazakhstan",2007,0.424801911559677
"KAZ","Kazakhstan",2008,0.4262888493686
"KAZ","Kazakhstan",2009,0.426432314328176
"KAZ","Kazakhstan",2010,0.427327866920667
"KAZ","Kazakhstan",2011,0.428010079238768
"KAZ","Kazakhstan",2012,0.422767131500532
"KAZ","Kazakhstan",2013,0.421784150492276
"KAZ","Kazakhstan",2014,0.422502304264883
"KAZ","Kazakhstan",2015,0.422301187752543
"KAZ","Kazakhstan",2016,0.424798726396366
"KAZ","Kazakhstan",2017,0.423271415279656
"KAZ","Kazakhstan",2018,0.42151737751116
"KAZ","Kazakhstan",2019,0.419561514543983
"KAZ","Kazakhstan",2020,0.420290884103675
"KAZ","Kazakhstan",2021,0.423592731172958
"KAZ","Kazakhstan",2022,0.423559756907758
"KEN","Kenya",1995,0.6161864156069
"KEN","Kenya",1996,0.620581717541831
"KEN","Kenya",1997,0.632551153330711
"KEN","Kenya",1998,0.625805875717101
"KEN","Kenya",1999,0.618160258921716
"KEN","Kenya",2000,0.622660106131617
"KEN","Kenya",2001,0.61777111895009
"KEN","Kenya",2002,0.608709722192977
"KEN","Kenya",2003,0.607814013698658
"KEN","Kenya",2004,0.604718932910503
"KEN","Kenya",2005,0.603988609883863
"KEN","Kenya",2006,0.602665323736375
"KEN","Kenya",2007,0.60679041514292
"KEN","Kenya",2008,0.606971375355264
"KEN","Kenya",2009,0.614345189225806
"KEN","Kenya",2010,0.602602274262209
"KEN","Kenya",2011,0.598647207990009
"KEN","Kenya",2012,0.592626795680642
"KEN","Kenya",2013,0.586586625282135
"KEN","Kenya",2014,0.582464071800987
"KEN","Kenya",2015,0.590960168442478
"KEN","Kenya",2016,0.601607181959105
"KEN","Kenya",2017,0.61588057935234
"KEN","Kenya",2018,0.599483935317226
"KEN","Kenya",2019,0.59765370387046
"KEN","Kenya",2020,0.600253070197854
"KEN","Kenya",2021,0.594532265597648
"KEN","Kenya",2022,0.592284121506599
"KIR","Kiribati",1995,0.592751990794993
"KIR","Kiribati",1996,0.594900361258889
"KIR","Kiribati",1997,0.570624181217617
"KIR","Kiribati",1998,0.592614366783617
"KIR","Kiribati",1999,0.577807589525308
"KIR","Kiribati",2000,0.5708575225769
"KIR","Kiribati",2001,0.565529415128001
"KIR","Kiribati",2002,0.561092217880383
"KIR","Kiribati",2003,0.556653224442843
"KIR","Kiribati",2004,0.551910648734509
"KIR","Kiribati",2005,0.572452103472747
"KIR","Kiribati",2006,0.574673838319762
"KIR","Kiribati",2007,0.575190923888925
"KIR","Kiribati",2008,0.579303756793076
"KIR","Kiribati",2009,0.582228535809282
"KIR","Kiribati",2010,0.576458222529305
"KIR","Kiribati",2011,0.586708530825274
"KIR","Kiribati",2012,0.55443702819014
"KIR","Kiribati",2013,0.558501787593146
"KIR","Kiribati",2014,0.560642152125011
"KIR","Kiribati",2015,0.544940904320037
"KIR","Kiribati",2016,0.553682896365243
"KIR","Kiribati",2017,0.560324699522996
"KIR","Kiribati",2018,0.553373037063026
"KIR","Kiribati",2019,0.55935190177378
"KIR","Kiribati",2020,0.565061311822255
"KIR","Kiribati",2021,0.557132290442619
"KIR","Kiribati",2022,0.55568185399366
"PRK","Korea, Democratic People's Repub",1995,0.49195574717564
"PRK","Korea, Democratic People's Repub",1996,0.494737338177135
"PRK","Korea, Democratic People's Repub",1997,0.467671283749266
"PRK","Korea, Democratic People's Repub",1998,0.474850381675969
"PRK","Korea, Democratic People's Repub",1999,0.431184547492412
"PRK","Korea, Democratic People's Repub",2000,0.391286450454214
"PRK","Korea, Democratic People's Repub",2001,0.369379250074754
"PRK","Korea, Democratic People's Repub",2002,0.394589431966762
"PRK","Korea, Democratic People's Repub",2003,0.401124143384129
"PRK","Korea, Democratic People's Repub",2004,0.383357876658908
"PRK","Korea, Democratic People's Repub",2005,0.382125485083677
"PRK","Korea, Democratic People's Repub",2006,0.366737544728739
"PRK","Korea, Democratic People's Repub",2007,0.373373920466527
"PRK","Korea, Democratic People's Repub",2008,0.368150877921767
"PRK","Korea, Democratic People's Repub",2009,0.353378210918525
"PRK","Korea, Democratic People's Repub",2010,0.341007442271216
"PRK","Korea, Democratic People's Repub",2011,0.324736898607144
"PRK","Korea, Democratic People's Repub",2012,0.336519947437603
"PRK","Korea, Democratic People's Repub",2013,0.330972122996091
"PRK","Korea, Democratic People's Repub",2014,0.335604353956241
"PRK","Korea, Democratic People's Repub",2015,0.338888324831832
"PRK","Korea, Democratic People's Repub",2016,0.323978606948108
"PRK","Korea, Democratic People's Repub",2017,0.323990660745369
"PRK","Korea, Democratic People's Repub",2018,0.3032407654717
"PRK","Korea, Democratic People's Repub",2019,0.34011304877798
"PRK","Korea, Democratic People's Repub",2020,0.352842430938303
"PRK","Korea, Democratic People's Repub",2021,0.355837689739517
"PRK","Korea, Democratic People's Repub",2022,0.355247102493184
"KOR","Korea, Republic of",1995,0.263268669315993
"KOR","Korea, Republic of",1996,0.257867596849485
"KOR","Korea, Republic of",1997,0.248863533045251
"KOR","Korea, Republic of",1998,0.238498919219265
"KOR","Korea, Republic of",1999,0.22904341206581
"KOR","Korea, Republic of",2000,0.221149670263936
"KOR","Korea, Republic of",2001,0.217702624382746
"KOR","Korea, Republic of",2002,0.216348027233571
"KOR","Korea, Republic of",2003,0.215359129607739
"KOR","Korea, Republic of",2004,0.213872572964267
"KOR","Korea, Republic of",2005,0.212043914245003
"KOR","Korea, Republic of",2006,0.212733583210122
"KOR","Korea, Republic of",2007,0.213927039692328
"KOR","Korea, Republic of",2008,0.216342026516749
"KOR","Korea, Republic of",2009,0.219034393141741
"KOR","Korea, Republic of",2010,0.218512162605257
"KOR","Korea, Republic of",2011,0.219418489118804
"KOR","Korea, Republic of",2012,0.227061994479379
"KOR","Korea, Republic of",2013,0.222686065276127
"KOR","Korea, Republic of",2014,0.223884411035167
"KOR","Korea, Republic of",2015,0.227808325931346
"KOR","Korea, Republic of",2016,0.23003503773829
"KOR","Korea, Republic of",2017,0.228800252146239
"KOR","Korea, Republic of",2018,0.228623499171129
"KOR","Korea, Republic of",2019,0.232593285070408
"KOR","Korea, Republic of",2020,0.231389077970449
"KOR","Korea, Republic of",2021,0.229706165772682
"KOR","Korea, Republic of",2022,0.229328720065749
"KWT","Kuwait",1995,0.380240576032436
"KWT","Kuwait",1996,0.382210178463585
"KWT","Kuwait",1997,0.381540587263254
"KWT","Kuwait",1998,0.380410218325503
"KWT","Kuwait",1999,0.38616286028332
"KWT","Kuwait",2000,0.380877337037839
"KWT","Kuwait",2001,0.377690063914207
"KWT","Kuwait",2002,0.375830298560577
"KWT","Kuwait",2003,0.377808445918096
"KWT","Kuwait",2004,0.379563978931224
"KWT","Kuwait",2005,0.383504882563234
"KWT","Kuwait",2006,0.385137673342424
"KWT","Kuwait",2007,0.383693770699955
"KWT","Kuwait",2008,0.380101824005052
"KWT","Kuwait",2009,0.376821524279133
"KWT","Kuwait",2010,0.381871879219453
"KWT","Kuwait",2011,0.380244723643752
"KWT","Kuwait",2012,0.381736700359762
"KWT","Kuwait",2013,0.381996490211957
"KWT","Kuwait",2014,0.381710840881423
"KWT","Kuwait",2015,0.38574176243139
"KWT","Kuwait",2016,0.378698031549219
"KWT","Kuwait",2017,0.379516798533243
"KWT","Kuwait",2018,0.381493432410895
"KWT","Kuwait",2019,0.380637355282267
"KWT","Kuwait",2020,0.392287675446115
"KWT","Kuwait",2021,0.387857366817491
"KWT","Kuwait",2022,0.390725636273219
"KGZ","Kyrgyzstan",1995,0.388916805205173
"KGZ","Kyrgyzstan",1996,0.398580068800196
"KGZ","Kyrgyzstan",1997,0.389605424459358
"KGZ","Kyrgyzstan",1998,0.38026832680834
"KGZ","Kyrgyzstan",1999,0.381737925863929
"KGZ","Kyrgyzstan",2000,0.385664374024685
"KGZ","Kyrgyzstan",2001,0.380623640552574
"KGZ","Kyrgyzstan",2002,0.390815802469564
"KGZ","Kyrgyzstan",2003,0.380658210006873
"KGZ","Kyrgyzstan",2004,0.382381052648016
"KGZ","Kyrgyzstan",2005,0.387280572547476
"KGZ","Kyrgyzstan",2006,0.387150777539314
"KGZ","Kyrgyzstan",2007,0.383990924121894
"KGZ","Kyrgyzstan",2008,0.376489257456946
"KGZ","Kyrgyzstan",2009,0.383246863461797
"KGZ","Kyrgyzstan",2010,0.385896129036465
"KGZ","Kyrgyzstan",2011,0.389695632086258
"KGZ","Kyrgyzstan",2012,0.385658462667558
"KGZ","Kyrgyzstan",2013,0.38445720937102
"KGZ","Kyrgyzstan",2014,0.385639405161396
"KGZ","Kyrgyzstan",2015,0.3875914723528
"KGZ","Kyrgyzstan",2016,0.379723801288201
"KGZ","Kyrgyzstan",2017,0.386229699884868
"KGZ","Kyrgyzstan",2018,0.368004248594748
"KGZ","Kyrgyzstan",2019,0.370895030802624
"KGZ","Kyrgyzstan",2020,0.374046780550593
"KGZ","Kyrgyzstan",2021,0.372265478794455
"KGZ","Kyrgyzstan",2022,0.36217931340134
"LAO","Lao People's Democratic Republic",1995,0.671082408066495
"LAO","Lao People's Democratic Republic",1996,0.669700116399889
"LAO","Lao People's Democratic Republic",1997,0.665980935711356
"LAO","Lao People's Democratic Republic",1998,0.666018256563678
"LAO","Lao People's Democratic Republic",1999,0.663096372400652
"LAO","Lao People's Democratic Republic",2000,0.662407392849533
"LAO","Lao People's Democratic Republic",2001,0.647136570701029
"LAO","Lao People's Democratic Republic",2002,0.633887657990206
"LAO","Lao People's Democratic Republic",2003,0.622862610944896
"LAO","Lao People's Democratic Republic",2004,0.608335530838363
"LAO","Lao People's Democratic Republic",2005,0.59475220610939
"LAO","Lao People's Democratic Republic",2006,0.582605256770857
"LAO","Lao People's Democratic Republic",2007,0.579333855341104
"LAO","Lao People's Democratic Republic",2008,0.576233845912118
"LAO","Lao People's Democratic Republic",2009,0.571912641960452
"LAO","Lao People's Democratic Republic",2010,0.568877945565086
"LAO","Lao People's Democratic Republic",2011,0.553788754638183
"LAO","Lao People's Democratic Republic",2012,0.548088649981161
"LAO","Lao People's Democratic Republic",2013,0.551653417938611
"LAO","Lao People's Democratic Republic",2014,0.554937648146443
"LAO","Lao People's Democratic Republic",2015,0.563185130996053
"LAO","Lao People's Democratic Republic",2016,0.582225561835619
"LAO","Lao People's Democratic Republic",2017,0.57489864021788
"LAO","Lao People's Democratic Republic",2018,0.57030892713312
"LAO","Lao People's Democratic Republic",2019,0.577344255053106
"LAO","Lao People's Democratic Republic",2020,0.585463203765323
"LAO","Lao People's Democratic Republic",2021,0.576236590980596
"LAO","Lao People's Democratic Republic",2022,0.575063678961571
"LVA","Latvia",1995,0.249056731804866
"LVA","Latvia",1996,0.255973522737614
"LVA","Latvia",1997,0.257558250145297
"LVA","Latvia",1998,0.255992829439243
"LVA","Latvia",1999,0.255379029437916
"LVA","Latvia",2000,0.2556252578389
"LVA","Latvia",2001,0.255434373423499
"LVA","Latvia",2002,0.257200757440915
"LVA","Latvia",2003,0.252965818219237
"LVA","Latvia",2004,0.249567759964531
"LVA","Latvia",2005,0.248888655513055
"LVA","Latvia",2006,0.248284712348736
"LVA","Latvia",2007,0.246742383210957
"LVA","Latvia",2008,0.253494458085202
"LVA","Latvia",2009,0.265957100843229
"LVA","Latvia",2010,0.25827043795384
"LVA","Latvia",2011,0.254231858263263
"LVA","Latvia",2012,0.253440607735455
"LVA","Latvia",2013,0.254351044557975
"LVA","Latvia",2014,0.255294485836438
"LVA","Latvia",2015,0.253778183473688
"LVA","Latvia",2016,0.25705966516004
"LVA","Latvia",2017,0.259349482326601
"LVA","Latvia",2018,0.257024478992327
"LVA","Latvia",2019,0.258894942998859
"LVA","Latvia",2020,0.262243662988116
"LVA","Latvia",2021,0.252522481104551
"LVA","Latvia",2022,0.252908926657487
"LBN","Lebanon",1995,0.382816648012476
"LBN","Lebanon",1996,0.381476483696208
"LBN","Lebanon",1997,0.365182083038312
"LBN","Lebanon",1998,0.366054327240899
"LBN","Lebanon",1999,0.331694128299976
"LBN","Lebanon",2000,0.32835326661534
"LBN","Lebanon",2001,0.324639870460725
"LBN","Lebanon",2002,0.330688421765297
"LBN","Lebanon",2003,0.32982305080103
"LBN","Lebanon",2004,0.322905778639741
"LBN","Lebanon",2005,0.331105258790383
"LBN","Lebanon",2006,0.341994991107186
"LBN","Lebanon",2007,0.329391901806483
"LBN","Lebanon",2008,0.331772853090546
"LBN","Lebanon",2009,0.31658270523031
"LBN","Lebanon",2010,0.305674012351524
"LBN","Lebanon",2011,0.303005334033234
"LBN","Lebanon",2012,0.30089869449281
"LBN","Lebanon",2013,0.299192034149307
"LBN","Lebanon",2014,0.301134288068044
"LBN","Lebanon",2015,0.300637269961242
"LBN","Lebanon",2016,0.297734401822161
"LBN","Lebanon",2017,0.338233161936408
"LBN","Lebanon",2018,0.298965440761602
"LBN","Lebanon",2019,0.291058708985589
"LBN","Lebanon",2020,0.301483316298957
"LBN","Lebanon",2021,0.31071288093389
"LBN","Lebanon",2022,0.303746175593676
"LSO","Lesotho",1995,0.536413137134651
"LSO","Lesotho",1996,0.535306684142738
"LSO","Lesotho",1997,0.534448105360052
"LSO","Lesotho",1998,0.533645664055923
"LSO","Lesotho",1999,0.532747569094954
"LSO","Lesotho",2000,0.531755616667067
"LSO","Lesotho",2001,0.556007151875871
"LSO","Lesotho",2002,0.543899741012135
"LSO","Lesotho",2003,0.533005502002528
"LSO","Lesotho",2004,0.521993696791327
"LSO","Lesotho",2005,0.528271343826105
"LSO","Lesotho",2006,0.53392206823015
"LSO","Lesotho",2007,0.5399567478605
"LSO","Lesotho",2008,0.535226823152914
"LSO","Lesotho",2009,0.541268454190429
"LSO","Lesotho",2010,0.514146895360207
"LSO","Lesotho",2011,0.521551936980476
"LSO","Lesotho",2012,0.511417350032779
"LSO","Lesotho",2013,0.502694095103113
"LSO","Lesotho",2014,0.507985866915267
"LSO","Lesotho",2015,0.502685036719298
"LSO","Lesotho",2016,0.504556933282338
"LSO","Lesotho",2017,0.497925179641344
"LSO","Lesotho",2018,0.495213450731393
"LSO","Lesotho",2019,0.495719643388266
"LSO","Lesotho",2020,0.49903239407836
"LSO","Lesotho",2021,0.494199672388967
"LSO","Lesotho",2022,0.502278475018938
"LBR","Liberia",1995,0.669346152505073
"LBR","Liberia",1996,0.675894889193661
"LBR","Liberia",1997,0.675526342430465
"LBR","Liberia",1998,0.675153484811456
"LBR","Liberia",1999,0.674780627192448
"LBR","Liberia",2000,0.674223464783055
"LBR","Liberia",2001,0.674162863214008
"LBR","Liberia",2002,0.674006876107909
"LBR","Liberia",2003,0.673486590276855
"LBR","Liberia",2004,0.672964149017895
"LBR","Liberia",2005,0.671804184990265
"LBR","Liberia",2006,0.670911169431016
"LBR","Liberia",2007,0.671239964266889
"LBR","Liberia",2008,0.660327541304166
"LBR","Liberia",2009,0.648789781210651
"LBR","Liberia",2010,0.635410444374156
"LBR","Liberia",2011,0.639278929073084
"LBR","Liberia",2012,0.643125859492949
"LBR","Liberia",2013,0.645869189320874
"LBR","Liberia",2014,0.641437896964857
"LBR","Liberia",2015,0.637580194070846
"LBR","Liberia",2016,0.631474058478175
"LBR","Liberia",2017,0.626631863422508
"LBR","Liberia",2018,0.623038465585079
"LBR","Liberia",2019,0.619570674133406
"LBR","Liberia",2020,0.618583627344589
"LBR","Liberia",2021,0.617981882232387
"LBR","Liberia",2022,0.616921411702475
"LBY","Libyan Arab Jamahiriya",1995,0.403790891214418
"LBY","Libyan Arab Jamahiriya",1996,0.40741475074803
"LBY","Libyan Arab Jamahiriya",1997,0.409001881514253
"LBY","Libyan Arab Jamahiriya",1998,0.411573249055654
"LBY","Libyan Arab Jamahiriya",1999,0.414578435724184
"LBY","Libyan Arab Jamahiriya",2000,0.416044156759675
"LBY","Libyan Arab Jamahiriya",2001,0.416881158974511
"LBY","Libyan Arab Jamahiriya",2002,0.417089442368693
"LBY","Libyan Arab Jamahiriya",2003,0.414755022164223
"LBY","Libyan Arab Jamahiriya",2004,0.41398706993715
"LBY","Libyan Arab Jamahiriya",2005,0.413949776900089
"LBY","Libyan Arab Jamahiriya",2006,0.416610266723428
"LBY","Libyan Arab Jamahiriya",2007,0.419334528257464
"LBY","Libyan Arab Jamahiriya",2008,0.422843997571479
"LBY","Libyan Arab Jamahiriya",2009,0.412977784439215
"LBY","Libyan Arab Jamahiriya",2010,0.417016894899947
"LBY","Libyan Arab Jamahiriya",2011,0.430887234223879
"LBY","Libyan Arab Jamahiriya",2012,0.4442083426747
"LBY","Libyan Arab Jamahiriya",2013,0.457513285416222
"LBY","Libyan Arab Jamahiriya",2014,0.470802062448448
"LBY","Libyan Arab Jamahiriya",2015,0.480466009383624
"LBY","Libyan Arab Jamahiriya",2016,0.490037895041805
"LBY","Libyan Arab Jamahiriya",2017,0.486050803804824
"LBY","Libyan Arab Jamahiriya",2018,0.470452618192843
"LBY","Libyan Arab Jamahiriya",2019,0.456105601792188
"LBY","Libyan Arab Jamahiriya",2020,0.455851673760547
"LBY","Libyan Arab Jamahiriya",2021,0.4553074282142
"LBY","Libyan Arab Jamahiriya",2022,0.454754201718244
"LIE","Liechtenstein",1995,NA
"LIE","Liechtenstein",1996,NA
"LIE","Liechtenstein",1997,NA
"LIE","Liechtenstein",1998,NA
"LIE","Liechtenstein",1999,NA
"LIE","Liechtenstein",2000,NA
"LIE","Liechtenstein",2001,NA
"LIE","Liechtenstein",2002,NA
"LIE","Liechtenstein",2003,NA
"LIE","Liechtenstein",2004,NA
"LIE","Liechtenstein",2005,NA
"LIE","Liechtenstein",2006,NA
"LIE","Liechtenstein",2007,NA
"LIE","Liechtenstein",2008,NA
"LIE","Liechtenstein",2009,NA
"LIE","Liechtenstein",2010,NA
"LIE","Liechtenstein",2011,NA
"LIE","Liechtenstein",2012,NA
"LIE","Liechtenstein",2013,NA
"LIE","Liechtenstein",2014,NA
"LIE","Liechtenstein",2015,NA
"LIE","Liechtenstein",2016,NA
"LIE","Liechtenstein",2017,NA
"LIE","Liechtenstein",2018,NA
"LIE","Liechtenstein",2019,NA
"LIE","Liechtenstein",2020,NA
"LIE","Liechtenstein",2021,NA
"LIE","Liechtenstein",2022,NA
"LTU","Lithuania",1995,0.291925449899454
"LTU","Lithuania",1996,0.290522993810022
"LTU","Lithuania",1997,0.28529082981437
"LTU","Lithuania",1998,0.285256029614156
"LTU","Lithuania",1999,0.286251227580219
"LTU","Lithuania",2000,0.283361300519983
"LTU","Lithuania",2001,0.280838642510851
"LTU","Lithuania",2002,0.277136507852827
"LTU","Lithuania",2003,0.277107243342849
"LTU","Lithuania",2004,0.276920301704308
"LTU","Lithuania",2005,0.277259158641664
"LTU","Lithuania",2006,0.278522218292185
"LTU","Lithuania",2007,0.273777897264667
"LTU","Lithuania",2008,0.27705002685483
"LTU","Lithuania",2009,0.287261381881406
"LTU","Lithuania",2010,0.286655913498046
"LTU","Lithuania",2011,0.283534535168169
"LTU","Lithuania",2012,0.284015783590866
"LTU","Lithuania",2013,0.286875997676274
"LTU","Lithuania",2014,0.285797133635206
"LTU","Lithuania",2015,0.284181595525002
"LTU","Lithuania",2016,0.281444987795786
"LTU","Lithuania",2017,0.281588216854158
"LTU","Lithuania",2018,0.282141651908865
"LTU","Lithuania",2019,0.28259544069523
"LTU","Lithuania",2020,0.285042638500069
"LTU","Lithuania",2021,0.278784416492042
"LTU","Lithuania",2022,0.273565391484059
"LUX","Luxembourg",1995,0.196222573617613
"LUX","Luxembourg",1996,0.196344714532305
"LUX","Luxembourg",1997,0.196427339268714
"LUX","Luxembourg",1998,0.196222573617613
"LUX","Luxembourg",1999,0.195225688210938
"LUX","Luxembourg",2000,0.191361016361911
"LUX","Luxembourg",2001,0.188881675758179
"LUX","Luxembourg",2002,0.191094792637118
"LUX","Luxembourg",2003,0.192334220746517
"LUX","Luxembourg",2004,0.174063409927657
"LUX","Luxembourg",2005,0.18079264687984
"LUX","Luxembourg",2006,0.178719170448081
"LUX","Luxembourg",2007,0.182829510971768
"LUX","Luxembourg",2008,0.183237302761193
"LUX","Luxembourg",2009,0.188147324799546
"LUX","Luxembourg",2010,0.183902104553773
"LUX","Luxembourg",2011,0.176444598692531
"LUX","Luxembourg",2012,0.175055989507398
"LUX","Luxembourg",2013,0.183680685078233
"LUX","Luxembourg",2014,0.190005021767746
"LUX","Luxembourg",2015,0.190405873469171
"LUX","Luxembourg",2016,0.183121214231638
"LUX","Luxembourg",2017,0.184968878121674
"LUX","Luxembourg",2018,0.192631985960804
"LUX","Luxembourg",2019,0.189299095053539
"LUX","Luxembourg",2020,0.195672725897729
"LUX","Luxembourg",2021,0.190016873241877
"LUX","Luxembourg",2022,0.189229942700515
"MKD","Macedonia",1995,0.409133273088665
"MKD","Macedonia",1996,0.405753040987602
"MKD","Macedonia",1997,0.416000893263564
"MKD","Macedonia",1998,0.407655311841618
"MKD","Macedonia",1999,0.406632668074821
"MKD","Macedonia",2000,0.401797314145855
"MKD","Macedonia",2001,0.41834894386167
"MKD","Macedonia",2002,0.424202132127944
"MKD","Macedonia",2003,0.420390269786821
"MKD","Macedonia",2004,0.416542610174463
"MKD","Macedonia",2005,0.411675223359546
"MKD","Macedonia",2006,0.405318774211962
"MKD","Macedonia",2007,0.40351868974819
"MKD","Macedonia",2008,0.405158945638154
"MKD","Macedonia",2009,0.406088627703014
"MKD","Macedonia",2010,0.398734151529865
"MKD","Macedonia",2011,0.397265114670566
"MKD","Macedonia",2012,0.404108152357648
"MKD","Macedonia",2013,0.400496779971343
"MKD","Macedonia",2014,0.396346652237207
"MKD","Macedonia",2015,0.400249049059728
"MKD","Macedonia",2016,0.395747081486303
"MKD","Macedonia",2017,0.397743012561877
"MKD","Macedonia",2018,0.401605187589332
"MKD","Macedonia",2019,0.402052910430234
"MKD","Macedonia",2020,0.39440734201174
"MKD","Macedonia",2021,0.405356691777627
"MKD","Macedonia",2022,0.403786558003587
"MDG","Madagascar",1995,0.654514889764465
"MDG","Madagascar",1996,0.640184016483998
"MDG","Madagascar",1997,0.649186850725491
"MDG","Madagascar",1998,0.652879469561866
"MDG","Madagascar",1999,0.656715980273248
"MDG","Madagascar",2000,0.660838325764415
"MDG","Madagascar",2001,0.669916350558523
"MDG","Madagascar",2002,0.67941019013338
"MDG","Madagascar",2003,0.691688541913121
"MDG","Madagascar",2004,0.687460879771287
"MDG","Madagascar",2005,0.681907094709187
"MDG","Madagascar",2006,0.672025947322138
"MDG","Madagascar",2007,0.666561963523247
"MDG","Madagascar",2008,0.647001963551662
"MDG","Madagascar",2009,0.639310414422718
"MDG","Madagascar",2010,0.638899194416824
"MDG","Madagascar",2011,0.642296104109013
"MDG","Madagascar",2012,0.631130907554366
"MDG","Madagascar",2013,0.630232136586244
"MDG","Madagascar",2014,0.625588898357279
"MDG","Madagascar",2015,0.617047427466305
"MDG","Madagascar",2016,0.619056170652822
"MDG","Madagascar",2017,0.628709029541184
"MDG","Madagascar",2018,0.618555580672368
"MDG","Madagascar",2019,0.617068199757416
"MDG","Madagascar",2020,0.627462861584924
"MDG","Madagascar",2021,0.631463783363725
"MDG","Madagascar",2022,0.623283168205265
"MWI","Malawi",1995,0.67641057570596
"MWI","Malawi",1996,0.675478628680366
"MWI","Malawi",1997,0.674534108325319
"MWI","Malawi",1998,0.673725213396372
"MWI","Malawi",1999,0.665195815280752
"MWI","Malawi",2000,0.651378678485495
"MWI","Malawi",2001,0.655265127800932
"MWI","Malawi",2002,0.683861408883647
"MWI","Malawi",2003,0.667214673394631
"MWI","Malawi",2004,0.666341585675477
"MWI","Malawi",2005,0.660801469714946
"MWI","Malawi",2006,0.645395419767893
"MWI","Malawi",2007,0.62761339289107
"MWI","Malawi",2008,0.627359460034326
"MWI","Malawi",2009,0.620610450875132
"MWI","Malawi",2010,0.639725483538455
"MWI","Malawi",2011,0.634729418358179
"MWI","Malawi",2012,0.615827517644389
"MWI","Malawi",2013,0.627223021733222
"MWI","Malawi",2014,0.624698547184015
"MWI","Malawi",2015,0.62307085554691
"MWI","Malawi",2016,0.643552872525192
"MWI","Malawi",2017,0.619729984213999
"MWI","Malawi",2018,0.606165988825013
"MWI","Malawi",2019,0.623521514445083
"MWI","Malawi",2020,0.625192598904978
"MWI","Malawi",2021,0.613391710248635
"MWI","Malawi",2022,0.609555677597753
"MYS","Malaysia",1995,0.527560004627122
"MYS","Malaysia",1996,0.529832552525582
"MYS","Malaysia",1997,0.522886982998636
"MYS","Malaysia",1998,0.523050002576043
"MYS","Malaysia",1999,0.518060328567362
"MYS","Malaysia",2000,0.510859142644907
"MYS","Malaysia",2001,0.509574251470939
"MYS","Malaysia",2002,0.507142613109589
"MYS","Malaysia",2003,0.50158313943904
"MYS","Malaysia",2004,0.499138708198704
"MYS","Malaysia",2005,0.494557950992802
"MYS","Malaysia",2006,0.491040986131911
"MYS","Malaysia",2007,0.487399475597499
"MYS","Malaysia",2008,0.484268115061095
"MYS","Malaysia",2009,0.481519094753565
"MYS","Malaysia",2010,0.474642866832435
"MYS","Malaysia",2011,0.472308181499401
"MYS","Malaysia",2012,0.466195243581294
"MYS","Malaysia",2013,0.458097024807584
"MYS","Malaysia",2014,0.453959516857315
"MYS","Malaysia",2015,0.451986451947105
"MYS","Malaysia",2016,0.474610847905742
"MYS","Malaysia",2017,0.467319400257194
"MYS","Malaysia",2018,0.460466710753154
"MYS","Malaysia",2019,0.46465325305022
"MYS","Malaysia",2020,0.465078552547378
"MYS","Malaysia",2021,0.462896975313288
"MYS","Malaysia",2022,0.472791689575616
"MDV","Maldives",1995,0.641434143780908
"MDV","Maldives",1996,0.654005151193026
"MDV","Maldives",1997,0.618710152589784
"MDV","Maldives",1998,0.60705629687726
"MDV","Maldives",1999,0.588507772919478
"MDV","Maldives",2000,0.585676747374612
"MDV","Maldives",2001,0.572477560933728
"MDV","Maldives",2002,0.594024987037141
"MDV","Maldives",2003,0.581317496251588
"MDV","Maldives",2004,0.564151221870092
"MDV","Maldives",2005,0.513150345517226
"MDV","Maldives",2006,0.49874064209325
"MDV","Maldives",2007,0.480805238392122
"MDV","Maldives",2008,0.498848523423582
"MDV","Maldives",2009,0.507493718286136
"MDV","Maldives",2010,0.503306990553664
"MDV","Maldives",2011,0.504519614025427
"MDV","Maldives",2012,0.471169157554591
"MDV","Maldives",2013,0.478890876133163
"MDV","Maldives",2014,0.480008125424981
"MDV","Maldives",2015,0.477732828247547
"MDV","Maldives",2016,0.45756269453117
"MDV","Maldives",2017,0.451817199178374
"MDV","Maldives",2018,0.435857505448174
"MDV","Maldives",2019,0.464196102427933
"MDV","Maldives",2020,0.467483199132353
"MDV","Maldives",2021,0.46509722688597
"MDV","Maldives",2022,0.456252797674565
"MLI","Mali",1995,0.784618971318698
"MLI","Mali",1996,0.783957430418387
"MLI","Mali",1997,0.76465552813538
"MLI","Mali",1998,0.758718804288828
"MLI","Mali",1999,0.731522214370724
"MLI","Mali",2000,0.699459699733818
"MLI","Mali",2001,0.682851414535332
"MLI","Mali",2002,0.694588886794437
"MLI","Mali",2003,0.697852321304377
"MLI","Mali",2004,0.688803635010552
"MLI","Mali",2005,0.698886458205642
"MLI","Mali",2006,0.703315127510302
"MLI","Mali",2007,0.68422364626993
"MLI","Mali",2008,0.665358873525303
"MLI","Mali",2009,0.651725468638162
"MLI","Mali",2010,0.638088471371179
"MLI","Mali",2011,0.6525498085865
"MLI","Mali",2012,0.657137827184928
"MLI","Mali",2013,0.663488948675702
"MLI","Mali",2014,0.669841866356397
"MLI","Mali",2015,0.672784872060409
"MLI","Mali",2016,0.653192282727631
"MLI","Mali",2017,0.653105108712831
"MLI","Mali",2018,0.6354283703956
"MLI","Mali",2019,0.659391878390304
"MLI","Mali",2020,0.618385937241848
"MLI","Mali",2021,0.631350725676882
"MLI","Mali",2022,0.638865402756975
"MLT","Malta",1995,0.170082199882436
"MLT","Malta",1996,0.18872089617101
"MLT","Malta",1997,0.171074720388009
"MLT","Malta",1998,0.138161755474683
"MLT","Malta",1999,0.167854142793606
"MLT","Malta",2000,0.131029931176856
"MLT","Malta",2001,0.15698693831607
"MLT","Malta",2002,0.14947416179503
"MLT","Malta",2003,0.150825848283426
"MLT","Malta",2004,0.138684480005259
"MLT","Malta",2005,0.123754604917483
"MLT","Malta",2006,0.110489784883743
"MLT","Malta",2007,0.124638192251188
"MLT","Malta",2008,0.144314572919396
"MLT","Malta",2009,0.143630643791446
"MLT","Malta",2010,0.125685604716268
"MLT","Malta",2011,0.130845541808581
"MLT","Malta",2012,0.118613680495653
"MLT","Malta",2013,0.119049625928565
"MLT","Malta",2014,0.11598483424856
"MLT","Malta",2015,0.114313790960389
"MLT","Malta",2016,0.136593892853297
"MLT","Malta",2017,0.129102962268706
"MLT","Malta",2018,0.14489955580373
"MLT","Malta",2019,0.150553824801776
"MLT","Malta",2020,0.122979103698793
"MLT","Malta",2021,0.138945275656781
"MLT","Malta",2022,0.14129020203374
"MHL","Marshall Islands",1995,0.390631776218075
"MHL","Marshall Islands",1996,0.389739967921834
"MHL","Marshall Islands",1997,0.388858936765123
"MHL","Marshall Islands",1998,0.387977905608413
"MHL","Marshall Islands",1999,0.387059154463341
"MHL","Marshall Islands",2000,0.38563926633005
"MHL","Marshall Islands",2001,0.384235543906056
"MHL","Marshall Islands",2002,0.382842598621593
"MHL","Marshall Islands",2003,0.381463124761545
"MHL","Marshall Islands",2004,0.380097122325912
"MHL","Marshall Islands",2005,0.378747285599575
"MHL","Marshall Islands",2006,0.377408226012771
"MHL","Marshall Islands",2007,0.376085332135264
"MHL","Marshall Islands",2008,0.374773215397288
"MHL","Marshall Islands",2009,0.373479958653493
"MHL","Marshall Islands",2010,0.372200173334113
"MHL","Marshall Islands",2011,0.370933859439147
"MHL","Marshall Islands",2012,0.36969448839301
"MHL","Marshall Islands",2013,0.368487448765468
"MHL","Marshall Islands",2014,0.367307351986755
"MHL","Marshall Islands",2015,0.366156892341754
"MHL","Marshall Islands",2016,0.365033375545582
"MHL","Marshall Islands",2017,0.363939495883122
"MHL","Marshall Islands",2018,0.362869864784608
"MHL","Marshall Islands",2019,0.361829870819806
"MHL","Marshall Islands",2020,0.36081412541895
"MHL","Marshall Islands",2021,0.359822628582041
"MHL","Marshall Islands",2022,0.35885807459396
"MRT","Mauritania",1995,0.599831123953767
"MRT","Mauritania",1996,0.600127950881864
"MRT","Mauritania",1997,0.611543478477842
"MRT","Mauritania",1998,0.622957209883898
"MRT","Mauritania",1999,0.634448633047575
"MRT","Mauritania",2000,0.645864160643553
"MRT","Mauritania",2001,0.642493386304239
"MRT","Mauritania",2002,0.648645473243428
"MRT","Mauritania",2003,0.652126051241723
"MRT","Mauritania",2004,0.612128982312036
"MRT","Mauritania",2005,0.607401195592602
"MRT","Mauritania",2006,0.644097089651191
"MRT","Mauritania",2007,0.641904050950199
"MRT","Mauritania",2008,0.610133457741712
"MRT","Mauritania",2009,0.623988063041505
"MRT","Mauritania",2010,0.60954827644594
"MRT","Mauritania",2011,0.607879038268647
"MRT","Mauritania",2012,0.59326234449586
"MRT","Mauritania",2013,0.587352369964547
"MRT","Mauritania",2014,0.595572693171009
"MRT","Mauritania",2015,0.607133008353543
"MRT","Mauritania",2016,0.60839302125763
"MRT","Mauritania",2017,0.587659722590371
"MRT","Mauritania",2018,0.590518224955916
"MRT","Mauritania",2019,0.585669240566428
"MRT","Mauritania",2020,0.583639946768414
"MRT","Mauritania",2021,0.59534103323111
"MRT","Mauritania",2022,0.614220575373535
"MUS","Mauritius",1995,0.449970702929019
"MUS","Mauritius",1996,0.451525212383496
"MUS","Mauritius",1997,0.440914606929721
"MUS","Mauritius",1998,0.448929569384189
"MUS","Mauritius",1999,0.444779478721018
"MUS","Mauritius",2000,0.444579835238209
"MUS","Mauritius",2001,0.46301422260159
"MUS","Mauritius",2002,0.446800926619349
"MUS","Mauritius",2003,0.435012033773658
"MUS","Mauritius",2004,0.438283468810422
"MUS","Mauritius",2005,0.435110349798579
"MUS","Mauritius",2006,0.437413398722261
"MUS","Mauritius",2007,0.449285824774022
"MUS","Mauritius",2008,0.45756759726584
"MUS","Mauritius",2009,0.460926091756812
"MUS","Mauritius",2010,0.475991289775249
"MUS","Mauritius",2011,0.453603062802195
"MUS","Mauritius",2012,0.447320050653536
"MUS","Mauritius",2013,0.456569711107104
"MUS","Mauritius",2014,0.442776639237911
"MUS","Mauritius",2015,0.466096810031612
"MUS","Mauritius",2016,0.449492333692184
"MUS","Mauritius",2017,0.455318288649166
"MUS","Mauritius",2018,0.459695357674065
"MUS","Mauritius",2019,0.457323595156502
"MUS","Mauritius",2020,0.491919305217351
"MUS","Mauritius",2021,0.478993291721524
"MUS","Mauritius",2022,0.468406978522407
"MEX","Mexico",1995,0.40568916299745
"MEX","Mexico",1996,0.408942054022764
"MEX","Mexico",1997,0.404466880314636
"MEX","Mexico",1998,0.40359705587426
"MEX","Mexico",1999,0.401848845881145
"MEX","Mexico",2000,0.400001499488866
"MEX","Mexico",2001,0.403618211371834
"MEX","Mexico",2002,0.407345025547588
"MEX","Mexico",2003,0.407048440937495
"MEX","Mexico",2004,0.405187234849139
"MEX","Mexico",2005,0.397963406552694
"MEX","Mexico",2006,0.397395832455215
"MEX","Mexico",2007,0.395163619791649
"MEX","Mexico",2008,0.396445919841
"MEX","Mexico",2009,0.396424251601091
"MEX","Mexico",2010,0.392839673235751
"MEX","Mexico",2011,0.393252624388914
"MEX","Mexico",2012,0.391638343029066
"MEX","Mexico",2013,0.392625592726945
"MEX","Mexico",2014,0.39285354499838
"MEX","Mexico",2015,0.389112566629762
"MEX","Mexico",2016,0.38908454004279
"MEX","Mexico",2017,0.385907529250459
"MEX","Mexico",2018,0.383615291188118
"MEX","Mexico",2019,0.394371509092598
"MEX","Mexico",2020,0.396627395960322
"MEX","Mexico",2021,0.395898457938846
"MEX","Mexico",2022,0.394584018498396
"FSM","Micronesia, Federated States of",1995,0.627584352218062
"FSM","Micronesia, Federated States of",1996,0.628866831822325
"FSM","Micronesia, Federated States of",1997,0.630125601719619
"FSM","Micronesia, Federated States of",1998,0.631364972765756
"FSM","Micronesia, Federated States of",1999,0.63258278953283
"FSM","Micronesia, Federated States of",2000,0.63348591382558
"FSM","Micronesia, Federated States of",2001,0.63348591382558
"FSM","Micronesia, Federated States of",2002,0.63348591382558
"FSM","Micronesia, Federated States of",2003,0.636855677031409
"FSM","Micronesia, Federated States of",2004,0.63329447165672
"FSM","Micronesia, Federated States of",2005,0.631571073506851
"FSM","Micronesia, Federated States of",2006,0.631611643105946
"FSM","Micronesia, Federated States of",2007,0.622723677618632
"FSM","Micronesia, Federated States of",2008,0.631209424833137
"FSM","Micronesia, Federated States of",2009,0.629969714653763
"FSM","Micronesia, Federated States of",2010,0.623035830853342
"FSM","Micronesia, Federated States of",2011,0.617097027128194
"FSM","Micronesia, Federated States of",2012,0.61900761389451
"FSM","Micronesia, Federated States of",2013,0.613790012748717
"FSM","Micronesia, Federated States of",2014,0.61952395352011
"FSM","Micronesia, Federated States of",2015,0.619314529032497
"FSM","Micronesia, Federated States of",2016,0.619250214176007
"FSM","Micronesia, Federated States of",2017,0.619073469087688
"FSM","Micronesia, Federated States of",2018,0.618868703436588
"FSM","Micronesia, Federated States of",2019,0.618174966780948
"FSM","Micronesia, Federated States of",2020,0.618173855295141
"FSM","Micronesia, Federated States of",2021,0.617952124605349
"FSM","Micronesia, Federated States of",2022,0.617630965847307
"MDA","Moldova, Republic of",1995,0.441942736707341
"MDA","Moldova, Republic of",1996,0.451901242015319
"MDA","Moldova, Republic of",1997,0.477316590372512
"MDA","Moldova, Republic of",1998,0.459390133981754
"MDA","Moldova, Republic of",1999,0.456074545870858
"MDA","Moldova, Republic of",2000,0.475096773307726
"MDA","Moldova, Republic of",2001,0.470346407609999
"MDA","Moldova, Republic of",2002,0.474675654041788
"MDA","Moldova, Republic of",2003,0.476144404972238
"MDA","Moldova, Republic of",2004,0.470579699361158
"MDA","Moldova, Republic of",2005,0.472477062337809
"MDA","Moldova, Republic of",2006,0.468089041026198
"MDA","Moldova, Republic of",2007,0.465145891925086
"MDA","Moldova, Republic of",2008,0.459813450220041
"MDA","Moldova, Republic of",2009,0.467554713674741
"MDA","Moldova, Republic of",2010,0.461693791580392
"MDA","Moldova, Republic of",2011,0.451434572090159
"MDA","Moldova, Republic of",2012,0.448186667569572
"MDA","Moldova, Republic of",2013,0.445383390625649
"MDA","Moldova, Republic of",2014,0.44034894753191
"MDA","Moldova, Republic of",2015,0.443618286693296
"MDA","Moldova, Republic of",2016,0.442787449320203
"MDA","Moldova, Republic of",2017,0.440714768521246
"MDA","Moldova, Republic of",2018,0.435842568853438
"MDA","Moldova, Republic of",2019,0.437312934977034
"MDA","Moldova, Republic of",2020,0.441587764426554
"MDA","Moldova, Republic of",2021,0.430110870715025
"MDA","Moldova, Republic of",2022,0.429572630846162
"MCO","Monaco",1995,NA
"MCO","Monaco",1996,NA
"MCO","Monaco",1997,NA
"MCO","Monaco",1998,NA
"MCO","Monaco",1999,NA
"MCO","Monaco",2000,NA
"MCO","Monaco",2001,NA
"MCO","Monaco",2002,NA
"MCO","Monaco",2003,NA
"MCO","Monaco",2004,NA
"MCO","Monaco",2005,NA
"MCO","Monaco",2006,NA
"MCO","Monaco",2007,NA
"MCO","Monaco",2008,NA
"MCO","Monaco",2009,NA
"MCO","Monaco",2010,NA
"MCO","Monaco",2011,NA
"MCO","Monaco",2012,NA
"MCO","Monaco",2013,NA
"MCO","Monaco",2014,NA
"MCO","Monaco",2015,NA
"MCO","Monaco",2016,NA
"MCO","Monaco",2017,NA
"MCO","Monaco",2018,NA
"MCO","Monaco",2019,NA
"MCO","Monaco",2020,NA
"MCO","Monaco",2021,NA
"MCO","Monaco",2022,NA
"MNG","Mongolia",1995,0.353786250154691
"MNG","Mongolia",1996,0.353867078701178
"MNG","Mongolia",1997,0.359470771128718
"MNG","Mongolia",1998,0.360080086554976
"MNG","Mongolia",1999,0.347222601244776
"MNG","Mongolia",2000,0.378420300058112
"MNG","Mongolia",2001,0.369236279978634
"MNG","Mongolia",2002,0.351885130623085
"MNG","Mongolia",2003,0.334548350786912
"MNG","Mongolia",2004,0.325021361711078
"MNG","Mongolia",2005,0.329066489544085
"MNG","Mongolia",2006,0.323318707176222
"MNG","Mongolia",2007,0.319267894470375
"MNG","Mongolia",2008,0.314706925954212
"MNG","Mongolia",2009,0.310254184424341
"MNG","Mongolia",2010,0.305747101605835
"MNG","Mongolia",2011,0.302438179053052
"MNG","Mongolia",2012,0.298553359172119
"MNG","Mongolia",2013,0.295835383103654
"MNG","Mongolia",2014,0.29592860121546
"MNG","Mongolia",2015,0.305631394812928
"MNG","Mongolia",2016,0.313071828557072
"MNG","Mongolia",2017,0.304802734328796
"MNG","Mongolia",2018,0.30079431881785
"MNG","Mongolia",2019,0.299728359531292
"MNG","Mongolia",2020,0.305337600675291
"MNG","Mongolia",2021,0.307745168251761
"MNG","Mongolia",2022,0.303889138540645
"MNE","Montenegro",1995,0.444830432259744
"MNE","Montenegro",1996,0.442949821411475
"MNE","Montenegro",1997,0.441083580082582
"MNE","Montenegro",1998,0.439220931133533
"MNE","Montenegro",1999,0.437370855513937
"MNE","Montenegro",2000,0.435527964654029
"MNE","Montenegro",2001,0.433704831883262
"MNE","Montenegro",2002,0.431892476252027
"MNE","Montenegro",2003,0.43009628633009
"MNE","Montenegro",2004,0.429092216163727
"MNE","Montenegro",2005,0.428485103970112
"MNE","Montenegro",2006,0.42668263658524
"MNE","Montenegro",2007,0.422693767224687
"MNE","Montenegro",2008,0.425425134767594
"MNE","Montenegro",2009,0.442964028629831
"MNE","Montenegro",2010,0.439737640448369
"MNE","Montenegro",2011,0.436412813410312
"MNE","Montenegro",2012,0.435585632242159
"MNE","Montenegro",2013,0.390241548053048
"MNE","Montenegro",2014,0.392388521517243
"MNE","Montenegro",2015,0.394560102036996
"MNE","Montenegro",2016,0.383318606124998
"MNE","Montenegro",2017,0.375904024761943
"MNE","Montenegro",2018,0.373265794135404
"MNE","Montenegro",2019,0.371611891963114
"MNE","Montenegro",2020,0.362212888051154
"MNE","Montenegro",2021,0.368255341150872
"MNE","Montenegro",2022,0.371303648365169
"MAR","Morocco",1995,0.493713275639255
"MAR","Morocco",1996,0.492228985354484
"MAR","Morocco",1997,0.484089402167833
"MAR","Morocco",1998,0.483638019964116
"MAR","Morocco",1999,0.486892458721681
"MAR","Morocco",2000,0.494145251220514
"MAR","Morocco",2001,0.501515194024161
"MAR","Morocco",2002,0.506434212090224
"MAR","Morocco",2003,0.505195917415617
"MAR","Morocco",2004,0.495629745430092
"MAR","Morocco",2005,0.487360022332146
"MAR","Morocco",2006,0.475881012198935
"MAR","Morocco",2007,0.475416543785098
"MAR","Morocco",2008,0.466017037771945
"MAR","Morocco",2009,0.456309184369268
"MAR","Morocco",2010,0.448659631884531
"MAR","Morocco",2011,0.443686147573507
"MAR","Morocco",2012,0.442850319077496
"MAR","Morocco",2013,0.4378996619641
"MAR","Morocco",2014,0.440492363369348
"MAR","Morocco",2015,0.436615622431141
"MAR","Morocco",2016,0.443411937246097
"MAR","Morocco",2017,0.437192817080661
"MAR","Morocco",2018,0.433351735455762
"MAR","Morocco",2019,0.430485079718452
"MAR","Morocco",2020,0.440384311201485
"MAR","Morocco",2021,0.435032374242525
"MAR","Morocco",2022,0.435139029807441
"MOZ","Mozambique",1995,0.673869264261655
"MOZ","Mozambique",1996,0.671503004425378
"MOZ","Mozambique",1997,0.676067314043222
"MOZ","Mozambique",1998,0.664054615309818
"MOZ","Mozambique",1999,0.65175495945442
"MOZ","Mozambique",2000,0.640003629597802
"MOZ","Mozambique",2001,0.635200519488747
"MOZ","Mozambique",2002,0.621766662140375
"MOZ","Mozambique",2003,0.618230734357986
"MOZ","Mozambique",2004,0.619188550592179
"MOZ","Mozambique",2005,0.617456209449324
"MOZ","Mozambique",2006,0.611416129032424
"MOZ","Mozambique",2007,0.620349391609039
"MOZ","Mozambique",2008,0.608178728055065
"MOZ","Mozambique",2009,0.614876557918235
"MOZ","Mozambique",2010,0.607957085904186
"MOZ","Mozambique",2011,0.613331370148823
"MOZ","Mozambique",2012,0.611113524428917
"MOZ","Mozambique",2013,0.601113643545818
"MOZ","Mozambique",2014,0.602321882216058
"MOZ","Mozambique",2015,0.596704823373825
"MOZ","Mozambique",2016,0.603388834259135
"MOZ","Mozambique",2017,0.600946783335678
"MOZ","Mozambique",2018,0.599456370569563
"MOZ","Mozambique",2019,0.60022380045964
"MOZ","Mozambique",2020,0.607282828683587
"MOZ","Mozambique",2021,0.606313389436702
"MOZ","Mozambique",2022,0.582787888735949
"MMR","Myanmar",1995,0.567206914825718
"MMR","Myanmar",1996,0.567021659954609
"MMR","Myanmar",1997,0.5666533552533
"MMR","Myanmar",1998,0.568601456972626
"MMR","Myanmar",1999,0.57068774857316
"MMR","Myanmar",2000,0.572777964190512
"MMR","Myanmar",2001,0.574601086858897
"MMR","Myanmar",2002,0.576542110365362
"MMR","Myanmar",2003,0.578563844140577
"MMR","Myanmar",2004,0.573750270106171
"MMR","Myanmar",2005,0.56889798662562
"MMR","Myanmar",2006,0.562676532337255
"MMR","Myanmar",2007,0.558442648095666
"MMR","Myanmar",2008,0.554666050404002
"MMR","Myanmar",2009,0.550734387169995
"MMR","Myanmar",2010,0.547807458384144
"MMR","Myanmar",2011,0.550516662347952
"MMR","Myanmar",2012,0.557931903714901
"MMR","Myanmar",2013,0.546358455032117
"MMR","Myanmar",2014,0.544963591089777
"MMR","Myanmar",2015,0.547534098563378
"MMR","Myanmar",2016,0.5638776623641
"MMR","Myanmar",2017,0.551833402815057
"MMR","Myanmar",2018,0.551060510184729
"MMR","Myanmar",2019,0.545608832808592
"MMR","Myanmar",2020,0.552378309959627
"MMR","Myanmar",2021,0.564328234540452
"MMR","Myanmar",2022,0.54885839330494
"NAM","Namibia",1995,0.599940808922047
"NAM","Namibia",1996,0.599037325391313
"NAM","Namibia",1997,0.59812665710089
"NAM","Namibia",1998,0.597207007860858
"NAM","Namibia",1999,0.596280173861139
"NAM","Namibia",2000,0.595342562721887
"NAM","Namibia",2001,0.581892419720524
"NAM","Namibia",2002,0.574014599932081
"NAM","Namibia",2003,0.578410601678406
"NAM","Namibia",2004,0.582985665036419
"NAM","Namibia",2005,0.577904885735939
"NAM","Namibia",2006,0.568459680375731
"NAM","Namibia",2007,0.562616919856564
"NAM","Namibia",2008,0.557457344776595
"NAM","Namibia",2009,0.556397208954232
"NAM","Namibia",2010,0.552827113119621
"NAM","Namibia",2011,0.546425700629729
"NAM","Namibia",2012,0.539639834848001
"NAM","Namibia",2013,0.536171491656486
"NAM","Namibia",2014,0.533295981882096
"NAM","Namibia",2015,0.528531521800386
"NAM","Namibia",2016,0.528963468279232
"NAM","Namibia",2017,0.528593936219505
"NAM","Namibia",2018,0.52096671622658
"NAM","Namibia",2019,0.529600553471659
"NAM","Namibia",2020,0.536308641923081
"NAM","Namibia",2021,0.53159138948107
"NAM","Namibia",2022,0.525682723149041
"NRU","Nauru",1995,0.311605203854086
"NRU","Nauru",1996,0.334829247569933
"NRU","Nauru",1997,0.351495914236599
"NRU","Nauru",1998,0.352679885092701
"NRU","Nauru",1999,0.327816497114559
"NRU","Nauru",2000,0.311605203854086
"NRU","Nauru",2001,0.311605203854086
"NRU","Nauru",2002,0.311605203854086
"NRU","Nauru",2003,0.311605203854086
"NRU","Nauru",2004,0.375175331358639
"NRU","Nauru",2005,0.394938537187419
"NRU","Nauru",2006,0.406413947023485
"NRU","Nauru",2007,0.401313764874122
"NRU","Nauru",2008,0.398126151030771
"NRU","Nauru",2009,0.39949227124935
"NRU","Nauru",2010,0.403954930630042
"NRU","Nauru",2011,0.401951287642792
"NRU","Nauru",2012,0.394483163781226
"NRU","Nauru",2013,0.37053052261547
"NRU","Nauru",2014,0.345940358681044
"NRU","Nauru",2015,0.329811483592113
"NRU","Nauru",2016,0.352042362324031
"NRU","Nauru",2017,0.35541212552986
"NRU","Nauru",2018,0.320656948653242
"NRU","Nauru",2019,0.311605203854086
"NRU","Nauru",2020,0.311605203854086
"NRU","Nauru",2021,0.310627018258518
"NRU","Nauru",2022,0.310627018258518
"NPL","Nepal",1995,0.569557360075472
"NPL","Nepal",1996,0.617912425066042
"NPL","Nepal",1997,0.597576632866151
"NPL","Nepal",1998,0.577134532247388
"NPL","Nepal",1999,0.603290010693528
"NPL","Nepal",2000,0.59909302218816
"NPL","Nepal",2001,0.610154647915311
"NPL","Nepal",2002,0.618428783590914
"NPL","Nepal",2003,0.629391533962407
"NPL","Nepal",2004,0.628806369311612
"NPL","Nepal",2005,0.630639804412794
"NPL","Nepal",2006,0.629033965489742
"NPL","Nepal",2007,0.626624687498394
"NPL","Nepal",2008,0.622497976755536
"NPL","Nepal",2009,0.611297466779343
"NPL","Nepal",2010,0.605220675855274
"NPL","Nepal",2011,0.603909401391063
"NPL","Nepal",2012,0.61045878784765
"NPL","Nepal",2013,0.614145194514189
"NPL","Nepal",2014,0.612087034536442
"NPL","Nepal",2015,0.605737631655003
"NPL","Nepal",2016,0.600213042371422
"NPL","Nepal",2017,0.602926883995969
"NPL","Nepal",2018,0.600560303031727
"NPL","Nepal",2019,0.60920982346016
"NPL","Nepal",2020,0.613482733213277
"NPL","Nepal",2021,0.595922857850762
"NPL","Nepal",2022,0.574182039427399
"NLD","Netherlands",1995,0.107362525044731
"NLD","Netherlands",1996,0.115807926908247
"NLD","Netherlands",1997,0.111292494674356
"NLD","Netherlands",1998,0.0941256895646095
"NLD","Netherlands",1999,0.105307259366876
"NLD","Netherlands",2000,0.0854772593607838
"NLD","Netherlands",2001,0.0970597994805683
"NLD","Netherlands",2002,0.0959011028297654
"NLD","Netherlands",2003,0.100774522704671
"NLD","Netherlands",2004,0.0910322875150837
"NLD","Netherlands",2005,0.0862605951902979
"NLD","Netherlands",2006,0.0824551764473063
"NLD","Netherlands",2007,0.0751182557982855
"NLD","Netherlands",2008,0.0886272042046373
"NLD","Netherlands",2009,0.0969059620820765
"NLD","Netherlands",2010,0.0926410277773973
"NLD","Netherlands",2011,0.0821768603294291
"NLD","Netherlands",2012,0.074868554370077
"NLD","Netherlands",2013,0.0948537947128205
"NLD","Netherlands",2014,0.0887746050336072
"NLD","Netherlands",2015,0.0883236381811115
"NLD","Netherlands",2016,0.0861038085273374
"NLD","Netherlands",2017,0.0872267372734851
"NLD","Netherlands",2018,0.08526460387792
"NLD","Netherlands",2019,0.084048094923781
"NLD","Netherlands",2020,0.0798276054375689
"NLD","Netherlands",2021,0.0808336514235804
"NLD","Netherlands",2022,0.0826404296741422
"NZL","New Zealand",1995,0.279361593926746
"NZL","New Zealand",1996,0.281209278477859
"NZL","New Zealand",1997,0.281622260526416
"NZL","New Zealand",1998,0.28373839364836
"NZL","New Zealand",1999,0.276919051141289
"NZL","New Zealand",2000,0.271134222824488
"NZL","New Zealand",2001,0.266089651165006
"NZL","New Zealand",2002,0.265446398110781
"NZL","New Zealand",2003,0.253947662690606
"NZL","New Zealand",2004,0.251210125716691
"NZL","New Zealand",2005,0.250051303237623
"NZL","New Zealand",2006,0.253581375055316
"NZL","New Zealand",2007,0.255248633524463
"NZL","New Zealand",2008,0.256377525303378
"NZL","New Zealand",2009,0.263865640999708
"NZL","New Zealand",2010,0.260071783052879
"NZL","New Zealand",2011,0.255434012738246
"NZL","New Zealand",2012,0.257791313461224
"NZL","New Zealand",2013,0.259199869675581
"NZL","New Zealand",2014,0.258424958401173
"NZL","New Zealand",2015,0.250056396893264
"NZL","New Zealand",2016,0.254582916948225
"NZL","New Zealand",2017,0.249881232639906
"NZL","New Zealand",2018,0.250149750154605
"NZL","New Zealand",2019,0.253356405958422
"NZL","New Zealand",2020,0.254410711179503
"NZL","New Zealand",2021,0.257278634440896
"NZL","New Zealand",2022,0.256008881486617
"NIC","Nicaragua",1995,0.511654537624997
"NIC","Nicaragua",1996,0.510384947932583
"NIC","Nicaragua",1997,0.498802022664302
"NIC","Nicaragua",1998,0.507121380501148
"NIC","Nicaragua",1999,0.506941959834208
"NIC","Nicaragua",2000,0.498569193725464
"NIC","Nicaragua",2001,0.496831772834913
"NIC","Nicaragua",2002,0.48538487012801
"NIC","Nicaragua",2003,0.478966401845592
"NIC","Nicaragua",2004,0.470211177441881
"NIC","Nicaragua",2005,0.471264532264424
"NIC","Nicaragua",2006,0.468324065388515
"NIC","Nicaragua",2007,0.482115690232712
"NIC","Nicaragua",2008,0.476290630979309
"NIC","Nicaragua",2009,0.486215630010913
"NIC","Nicaragua",2010,0.483361643514503
"NIC","Nicaragua",2011,0.486382233408096
"NIC","Nicaragua",2012,0.481281588207366
"NIC","Nicaragua",2013,0.48667621719776
"NIC","Nicaragua",2014,0.484737798839986
"NIC","Nicaragua",2015,0.485369877291999
"NIC","Nicaragua",2016,0.477052637734914
"NIC","Nicaragua",2017,0.476510870553638
"NIC","Nicaragua",2018,0.477029577722645
"NIC","Nicaragua",2019,0.477814721716462
"NIC","Nicaragua",2020,0.482136602275522
"NIC","Nicaragua",2021,0.474468926251438
"NIC","Nicaragua",2022,0.476080286863758
"NER","Niger",1995,0.865380051568561
"NER","Niger",1996,0.8950743185253
"NER","Niger",1997,0.881354838678627
"NER","Niger",1998,0.881775553228294
"NER","Niger",1999,0.847376025605523
"NER","Niger",2000,0.83484077816963
"NER","Niger",2001,0.849031483490693
"NER","Niger",2002,0.824480565182461
"NER","Niger",2003,0.808070816737082
"NER","Niger",2004,0.797539580002089
"NER","Niger",2005,0.801998905933575
"NER","Niger",2006,0.780690412420904
"NER","Niger",2007,0.769343963817715
"NER","Niger",2008,0.781599375880971
"NER","Niger",2009,0.747618268920548
"NER","Niger",2010,0.769004933967825
"NER","Niger",2011,0.748400354411014
"NER","Niger",2012,0.8300802171309
"NER","Niger",2013,0.793538189339522
"NER","Niger",2014,0.784113496180578
"NER","Niger",2015,0.769723540061027
"NER","Niger",2016,0.778599650642471
"NER","Niger",2017,0.797332229029627
"NER","Niger",2018,0.796686159241617
"NER","Niger",2019,0.761313655647397
"NER","Niger",2020,0.784656897362443
"NER","Niger",2021,0.795302499281789
"NER","Niger",2022,0.76251096513109
"NGA","Nigeria",1995,0.661671943445067
"NGA","Nigeria",1996,0.660349125485066
"NGA","Nigeria",1997,0.661133623293853
"NGA","Nigeria",1998,0.663071763232126
"NGA","Nigeria",1999,0.682401983438761
"NGA","Nigeria",2000,0.663068702147992
"NGA","Nigeria",2001,0.666276371220339
"NGA","Nigeria",2002,0.658582846702512
"NGA","Nigeria",2003,0.645615703960904
"NGA","Nigeria",2004,0.645150203969118
"NGA","Nigeria",2005,0.644520390127331
"NGA","Nigeria",2006,0.644324216596568
"NGA","Nigeria",2007,0.64876604642814
"NGA","Nigeria",2008,0.617823628159067
"NGA","Nigeria",2009,0.621282364859845
"NGA","Nigeria",2010,0.612975648412159
"NGA","Nigeria",2011,0.666115713520873
"NGA","Nigeria",2012,0.63723403674166
"NGA","Nigeria",2013,0.617299366172663
"NGA","Nigeria",2014,0.608352134622764
"NGA","Nigeria",2015,0.602505695367713
"NGA","Nigeria",2016,0.613867770468421
"NGA","Nigeria",2017,0.608028576054419
"NGA","Nigeria",2018,0.578398999190914
"NGA","Nigeria",2019,0.5731803304636
"NGA","Nigeria",2020,0.583390908837429
"NGA","Nigeria",2021,0.580733537085303
"NGA","Nigeria",2022,0.571971808984625
"NOR","Norway",1995,0.256375837459392
"NOR","Norway",1996,0.257930613599546
"NOR","Norway",1997,0.255210114530811
"NOR","Norway",1998,0.252742212534476
"NOR","Norway",1999,0.25409888817934
"NOR","Norway",2000,0.255398486748345
"NOR","Norway",2001,0.255035548496453
"NOR","Norway",2002,0.253782637212804
"NOR","Norway",2003,0.254450782449625
"NOR","Norway",2004,0.251479405222191
"NOR","Norway",2005,0.252591430399012
"NOR","Norway",2006,0.249980994677181
"NOR","Norway",2007,0.249527865070391
"NOR","Norway",2008,0.249535640903309
"NOR","Norway",2009,0.254448465220214
"NOR","Norway",2010,0.251168239556421
"NOR","Norway",2011,0.251220422760654
"NOR","Norway",2012,0.252388437822964
"NOR","Norway",2013,0.252747845306539
"NOR","Norway",2014,0.25136771958347
"NOR","Norway",2015,0.253150973052158
"NOR","Norway",2016,0.253438011415849
"NOR","Norway",2017,0.250354302546349
"NOR","Norway",2018,0.250437089586292
"NOR","Norway",2019,0.249911263712788
"NOR","Norway",2020,0.251996151035589
"NOR","Norway",2021,0.250656154670459
"NOR","Norway",2022,0.247904933570514
"OMN","Oman",1995,0.536984646394167
"OMN","Oman",1996,0.530971586497659
"OMN","Oman",1997,0.527166136107439
"OMN","Oman",1998,0.528191160686794
"OMN","Oman",1999,0.544496560319382
"OMN","Oman",2000,0.53860127222906
"OMN","Oman",2001,0.542709158777043
"OMN","Oman",2002,0.538646022451877
"OMN","Oman",2003,0.497289376177811
"OMN","Oman",2004,0.516107360067315
"OMN","Oman",2005,0.510506146178648
"OMN","Oman",2006,0.505682684216925
"OMN","Oman",2007,0.501954277661118
"OMN","Oman",2008,0.503546392959742
"OMN","Oman",2009,0.5022567145138
"OMN","Oman",2010,0.504971313684151
"OMN","Oman",2011,0.500920463429715
"OMN","Oman",2012,0.497051529926126
"OMN","Oman",2013,0.492111109629043
"OMN","Oman",2014,0.49797693486541
"OMN","Oman",2015,0.499700930762696
"OMN","Oman",2016,0.510865132511627
"OMN","Oman",2017,0.507632611013067
"OMN","Oman",2018,0.508293907517613
"OMN","Oman",2019,0.513189265106141
"OMN","Oman",2020,0.507665273301137
"OMN","Oman",2021,0.508597648762532
"OMN","Oman",2022,0.501845984711384
"PAK","Pakistan",1995,0.625573239627109
"PAK","Pakistan",1996,0.617552544403036
"PAK","Pakistan",1997,0.627163023449618
"PAK","Pakistan",1998,0.630886886020141
"PAK","Pakistan",1999,0.619296604268455
"PAK","Pakistan",2000,0.610757245883535
"PAK","Pakistan",2001,0.60599860528989
"PAK","Pakistan",2002,0.605017597711781
"PAK","Pakistan",2003,0.603324727616505
"PAK","Pakistan",2004,0.598800112273111
"PAK","Pakistan",2005,0.599584197233003
"PAK","Pakistan",2006,0.599001781819364
"PAK","Pakistan",2007,0.595428789015795
"PAK","Pakistan",2008,0.60349568059523
"PAK","Pakistan",2009,0.602308506744567
"PAK","Pakistan",2010,0.607071529914712
"PAK","Pakistan",2011,0.604454570478449
"PAK","Pakistan",2012,0.586663209757455
"PAK","Pakistan",2013,0.569039758671192
"PAK","Pakistan",2014,0.568127637138067
"PAK","Pakistan",2015,0.564027967047492
"PAK","Pakistan",2016,0.56026674571186
"PAK","Pakistan",2017,0.553445001362912
"PAK","Pakistan",2018,0.543553473280242
"PAK","Pakistan",2019,0.544924071443828
"PAK","Pakistan",2020,0.555992432799589
"PAK","Pakistan",2021,0.549628175334995
"PAK","Pakistan",2022,0.550022185064001
"PLW","Palau",1995,0.528942624553434
"PLW","Palau",1996,0.529212053041725
"PLW","Palau",1997,0.529729355739243
"PLW","Palau",1998,0.530248813864667
"PLW","Palau",1999,0.530772582845904
"PLW","Palau",2000,0.531298507255047
"PLW","Palau",2001,0.531826587092097
"PLW","Palau",2002,0.532356822357053
"PLW","Palau",2003,0.532889213049915
"PLW","Palau",2004,0.531201512999263
"PLW","Palau",2005,0.529543988939299
"PLW","Palau",2006,0.527910174586305
"PLW","Palau",2007,0.529856293364398
"PLW","Palau",2008,0.526412321981622
"PLW","Palau",2009,0.555874299160261
"PLW","Palau",2010,0.539340835272916
"PLW","Palau",2011,0.533212560211131
"PLW","Palau",2012,0.524638260273981
"PLW","Palau",2013,0.503347145009474
"PLW","Palau",2014,0.486669612609669
"PLW","Palau",2015,0.469424270369758
"PLW","Palau",2016,0.445346199726837
"PLW","Palau",2017,0.443488278670552
"PLW","Palau",2018,0.441276857949494
"PLW","Palau",2019,0.438731149258717
"PLW","Palau",2020,0.43761463760324
"PLW","Palau",2021,0.43654770078961
"PLW","Palau",2022,0.435528183389918
"PAN","Panama",1995,0.47320197093916
"PAN","Panama",1996,0.472420664205762
"PAN","Panama",1997,0.468751123836605
"PAN","Panama",1998,0.470352639478144
"PAN","Panama",1999,0.468973365827267
"PAN","Panama",2000,0.467760612006013
"PAN","Panama",2001,0.469155782666569
"PAN","Panama",2002,0.472286053346307
"PAN","Panama",2003,0.474032558241556
"PAN","Panama",2004,0.470650711280137
"PAN","Panama",2005,0.468194029955792
"PAN","Panama",2006,0.4521668014517
"PAN","Panama",2007,0.45113291369007
"PAN","Panama",2008,0.452358120699646
"PAN","Panama",2009,0.452202657027101
"PAN","Panama",2010,0.451778638926488
"PAN","Panama",2011,0.446582942618297
"PAN","Panama",2012,0.446880490380481
"PAN","Panama",2013,0.448360419093952
"PAN","Panama",2014,0.449990670717064
"PAN","Panama",2015,0.45133353426534
"PAN","Panama",2016,0.454213183837636
"PAN","Panama",2017,0.452338309427108
"PAN","Panama",2018,0.451467077995538
"PAN","Panama",2019,0.452365173040982
"PAN","Panama",2020,0.462225610312186
"PAN","Panama",2021,0.470457310300201
"PAN","Panama",2022,0.464517338476307
"PNG","Papua New Guinea",1995,0.613706618968466
"PNG","Papua New Guinea",1996,0.614698454634341
"PNG","Papua New Guinea",1997,0.616161077553658
"PNG","Papua New Guinea",1998,0.619210487818023
"PNG","Papua New Guinea",1999,0.619880567200866
"PNG","Papua New Guinea",2000,0.618160355429373
"PNG","Papua New Guinea",2001,0.610346050669799
"PNG","Papua New Guinea",2002,0.612928357235974
"PNG","Papua New Guinea",2003,0.612464523964568
"PNG","Papua New Guinea",2004,0.612693307907146
"PNG","Papua New Guinea",2005,0.610760502886538
"PNG","Papua New Guinea",2006,0.622139780440308
"PNG","Papua New Guinea",2007,0.633670849129475
"PNG","Papua New Guinea",2008,0.645126022250944
"PNG","Papua New Guinea",2009,0.656505299804714
"PNG","Papua New Guinea",2010,0.667808681790785
"PNG","Papua New Guinea",2011,0.664891030580015
"PNG","Papua New Guinea",2012,0.66244028481428
"PNG","Papua New Guinea",2013,0.66345896367686
"PNG","Papua New Guinea",2014,0.665515033828317
"PNG","Papua New Guinea",2015,0.667545957320867
"PNG","Papua New Guinea",2016,0.669475838586811
"PNG","Papua New Guinea",2017,0.671760051032343
"PNG","Papua New Guinea",2018,0.673561947222851
"PNG","Papua New Guinea",2019,0.675186905619056
"PNG","Papua New Guinea",2020,0.68355334780108
"PNG","Papua New Guinea",2021,0.681445365079354
"PNG","Papua New Guinea",2022,0.680991358446093
"PRY","Paraguay",1995,0.509015564647169
"PRY","Paraguay",1996,0.512606072001007
"PRY","Paraguay",1997,0.50862901904272
"PRY","Paraguay",1998,0.511958543554094
"PRY","Paraguay",1999,0.498114192168992
"PRY","Paraguay",2000,0.495709382370733
"PRY","Paraguay",2001,0.487303873376991
"PRY","Paraguay",2002,0.480346636383795
"PRY","Paraguay",2003,0.473106190815585
"PRY","Paraguay",2004,0.471306158949206
"PRY","Paraguay",2005,0.467047332048487
"PRY","Paraguay",2006,0.462630131286427
"PRY","Paraguay",2007,0.464485157172067
"PRY","Paraguay",2008,0.464162032285205
"PRY","Paraguay",2009,0.469440817681718
"PRY","Paraguay",2010,0.467454375686179
"PRY","Paraguay",2011,0.468111092307317
"PRY","Paraguay",2012,0.469723737190048
"PRY","Paraguay",2013,0.46651420900689
"PRY","Paraguay",2014,0.463887952804201
"PRY","Paraguay",2015,0.462021832393656
"PRY","Paraguay",2016,0.460203069649593
"PRY","Paraguay",2017,0.458448139767357
"PRY","Paraguay",2018,0.457311636801277
"PRY","Paraguay",2019,0.455321099835647
"PRY","Paraguay",2020,0.457970179520219
"PRY","Paraguay",2021,0.45398748455393
"PRY","Paraguay",2022,0.452422689939734
"PER","Peru",1995,0.441703603398287
"PER","Peru",1996,0.448731838972389
"PER","Peru",1997,0.440411208972155
"PER","Peru",1998,0.444228015222122
"PER","Peru",1999,0.438471218314506
"PER","Peru",2000,0.428058511860857
"PER","Peru",2001,0.430573491506165
"PER","Peru",2002,0.430346353939585
"PER","Peru",2003,0.42716375677034
"PER","Peru",2004,0.426197810502995
"PER","Peru",2005,0.421354793211843
"PER","Peru",2006,0.415675080010476
"PER","Peru",2007,0.4168694136183
"PER","Peru",2008,0.411489964732007
"PER","Peru",2009,0.413653553128107
"PER","Peru",2010,0.409978434118808
"PER","Peru",2011,0.407499402078495
"PER","Peru",2012,0.406255885756815
"PER","Peru",2013,0.404586102491993
"PER","Peru",2014,0.405981235955141
"PER","Peru",2015,0.407566614371953
"PER","Peru",2016,0.40706673032846
"PER","Peru",2017,0.406811608355786
"PER","Peru",2018,0.406790325700567
"PER","Peru",2019,0.402633579031695
"PER","Peru",2020,0.407092885090729
"PER","Peru",2021,0.406094027250918
"PER","Peru",2022,0.405601656943709
"PHL","Philippines",1995,0.528186172253344
"PHL","Philippines",1996,0.527431343646121
"PHL","Philippines",1997,0.526052398568846
"PHL","Philippines",1998,0.528923205660898
"PHL","Philippines",1999,0.523733517184404
"PHL","Philippines",2000,0.517188270347713
"PHL","Philippines",2001,0.51550374305429
"PHL","Philippines",2002,0.510208955494003
"PHL","Philippines",2003,0.505715956385865
"PHL","Philippines",2004,0.508234436930013
"PHL","Philippines",2005,0.509615899291406
"PHL","Philippines",2006,0.510281736494177
"PHL","Philippines",2007,0.512886932627846
"PHL","Philippines",2008,0.52332669747832
"PHL","Philippines",2009,0.526617518983773
"PHL","Philippines",2010,0.525283135286889
"PHL","Philippines",2011,0.524203764644288
"PHL","Philippines",2012,0.526182083324772
"PHL","Philippines",2013,0.526907130189313
"PHL","Philippines",2014,0.529261883152854
"PHL","Philippines",2015,0.524201161940106
"PHL","Philippines",2016,0.521770164505556
"PHL","Philippines",2017,0.517130858189527
"PHL","Philippines",2018,0.514234206804745
"PHL","Philippines",2019,0.515078283968378
"PHL","Philippines",2020,0.511646196376298
"PHL","Philippines",2021,0.506488750435255
"PHL","Philippines",2022,0.507960798465432
"POL","Poland",1995,0.263947283035672
"POL","Poland",1996,0.263944716706854
"POL","Poland",1997,0.259257333435006
"POL","Poland",1998,0.257839036473564
"POL","Poland",1999,0.255194483696269
"POL","Poland",2000,0.253092382788256
"POL","Poland",2001,0.253575609911273
"POL","Poland",2002,0.251685172411936
"POL","Poland",2003,0.251093188553536
"POL","Poland",2004,0.25123486722791
"POL","Poland",2005,0.247943089057083
"POL","Poland",2006,0.247093878274444
"POL","Poland",2007,0.247714333351172
"POL","Poland",2008,0.248125760168273
"POL","Poland",2009,0.253217244844809
"POL","Poland",2010,0.250468835428875
"POL","Poland",2011,0.249801299742615
"POL","Poland",2012,0.251160750314898
"POL","Poland",2013,0.250395738831301
"POL","Poland",2014,0.247337739003752
"POL","Poland",2015,0.246028026556029
"POL","Poland",2016,0.244492983570289
"POL","Poland",2017,0.242210190058859
"POL","Poland",2018,0.239978615883986
"POL","Poland",2019,0.239174140739061
"POL","Poland",2020,0.240167494100055
"POL","Poland",2021,0.235493626918093
"POL","Poland",2022,0.239898662214295
"PRT","Portugal",1995,0.363261212614773
"PRT","Portugal",1996,0.353903125282173
"PRT","Portugal",1997,0.349000984090196
"PRT","Portugal",1998,0.337599968738541
"PRT","Portugal",1999,0.333263647171747
"PRT","Portugal",2000,0.334637053619946
"PRT","Portugal",2001,0.334600288060031
"PRT","Portugal",2002,0.328846884578236
"PRT","Portugal",2003,0.328059479587658
"PRT","Portugal",2004,0.321823475743427
"PRT","Portugal",2005,0.324354621610805
"PRT","Portugal",2006,0.322513869901384
"PRT","Portugal",2007,0.313460270482207
"PRT","Portugal",2008,0.318932174922395
"PRT","Portugal",2009,0.326749441005928
"PRT","Portugal",2010,0.32038641613129
"PRT","Portugal",2011,0.32380220766733
"PRT","Portugal",2012,0.319548328730769
"PRT","Portugal",2013,0.32704360658059
"PRT","Portugal",2014,0.307025298581829
"PRT","Portugal",2015,0.317642626693222
"PRT","Portugal",2016,0.313462563643897
"PRT","Portugal",2017,0.321369127001488
"PRT","Portugal",2018,0.324398229165965
"PRT","Portugal",2019,0.312830893453172
"PRT","Portugal",2020,0.320431885070668
"PRT","Portugal",2021,0.319168510716074
"PRT","Portugal",2022,0.318745247723185
"QAT","Qatar",1995,0.372525833384509
"QAT","Qatar",1996,0.376377939110912
"QAT","Qatar",1997,0.374524253301385
"QAT","Qatar",1998,0.373173675396254
"QAT","Qatar",1999,0.385942880084458
"QAT","Qatar",2000,0.375884881030304
"QAT","Qatar",2001,0.374429851944144
"QAT","Qatar",2002,0.375135537739057
"QAT","Qatar",2003,0.368982854718746
"QAT","Qatar",2004,0.36374930031357
"QAT","Qatar",2005,0.360036301431229
"QAT","Qatar",2006,0.355866159068837
"QAT","Qatar",2007,0.353475349155938
"QAT","Qatar",2008,0.355642417114705
"QAT","Qatar",2009,0.357762092321505
"QAT","Qatar",2010,0.359939245605808
"QAT","Qatar",2011,0.36075639727849
"QAT","Qatar",2012,0.362401319554756
"QAT","Qatar",2013,0.359910924075781
"QAT","Qatar",2014,0.360603583388425
"QAT","Qatar",2015,0.359262469857921
"QAT","Qatar",2016,0.35954064542671
"QAT","Qatar",2017,0.362052354645447
"QAT","Qatar",2018,0.360442902308834
"QAT","Qatar",2019,0.360060439505058
"QAT","Qatar",2020,0.362934520765056
"QAT","Qatar",2021,0.359829689788993
"QAT","Qatar",2022,0.363067025870385
"ROU","Romania",1995,0.477641685232439
"ROU","Romania",1996,0.476431640909406
"ROU","Romania",1997,0.474710012745785
"ROU","Romania",1998,0.483742969015
"ROU","Romania",1999,0.483708919686952
"ROU","Romania",2000,0.490401177240085
"ROU","Romania",2001,0.490524457630164
"ROU","Romania",2002,0.482979964898855
"ROU","Romania",2003,0.485756909009899
"ROU","Romania",2004,0.481930474888373
"ROU","Romania",2005,0.479953261360869
"ROU","Romania",2006,0.479259590997709
"ROU","Romania",2007,0.480075255947764
"ROU","Romania",2008,0.481915399412247
"ROU","Romania",2009,0.489183382246972
"ROU","Romania",2010,0.48386408630418
"ROU","Romania",2011,0.483016272247577
"ROU","Romania",2012,0.485263766431035
"ROU","Romania",2013,0.481846933579448
"ROU","Romania",2014,0.481629877256022
"ROU","Romania",2015,0.48304668624754
"ROU","Romania",2016,0.484765315555842
"ROU","Romania",2017,0.483931699255873
"ROU","Romania",2018,0.4830160901794
"ROU","Romania",2019,0.486656262661202
"ROU","Romania",2020,0.490346880975622
"ROU","Romania",2021,0.488018320428508
"ROU","Romania",2022,0.488454873053781
"RUS","Russian Federation",1995,0.344889163414879
"RUS","Russian Federation",1996,0.336701423053013
"RUS","Russian Federation",1997,0.342700522042024
"RUS","Russian Federation",1998,0.357482383522851
"RUS","Russian Federation",1999,0.347685983195269
"RUS","Russian Federation",2000,0.354035281673545
"RUS","Russian Federation",2001,0.349855283137582
"RUS","Russian Federation",2002,0.352218685942871
"RUS","Russian Federation",2003,0.337594330361662
"RUS","Russian Federation",2004,0.327206184886658
"RUS","Russian Federation",2005,0.331326184501775
"RUS","Russian Federation",2006,0.326509779361152
"RUS","Russian Federation",2007,0.321822056135025
"RUS","Russian Federation",2008,0.320431262798194
"RUS","Russian Federation",2009,0.331115119414991
"RUS","Russian Federation",2010,0.326097214500331
"RUS","Russian Federation",2011,0.321146521167117
"RUS","Russian Federation",2012,0.321081331598115
"RUS","Russian Federation",2013,0.323402542749023
"RUS","Russian Federation",2014,0.323801279783118
"RUS","Russian Federation",2015,0.324740633455313
"RUS","Russian Federation",2016,0.319105241998118
"RUS","Russian Federation",2017,0.316706278830965
"RUS","Russian Federation",2018,0.318643042919027
"RUS","Russian Federation",2019,0.317898539029478
"RUS","Russian Federation",2020,0.318612063847532
"RUS","Russian Federation",2021,0.31501899912385
"RUS","Russian Federation",2022,0.314674130658837
"RWA","Rwanda",1995,0.671039696730658
"RWA","Rwanda",1996,0.66828661348407
"RWA","Rwanda",1997,0.661609330599854
"RWA","Rwanda",1998,0.674362996545454
"RWA","Rwanda",1999,0.656454420833477
"RWA","Rwanda",2000,0.651044781438953
"RWA","Rwanda",2001,0.644300301771569
"RWA","Rwanda",2002,0.625303249142937
"RWA","Rwanda",2003,0.607378411519625
"RWA","Rwanda",2004,0.613425443562294
"RWA","Rwanda",2005,0.60296154403234
"RWA","Rwanda",2006,0.601234694980973
"RWA","Rwanda",2007,0.609933792777942
"RWA","Rwanda",2008,0.597161801769589
"RWA","Rwanda",2009,0.60248771244656
"RWA","Rwanda",2010,0.592381075075794
"RWA","Rwanda",2011,0.595253875467113
"RWA","Rwanda",2012,0.594675165970093
"RWA","Rwanda",2013,0.596353079259274
"RWA","Rwanda",2014,0.593450263698311
"RWA","Rwanda",2015,0.587089705718866
"RWA","Rwanda",2016,0.591904806331615
"RWA","Rwanda",2017,0.605271068702144
"RWA","Rwanda",2018,0.599336444310335
"RWA","Rwanda",2019,0.585824999071115
"RWA","Rwanda",2020,0.581441393087539
"RWA","Rwanda",2021,0.589677982498008
"RWA","Rwanda",2022,0.596496692751938
"KNA","Saint Kitts and Nevis",1995,0.620983726809898
"KNA","Saint Kitts and Nevis",1996,0.607766274091347
"KNA","Saint Kitts and Nevis",1997,0.604439042287455
"KNA","Saint Kitts and Nevis",1998,0.603811657582045
"KNA","Saint Kitts and Nevis",1999,0.605537089230083
"KNA","Saint Kitts and Nevis",2000,0.608813152414166
"KNA","Saint Kitts and Nevis",2001,0.604219903499359
"KNA","Saint Kitts and Nevis",2002,0.612238582385737
"KNA","Saint Kitts and Nevis",2003,0.615666387644287
"KNA","Saint Kitts and Nevis",2004,0.625114794944477
"KNA","Saint Kitts and Nevis",2005,0.619909290069283
"KNA","Saint Kitts and Nevis",2006,0.61736473769715
"KNA","Saint Kitts and Nevis",2007,0.622443756034297
"KNA","Saint Kitts and Nevis",2008,0.619783979875289
"KNA","Saint Kitts and Nevis",2009,0.630398973336998
"KNA","Saint Kitts and Nevis",2010,0.626882975358999
"KNA","Saint Kitts and Nevis",2011,0.640281319506558
"KNA","Saint Kitts and Nevis",2012,0.646607231934453
"KNA","Saint Kitts and Nevis",2013,0.639023567183238
"KNA","Saint Kitts and Nevis",2014,0.631758302884049
"KNA","Saint Kitts and Nevis",2015,0.635690625359925
"KNA","Saint Kitts and Nevis",2016,0.646179562392633
"KNA","Saint Kitts and Nevis",2017,0.64851062452773
"KNA","Saint Kitts and Nevis",2018,0.648538784282792
"KNA","Saint Kitts and Nevis",2019,0.648489209440946
"KNA","Saint Kitts and Nevis",2020,0.648394370613068
"KNA","Saint Kitts and Nevis",2021,0.648258578654969
"KNA","Saint Kitts and Nevis",2022,0.648075367282932
"LCA","Saint Lucia",1995,0.522131735099963
"LCA","Saint Lucia",1996,0.518039548155253
"LCA","Saint Lucia",1997,0.524156040417041
"LCA","Saint Lucia",1998,0.481568310617423
"LCA","Saint Lucia",1999,0.483852216089648
"LCA","Saint Lucia",2000,0.475400631940659
"LCA","Saint Lucia",2001,0.501041366339493
"LCA","Saint Lucia",2002,0.514766568107841
"LCA","Saint Lucia",2003,0.495763650248812
"LCA","Saint Lucia",2004,0.52283212214569
"LCA","Saint Lucia",2005,0.518835609530907
"LCA","Saint Lucia",2006,0.523556910211035
"LCA","Saint Lucia",2007,0.559857736241145
"LCA","Saint Lucia",2008,0.565738247082207
"LCA","Saint Lucia",2009,0.570807058696578
"LCA","Saint Lucia",2010,0.558818166059822
"LCA","Saint Lucia",2011,0.563927619693493
"LCA","Saint Lucia",2012,0.554555409960026
"LCA","Saint Lucia",2013,0.545939798168248
"LCA","Saint Lucia",2014,0.54947545145953
"LCA","Saint Lucia",2015,0.552122651394122
"LCA","Saint Lucia",2016,0.552355941992846
"LCA","Saint Lucia",2017,0.569572298546689
"LCA","Saint Lucia",2018,0.56645316997346
"LCA","Saint Lucia",2019,0.564506418034978
"LCA","Saint Lucia",2020,0.563418416661927
"LCA","Saint Lucia",2021,0.563103532456147
"LCA","Saint Lucia",2022,0.562905951564733
"VCT","Saint Vincent and the Grenadines",1995,0.556189439278828
"VCT","Saint Vincent and the Grenadines",1996,0.558281070372739
"VCT","Saint Vincent and the Grenadines",1997,0.559850477139175
"VCT","Saint Vincent and the Grenadines",1998,0.556784616374547
"VCT","Saint Vincent and the Grenadines",1999,0.545600106792954
"VCT","Saint Vincent and the Grenadines",2000,0.554428225242434
"VCT","Saint Vincent and the Grenadines",2001,0.541469995694298
"VCT","Saint Vincent and the Grenadines",2002,0.571356242419202
"VCT","Saint Vincent and the Grenadines",2003,0.567159548819981
"VCT","Saint Vincent and the Grenadines",2004,0.563958218161811
"VCT","Saint Vincent and the Grenadines",2005,0.564559978404574
"VCT","Saint Vincent and the Grenadines",2006,0.555512866932523
"VCT","Saint Vincent and the Grenadines",2007,0.561609224945537
"VCT","Saint Vincent and the Grenadines",2008,0.56583011868494
"VCT","Saint Vincent and the Grenadines",2009,0.568677936335709
"VCT","Saint Vincent and the Grenadines",2010,0.554870583875658
"VCT","Saint Vincent and the Grenadines",2011,0.561816549760935
"VCT","Saint Vincent and the Grenadines",2012,0.562395937291961
"VCT","Saint Vincent and the Grenadines",2013,0.561279786174274
"VCT","Saint Vincent and the Grenadines",2014,0.560541002938335
"VCT","Saint Vincent and the Grenadines",2015,0.566274196720785
"VCT","Saint Vincent and the Grenadines",2016,0.56407566447946
"VCT","Saint Vincent and the Grenadines",2017,0.564667066308461
"VCT","Saint Vincent and the Grenadines",2018,0.556928189534628
"VCT","Saint Vincent and the Grenadines",2019,0.561880894722592
"VCT","Saint Vincent and the Grenadines",2020,0.564081593732777
"VCT","Saint Vincent and the Grenadines",2021,0.563639080427181
"VCT","Saint Vincent and the Grenadines",2022,0.562727334422806
"WSM","Samoa",1995,0.559561034994612
"WSM","Samoa",1996,0.559399377901637
"WSM","Samoa",1997,0.559239516998585
"WSM","Samoa",1998,0.560245792340962
"WSM","Samoa",1999,0.560387717518783
"WSM","Samoa",2000,0.561863608498182
"WSM","Samoa",2001,0.561897483691303
"WSM","Samoa",2002,0.569411191367719
"WSM","Samoa",2003,0.570878197160192
"WSM","Samoa",2004,0.560680752215254
"WSM","Samoa",2005,0.556933127364427
"WSM","Samoa",2006,0.554456283258048
"WSM","Samoa",2007,0.569450474493989
"WSM","Samoa",2008,0.57284337385994
"WSM","Samoa",2009,0.586858348185048
"WSM","Samoa",2010,0.573648714162187
"WSM","Samoa",2011,0.579439557411837
"WSM","Samoa",2012,0.580204651770764
"WSM","Samoa",2013,0.585858702733586
"WSM","Samoa",2014,0.579381695052899
"WSM","Samoa",2015,0.585482584698381
"WSM","Samoa",2016,0.588322839278433
"WSM","Samoa",2017,0.586741800117896
"WSM","Samoa",2018,0.587606307611593
"WSM","Samoa",2019,0.578752196363617
"WSM","Samoa",2020,0.586618475532811
"WSM","Samoa",2021,0.594189135612706
"WSM","Samoa",2022,0.594415455542871
"SMR","San Marino",1995,NA
"SMR","San Marino",1996,NA
"SMR","San Marino",1997,NA
"SMR","San Marino",1998,NA
"SMR","San Marino",1999,NA
"SMR","San Marino",2000,NA
"SMR","San Marino",2001,NA
"SMR","San Marino",2002,NA
"SMR","San Marino",2003,NA
"SMR","San Marino",2004,NA
"SMR","San Marino",2005,NA
"SMR","San Marino",2006,NA
"SMR","San Marino",2007,NA
"SMR","San Marino",2008,NA
"SMR","San Marino",2009,NA
"SMR","San Marino",2010,NA
"SMR","San Marino",2011,NA
"SMR","San Marino",2012,NA
"SMR","San Marino",2013,NA
"SMR","San Marino",2014,NA
"SMR","San Marino",2015,NA
"SMR","San Marino",2016,NA
"SMR","San Marino",2017,NA
"SMR","San Marino",2018,NA
"SMR","San Marino",2019,NA
"SMR","San Marino",2020,NA
"SMR","San Marino",2021,NA
"SMR","San Marino",2022,NA
"STP","Sao Tome and Principe",1995,0.546082695218614
"STP","Sao Tome and Principe",1996,0.544356556703632
"STP","Sao Tome and Principe",1997,0.542559911190717
"STP","Sao Tome and Principe",1998,0.541065051758675
"STP","Sao Tome and Principe",1999,0.539571988516555
"STP","Sao Tome and Principe",2000,0.573512020762616
"STP","Sao Tome and Principe",2001,0.58754602061013
"STP","Sao Tome and Principe",2002,0.599239746705837
"STP","Sao Tome and Principe",2003,0.587989595748721
"STP","Sao Tome and Principe",2004,0.585514222860122
"STP","Sao Tome and Principe",2005,0.583191268534398
"STP","Sao Tome and Principe",2006,0.559755401163188
"STP","Sao Tome and Principe",2007,0.55046299884281
"STP","Sao Tome and Principe",2008,0.545146476969528
"STP","Sao Tome and Principe",2009,0.565498775216327
"STP","Sao Tome and Principe",2010,0.546111653210478
"STP","Sao Tome and Principe",2011,0.550934229472415
"STP","Sao Tome and Principe",2012,0.543047173321715
"STP","Sao Tome and Principe",2013,0.542337446773124
"STP","Sao Tome and Principe",2014,0.545612275222229
"STP","Sao Tome and Principe",2015,0.540439223731127
"STP","Sao Tome and Principe",2016,0.542828873639419
"STP","Sao Tome and Principe",2017,0.533981833665611
"STP","Sao Tome and Principe",2018,0.53161181223543
"STP","Sao Tome and Principe",2019,0.534802304581928
"STP","Sao Tome and Principe",2020,0.539759876610277
"STP","Sao Tome and Principe",2021,0.541918211639152
"STP","Sao Tome and Principe",2022,0.521044088351746
"SAU","Saudi Arabia",1995,0.490774904661035
"SAU","Saudi Arabia",1996,0.492854809957379
"SAU","Saudi Arabia",1997,0.48725308544741
"SAU","Saudi Arabia",1998,0.484294549492242
"SAU","Saudi Arabia",1999,0.487842282392358
"SAU","Saudi Arabia",2000,0.490578113512985
"SAU","Saudi Arabia",2001,0.482707378285796
"SAU","Saudi Arabia",2002,0.484429445064479
"SAU","Saudi Arabia",2003,0.484595072637829
"SAU","Saudi Arabia",2004,0.48116725829636
"SAU","Saudi Arabia",2005,0.474316225184735
"SAU","Saudi Arabia",2006,0.465932286469391
"SAU","Saudi Arabia",2007,0.460876814617705
"SAU","Saudi Arabia",2008,0.459293577923147
"SAU","Saudi Arabia",2009,0.456318177086174
"SAU","Saudi Arabia",2010,0.454246053567093
"SAU","Saudi Arabia",2011,0.448147784002767
"SAU","Saudi Arabia",2012,0.440213011818966
"SAU","Saudi Arabia",2013,0.436997677104932
"SAU","Saudi Arabia",2014,0.431892761888987
"SAU","Saudi Arabia",2015,0.425526012730778
"SAU","Saudi Arabia",2016,0.423812193283623
"SAU","Saudi Arabia",2017,0.426677260038544
"SAU","Saudi Arabia",2018,0.416750614739848
"SAU","Saudi Arabia",2019,0.418370643243498
"SAU","Saudi Arabia",2020,0.418708985039042
"SAU","Saudi Arabia",2021,0.417215809854535
"SAU","Saudi Arabia",2022,0.416818851881787
"SEN","Senegal",1995,0.660086171432303
"SEN","Senegal",1996,0.659908422655223
"SEN","Senegal",1997,0.668494831424983
"SEN","Senegal",1998,0.680132552898389
"SEN","Senegal",1999,0.679731247183648
"SEN","Senegal",2000,0.668610056264573
"SEN","Senegal",2001,0.676345941057979
"SEN","Senegal",2002,0.672268402746954
"SEN","Senegal",2003,0.679303103789099
"SEN","Senegal",2004,0.673113307276961
"SEN","Senegal",2005,0.670208562612697
"SEN","Senegal",2006,0.658663405795822
"SEN","Senegal",2007,0.663724971973528
"SEN","Senegal",2008,0.666606713613227
"SEN","Senegal",2009,0.661417023895803
"SEN","Senegal",2010,0.657048918051063
"SEN","Senegal",2011,0.658773412252421
"SEN","Senegal",2012,0.653667092554336
"SEN","Senegal",2013,0.655343039509721
"SEN","Senegal",2014,0.629754725943077
"SEN","Senegal",2015,0.638951116531552
"SEN","Senegal",2016,0.637559213918277
"SEN","Senegal",2017,0.652900624840094
"SEN","Senegal",2018,0.635660960717555
"SEN","Senegal",2019,0.632718587222941
"SEN","Senegal",2020,0.643495551332156
"SEN","Senegal",2021,0.635501592991004
"SEN","Senegal",2022,0.627771767842911
"SRB","Serbia",1995,0.457152222056645
"SRB","Serbia",1996,0.456749875514131
"SRB","Serbia",1997,0.45616060938792
"SRB","Serbia",1998,0.448852437020462
"SRB","Serbia",1999,0.44498164012571
"SRB","Serbia",2000,0.441966918644573
"SRB","Serbia",2001,0.450639168272001
"SRB","Serbia",2002,0.44676811178333
"SRB","Serbia",2003,0.442072928309264
"SRB","Serbia",2004,0.437374152455354
"SRB","Serbia",2005,0.433879693086751
"SRB","Serbia",2006,0.430870402671786
"SRB","Serbia",2007,0.426542024459949
"SRB","Serbia",2008,0.425372027292843
"SRB","Serbia",2009,0.424442004156281
"SRB","Serbia",2010,0.422754821532653
"SRB","Serbia",2011,0.421293529422199
"SRB","Serbia",2012,0.420459888772567
"SRB","Serbia",2013,0.42175697288473
"SRB","Serbia",2014,0.422235267342919
"SRB","Serbia",2015,0.420256341597587
"SRB","Serbia",2016,0.419092613126385
"SRB","Serbia",2017,0.417392070933649
"SRB","Serbia",2018,0.415034175000093
"SRB","Serbia",2019,0.413773452273107
"SRB","Serbia",2020,0.412622367483574
"SRB","Serbia",2021,0.412718450846087
"SRB","Serbia",2022,0.412623278954213
"SYC","Seychelles",1995,0.505065131645896
"SYC","Seychelles",1996,0.500612737929916
"SYC","Seychelles",1997,0.517007673491526
"SYC","Seychelles",1998,0.511649398127459
"SYC","Seychelles",1999,0.506531480085505
"SYC","Seychelles",2000,0.472861975385931
"SYC","Seychelles",2001,0.507179486322192
"SYC","Seychelles",2002,0.527881714507929
"SYC","Seychelles",2003,0.526880681753108
"SYC","Seychelles",2004,0.51949916413921
"SYC","Seychelles",2005,0.50833924730585
"SYC","Seychelles",2006,0.516482870928403
"SYC","Seychelles",2007,0.502665889879874
"SYC","Seychelles",2008,0.496579626588833
"SYC","Seychelles",2009,0.473456633298567
"SYC","Seychelles",2010,0.486099881921325
"SYC","Seychelles",2011,0.46934683668716
"SYC","Seychelles",2012,0.491822503196562
"SYC","Seychelles",2013,0.502699539378661
"SYC","Seychelles",2014,0.493007038114166
"SYC","Seychelles",2015,0.478436082500432
"SYC","Seychelles",2016,0.465193398379219
"SYC","Seychelles",2017,0.440274434993021
"SYC","Seychelles",2018,0.470056863616521
"SYC","Seychelles",2019,0.457516923484678
"SYC","Seychelles",2020,0.449587612115485
"SYC","Seychelles",2021,0.465881663235342
"SYC","Seychelles",2022,0.453649174810225
"SLE","Sierra Leone",1995,0.677085400124804
"SLE","Sierra Leone",1996,0.676672082087013
"SLE","Sierra Leone",1997,0.67625710930388
"SLE","Sierra Leone",1998,0.67689545610829
"SLE","Sierra Leone",1999,0.676543721865898
"SLE","Sierra Leone",2000,0.676087402630551
"SLE","Sierra Leone",2001,0.660002642976534
"SLE","Sierra Leone",2002,0.643424342720276
"SLE","Sierra Leone",2003,0.638786001370515
"SLE","Sierra Leone",2004,0.633766385992338
"SLE","Sierra Leone",2005,0.628680767178028
"SLE","Sierra Leone",2006,0.621633728926627
"SLE","Sierra Leone",2007,0.614507202727683
"SLE","Sierra Leone",2008,0.607452979716595
"SLE","Sierra Leone",2009,0.600472856083283
"SLE","Sierra Leone",2010,0.59349093626005
"SLE","Sierra Leone",2011,0.585165867287088
"SLE","Sierra Leone",2012,0.576761310366583
"SLE","Sierra Leone",2013,0.568508544581475
"SLE","Sierra Leone",2014,0.560176290848826
"SLE","Sierra Leone",2015,0.590183681189266
"SLE","Sierra Leone",2016,0.615286323934852
"SLE","Sierra Leone",2017,0.630405635067266
"SLE","Sierra Leone",2018,0.624344006219471
"SLE","Sierra Leone",2019,0.619285577684633
"SLE","Sierra Leone",2020,0.621570820800706
"SLE","Sierra Leone",2021,0.623838102017559
"SLE","Sierra Leone",2022,0.62301365084339
"SGP","Singapore",1995,0.225799698564422
"SGP","Singapore",1996,0.225338742789403
"SGP","Singapore",1997,0.225057213189272
"SGP","Singapore",1998,0.225223630386976
"SGP","Singapore",1999,0.246685424321504
"SGP","Singapore",2000,0.267068428892721
"SGP","Singapore",2001,0.290633424988001
"SGP","Singapore",2002,0.312953191510336
"SGP","Singapore",2003,0.305020343522567
"SGP","Singapore",2004,0.301571290193299
"SGP","Singapore",2005,0.295315295517331
"SGP","Singapore",2006,0.304629610586013
"SGP","Singapore",2007,0.300440923348112
"SGP","Singapore",2008,0.306864632894131
"SGP","Singapore",2009,0.294655132759551
"SGP","Singapore",2010,0.296631727841835
"SGP","Singapore",2011,0.298771628731666
"SGP","Singapore",2012,0.29663780088318
"SGP","Singapore",2013,0.288583775523309
"SGP","Singapore",2014,0.296199938585316
"SGP","Singapore",2015,0.302704205779435
"SGP","Singapore",2016,0.301473472264862
"SGP","Singapore",2017,0.296791816669104
"SGP","Singapore",2018,0.297337666771853
"SGP","Singapore",2019,0.306366895971636
"SGP","Singapore",2020,0.2961867007577
"SGP","Singapore",2021,0.296684573732514
"SGP","Singapore",2022,0.296012041148541
"SVK","Slovakia",1995,0.368499048936596
"SVK","Slovakia",1996,0.37950147300066
"SVK","Slovakia",1997,0.3798252360629
"SVK","Slovakia",1998,0.376755407279319
"SVK","Slovakia",1999,0.382081156530314
"SVK","Slovakia",2000,0.386989006092355
"SVK","Slovakia",2001,0.385846807803199
"SVK","Slovakia",2002,0.384771612390869
"SVK","Slovakia",2003,0.383094741291042
"SVK","Slovakia",2004,0.384294750384839
"SVK","Slovakia",2005,0.388106790005264
"SVK","Slovakia",2006,0.384211558362221
"SVK","Slovakia",2007,0.386251932372374
"SVK","Slovakia",2008,0.387780211840653
"SVK","Slovakia",2009,0.3915720596627
"SVK","Slovakia",2010,0.38906370322456
"SVK","Slovakia",2011,0.392759158298003
"SVK","Slovakia",2012,0.392329340361668
"SVK","Slovakia",2013,0.39125843464462
"SVK","Slovakia",2014,0.39000604919767
"SVK","Slovakia",2015,0.39006569537738
"SVK","Slovakia",2016,0.391487975479684
"SVK","Slovakia",2017,0.389433576432144
"SVK","Slovakia",2018,0.388657140054769
"SVK","Slovakia",2019,0.388777349762881
"SVK","Slovakia",2020,0.390544196552916
"SVK","Slovakia",2021,0.390248718302897
"SVK","Slovakia",2022,0.390349126839544
"SVN","Slovenia",1995,0.358947356478581
"SVN","Slovenia",1996,0.359508988115918
"SVN","Slovenia",1997,0.344605878686572
"SVN","Slovenia",1998,0.348157847273781
"SVN","Slovenia",1999,0.344934561899235
"SVN","Slovenia",2000,0.331866944333553
"SVN","Slovenia",2001,0.33437783399272
"SVN","Slovenia",2002,0.341403882648471
"SVN","Slovenia",2003,0.333858716070341
"SVN","Slovenia",2004,0.326965762343484
"SVN","Slovenia",2005,0.333350895961575
"SVN","Slovenia",2006,0.336306751189225
"SVN","Slovenia",2007,0.339572369918129
"SVN","Slovenia",2008,0.34529147439026
"SVN","Slovenia",2009,0.352184060045078
"SVN","Slovenia",2010,0.350530006116666
"SVN","Slovenia",2011,0.351782858095856
"SVN","Slovenia",2012,0.354367601698405
"SVN","Slovenia",2013,0.358155321950259
"SVN","Slovenia",2014,0.354810468048763
"SVN","Slovenia",2015,0.354084810576253
"SVN","Slovenia",2016,0.350338115808471
"SVN","Slovenia",2017,0.350600382845992
"SVN","Slovenia",2018,0.345890899883719
"SVN","Slovenia",2019,0.350329672864691
"SVN","Slovenia",2020,0.35105925683714
"SVN","Slovenia",2021,0.349014471882642
"SVN","Slovenia",2022,0.349036816843508
"SLB","Solomon Islands",1995,0.648815208511152
"SLB","Solomon Islands",1996,0.64875057184795
"SLB","Solomon Islands",1997,0.649061820643399
"SLB","Solomon Islands",1998,0.649673059329799
"SLB","Solomon Islands",1999,0.650280705636355
"SLB","Solomon Islands",2000,0.650697955811186
"SLB","Solomon Islands",2001,0.65091178093386
"SLB","Solomon Islands",2002,0.650428176427869
"SLB","Solomon Islands",2003,0.627019293657353
"SLB","Solomon Islands",2004,0.621837638846696
"SLB","Solomon Islands",2005,0.636598927759934
"SLB","Solomon Islands",2006,0.622839902973373
"SLB","Solomon Islands",2007,0.612557208847184
"SLB","Solomon Islands",2008,0.624091809777732
"SLB","Solomon Islands",2009,0.645070765951064
"SLB","Solomon Islands",2010,0.63660018836237
"SLB","Solomon Islands",2011,0.625021717215491
"SLB","Solomon Islands",2012,0.628392061320354
"SLB","Solomon Islands",2013,0.627841241615348
"SLB","Solomon Islands",2014,0.640590944066958
"SLB","Solomon Islands",2015,0.64496435411167
"SLB","Solomon Islands",2016,0.641367379699814
"SLB","Solomon Islands",2017,0.639213645509683
"SLB","Solomon Islands",2018,0.630124296543103
"SLB","Solomon Islands",2019,0.638091939598001
"SLB","Solomon Islands",2020,0.637186340895036
"SLB","Solomon Islands",2021,0.637366398283826
"SLB","Solomon Islands",2022,0.636547335679423
"SOM","Somalia",1995,0.79528995417245
"SOM","Somalia",1996,0.794605074807411
"SOM","Somalia",1997,0.794006959267799
"SOM","Somalia",1998,0.793222383509897
"SOM","Somalia",1999,0.792340266787037
"SOM","Somalia",2000,0.784428078084242
"SOM","Somalia",2001,0.776513733953542
"SOM","Somalia",2002,0.769181928857278
"SOM","Somalia",2003,0.760322960594434
"SOM","Somalia",2004,0.751444593480433
"SOM","Somalia",2005,0.742555449226901
"SOM","Somalia",2006,0.73357315789698
"SOM","Somalia",2007,0.74211643196959
"SOM","Somalia",2008,0.741384899761285
"SOM","Somalia",2009,0.740344132218344
"SOM","Somalia",2010,0.736928474948219
"SOM","Somalia",2011,0.733363710373787
"SOM","Somalia",2012,0.732160981602057
"SOM","Somalia",2013,0.730938784383031
"SOM","Somalia",2014,0.729692807860895
"SOM","Somalia",2015,0.728490148685306
"SOM","Somalia",2016,0.72684388688542
"SOM","Somalia",2017,0.72535347705812
"SOM","Somalia",2018,0.724466902279653
"SOM","Somalia",2019,0.723071783655141
"SOM","Somalia",2020,0.721001492072467
"SOM","Somalia",2021,0.720067393485851
"SOM","Somalia",2022,0.7187892247374
"ZAF","South Africa",1995,0.462832901542748
"ZAF","South Africa",1996,0.462041724736988
"ZAF","South Africa",1997,0.459663222450206
"ZAF","South Africa",1998,0.458571389632926
"ZAF","South Africa",1999,0.458839402022547
"ZAF","South Africa",2000,0.456854346441702
"ZAF","South Africa",2001,0.455870245829168
"ZAF","South Africa",2002,0.456569196083457
"ZAF","South Africa",2003,0.456368557771129
"ZAF","South Africa",2004,0.456070842733857
"ZAF","South Africa",2005,0.454408661110492
"ZAF","South Africa",2006,0.453888092508699
"ZAF","South Africa",2007,0.455759297266306
"ZAF","South Africa",2008,0.455719369065081
"ZAF","South Africa",2009,0.45622706841738
"ZAF","South Africa",2010,0.453586108016959
"ZAF","South Africa",2011,0.450462669237626
"ZAF","South Africa",2012,0.448405562898965
"ZAF","South Africa",2013,0.443881827932439
"ZAF","South Africa",2014,0.440300062615335
"ZAF","South Africa",2015,0.439267130319088
"ZAF","South Africa",2016,0.435914121489575
"ZAF","South Africa",2017,0.441219642881627
"ZAF","South Africa",2018,0.438149648799148
"ZAF","South Africa",2019,0.43767944695297
"ZAF","South Africa",2020,0.439926789309904
"ZAF","South Africa",2021,0.435818727266702
"ZAF","South Africa",2022,0.432715367466871
"ESP","Spain",1995,0.34678721666331
"ESP","Spain",1996,0.337176884076674
"ESP","Spain",1997,0.334926052599433
"ESP","Spain",1998,0.329229319786404
"ESP","Spain",1999,0.325163762373942
"ESP","Spain",2000,0.322223356332873
"ESP","Spain",2001,0.323129440126011
"ESP","Spain",2002,0.324364712710538
"ESP","Spain",2003,0.316152248942519
"ESP","Spain",2004,0.31701602216192
"ESP","Spain",2005,0.324083050630628
"ESP","Spain",2006,0.31931112376278
"ESP","Spain",2007,0.318720212002604
"ESP","Spain",2008,0.328957540564024
"ESP","Spain",2009,0.334563679352533
"ESP","Spain",2010,0.323509429734656
"ESP","Spain",2011,0.320042343683284
"ESP","Spain",2012,0.318786443546719
"ESP","Spain",2013,0.308590365784947
"ESP","Spain",2014,0.298629064281229
"ESP","Spain",2015,0.301840150397584
"ESP","Spain",2016,0.3056301234276
"ESP","Spain",2017,0.298186961651506
"ESP","Spain",2018,0.299151016301647
"ESP","Spain",2019,0.299555331004527
"ESP","Spain",2020,0.303262578760166
"ESP","Spain",2021,0.297667637831794
"ESP","Spain",2022,0.304129636103751
"LKA","Sri Lanka",1995,0.588349487596936
"LKA","Sri Lanka",1996,0.588902739117039
"LKA","Sri Lanka",1997,0.588039995647926
"LKA","Sri Lanka",1998,0.581758362495654
"LKA","Sri Lanka",1999,0.573982723276356
"LKA","Sri Lanka",2000,0.571985747014329
"LKA","Sri Lanka",2001,0.573723925524463
"LKA","Sri Lanka",2002,0.561697622264379
"LKA","Sri Lanka",2003,0.573988262563748
"LKA","Sri Lanka",2004,0.562744699973007
"LKA","Sri Lanka",2005,0.563277402910796
"LKA","Sri Lanka",2006,0.562104098211019
"LKA","Sri Lanka",2007,0.564838646185741
"LKA","Sri Lanka",2008,0.549489804897703
"LKA","Sri Lanka",2009,0.552929311856177
"LKA","Sri Lanka",2010,0.577725081880523
"LKA","Sri Lanka",2011,0.582881841640446
"LKA","Sri Lanka",2012,0.615555253758411
"LKA","Sri Lanka",2013,0.617499878146027
"LKA","Sri Lanka",2014,0.579799140429179
"LKA","Sri Lanka",2015,0.588087723383251
"LKA","Sri Lanka",2016,0.586535881875546
"LKA","Sri Lanka",2017,0.593941219895228
"LKA","Sri Lanka",2018,0.602155003632772
"LKA","Sri Lanka",2019,0.579773467180487
"LKA","Sri Lanka",2020,0.55802030556541
"LKA","Sri Lanka",2021,0.587363428754143
"LKA","Sri Lanka",2022,0.590523093215559
"SDN","Sudan",1995,0.687839956410198
"SDN","Sudan",1996,0.666894733081641
"SDN","Sudan",1997,0.662615035165379
"SDN","Sudan",1998,0.663176335297967
"SDN","Sudan",1999,0.672143134672529
"SDN","Sudan",2000,0.68333745641897
"SDN","Sudan",2001,0.672433714573853
"SDN","Sudan",2002,0.671199913198392
"SDN","Sudan",2003,0.66497332175301
"SDN","Sudan",2004,0.659558451203384
"SDN","Sudan",2005,0.654486000851822
"SDN","Sudan",2006,0.652834384497843
"SDN","Sudan",2007,0.644232199866378
"SDN","Sudan",2008,0.6588858675707
"SDN","Sudan",2009,0.666243447401779
"SDN","Sudan",2010,0.696374167980754
"SDN","Sudan",2011,0.676523638761393
"SDN","Sudan",2012,0.689314689813235
"SDN","Sudan",2013,0.682607497435227
"SDN","Sudan",2014,0.699794909288457
"SDN","Sudan",2015,0.684841050419733
"SDN","Sudan",2016,0.723452854735121
"SDN","Sudan",2017,0.683186018444959
"SDN","Sudan",2018,0.706616037605258
"SDN","Sudan",2019,0.7066192267421
"SDN","Sudan",2020,0.701977314485427
"SDN","Sudan",2021,0.705439129963387
"SDN","Sudan",2022,0.704787113021724
"SUR","Suriname",1995,0.487624528917507
"SUR","Suriname",1996,0.488128876354318
"SUR","Suriname",1997,0.490137630106989
"SUR","Suriname",1998,0.489187703940064
"SUR","Suriname",1999,0.492058382660278
"SUR","Suriname",2000,0.48825414311008
"SUR","Suriname",2001,0.486446352957308
"SUR","Suriname",2002,0.482763771514732
"SUR","Suriname",2003,0.478987683127848
"SUR","Suriname",2004,0.468512349136768
"SUR","Suriname",2005,0.462613176979815
"SUR","Suriname",2006,0.462367714936423
"SUR","Suriname",2007,0.464215715216179
"SUR","Suriname",2008,0.46403670433624
"SUR","Suriname",2009,0.470497565798986
"SUR","Suriname",2010,0.473228654771517
"SUR","Suriname",2011,0.471578293377474
"SUR","Suriname",2012,0.474539890708804
"SUR","Suriname",2013,0.464521754913057
"SUR","Suriname",2014,0.471433964863184
"SUR","Suriname",2015,0.471168352296254
"SUR","Suriname",2016,0.486364340299181
"SUR","Suriname",2017,0.481000998298446
"SUR","Suriname",2018,0.474156345759717
"SUR","Suriname",2019,0.471580906948539
"SUR","Suriname",2020,0.472059657004489
"SUR","Suriname",2021,0.479252003068092
"SUR","Suriname",2022,0.476577028701841
"SWZ","Swaziland",1995,0.542744484374367
"SWZ","Swaziland",1996,0.542422168188319
"SWZ","Swaziland",1997,0.540985660455345
"SWZ","Swaziland",1998,0.540483686534595
"SWZ","Swaziland",1999,0.538435178112137
"SWZ","Swaziland",2000,0.53712078691113
"SWZ","Swaziland",2001,0.544657200173337
"SWZ","Swaziland",2002,0.53165167054415
"SWZ","Swaziland",2003,0.53229122881055
"SWZ","Swaziland",2004,0.533189643695656
"SWZ","Swaziland",2005,0.539503880372635
"SWZ","Swaziland",2006,0.532610652655146
"SWZ","Swaziland",2007,0.544921911366607
"SWZ","Swaziland",2008,0.545209770827793
"SWZ","Swaziland",2009,0.543257832862531
"SWZ","Swaziland",2010,0.531672747268202
"SWZ","Swaziland",2011,0.52257154404333
"SWZ","Swaziland",2012,0.529541694785096
"SWZ","Swaziland",2013,0.526195065295332
"SWZ","Swaziland",2014,0.530465357262101
"SWZ","Swaziland",2015,0.532159153709506
"SWZ","Swaziland",2016,0.535647928003277
"SWZ","Swaziland",2017,0.529797390695717
"SWZ","Swaziland",2018,0.532511120001887
"SWZ","Swaziland",2019,0.528643578031689
"SWZ","Swaziland",2020,0.533962516617637
"SWZ","Swaziland",2021,0.528819904807791
"SWZ","Swaziland",2022,0.52844809349395
"SWE","Sweden",1995,0.23603668072291
"SWE","Sweden",1996,0.236507001522653
"SWE","Sweden",1997,0.236464144552518
"SWE","Sweden",1998,0.235194359621442
"SWE","Sweden",1999,0.23602365147562
"SWE","Sweden",2000,0.231971763670506
"SWE","Sweden",2001,0.234841435432121
"SWE","Sweden",2002,0.235319681656779
"SWE","Sweden",2003,0.234412903697365
"SWE","Sweden",2004,0.237154638632042
"SWE","Sweden",2005,0.234366135680602
"SWE","Sweden",2006,0.233900901188483
"SWE","Sweden",2007,0.233785696855821
"SWE","Sweden",2008,0.234065227144013
"SWE","Sweden",2009,0.240424256653936
"SWE","Sweden",2010,0.237029114747451
"SWE","Sweden",2011,0.236639801404816
"SWE","Sweden",2012,0.23750011783758
"SWE","Sweden",2013,0.239347063078018
"SWE","Sweden",2014,0.238387263015308
"SWE","Sweden",2015,0.238847219296023
"SWE","Sweden",2016,0.24072517137842
"SWE","Sweden",2017,0.238087730030591
"SWE","Sweden",2018,0.237342980925776
"SWE","Sweden",2019,0.237800695678864
"SWE","Sweden",2020,0.238228107911647
"SWE","Sweden",2021,0.234040456424095
"SWE","Sweden",2022,0.233238693345993
"CHE","Switzerland",1995,0.222630102662296
"CHE","Switzerland",1996,0.224344870110516
"CHE","Switzerland",1997,0.224903329860239
"CHE","Switzerland",1998,0.226043738624103
"CHE","Switzerland",1999,0.226540956429855
"CHE","Switzerland",2000,0.224038099335591
"CHE","Switzerland",2001,0.223423532261272
"CHE","Switzerland",2002,0.224594278683359
"CHE","Switzerland",2003,0.225258771328986
"CHE","Switzerland",2004,0.224977664330427
"CHE","Switzerland",2005,0.224273739870032
"CHE","Switzerland",2006,0.223455062101312
"CHE","Switzerland",2007,0.20876073126632
"CHE","Switzerland",2008,0.205219405009777
"CHE","Switzerland",2009,0.206010980020898
"CHE","Switzerland",2010,0.209906392294027
"CHE","Switzerland",2011,0.207165234650345
"CHE","Switzerland",2012,0.203914534499458
"CHE","Switzerland",2013,0.202919074722125
"CHE","Switzerland",2014,0.205522104266087
"CHE","Switzerland",2015,0.206541674635056
"CHE","Switzerland",2016,0.206991727242105
"CHE","Switzerland",2017,0.210026260223945
"CHE","Switzerland",2018,0.209718113450979
"CHE","Switzerland",2019,0.211305952649892
"CHE","Switzerland",2020,0.212267448754011
"CHE","Switzerland",2021,0.205747760673439
"CHE","Switzerland",2022,0.205479638544734
"SYR","Syrian Arab Republic",1995,0.525355417762171
"SYR","Syrian Arab Republic",1996,0.51725217257673
"SYR","Syrian Arab Republic",1997,0.508364929810798
"SYR","Syrian Arab Republic",1998,0.498859806565103
"SYR","Syrian Arab Republic",1999,0.490398276097173
"SYR","Syrian Arab Republic",2000,0.482186706093394
"SYR","Syrian Arab Republic",2001,0.499079448582595
"SYR","Syrian Arab Republic",2002,0.508393975132633
"SYR","Syrian Arab Republic",2003,0.514655782488784
"SYR","Syrian Arab Republic",2004,0.508260578598993
"SYR","Syrian Arab Republic",2005,0.510110220922219
"SYR","Syrian Arab Republic",2006,0.497208479782244
"SYR","Syrian Arab Republic",2007,0.497325236503302
"SYR","Syrian Arab Republic",2008,0.502330348238375
"SYR","Syrian Arab Republic",2009,0.52721383256078
"SYR","Syrian Arab Republic",2010,0.524457402845008
"SYR","Syrian Arab Republic",2011,0.524929962646017
"SYR","Syrian Arab Republic",2012,0.528782700802232
"SYR","Syrian Arab Republic",2013,0.541525580120127
"SYR","Syrian Arab Republic",2014,0.54289053775848
"SYR","Syrian Arab Republic",2015,0.545030652881393
"SYR","Syrian Arab Republic",2016,0.541899307038178
"SYR","Syrian Arab Republic",2017,0.542003317194384
"SYR","Syrian Arab Republic",2018,0.539155075107797
"SYR","Syrian Arab Republic",2019,0.537466422883681
"SYR","Syrian Arab Republic",2020,0.536371066013608
"SYR","Syrian Arab Republic",2021,0.536478415947421
"SYR","Syrian Arab Republic",2022,0.535243977880072
"TJK","Tajikistan",1995,0.486782376367756
"TJK","Tajikistan",1996,0.488163825246704
"TJK","Tajikistan",1997,0.490081390979291
"TJK","Tajikistan",1998,0.492195708588714
"TJK","Tajikistan",1999,0.507492319684225
"TJK","Tajikistan",2000,0.495674158481382
"TJK","Tajikistan",2001,0.563219578895754
"TJK","Tajikistan",2002,0.471763482765312
"TJK","Tajikistan",2003,0.48029149271543
"TJK","Tajikistan",2004,0.490891765682589
"TJK","Tajikistan",2005,0.506186398969522
"TJK","Tajikistan",2006,0.492215998311584
"TJK","Tajikistan",2007,0.490047305871559
"TJK","Tajikistan",2008,0.485456564591791
"TJK","Tajikistan",2009,0.480104922942509
"TJK","Tajikistan",2010,0.494706168226072
"TJK","Tajikistan",2011,0.510802457621993
"TJK","Tajikistan",2012,0.523741091159406
"TJK","Tajikistan",2013,0.514111371310966
"TJK","Tajikistan",2014,0.501091495764222
"TJK","Tajikistan",2015,0.48916991601876
"TJK","Tajikistan",2016,0.486290639301262
"TJK","Tajikistan",2017,0.503434954522488
"TJK","Tajikistan",2018,0.493751770710714
"TJK","Tajikistan",2019,0.491581737456823
"TJK","Tajikistan",2020,0.499651530843023
"TJK","Tajikistan",2021,0.490675384360941
"TJK","Tajikistan",2022,0.48826910075781
"TZA","Tanzania, United Republic of",1995,0.659025732410488
"TZA","Tanzania, United Republic of",1996,0.673678787592323
"TZA","Tanzania, United Republic of",1997,0.669689480970026
"TZA","Tanzania, United Republic of",1998,0.670630841688383
"TZA","Tanzania, United Republic of",1999,0.653499904565646
"TZA","Tanzania, United Republic of",2000,0.648037790553376
"TZA","Tanzania, United Republic of",2001,0.644056604011601
"TZA","Tanzania, United Republic of",2002,0.63569916720988
"TZA","Tanzania, United Republic of",2003,0.63095954956931
"TZA","Tanzania, United Republic of",2004,0.630858131331318
"TZA","Tanzania, United Republic of",2005,0.614462461054895
"TZA","Tanzania, United Republic of",2006,0.61915636495066
"TZA","Tanzania, United Republic of",2007,0.616280286252604
"TZA","Tanzania, United Republic of",2008,0.6036889234571
"TZA","Tanzania, United Republic of",2009,0.604739332069595
"TZA","Tanzania, United Republic of",2010,0.619974757412451
"TZA","Tanzania, United Republic of",2011,0.627479221698302
"TZA","Tanzania, United Republic of",2012,0.617198052958283
"TZA","Tanzania, United Republic of",2013,0.607145303250094
"TZA","Tanzania, United Republic of",2014,0.606111803295868
"TZA","Tanzania, United Republic of",2015,0.599279396036893
"TZA","Tanzania, United Republic of",2016,0.609529173612467
"TZA","Tanzania, United Republic of",2017,0.604661606224404
"TZA","Tanzania, United Republic of",2018,0.592910928048171
"TZA","Tanzania, United Republic of",2019,0.577925513816649
"TZA","Tanzania, United Republic of",2020,0.585535998044412
"TZA","Tanzania, United Republic of",2021,0.587365545398856
"TZA","Tanzania, United Republic of",2022,0.584870890175467
"THA","Thailand",1995,0.508594970576974
"THA","Thailand",1996,0.50671817267321
"THA","Thailand",1997,0.505337318328836
"THA","Thailand",1998,0.504670938158284
"THA","Thailand",1999,0.497192918493493
"THA","Thailand",2000,0.490408888770235
"THA","Thailand",2001,0.479959297770567
"THA","Thailand",2002,0.466337601119044
"THA","Thailand",2003,0.45904882441179
"THA","Thailand",2004,0.449314156184086
"THA","Thailand",2005,0.452424846458094
"THA","Thailand",2006,0.449561568799256
"THA","Thailand",2007,0.441401463228998
"THA","Thailand",2008,0.443522325470422
"THA","Thailand",2009,0.444258843933447
"THA","Thailand",2010,0.44233002965454
"THA","Thailand",2011,0.43686819973385
"THA","Thailand",2012,0.444757508114002
"THA","Thailand",2013,0.462496952591606
"THA","Thailand",2014,0.455326041334236
"THA","Thailand",2015,0.452292118668531
"THA","Thailand",2016,0.448567457393034
"THA","Thailand",2017,0.449992678236919
"THA","Thailand",2018,0.45264820366926
"THA","Thailand",2019,0.460266804767572
"THA","Thailand",2020,0.463986367705612
"THA","Thailand",2021,0.462680165815534
"THA","Thailand",2022,0.460354988444069
"TLS","Timor-Leste",1995,0.725797367579352
"TLS","Timor-Leste",1996,0.725066677519108
"TLS","Timor-Leste",1997,0.724329521175145
"TLS","Timor-Leste",1998,0.723583743119556
"TLS","Timor-Leste",1999,0.722831498780249
"TLS","Timor-Leste",2000,0.722070632729316
"TLS","Timor-Leste",2001,0.721303300394664
"TLS","Timor-Leste",2002,0.720527346348387
"TLS","Timor-Leste",2003,0.724624013211165
"TLS","Timor-Leste",2004,0.738231517979659
"TLS","Timor-Leste",2005,0.747078262165664
"TLS","Timor-Leste",2006,0.759254933323373
"TLS","Timor-Leste",2007,0.771413406155482
"TLS","Timor-Leste",2008,0.759474004088351
"TLS","Timor-Leste",2009,0.747590841574445
"TLS","Timor-Leste",2010,0.727078281544938
"TLS","Timor-Leste",2011,0.706388297864748
"TLS","Timor-Leste",2012,0.685694003328745
"TLS","Timor-Leste",2013,0.665190169405073
"TLS","Timor-Leste",2014,0.696450865559165
"TLS","Timor-Leste",2015,0.70248598639725
"TLS","Timor-Leste",2016,0.70953610909566
"TLS","Timor-Leste",2017,0.716469386312219
"TLS","Timor-Leste",2018,0.707523996682502
"TLS","Timor-Leste",2019,0.694495680304131
"TLS","Timor-Leste",2020,0.70132247467689
"TLS","Timor-Leste",2021,0.705107908615444
"TLS","Timor-Leste",2022,0.689601372706848
"TGO","Togo",1995,0.66983392992739
"TGO","Togo",1996,0.673536030435053
"TGO","Togo",1997,0.667109925878067
"TGO","Togo",1998,0.652345877392788
"TGO","Togo",1999,0.659314935030794
"TGO","Togo",2000,0.657251220899651
"TGO","Togo",2001,0.664046282557179
"TGO","Togo",2002,0.657241622035846
"TGO","Togo",2003,0.63870648170742
"TGO","Togo",2004,0.636399727172122
"TGO","Togo",2005,0.624965320558037
"TGO","Togo",2006,0.618853926378094
"TGO","Togo",2007,0.612579322376912
"TGO","Togo",2008,0.595412636486052
"TGO","Togo",2009,0.602604064797156
"TGO","Togo",2010,0.593320640337453
"TGO","Togo",2011,0.595114496675766
"TGO","Togo",2012,0.599808561149243
"TGO","Togo",2013,0.596527367709091
"TGO","Togo",2014,0.603825037066027
"TGO","Togo",2015,0.604123952521392
"TGO","Togo",2016,0.599157667199674
"TGO","Togo",2017,0.609222231638857
"TGO","Togo",2018,0.602887950643896
"TGO","Togo",2019,0.603023740458078
"TGO","Togo",2020,0.600998714384523
"TGO","Togo",2021,0.59758581150741
"TGO","Togo",2022,0.594188115713591
"TON","Tonga",1995,0.5812930086682
"TON","Tonga",1996,0.581233734400776
"TON","Tonga",1997,0.580952162000022
"TON","Tonga",1998,0.580901868682207
"TON","Tonga",1999,0.580849779174471
"TON","Tonga",2000,0.580723590288958
"TON","Tonga",2001,0.576276839333766
"TON","Tonga",2002,0.571297178037844
"TON","Tonga",2003,0.571265983015035
"TON","Tonga",2004,0.577138197878795
"TON","Tonga",2005,0.573102101116099
"TON","Tonga",2006,0.577330058374931
"TON","Tonga",2007,0.577020237286834
"TON","Tonga",2008,0.591802052826739
"TON","Tonga",2009,0.605844146878383
"TON","Tonga",2010,0.595929672066906
"TON","Tonga",2011,0.597700320920105
"TON","Tonga",2012,0.594511674236927
"TON","Tonga",2013,0.592119882644659
"TON","Tonga",2014,0.581164469750473
"TON","Tonga",2015,0.577906180710834
"TON","Tonga",2016,0.57390111660211
"TON","Tonga",2017,0.565869224986983
"TON","Tonga",2018,0.56354627426279
"TON","Tonga",2019,0.559083639115234
"TON","Tonga",2020,0.559126863666927
"TON","Tonga",2021,0.558822118636061
"TON","Tonga",2022,0.558784398647701
"TTO","Trinidad and Tobago",1995,0.460081890187079
"TTO","Trinidad and Tobago",1996,0.45566356908899
"TTO","Trinidad and Tobago",1997,0.446677948720343
"TTO","Trinidad and Tobago",1998,0.447932434951887
"TTO","Trinidad and Tobago",1999,0.449348201208474
"TTO","Trinidad and Tobago",2000,0.442743035112284
"TTO","Trinidad and Tobago",2001,0.462659587930499
"TTO","Trinidad and Tobago",2002,0.44538382995124
"TTO","Trinidad and Tobago",2003,0.449556692841329
"TTO","Trinidad and Tobago",2004,0.447726254815272
"TTO","Trinidad and Tobago",2005,0.451658726668102
"TTO","Trinidad and Tobago",2006,0.451595492478759
"TTO","Trinidad and Tobago",2007,0.45577506355739
"TTO","Trinidad and Tobago",2008,0.459749514064418
"TTO","Trinidad and Tobago",2009,0.467817979306164
"TTO","Trinidad and Tobago",2010,0.464575787644798
"TTO","Trinidad and Tobago",2011,0.452610230167753
"TTO","Trinidad and Tobago",2012,0.396188212221298
"TTO","Trinidad and Tobago",2013,0.395534545089313
"TTO","Trinidad and Tobago",2014,0.398977084431941
"TTO","Trinidad and Tobago",2015,0.404323516533711
"TTO","Trinidad and Tobago",2016,0.405974590507193
"TTO","Trinidad and Tobago",2017,0.411209836378102
"TTO","Trinidad and Tobago",2018,0.407553236569293
"TTO","Trinidad and Tobago",2019,0.477563200189456
"TTO","Trinidad and Tobago",2020,0.487244406767663
"TTO","Trinidad and Tobago",2021,0.487098516909312
"TTO","Trinidad and Tobago",2022,0.494658747166552
"TUN","Tunisia",1995,0.451734899657965
"TUN","Tunisia",1996,0.441661169154152
"TUN","Tunisia",1997,0.444081617182398
"TUN","Tunisia",1998,0.431440116084091
"TUN","Tunisia",1999,0.415686790733701
"TUN","Tunisia",2000,0.40466665915481
"TUN","Tunisia",2001,0.40455312481029
"TUN","Tunisia",2002,0.409856990850295
"TUN","Tunisia",2003,0.404510005980708
"TUN","Tunisia",2004,0.404151250802702
"TUN","Tunisia",2005,0.403183231419321
"TUN","Tunisia",2006,0.402550970866803
"TUN","Tunisia",2007,0.404960952135678
"TUN","Tunisia",2008,0.404734716648576
"TUN","Tunisia",2009,0.399479940777144
"TUN","Tunisia",2010,0.39952291960749
"TUN","Tunisia",2011,0.403711893627476
"TUN","Tunisia",2012,0.39501807286721
"TUN","Tunisia",2013,0.400351869950775
"TUN","Tunisia",2014,0.394758261814165
"TUN","Tunisia",2015,0.397030462989226
"TUN","Tunisia",2016,0.395080555523845
"TUN","Tunisia",2017,0.394345086357289
"TUN","Tunisia",2018,0.390539586878252
"TUN","Tunisia",2019,0.389623261363099
"TUN","Tunisia",2020,0.396353219109976
"TUN","Tunisia",2021,0.392939534102551
"TUN","Tunisia",2022,0.394338827206822
"TUR","Turkey",1995,0.386520288989663
"TUR","Turkey",1996,0.382363468504524
"TUR","Turkey",1997,0.375328053573687
"TUR","Turkey",1998,0.373845374503786
"TUR","Turkey",1999,0.371221504474535
"TUR","Turkey",2000,0.366082588652114
"TUR","Turkey",2001,0.36646629127183
"TUR","Turkey",2002,0.364867266399586
"TUR","Turkey",2003,0.361241588316226
"TUR","Turkey",2004,0.359560137773166
"TUR","Turkey",2005,0.353761172333101
"TUR","Turkey",2006,0.353748130641401
"TUR","Turkey",2007,0.345376730956674
"TUR","Turkey",2008,0.349782833677622
"TUR","Turkey",2009,0.348758282101744
"TUR","Turkey",2010,0.346570424486634
"TUR","Turkey",2011,0.346002695380392
"TUR","Turkey",2012,0.344015675466589
"TUR","Turkey",2013,0.345336316498584
"TUR","Turkey",2014,0.346569792360403
"TUR","Turkey",2015,0.346046321324638
"TUR","Turkey",2016,0.344170494073082
"TUR","Turkey",2017,0.339277621757331
"TUR","Turkey",2018,0.33678475681568
"TUR","Turkey",2019,0.340718527119661
"TUR","Turkey",2020,0.33886874069378
"TUR","Turkey",2021,0.337711674524649
"TUR","Turkey",2022,0.336813213576542
"TKM","Turkmenistan",1995,0.513582433160237
"TKM","Turkmenistan",1996,0.513331877753121
"TKM","Turkmenistan",1997,0.513310805239023
"TKM","Turkmenistan",1998,0.475024079307272
"TKM","Turkmenistan",1999,0.496812663995328
"TKM","Turkmenistan",2000,0.477963488534122
"TKM","Turkmenistan",2001,0.476212879553664
"TKM","Turkmenistan",2002,0.47497388557654
"TKM","Turkmenistan",2003,0.473069689270762
"TKM","Turkmenistan",2004,0.471830695293639
"TKM","Turkmenistan",2005,0.470716549603085
"TKM","Turkmenistan",2006,0.469421873738381
"TKM","Turkmenistan",2007,0.46642696015563
"TKM","Turkmenistan",2008,0.463634586617069
"TKM","Turkmenistan",2009,0.460735782282135
"TKM","Turkmenistan",2010,0.457885930666072
"TKM","Turkmenistan",2011,0.45493324063348
"TKM","Turkmenistan",2012,0.452103602697536
"TKM","Turkmenistan",2013,0.44924522572284
"TKM","Turkmenistan",2014,0.445982224250743
"TKM","Turkmenistan",2015,0.443069961578389
"TKM","Turkmenistan",2016,0.442312753628548
"TKM","Turkmenistan",2017,0.441378607884402
"TKM","Turkmenistan",2018,0.440189832588331
"TKM","Turkmenistan",2019,0.432750677892125
"TKM","Turkmenistan",2020,0.435553048258203
"TKM","Turkmenistan",2021,0.434839075851227
"TKM","Turkmenistan",2022,0.432202567592872
"TUV","Tuvalu",1995,0.544179720214472
"TUV","Tuvalu",1996,0.543445078536399
"TUV","Tuvalu",1997,0.542788128615948
"TUV","Tuvalu",1998,0.526424756925994
"TUV","Tuvalu",1999,0.536858160660269
"TUV","Tuvalu",2000,0.527902340621466
"TUV","Tuvalu",2001,0.515607115603914
"TUV","Tuvalu",2002,0.515447397015851
"TUV","Tuvalu",2003,0.518570767300725
"TUV","Tuvalu",2004,0.522462270865891
"TUV","Tuvalu",2005,0.524111054809017
"TUV","Tuvalu",2006,0.507335417201803
"TUV","Tuvalu",2007,0.501336632326043
"TUV","Tuvalu",2008,0.491345801032469
"TUV","Tuvalu",2009,0.490369878861169
"TUV","Tuvalu",2010,0.48868233187006
"TUV","Tuvalu",2011,0.486891967077525
"TUV","Tuvalu",2012,0.485330617355217
"TUV","Tuvalu",2013,0.483244401486252
"TUV","Tuvalu",2014,0.481646721988022
"TUV","Tuvalu",2015,0.478973989547219
"TUV","Tuvalu",2016,0.476966516050902
"TUV","Tuvalu",2017,0.474363690025097
"TUV","Tuvalu",2018,0.473614596836957
"TUV","Tuvalu",2019,0.470508197958032
"TUV","Tuvalu",2020,0.469686211647153
"TUV","Tuvalu",2021,0.470321201479574
"TUV","Tuvalu",2022,0.468988428557496
"UGA","Uganda",1995,0.681462901165888
"UGA","Uganda",1996,0.675659019249688
"UGA","Uganda",1997,0.691584618854305
"UGA","Uganda",1998,0.679011328802908
"UGA","Uganda",1999,0.667781664983451
"UGA","Uganda",2000,0.665539790916079
"UGA","Uganda",2001,0.661196884100581
"UGA","Uganda",2002,0.666659555292254
"UGA","Uganda",2003,0.673080689067561
"UGA","Uganda",2004,0.6738691713768
"UGA","Uganda",2005,0.673615504638419
"UGA","Uganda",2006,0.667730916544511
"UGA","Uganda",2007,0.659825603261649
"UGA","Uganda",2008,0.655597587214092
"UGA","Uganda",2009,0.649499104747329
"UGA","Uganda",2010,0.649251093269776
"UGA","Uganda",2011,0.651750879603438
"UGA","Uganda",2012,0.640855237765527
"UGA","Uganda",2013,0.640191979698851
"UGA","Uganda",2014,0.643756703965179
"UGA","Uganda",2015,0.652932830221731
"UGA","Uganda",2016,0.638922790200712
"UGA","Uganda",2017,0.639889699365696
"UGA","Uganda",2018,0.627733869692333
"UGA","Uganda",2019,0.626458104746744
"UGA","Uganda",2020,0.63055959618039
"UGA","Uganda",2021,0.636692396562097
"UGA","Uganda",2022,0.635603905469402
"UKR","Ukraine",1995,0.403728408581714
"UKR","Ukraine",1996,0.407799895415342
"UKR","Ukraine",1997,0.400029952088838
"UKR","Ukraine",1998,0.406094548414004
"UKR","Ukraine",1999,0.409103851059953
"UKR","Ukraine",2000,0.407420314759887
"UKR","Ukraine",2001,0.408530446859462
"UKR","Ukraine",2002,0.407808384286839
"UKR","Ukraine",2003,0.417114154434312
"UKR","Ukraine",2004,0.40881198269845
"UKR","Ukraine",2005,0.408854522600026
"UKR","Ukraine",2006,0.406291805672319
"UKR","Ukraine",2007,0.403918734705722
"UKR","Ukraine",2008,0.40170989265488
"UKR","Ukraine",2009,0.414061742284426
"UKR","Ukraine",2010,0.404411098450757
"UKR","Ukraine",2011,0.395530157837207
"UKR","Ukraine",2012,0.396250659098237
"UKR","Ukraine",2013,0.401503556008842
"UKR","Ukraine",2014,0.404522736390398
"UKR","Ukraine",2015,0.402592602759775
"UKR","Ukraine",2016,0.407038109488895
"UKR","Ukraine",2017,0.406517201626433
"UKR","Ukraine",2018,0.409724767581214
"UKR","Ukraine",2019,0.411341298762961
"UKR","Ukraine",2020,0.418060423549394
"UKR","Ukraine",2021,0.41397295673506
"UKR","Ukraine",2022,0.415130470318126
"ARE","United Arab Emirates",1995,0.45525880091577
"ARE","United Arab Emirates",1996,0.455007630764115
"ARE","United Arab Emirates",1997,0.454137341567387
"ARE","United Arab Emirates",1998,0.451873545354324
"ARE","United Arab Emirates",1999,0.451968314230859
"ARE","United Arab Emirates",2000,0.45051996427185
"ARE","United Arab Emirates",2001,0.444331997749854
"ARE","United Arab Emirates",2002,0.436022454266889
"ARE","United Arab Emirates",2003,0.43395697485529
"ARE","United Arab Emirates",2004,0.429963407448162
"ARE","United Arab Emirates",2005,0.429858608443642
"ARE","United Arab Emirates",2006,0.428232944043241
"ARE","United Arab Emirates",2007,0.432069222356985
"ARE","United Arab Emirates",2008,0.437297840158437
"ARE","United Arab Emirates",2009,0.44367920742932
"ARE","United Arab Emirates",2010,0.44346970317747
"ARE","United Arab Emirates",2011,0.445358889120863
"ARE","United Arab Emirates",2012,0.442651302175524
"ARE","United Arab Emirates",2013,0.439229228282123
"ARE","United Arab Emirates",2014,0.43914455596213
"ARE","United Arab Emirates",2015,0.439336623653617
"ARE","United Arab Emirates",2016,0.43911263779164
"ARE","United Arab Emirates",2017,0.442010016785478
"ARE","United Arab Emirates",2018,0.44143581825436
"ARE","United Arab Emirates",2019,0.437238424188167
"ARE","United Arab Emirates",2020,0.438754816020126
"ARE","United Arab Emirates",2021,0.433467802734379
"ARE","United Arab Emirates",2022,0.433677282712573
"GBR","United Kingdom",1995,0.207838484370393
"GBR","United Kingdom",1996,0.206618936949001
"GBR","United Kingdom",1997,0.20681438299301
"GBR","United Kingdom",1998,0.205639418094508
"GBR","United Kingdom",1999,0.202007091778225
"GBR","United Kingdom",2000,0.201600583772086
"GBR","United Kingdom",2001,0.20102961617967
"GBR","United Kingdom",2002,0.205629500173485
"GBR","United Kingdom",2003,0.205747237633606
"GBR","United Kingdom",2004,0.205343642253105
"GBR","United Kingdom",2005,0.204722638987673
"GBR","United Kingdom",2006,0.216603901743214
"GBR","United Kingdom",2007,0.216651227605643
"GBR","United Kingdom",2008,0.218658896096288
"GBR","United Kingdom",2009,0.221497127320764
"GBR","United Kingdom",2010,0.226189354834357
"GBR","United Kingdom",2011,0.225677961373125
"GBR","United Kingdom",2012,0.223530195767151
"GBR","United Kingdom",2013,0.225338412054195
"GBR","United Kingdom",2014,0.223437112700585
"GBR","United Kingdom",2015,0.221431167337991
"GBR","United Kingdom",2016,0.217788662653262
"GBR","United Kingdom",2017,0.218690408813002
"GBR","United Kingdom",2018,0.217184806783159
"GBR","United Kingdom",2019,0.215139418393223
"GBR","United Kingdom",2020,0.222642183999133
"GBR","United Kingdom",2021,0.220688416319825
"GBR","United Kingdom",2022,0.21650983444925
"USA","United States",1995,0.353276109843897
"USA","United States",1996,0.351991172737663
"USA","United States",1997,0.35122597918814
"USA","United States",1998,0.35026400829313
"USA","United States",1999,0.347983035563052
"USA","United States",2000,0.345677235448604
"USA","United States",2001,0.34680837656553
"USA","United States",2002,0.346708291688357
"USA","United States",2003,0.346736682703908
"USA","United States",2004,0.345099751394459
"USA","United States",2005,0.344634562487338
"USA","United States",2006,0.344877400506305
"USA","United States",2007,0.343482676316062
"USA","United States",2008,0.344225703372565
"USA","United States",2009,0.347696789746099
"USA","United States",2010,0.345332471339898
"USA","United States",2011,0.34451063301248
"USA","United States",2012,0.342228806362285
"USA","United States",2013,0.34211382190606
"USA","United States",2014,0.343177066763803
"USA","United States",2015,0.343215309278302
"USA","United States",2016,0.342431702797395
"USA","United States",2017,0.342148124666639
"USA","United States",2018,0.340907176980502
"USA","United States",2019,0.339233032581827
"USA","United States",2020,0.341235630457013
"USA","United States",2021,0.342244171733968
"USA","United States",2022,0.340103238683686
"URY","Uruguay",1995,0.369897614853516
"URY","Uruguay",1996,0.363646212936455
"URY","Uruguay",1997,0.361583518579592
"URY","Uruguay",1998,0.361361893022052
"URY","Uruguay",1999,0.361271551616917
"URY","Uruguay",2000,0.364958158234961
"URY","Uruguay",2001,0.363312239942624
"URY","Uruguay",2002,0.378708070775039
"URY","Uruguay",2003,0.363608371107282
"URY","Uruguay",2004,0.359115158799076
"URY","Uruguay",2005,0.353905038218355
"URY","Uruguay",2006,0.350085250790096
"URY","Uruguay",2007,0.348807342283582
"URY","Uruguay",2008,0.348355105699154
"URY","Uruguay",2009,0.352428288388825
"URY","Uruguay",2010,0.348296105293831
"URY","Uruguay",2011,0.350247486398503
"URY","Uruguay",2012,0.347327580250792
"URY","Uruguay",2013,0.35364216745298
"URY","Uruguay",2014,0.351639102756833
"URY","Uruguay",2015,0.355758479553527
"URY","Uruguay",2016,0.356350313988666
"URY","Uruguay",2017,0.357926469863643
"URY","Uruguay",2018,0.362879150570022
"URY","Uruguay",2019,0.362430198466543
"URY","Uruguay",2020,0.366302475477879
"URY","Uruguay",2021,0.361165095098072
"URY","Uruguay",2022,0.358479894550271
"UZB","Uzbekistan",1995,0.361891806325282
"UZB","Uzbekistan",1996,0.361035023732518
"UZB","Uzbekistan",1997,0.355852193780919
"UZB","Uzbekistan",1998,0.350665771449477
"UZB","Uzbekistan",1999,0.345477552928113
"UZB","Uzbekistan",2000,0.340285742026905
"UZB","Uzbekistan",2001,0.33509752350554
"UZB","Uzbekistan",2002,0.329905712604332
"UZB","Uzbekistan",2003,0.321182961615206
"UZB","Uzbekistan",2004,0.324002223553134
"UZB","Uzbekistan",2005,0.306253222405587
"UZB","Uzbekistan",2006,0.294275270332725
"UZB","Uzbekistan",2007,0.291712057358768
"UZB","Uzbekistan",2008,0.289228195723684
"UZB","Uzbekistan",2009,0.285929136814469
"UZB","Uzbekistan",2010,0.283445275179385
"UZB","Uzbekistan",2011,0.281482308621663
"UZB","Uzbekistan",2012,0.28004742190099
"UZB","Uzbekistan",2013,0.278612535180318
"UZB","Uzbekistan",2014,0.277177648459645
"UZB","Uzbekistan",2015,0.275742761738972
"UZB","Uzbekistan",2016,0.2743078750183
"UZB","Uzbekistan",2017,0.272872988297627
"UZB","Uzbekistan",2018,0.270417610625187
"UZB","Uzbekistan",2019,0.271043437821066
"UZB","Uzbekistan",2020,0.277383967135192
"UZB","Uzbekistan",2021,0.282826644057973
"UZB","Uzbekistan",2022,0.286616206404557
"VUT","Vanuatu",1995,0.629314309238387
"VUT","Vanuatu",1996,0.629458512371095
"VUT","Vanuatu",1997,0.628859141338896
"VUT","Vanuatu",1998,0.62802310265399
"VUT","Vanuatu",1999,0.627107576021542
"VUT","Vanuatu",2000,0.626224380807689
"VUT","Vanuatu",2001,0.625140724801331
"VUT","Vanuatu",2002,0.62397758084743
"VUT","Vanuatu",2003,0.622807252133842
"VUT","Vanuatu",2004,0.62163333104041
"VUT","Vanuatu",2005,0.620455817567133
"VUT","Vanuatu",2006,0.619045228820995
"VUT","Vanuatu",2007,0.617112721987256
"VUT","Vanuatu",2008,0.614275894646556
"VUT","Vanuatu",2009,0.611369167503547
"VUT","Vanuatu",2010,0.618565003722248
"VUT","Vanuatu",2011,0.622865170749743
"VUT","Vanuatu",2012,0.621425685333749
"VUT","Vanuatu",2013,0.61960672207926
"VUT","Vanuatu",2014,0.619427103087066
"VUT","Vanuatu",2015,0.619247484094873
"VUT","Vanuatu",2016,0.619058855154678
"VUT","Vanuatu",2017,0.618870226214482
"VUT","Vanuatu",2018,0.618663635375068
"VUT","Vanuatu",2019,0.618426451310197
"VUT","Vanuatu",2020,0.6182344329789
"VUT","Vanuatu",2021,0.617982966389829
"VUT","Vanuatu",2022,0.617711741711616
"VEN","Venezuela, Bolivarian Republic o",1995,0.445149615367469
"VEN","Venezuela, Bolivarian Republic o",1996,0.448029735431118
"VEN","Venezuela, Bolivarian Republic o",1997,0.434980294822754
"VEN","Venezuela, Bolivarian Republic o",1998,0.441883692121913
"VEN","Venezuela, Bolivarian Republic o",1999,0.440103040624838
"VEN","Venezuela, Bolivarian Republic o",2000,0.43605136005418
"VEN","Venezuela, Bolivarian Republic o",2001,0.437619131397993
"VEN","Venezuela, Bolivarian Republic o",2002,0.442438675549472
"VEN","Venezuela, Bolivarian Republic o",2003,0.456661110888952
"VEN","Venezuela, Bolivarian Republic o",2004,0.449359856554129
"VEN","Venezuela, Bolivarian Republic o",2005,0.433411201655281
"VEN","Venezuela, Bolivarian Republic o",2006,0.426072814025452
"VEN","Venezuela, Bolivarian Republic o",2007,0.4263051906032
"VEN","Venezuela, Bolivarian Republic o",2008,0.447450460432327
"VEN","Venezuela, Bolivarian Republic o",2009,0.444264137565368
"VEN","Venezuela, Bolivarian Republic o",2010,0.442354161103768
"VEN","Venezuela, Bolivarian Republic o",2011,0.443384360962003
"VEN","Venezuela, Bolivarian Republic o",2012,0.442721916508973
"VEN","Venezuela, Bolivarian Republic o",2013,0.45016557459604
"VEN","Venezuela, Bolivarian Republic o",2014,0.450145816506899
"VEN","Venezuela, Bolivarian Republic o",2015,0.45012785460768
"VEN","Venezuela, Bolivarian Republic o",2016,0.450108096518538
"VEN","Venezuela, Bolivarian Republic o",2017,0.450075765099943
"VEN","Venezuela, Bolivarian Republic o",2018,0.450030860351895
"VEN","Venezuela, Bolivarian Republic o",2019,0.449973382274393
"VEN","Venezuela, Bolivarian Republic o",2020,0.449903330867437
"VEN","Venezuela, Bolivarian Republic o",2021,0.449820706131028
"VEN","Venezuela, Bolivarian Republic o",2022,0.449725508065166
"VNM","Viet Nam",1995,0.55223590133435
"VNM","Viet Nam",1996,0.542901254507262
"VNM","Viet Nam",1997,0.542484694425702
"VNM","Viet Nam",1998,0.554977878178215
"VNM","Viet Nam",1999,0.552343756818119
"VNM","Viet Nam",2000,0.516346088533675
"VNM","Viet Nam",2001,0.52633546592341
"VNM","Viet Nam",2002,0.530478252173235
"VNM","Viet Nam",2003,0.539742649381788
"VNM","Viet Nam",2004,0.537536507493583
"VNM","Viet Nam",2005,0.530675447890895
"VNM","Viet Nam",2006,0.519468063850867
"VNM","Viet Nam",2007,0.516393051750649
"VNM","Viet Nam",2008,0.50921594963038
"VNM","Viet Nam",2009,0.492419645459793
"VNM","Viet Nam",2010,0.47353376053194
"VNM","Viet Nam",2011,0.480688505994215
"VNM","Viet Nam",2012,0.473542411142269
"VNM","Viet Nam",2013,0.466906112116462
"VNM","Viet Nam",2014,0.454289401385207
"VNM","Viet Nam",2015,0.45794971325571
"VNM","Viet Nam",2016,0.45520032720474
"VNM","Viet Nam",2017,0.463542027507283
"VNM","Viet Nam",2018,0.430226752419917
"VNM","Viet Nam",2019,0.426525944654317
"VNM","Viet Nam",2020,0.447943522668058
"VNM","Viet Nam",2021,0.422684306025558
"VNM","Viet Nam",2022,0.421871729227624
"YEM","Yemen",1995,0.691446356492143
"YEM","Yemen",1996,0.690437521395824
"YEM","Yemen",1997,0.683189050273926
"YEM","Yemen",1998,0.679942307471034
"YEM","Yemen",1999,0.677177830295593
"YEM","Yemen",2000,0.674863275557963
"YEM","Yemen",2001,0.672942614418471
"YEM","Yemen",2002,0.658017591592321
"YEM","Yemen",2003,0.654941170080521
"YEM","Yemen",2004,0.647456939462536
"YEM","Yemen",2005,0.64458894016051
"YEM","Yemen",2006,0.631873249141796
"YEM","Yemen",2007,0.630138927622921
"YEM","Yemen",2008,0.628718865628633
"YEM","Yemen",2009,0.636081825605343
"YEM","Yemen",2010,0.642052204743811
"YEM","Yemen",2011,0.641638707447685
"YEM","Yemen",2012,0.653113545456829
"YEM","Yemen",2013,0.64951029677441
"YEM","Yemen",2014,0.678130556182972
"YEM","Yemen",2015,0.700952518099119
"YEM","Yemen",2016,0.691232982474773
"YEM","Yemen",2017,0.685892887958382
"YEM","Yemen",2018,0.682035873866883
"YEM","Yemen",2019,0.67398316098572
"YEM","Yemen",2020,0.673874147790645
"YEM","Yemen",2021,0.67515921509321
"YEM","Yemen",2022,0.674006061163326
"ZMB","Zambia",1995,0.60448539015292
"ZMB","Zambia",1996,0.605808706200504
"ZMB","Zambia",1997,0.601013741931897
"ZMB","Zambia",1998,0.613416762528733
"ZMB","Zambia",1999,0.611619700810002
"ZMB","Zambia",2000,0.607555979660739
"ZMB","Zambia",2001,0.609663245257218
"ZMB","Zambia",2002,0.611265983143663
"ZMB","Zambia",2003,0.615061733196891
"ZMB","Zambia",2004,0.597360879417457
"ZMB","Zambia",2005,0.593065459329595
"ZMB","Zambia",2006,0.595699159449239
"ZMB","Zambia",2007,0.587292599924123
"ZMB","Zambia",2008,0.58752033412293
"ZMB","Zambia",2009,0.590704827165537
"ZMB","Zambia",2010,0.584975479240339
"ZMB","Zambia",2011,0.585799459360071
"ZMB","Zambia",2012,0.587195336963942
"ZMB","Zambia",2013,0.582815794109417
"ZMB","Zambia",2014,0.580137711283471
"ZMB","Zambia",2015,0.57986164394811
"ZMB","Zambia",2016,0.576100081956244
"ZMB","Zambia",2017,0.572429854722269
"ZMB","Zambia",2018,0.56676079233756
"ZMB","Zambia",2019,0.57111317292576
"ZMB","Zambia",2020,0.57401971024039
"ZMB","Zambia",2021,0.573743628336311
"ZMB","Zambia",2022,0.569433481274773
"ZWE","Zimbabwe",1995,0.576801121062874
"ZWE","Zimbabwe",1996,0.588101930570216
"ZWE","Zimbabwe",1997,0.57863473058296
"ZWE","Zimbabwe",1998,0.580115761666344
"ZWE","Zimbabwe",1999,0.581591404179962
"ZWE","Zimbabwe",2000,0.576634822942876
"ZWE","Zimbabwe",2001,0.567786800311412
"ZWE","Zimbabwe",2002,0.587472027132135
"ZWE","Zimbabwe",2003,0.607422415760323
"ZWE","Zimbabwe",2004,0.613676316226946
"ZWE","Zimbabwe",2005,0.583477697711039
"ZWE","Zimbabwe",2006,0.597395334692477
"ZWE","Zimbabwe",2007,0.563928894173143
"ZWE","Zimbabwe",2008,0.577816152410539
"ZWE","Zimbabwe",2009,0.553122063788137
"ZWE","Zimbabwe",2010,0.571563197777705
"ZWE","Zimbabwe",2011,0.562408063133555
"ZWE","Zimbabwe",2012,0.572657361358602
"ZWE","Zimbabwe",2013,0.562880105038075
"ZWE","Zimbabwe",2014,0.565126483180643
"ZWE","Zimbabwe",2015,0.570462887826306
"ZWE","Zimbabwe",2016,0.577830871123686
"ZWE","Zimbabwe",2017,0.563667079208595
"ZWE","Zimbabwe",2018,0.554943941932836
"ZWE","Zimbabwe",2019,0.543960834633217
"ZWE","Zimbabwe",2020,0.571331689542244
"ZWE","Zimbabwe",2021,0.560770946728192
"ZWE","Zimbabwe",2022,0.557773799409636
