GUBID,ISOALPHA,COUNTRYNM,NAME1,NAME2,NAME3,NAME4,NAME5,NAME6,CENTROID_X,CENTROID_Y,INSIDE_X,INSIDE_Y,CONTEXT,CONTEXT_NM,WATER_CODE,TOTAL_A_KM,WATER_A_KM,LAND_A_KM,UN_2000_E,UN_2005_E,UN_2010_E,UN_2015_E,UN_2020_E,UN_2000_DS,UN_2005_DS,UN_2010_DS,UN_2015_DS,UN_2020_DS,B_2010_E,F_2010_E,M_2010_E,A00_04B,A05_09B,A10_14B,A15_19B,A20_24B,A25_29B,A30_34B,A35_39B,A40_44B,A45_49B,A50_54B,A55_59B,A60_64B,A65PLUSB,A65_69B,A70PLUSB,A70_74B,A75PLUSB,A75_79B,A80PLUSB,A80_84B,A85PLUSB,A00_04F,A05_09F,A10_14F,A15_19F,A20_24F,A25_29F,A30_34F,A35_39F,A40_44F,A45_49F,A50_54F,A55_59F,A60_64F,A65PLUSF,A65_69F,A70PLUSF,A70_74F,A75PLUSF,A75_79F,A80PLUSF,A80_84F,A85PLUSF,A00_04M,A05_09M,A10_14M,A15_19M,A20_24M,A25_29M,A30_34M,A35_39M,A40_44M,A45_49M,A50_54M,A55_59M,A60_64M,A65PLUSM,A65_69M,A70PLUSM,A70_74M,A75PLUSM,A75_79M,A80PLUSM,A80_84M,A85PLUSM
{989C71B3-6092-47C3-B066-703BDDB86929},SJM,Svalbard and Jan Mayen Islands,NA,NA,NA,NA,NA,NA,18.309155378369,78.84568885277429,18.309155378369,78.84568885277429,0,Not applicable,L,61238.09257949688,35605.129848429824,25632.148459435855,2053,2253,2536,2870,3208,0.08009472960290372,0.0878974309767862,0.09893825342082993,0.11196876471521368,0.12515533003707507,2529.0,1093.0,1436.0,166.07744840953143,130.66321210048267,131.8850036103827,97.692558811234,153.86628282597957,286.97209364192605,290.63254664994486,300.40153536274846,261.32670543077563,208.81582487743702,211.25687682894386,153.86417360240185,86.70051305438376,48.845224793828145,34.19174172462281,14.653483069205336,0.0,0.0,0.0,0.0,0.0,0.0,81.82234636871509,58.61899441340782,64.72513966480447,47.62793296089386,79.37988826815644,141.66256983240223,117.23798882681564,119.68044692737429,119.68044692737429,84.26480446927374,74.4949720670391,61.06145251396648,28.088268156424583,14.654748603351955,10.991061452513966,3.6636871508379887,0.0,0.0,0.0,0.0,0.0,0.0,84.25510204081633,72.04421768707483,67.15986394557824,50.06462585034013,74.48639455782313,145.30952380952382,173.39455782312925,180.72108843537416,141.64625850340136,124.55102040816327,136.76190476190476,92.80272108843538,58.61224489795918,34.19047619047619,23.200680272108844,10.989795918367347,0.0,0.0,0.0,0.0,0.0,0.0
