GUBID,ISOALPHA,COUNTRYNM,NAME1,NAME2,NAME3,NAME4,NAME5,NAME6,CENTROID_X,CENTROID_Y,INSIDE_X,INSIDE_Y,CONTEXT,CONTEXT_NM,WATER_CODE,TOTAL_A_KM,WATER_A_KM,LAND_A_KM,UN_2000_E,UN_2005_E,UN_2010_E,UN_2015_E,UN_2020_E,UN_2000_DS,UN_2005_DS,UN_2010_DS,UN_2015_DS,UN_2020_DS,B_2010_E,F_2010_E,M_2010_E,A00_04B,A05_09B,A10_14B,A15_19B,A20_24B,A25_29B,A30_34B,A35_39B,A40_44B,A45_49B,A50_54B,A55_59B,A60_64B,A65PLUSB,A65_69B,A70PLUSB,A70_74B,A75PLUSB,A75_79B,A80PLUSB,A80_84B,A85PLUSB,A00_04F,A05_09F,A10_14F,A15_19F,A20_24F,A25_29F,A30_34F,A35_39F,A40_44F,A45_49F,A50_54F,A55_59F,A60_64F,A65PLUSF,A65_69F,A70PLUSF,A70_74F,A75PLUSF,A75_79F,A80PLUSF,A80_84F,A85PLUSF,A00_04M,A05_09M,A10_14M,A15_19M,A20_24M,A25_29M,A30_34M,A35_39M,A40_44M,A45_49M,A50_54M,A55_59M,A60_64M,A65PLUSM,A65_69M,A70PLUSM,A70_74M,A75PLUSM,A75_79M,A80PLUSM,A80_84M,A85PLUSM
{ACCC3F74-8D5E-4D8C-A520-BC5A992E0D31},BLM,Saint-Barthelemy,NA,NA,NA,NA,NA,NA,-62.83374120861031,17.90634306840467,-62.83374120861031,17.90634306840467,0,Not applicable,L,24.84281648982573,0.15377894248617308,24.68903754733956,7156,8290,9269,10440,11636,289.8452394622048,335.7765560566906,375.4297826404662,422.8597400762183,471.3022926749881,9138.072801934493,4279.558021934948,4858.514779999546,523.2883546065996,596.1395447274092,509.9500054612737,360.14750459411766,538.6816303105016,789.0389258884654,865.9930508492548,1043.502674074463,929.6099406246021,794.1697050992725,570.4882869994146,485.325947179963,355.0150837582188,776.7221477609373,263.69605512956264,513.0260926313747,204.18432811396252,308.8417645174122,135.4392388243811,173.40252569303107,115.94414224038297,57.45838345264811,266.76698290651797,282.1573857665094,253.42863376119206,148.7738943132504,231.88206975720408,364.2395343531303,404.254581789108,459.6600320850771,411.4367697904373,358.08337320913375,266.76698290651797,218.54372061187817,183.65880746256428,429.90525322242706,138.5136257399228,291.39162748250425,116.96706173593479,174.42456574656944,70.79585315596053,103.6287125906089,61.56161143996568,42.06710115064321,256.5213717000816,313.9821589608999,256.5213717000816,211.37361028086727,306.79956055329757,424.79939153533513,461.7384690601469,583.8426419893857,518.1731708341648,436.08633189013875,303.7213040928966,266.78222656808487,171.3562762956545,346.8168945385103,125.18242938963984,221.6344651488705,87.21726637802774,134.41719877084276,64.64338566842056,69.7738131024222,54.3825308004173,15.391282302004896
