GUBID,ISOALPHA,COUNTRYNM,NAME1,NAME2,NAME3,NAME4,NAME5,NAME6,CENTROID_X,CENTROID_Y,INSIDE_X,INSIDE_Y,CONTEXT,CONTEXT_NM,WATER_CODE,TOTAL_A_KM,WATER_A_KM,LAND_A_KM,UN_2000_E,UN_2005_E,UN_2010_E,UN_2015_E,UN_2020_E,UN_2000_DS,UN_2005_DS,UN_2010_DS,UN_2015_DS,UN_2020_DS,B_2010_E,F_2010_E,M_2010_E,A00_04B,A05_09B,A10_14B,A15_19B,A20_24B,A25_29B,A30_34B,A35_39B,A40_44B,A45_49B,A50_54B,A55_59B,A60_64B,A65PLUSB,A65_69B,A70PLUSB,A70_74B,A75PLUSB,A75_79B,A80PLUSB,A80_84B,A85PLUSB,A00_04F,A05_09F,A10_14F,A15_19F,A20_24F,A25_29F,A30_34F,A35_39F,A40_44F,A45_49F,A50_54F,A55_59F,A60_64F,A65PLUSF,A65_69F,A70PLUSF,A70_74F,A75PLUSF,A75_79F,A80PLUSF,A80_84F,A85PLUSF,A00_04M,A05_09M,A10_14M,A15_19M,A20_24M,A25_29M,A30_34M,A35_39M,A40_44M,A45_49M,A50_54M,A55_59M,A60_64M,A65PLUSM,A65_69M,A70PLUSM,A70_74M,A75PLUSM,A75_79M,A80PLUSM,A80_84M,A85PLUSM
{DF3B0768-DDF4-4D6A-8C96-7E8BC5CB29E0},AIA,Anguilla,NA,NA,NA,NA,NA,NA,-63.058133222840134,18.223382261952896,-63.058133222840134,18.223382261952896,0,Not applicable,L,83.75495793941757,1.4623656787369437,82.29259226068056,11071,12637,13768,14614,15266,134.5321577053993,153.5618170827505,167.30545996639307,177.58585066450235,185.5087995240381,13409.902641886329,6783.007783418041,6626.8948584682885,1045.363763271127,1043.3876502970795,1056.2323846283884,905.0597421137547,906.0477986007784,1106.6232654665996,1003.8653908161295,1131.3246776421934,1124.408282233027,1075.9935143688633,867.513595606852,685.7112019944822,447.5895886217586,1010.7817862252958,319.14224530867114,691.6395409166247,247.01412175593737,444.62541916068733,0.0,0.0,0.0,0.0,505.8849213561598,520.705768661516,532.5624465058011,444.62541916068733,445.613475647711,579.989157882941,529.5982770447298,569.1205365256798,564.180254090561,544.419124350086,447.58958862175854,342.8556009972411,222.31270958034366,533.5505029928248,160.06515089784745,373.4853520949774,130.42345628713494,243.06189580784243,0.0,0.0,0.0,0.0,539.4788419149672,522.6818816355635,523.6699381225873,460.43432295306735,460.43432295306735,526.6341075836585,474.26711377139975,562.2041411165135,560.228028142466,531.5743900187773,419.92400698509357,342.8556009972411,225.27687904141493,477.23128323247107,159.0770944108237,318.1541888216474,116.59066546880244,201.56352335284492,0.0,0.0,0.0,0.0
