GUBID,ISOALPHA,COUNTRYNM,NAME1,NAME2,NAME3,NAME4,NAME5,NAME6,CENTROID_X,CENTROID_Y,INSIDE_X,INSIDE_Y,CONTEXT,CONTEXT_NM,WATER_CODE,TOTAL_A_KM,WATER_A_KM,LAND_A_KM,UN_2000_E,UN_2005_E,UN_2010_E,UN_2015_E,UN_2020_E,UN_2000_DS,UN_2005_DS,UN_2010_DS,UN_2015_DS,UN_2020_DS,B_2010_E,F_2010_E,M_2010_E,A00_04B,A05_09B,A10_14B,A15_19B,A20_24B,A25_29B,A30_34B,A35_39B,A40_44B,A45_49B,A50_54B,A55_59B,A60_64B,A65PLUSB,A65_69B,A70PLUSB,A70_74B,A75PLUSB,A75_79B,A80PLUSB,A80_84B,A85PLUSB,A00_04F,A05_09F,A10_14F,A15_19F,A20_24F,A25_29F,A30_34F,A35_39F,A40_44F,A45_49F,A50_54F,A55_59F,A60_64F,A65PLUSF,A65_69F,A70PLUSF,A70_74F,A75PLUSF,A75_79F,A80PLUSF,A80_84F,A85PLUSF,A00_04M,A05_09M,A10_14M,A15_19M,A20_24M,A25_29M,A30_34M,A35_39M,A40_44M,A45_49M,A50_54M,A55_59M,A60_64M,A65PLUSM,A65_69M,A70PLUSM,A70_74M,A75PLUSM,A75_79M,A80PLUSM,A80_84M,A85PLUSM
{5BBF8E33-ED47-43D0-8EB4-AEC48BCB3431},GIB,Gibraltar,NA,NA,NA,NA,NA,NA,-5.349237521328282,36.13650288737451,-5.349237521328282,36.13650288737451,0,Not applicable,L,7.2229422525953995,0.0,7.2229422525953995,27351,29080,30732,32217,32610,3786.6840192681925,4026.0601543021844,4254.775813686889,4460.3707012088535,4514.780661340929,31283.586523501996,15676.775218477283,15606.811305024712,1897.0916465934154,1840.71887355304,1931.091940957245,1940.8157787205128,1970.9472641714299,1929.1632603039209,2093.402489134016,2154.6480261566962,2136.180807981432,2316.938691648902,2097.301122073775,1983.5799386864967,1899.020025993943,5092.686657527171,1608.4398931317496,3484.2467643954215,1142.928587689577,2341.3181767058445,992.2973694282806,1349.0208072775638,711.4308317342766,637.5899755432872,942.8616047819299,901.0646470441742,910.7848697738849,932.1693597792481,958.4139611494668,958.4139611494668,1017.7073198007017,1105.1893243680972,1090.6089902735314,1147.9583043788239,1055.616188446573,959.3859834224379,894.2604911333767,2802.3402129755714,779.5618629227914,2022.7783500527798,595.8496533312608,1426.928696721519,549.1925842286499,877.7361124928689,422.82968874241186,454.90642375045695,954.2300418114854,939.6542265088659,1020.3070711833601,1008.6464189412646,1012.5333030219631,970.7492991544541,1075.695169333314,1049.458701788599,1045.5718177079004,1168.9803872700784,1041.6849336272019,1024.1939552640588,1004.7595348605662,2290.3464445516,828.8780302089583,1461.4684143426416,547.078934358316,914.3894799843256,443.10478519963067,471.2846947846949,288.6011429918647,182.6835517928302
