GUBID,ISOALPHA,COUNTRYNM,NAME1,NAME2,NAME3,NAME4,NAME5,NAME6,CENTROID_X,CENTROID_Y,INSIDE_X,INSIDE_Y,CONTEXT,CONTEXT_NM,WATER_CODE,TOTAL_A_KM,WATER_A_KM,LAND_A_KM,UN_2000_E,UN_2005_E,UN_2010_E,UN_2015_E,UN_2020_E,UN_2000_DS,UN_2005_DS,UN_2010_DS,UN_2015_DS,UN_2020_DS,B_2010_E,F_2010_E,M_2010_E,A00_04B,A05_09B,A10_14B,A15_19B,A20_24B,A25_29B,A30_34B,A35_39B,A40_44B,A45_49B,A50_54B,A55_59B,A60_64B,A65PLUSB,A65_69B,A70PLUSB,A70_74B,A75PLUSB,A75_79B,A80PLUSB,A80_84B,A85PLUSB,A00_04F,A05_09F,A10_14F,A15_19F,A20_24F,A25_29F,A30_34F,A35_39F,A40_44F,A45_49F,A50_54F,A55_59F,A60_64F,A65PLUSF,A65_69F,A70PLUSF,A70_74F,A75PLUSF,A75_79F,A80PLUSF,A80_84F,A85PLUSF,A00_04M,A05_09M,A10_14M,A15_19M,A20_24M,A25_29M,A30_34M,A35_39M,A40_44M,A45_49M,A50_54M,A55_59M,A60_64M,A65PLUSM,A65_69M,A70PLUSM,A70_74M,A75PLUSM,A75_79M,A80PLUSM,A80_84M,A85PLUSM
{BA807128-2524-41FB-B347-E0263A0A7B33},PCN,Pitcairn,NA,NA,NA,NA,NA,NA,-128.49547592989367,-24.426175817700063,-128.32288818799998,-24.37672591699993,0,Not applicable,L,54.4343718428858,0.0,54.4343718428858,102,118,135,156,180,1.8738160567812394,2.167747987256728,2.4800506633869346,2.8658363221360132,3.306734217849246,67.73800833577056,32.14685141358603,35.59115692218453,3.984588725633562,3.984588725633562,4.1871949320217094,3.984588725633562,0.0,1.8909912596227074,6.078186191644416,3.781982519245415,2.0935974660108547,1.8909912596227074,8.374389864043419,9.860168710889832,1.8909912596227074,15.7357486961461,3.781982519245415,11.953766176900686,3.984588725633562,7.969177451267124,2.0935974660108547,5.87557998525627,5.976883088450344,0.0,1.8909912596227074,1.8909912596227074,0.0,1.8909912596227074,0.0,1.8909912596227074,1.8909912596227074,3.781982519245415,0.0,1.8909912596227074,0.0,5.672973778868123,1.8909912596227074,9.454956298113537,3.781982519245415,5.672973778868123,1.8909912596227074,3.781982519245415,0.0,3.781982519245415,3.781982519245415,0.0,2.0935974660108547,2.0935974660108547,4.1871949320217094,2.0935974660108547,0.0,0.0,4.1871949320217094,0.0,2.0935974660108547,0.0,8.374389864043419,4.1871949320217094,0.0,6.280792398032564,0.0,6.280792398032564,2.0935974660108547,4.1871949320217094,2.0935974660108547,2.0935974660108547,2.0935974660108547,0.0
