"ISO3","Name","Year","Value: infrastructure"
"AFG","Afghanistan",1995,NA
"AFG","Afghanistan",1996,NA
"AFG","Afghanistan",1997,NA
"AFG","Afghanistan",1998,NA
"AFG","Afghanistan",1999,NA
"AFG","Afghanistan",2000,NA
"AFG","Afghanistan",2001,NA
"AFG","Afghanistan",2002,NA
"AFG","Afghanistan",2003,NA
"AFG","Afghanistan",2004,NA
"AFG","Afghanistan",2005,NA
"AFG","Afghanistan",2006,NA
"AFG","Afghanistan",2007,NA
"AFG","Afghanistan",2008,NA
"AFG","Afghanistan",2009,NA
"AFG","Afghanistan",2010,NA
"AFG","Afghanistan",2011,NA
"AFG","Afghanistan",2012,NA
"AFG","Afghanistan",2013,NA
"AFG","Afghanistan",2014,NA
"AFG","Afghanistan",2015,NA
"AFG","Afghanistan",2016,NA
"AFG","Afghanistan",2017,NA
"AFG","Afghanistan",2018,NA
"AFG","Afghanistan",2019,NA
"AFG","Afghanistan",2020,NA
"AFG","Afghanistan",2021,NA
"AFG","Afghanistan",2022,NA
"ALB","Albania",1995,0.458638958601653
"ALB","Albania",1996,0.458065101492008
"ALB","Albania",1997,0.462079186451535
"ALB","Albania",1998,0.474719507735522
"ALB","Albania",1999,0.517618315271667
"ALB","Albania",2000,0.526121084757477
"ALB","Albania",2001,0.538131051648468
"ALB","Albania",2002,0.540437056931293
"ALB","Albania",2003,0.537225610994391
"ALB","Albania",2004,0.532817895186077
"ALB","Albania",2005,0.537392638059325
"ALB","Albania",2006,0.52274270034184
"ALB","Albania",2007,0.537162484182947
"ALB","Albania",2008,0.538241883931664
"ALB","Albania",2009,0.533731581139751
"ALB","Albania",2010,0.505555303055377
"ALB","Albania",2011,0.517844186007081
"ALB","Albania",2012,0.484781515977032
"ALB","Albania",2013,0.50148962473628
"ALB","Albania",2014,0.508410350608642
"ALB","Albania",2015,0.482286991977035
"ALB","Albania",2016,0.49508340095992
"ALB","Albania",2017,0.526019189107921
"ALB","Albania",2018,0.496577127760232
"ALB","Albania",2019,0.479430573219976
"ALB","Albania",2020,0.451077134393449
"ALB","Albania",2021,0.395072620506643
"ALB","Albania",2022,0.373387295108922
"DZA","Algeria",1995,0.223041708656779
"DZA","Algeria",1996,0.223041708656779
"DZA","Algeria",1997,0.223041708656779
"DZA","Algeria",1998,0.223041708656779
"DZA","Algeria",1999,0.223041708656779
"DZA","Algeria",2000,0.223041708656779
"DZA","Algeria",2001,0.222949991710067
"DZA","Algeria",2002,0.222858274763355
"DZA","Algeria",2003,0.222766557816643
"DZA","Algeria",2004,0.222674840869931
"DZA","Algeria",2005,0.222583123923219
"DZA","Algeria",2006,0.222918247554836
"DZA","Algeria",2007,0.223421768703362
"DZA","Algeria",2008,0.222914904750428
"DZA","Algeria",2009,0.224260413483504
"DZA","Algeria",2010,0.22459553711512
"DZA","Algeria",2011,0.224930660746736
"DZA","Algeria",2012,0.225770976929082
"DZA","Algeria",2013,0.225600908009969
"DZA","Algeria",2014,0.225936031641585
"DZA","Algeria",2015,0.226271155273201
"DZA","Algeria",2016,0.226866393368439
"DZA","Algeria",2017,0.227293233946768
"DZA","Algeria",2018,0.227720074525096
"DZA","Algeria",2019,0.228483710137244
"DZA","Algeria",2020,0.0864802484367574
"DZA","Algeria",2021,0.144645184253181
"DZA","Algeria",2022,0.127641722552694
"AND","Andorra",1995,NA
"AND","Andorra",1996,NA
"AND","Andorra",1997,NA
"AND","Andorra",1998,NA
"AND","Andorra",1999,NA
"AND","Andorra",2000,NA
"AND","Andorra",2001,NA
"AND","Andorra",2002,NA
"AND","Andorra",2003,NA
"AND","Andorra",2004,NA
"AND","Andorra",2005,NA
"AND","Andorra",2006,NA
"AND","Andorra",2007,NA
"AND","Andorra",2008,NA
"AND","Andorra",2009,NA
"AND","Andorra",2010,NA
"AND","Andorra",2011,NA
"AND","Andorra",2012,NA
"AND","Andorra",2013,NA
"AND","Andorra",2014,NA
"AND","Andorra",2015,NA
"AND","Andorra",2016,NA
"AND","Andorra",2017,NA
"AND","Andorra",2018,NA
"AND","Andorra",2019,NA
"AND","Andorra",2020,NA
"AND","Andorra",2021,NA
"AND","Andorra",2022,NA
"AGO","Angola",1995,0.317876416181763
"AGO","Angola",1996,0.317876416181763
"AGO","Angola",1997,0.317876416181763
"AGO","Angola",1998,0.317876416181763
"AGO","Angola",1999,0.317876416181763
"AGO","Angola",2000,0.317876416181763
"AGO","Angola",2001,0.325527620976518
"AGO","Angola",2002,0.315497086495733
"AGO","Angola",2003,0.314223222894263
"AGO","Angola",2004,0.313117756809702
"AGO","Angola",2005,0.312012290725142
"AGO","Angola",2006,0.310738427123672
"AGO","Angola",2007,0.299529110024518
"AGO","Angola",2008,0.298423643939958
"AGO","Angola",2009,0.306916836319262
"AGO","Angola",2010,0.305474575200882
"AGO","Angola",2011,0.30672667435306
"AGO","Angola",2012,0.302758450481031
"AGO","Angola",2013,0.301484586879561
"AGO","Angola",2014,0.312840537046333
"AGO","Angola",2015,0.334079294439882
"AGO","Angola",2016,0.330249422807035
"AGO","Angola",2017,0.320063716787693
"AGO","Angola",2018,0.307688843048522
"AGO","Angola",2019,0.307183650497792
"AGO","Angola",2020,0.304826085261054
"AGO","Angola",2021,0.302805315058135
"AGO","Angola",2022,0.302300122507405
"ATG","Antigua and Barbuda",1995,0.560679944073966
"ATG","Antigua and Barbuda",1996,0.560248800590044
"ATG","Antigua and Barbuda",1997,0.559826232953178
"ATG","Antigua and Barbuda",1998,0.559413975604347
"ATG","Antigua and Barbuda",1999,0.559013936428625
"ATG","Antigua and Barbuda",2000,0.558012019253449
"ATG","Antigua and Barbuda",2001,0.556804533282764
"ATG","Antigua and Barbuda",2002,0.549787332978689
"ATG","Antigua and Barbuda",2003,0.553884368790665
"ATG","Antigua and Barbuda",2004,0.552676882819982
"ATG","Antigua and Barbuda",2005,0.565867384545092
"ATG","Antigua and Barbuda",2006,0.544957389095951
"ATG","Antigua and Barbuda",2007,0.543749903125265
"ATG","Antigua and Barbuda",2008,0.542542417154582
"ATG","Antigua and Barbuda",2009,0.545123875314369
"ATG","Antigua and Barbuda",2010,0.543411196792956
"ATG","Antigua and Barbuda",2011,0.552560158112229
"ATG","Antigua and Barbuda",2012,0.537712473271844
"ATG","Antigua and Barbuda",2013,0.536504987301158
"ATG","Antigua and Barbuda",2014,0.535297501330475
"ATG","Antigua and Barbuda",2015,0.53409001535979
"ATG","Antigua and Barbuda",2016,0.53409001535979
"ATG","Antigua and Barbuda",2017,0.53409001535979
"ATG","Antigua and Barbuda",2018,0.53409001535979
"ATG","Antigua and Barbuda",2019,0.53409001535979
"ATG","Antigua and Barbuda",2020,0.53409001535979
"ATG","Antigua and Barbuda",2021,0.53409001535979
"ATG","Antigua and Barbuda",2022,0.53409001535979
"ARG","Argentina",1995,0.270269865883806
"ARG","Argentina",1996,0.269713354436474
"ARG","Argentina",1997,0.269162573068224
"ARG","Argentina",1998,0.26861866522533
"ARG","Argentina",1999,0.268082902831176
"ARG","Argentina",2000,0.267128351311945
"ARG","Argentina",2001,0.267560969965141
"ARG","Argentina",2002,0.266646408483058
"ARG","Argentina",2003,0.266405437068614
"ARG","Argentina",2004,0.266164465654171
"ARG","Argentina",2005,0.265923494239727
"ARG","Argentina",2006,0.265514125308373
"ARG","Argentina",2007,0.26527315389393
"ARG","Argentina",2008,0.264863784962576
"ARG","Argentina",2009,0.264454416031223
"ARG","Argentina",2010,0.2628662644815
"ARG","Argentina",2011,0.274794877894579
"ARG","Argentina",2012,0.276185562561479
"ARG","Argentina",2013,0.285827303960428
"ARG","Argentina",2014,0.284880046892058
"ARG","Argentina",2015,0.284602018616955
"ARG","Argentina",2016,0.281649884323781
"ARG","Argentina",2017,0.283541208903523
"ARG","Argentina",2018,0.15079811207693
"ARG","Argentina",2019,0.14050885185099
"ARG","Argentina",2020,0.13838493644075
"ARG","Argentina",2021,0.146127823769257
"ARG","Argentina",2022,0.139630814568147
"ARM","Armenia",1995,0.292109602405282
"ARM","Armenia",1996,0.236728741046133
"ARM","Armenia",1997,0.262185013402596
"ARM","Armenia",1998,0.262504022437941
"ARM","Armenia",1999,0.249829437947682
"ARM","Armenia",2000,0.261597220923199
"ARM","Armenia",2001,0.26212117848848
"ARM","Armenia",2002,0.247003262795262
"ARM","Armenia",2003,0.250549891596661
"ARM","Armenia",2004,0.250184434771039
"ARM","Armenia",2005,0.251869397063269
"ARM","Armenia",2006,0.254861144449942
"ARM","Armenia",2007,0.264227081243845
"ARM","Armenia",2008,0.268888786301966
"ARM","Armenia",2009,0.256920035452327
"ARM","Armenia",2010,0.256676637361997
"ARM","Armenia",2011,0.256038409864515
"ARM","Armenia",2012,0.26668333989896
"ARM","Armenia",2013,0.265568824624455
"ARM","Armenia",2014,0.260917290533872
"ARM","Armenia",2015,0.252319483011165
"ARM","Armenia",2016,0.254005694784637
"ARM","Armenia",2017,0.255646507241747
"ARM","Armenia",2018,0.31435466918731
"ARM","Armenia",2019,0.317305367783994
"ARM","Armenia",2020,0.327725865799309
"ARM","Armenia",2021,0.29256612281578
"ARM","Armenia",2022,0.27756612281578
"AUS","Australia",1995,0.250530642036392
"AUS","Australia",1996,0.250530642036392
"AUS","Australia",1997,0.250530642036392
"AUS","Australia",1998,0.250530642036392
"AUS","Australia",1999,0.250530642036392
"AUS","Australia",2000,0.250530642036392
"AUS","Australia",2001,0.25052788621124
"AUS","Australia",2002,0.250525130386088
"AUS","Australia",2003,0.250522374560936
"AUS","Australia",2004,0.250519618735784
"AUS","Australia",2005,0.250516862910632
"AUS","Australia",2006,0.25051410708548
"AUS","Australia",2007,0.250511351260329
"AUS","Australia",2008,0.250508595435177
"AUS","Australia",2009,0.250505839610025
"AUS","Australia",2010,0.250503083784873
"AUS","Australia",2011,0.250500327959721
"AUS","Australia",2012,0.250497572134569
"AUS","Australia",2013,0.250494816309417
"AUS","Australia",2014,0.250492060484265
"AUS","Australia",2015,0.250489304659113
"AUS","Australia",2016,0.250489304659113
"AUS","Australia",2017,0.250489304659113
"AUS","Australia",2018,0.17965597132578
"AUS","Australia",2019,0.16715597132578
"AUS","Australia",2020,0.16715597132578
"AUS","Australia",2021,0.16715597132578
"AUS","Australia",2022,0.183822637992447
"AUT","Austria",1995,0.361342208815601
"AUT","Austria",1996,0.36767656750442
"AUT","Austria",1997,0.36353156744263
"AUT","Austria",1998,0.369295499052082
"AUT","Austria",1999,0.359231791997714
"AUT","Austria",2000,0.359765792479968
"AUT","Austria",2001,0.358510270213031
"AUT","Austria",2002,0.364327094651275
"AUT","Austria",2003,0.370110643492964
"AUT","Austria",2004,0.371437020389087
"AUT","Austria",2005,0.372756886133025
"AUT","Austria",2006,0.373551231926786
"AUT","Austria",2007,0.366310071396782
"AUT","Austria",2008,0.366919218264068
"AUT","Austria",2009,0.359385887867931
"AUT","Austria",2010,0.354596114912857
"AUT","Austria",2011,0.369750570125402
"AUT","Austria",2012,0.357006137506087
"AUT","Austria",2013,0.351732138713274
"AUT","Austria",2014,0.360942758678421
"AUT","Austria",2015,0.350259915652621
"AUT","Austria",2016,0.354192622238564
"AUT","Austria",2017,0.3578577525784
"AUT","Austria",2018,0.35901662496283
"AUT","Austria",2019,0.374917488941038
"AUT","Austria",2020,0.345501201274631
"AUT","Austria",2021,0.332556209207452
"AUT","Austria",2022,0.379820317542267
"AZE","Azerbaijan",1995,0.30508261638844
"AZE","Azerbaijan",1996,0.30508261638844
"AZE","Azerbaijan",1997,0.30508261638844
"AZE","Azerbaijan",1998,0.30508261638844
"AZE","Azerbaijan",1999,0.30508261638844
"AZE","Azerbaijan",2000,0.301243153002895
"AZE","Azerbaijan",2001,0.30184938406377
"AZE","Azerbaijan",2002,0.299020305779684
"AZE","Azerbaijan",2003,0.301445230023187
"AZE","Azerbaijan",2004,0.301041075982603
"AZE","Azerbaijan",2005,0.300838998962311
"AZE","Azerbaijan",2006,0.300030690881143
"AZE","Azerbaijan",2007,0.300030690881143
"AZE","Azerbaijan",2008,0.29962653684056
"AZE","Azerbaijan",2009,0.299222382799976
"AZE","Azerbaijan",2010,0.299222382799976
"AZE","Azerbaijan",2011,0.299222382799976
"AZE","Azerbaijan",2012,0.299020305779684
"AZE","Azerbaijan",2013,0.299020305779684
"AZE","Azerbaijan",2014,0.299020305779684
"AZE","Azerbaijan",2015,0.299020305779684
"AZE","Azerbaijan",2016,0.299020305779684
"AZE","Azerbaijan",2017,0.299020305779684
"AZE","Azerbaijan",2018,0.299020305779684
"AZE","Azerbaijan",2019,0.299020305779684
"AZE","Azerbaijan",2020,0.299020305779684
"AZE","Azerbaijan",2021,0.299020305779684
"AZE","Azerbaijan",2022,0.299020305779684
"BHS","Bahamas",1995,NA
"BHS","Bahamas",1996,NA
"BHS","Bahamas",1997,NA
"BHS","Bahamas",1998,NA
"BHS","Bahamas",1999,NA
"BHS","Bahamas",2000,NA
"BHS","Bahamas",2001,NA
"BHS","Bahamas",2002,NA
"BHS","Bahamas",2003,NA
"BHS","Bahamas",2004,NA
"BHS","Bahamas",2005,NA
"BHS","Bahamas",2006,NA
"BHS","Bahamas",2007,NA
"BHS","Bahamas",2008,NA
"BHS","Bahamas",2009,NA
"BHS","Bahamas",2010,NA
"BHS","Bahamas",2011,NA
"BHS","Bahamas",2012,NA
"BHS","Bahamas",2013,NA
"BHS","Bahamas",2014,NA
"BHS","Bahamas",2015,NA
"BHS","Bahamas",2016,NA
"BHS","Bahamas",2017,NA
"BHS","Bahamas",2018,NA
"BHS","Bahamas",2019,NA
"BHS","Bahamas",2020,NA
"BHS","Bahamas",2021,NA
"BHS","Bahamas",2022,NA
"BHR","Bahrain",1995,0.464454922748248
"BHR","Bahrain",1996,0.464454922748248
"BHR","Bahrain",1997,0.464454922748248
"BHR","Bahrain",1998,0.464454922748248
"BHR","Bahrain",1999,0.464454922748248
"BHR","Bahrain",2000,0.464454922748248
"BHR","Bahrain",2001,0.464454922748248
"BHR","Bahrain",2002,0.464454922748248
"BHR","Bahrain",2003,0.464454922748248
"BHR","Bahrain",2004,0.464454922748248
"BHR","Bahrain",2005,0.464454922748248
"BHR","Bahrain",2006,0.464454922748248
"BHR","Bahrain",2007,0.464454922748248
"BHR","Bahrain",2008,0.464454922748248
"BHR","Bahrain",2009,0.464454922748248
"BHR","Bahrain",2010,0.464454922748248
"BHR","Bahrain",2011,0.464454922748248
"BHR","Bahrain",2012,0.464454922748248
"BHR","Bahrain",2013,0.464454922748248
"BHR","Bahrain",2014,0.464454922748248
"BHR","Bahrain",2015,0.464454922748248
"BHR","Bahrain",2016,0.464454922748248
"BHR","Bahrain",2017,0.464454922748248
"BHR","Bahrain",2018,0.464454922748248
"BHR","Bahrain",2019,0.464454922748248
"BHR","Bahrain",2020,0.464454922748248
"BHR","Bahrain",2021,0.464454922748248
"BHR","Bahrain",2022,0.464454922748248
"BGD","Bangladesh",1995,0.448808087825642
"BGD","Bangladesh",1996,0.443614750837092
"BGD","Bangladesh",1997,0.445853798704668
"BGD","Bangladesh",1998,0.435179543605165
"BGD","Bangladesh",1999,0.431021363834204
"BGD","Bangladesh",2000,0.423035252695685
"BGD","Bangladesh",2001,0.423042556189198
"BGD","Bangladesh",2002,0.415302150602229
"BGD","Bangladesh",2003,0.410430503889303
"BGD","Bangladesh",2004,0.406005520020918
"BGD","Bangladesh",2005,0.399443346123394
"BGD","Bangladesh",2006,0.385140427827973
"BGD","Bangladesh",2007,0.390713724653362
"BGD","Bangladesh",2008,0.376323960097607
"BGD","Bangladesh",2009,0.369657443028143
"BGD","Bangladesh",2010,0.371517282175964
"BGD","Bangladesh",2011,0.368604621620942
"BGD","Bangladesh",2012,0.359461482227502
"BGD","Bangladesh",2013,0.364839912889469
"BGD","Bangladesh",2014,0.365403821384999
"BGD","Bangladesh",2015,0.346459091552947
"BGD","Bangladesh",2016,0.34537382882184
"BGD","Bangladesh",2017,0.324530619753107
"BGD","Bangladesh",2018,0.326721607031891
"BGD","Bangladesh",2019,0.323971192026505
"BGD","Bangladesh",2020,0.320839570571774
"BGD","Bangladesh",2021,0.482468387443514
"BGD","Bangladesh",2022,0.481794797375875
"BRB","Barbados",1995,0.165599499420464
"BRB","Barbados",1996,0.165599499420464
"BRB","Barbados",1997,0.165599499420464
"BRB","Barbados",1998,0.165599499420464
"BRB","Barbados",1999,0.165599499420464
"BRB","Barbados",2000,0.165599499420464
"BRB","Barbados",2001,0.165671025941508
"BRB","Barbados",2002,0.165742552462553
"BRB","Barbados",2003,0.165814078983597
"BRB","Barbados",2004,0.166138201780006
"BRB","Barbados",2005,0.16620972830105
"BRB","Barbados",2006,0.16602865854673
"BRB","Barbados",2007,0.166100185067774
"BRB","Barbados",2008,0.166171711588818
"BRB","Barbados",2009,0.166243238109862
"BRB","Barbados",2010,0.166314764630907
"BRB","Barbados",2011,0.166386291151951
"BRB","Barbados",2012,0.166457817672995
"BRB","Barbados",2013,0.16652934419404
"BRB","Barbados",2014,0.166600870715084
"BRB","Barbados",2015,0.166672397236128
"BRB","Barbados",2016,0.166672397236128
"BRB","Barbados",2017,0.166672397236128
"BRB","Barbados",2018,0.166672397236128
"BRB","Barbados",2019,0.160422397236128
"BRB","Barbados",2020,0.160422397236128
"BRB","Barbados",2021,0.160422397236128
"BRB","Barbados",2022,0.160422397236128
"BLR","Belarus",1995,0.426722360566175
"BLR","Belarus",1996,0.419190074380646
"BLR","Belarus",1997,0.429122875678178
"BLR","Belarus",1998,0.424819618827688
"BLR","Belarus",1999,0.421006770816159
"BLR","Belarus",2000,0.445638375784784
"BLR","Belarus",2001,0.443489266047437
"BLR","Belarus",2002,0.441315374929249
"BLR","Belarus",2003,0.44209565224855
"BLR","Belarus",2004,0.443801707707338
"BLR","Belarus",2005,0.440395232317321
"BLR","Belarus",2006,0.440839692459992
"BLR","Belarus",2007,0.436811484130618
"BLR","Belarus",2008,0.441669575799929
"BLR","Belarus",2009,0.432023671422865
"BLR","Belarus",2010,0.433702352568736
"BLR","Belarus",2011,0.430822814637407
"BLR","Belarus",2012,0.435811263874716
"BLR","Belarus",2013,0.433559300986509
"BLR","Belarus",2014,0.43442780958169
"BLR","Belarus",2015,0.427600470906597
"BLR","Belarus",2016,0.363095850718697
"BLR","Belarus",2017,0.364841618888046
"BLR","Belarus",2018,0.350897444528679
"BLR","Belarus",2019,0.297937602615813
"BLR","Belarus",2020,0.295108954537192
"BLR","Belarus",2021,0.284006543975691
"BLR","Belarus",2022,0.259006543975691
"BEL","Belgium",1995,0.537613752560543
"BEL","Belgium",1996,0.53800694425151
"BEL","Belgium",1997,0.535615183198915
"BEL","Belgium",1998,0.541090672964852
"BEL","Belgium",1999,0.532585463692956
"BEL","Belgium",2000,0.536168771056318
"BEL","Belgium",2001,0.540458739327265
"BEL","Belgium",2002,0.538540512126401
"BEL","Belgium",2003,0.543368121069626
"BEL","Belgium",2004,0.543970119578243
"BEL","Belgium",2005,0.54419959150243
"BEL","Belgium",2006,0.545242769033495
"BEL","Belgium",2007,0.54309240551053
"BEL","Belgium",2008,0.551160843992893
"BEL","Belgium",2009,0.53563583817348
"BEL","Belgium",2010,0.54006319150389
"BEL","Belgium",2011,0.535801066215039
"BEL","Belgium",2012,0.53515501479424
"BEL","Belgium",2013,0.536893085378602
"BEL","Belgium",2014,0.54091943559296
"BEL","Belgium",2015,0.550260622643774
"BEL","Belgium",2016,0.535213869833719
"BEL","Belgium",2017,0.536409192665315
"BEL","Belgium",2018,0.557641709818272
"BEL","Belgium",2019,0.543038255509933
"BEL","Belgium",2020,0.539859776900554
"BEL","Belgium",2021,0.527217253018462
"BEL","Belgium",2022,0.536580595671237
"BLZ","Belize",1995,NA
"BLZ","Belize",1996,NA
"BLZ","Belize",1997,NA
"BLZ","Belize",1998,NA
"BLZ","Belize",1999,NA
"BLZ","Belize",2000,NA
"BLZ","Belize",2001,NA
"BLZ","Belize",2002,NA
"BLZ","Belize",2003,NA
"BLZ","Belize",2004,NA
"BLZ","Belize",2005,NA
"BLZ","Belize",2006,NA
"BLZ","Belize",2007,NA
"BLZ","Belize",2008,NA
"BLZ","Belize",2009,NA
"BLZ","Belize",2010,NA
"BLZ","Belize",2011,NA
"BLZ","Belize",2012,NA
"BLZ","Belize",2013,NA
"BLZ","Belize",2014,NA
"BLZ","Belize",2015,NA
"BLZ","Belize",2016,NA
"BLZ","Belize",2017,NA
"BLZ","Belize",2018,NA
"BLZ","Belize",2019,NA
"BLZ","Belize",2020,NA
"BLZ","Belize",2021,NA
"BLZ","Belize",2022,NA
"BEN","Benin",1995,0.46193439477479
"BEN","Benin",1996,0.479514869463891
"BEN","Benin",1997,0.480560758154973
"BEN","Benin",1998,0.4800572147169
"BEN","Benin",1999,0.488944934063453
"BEN","Benin",2000,0.495386534744704
"BEN","Benin",2001,0.49720057385218
"BEN","Benin",2002,0.49767290739194
"BEN","Benin",2003,0.499876392480928
"BEN","Benin",2004,0.498920408550841
"BEN","Benin",2005,0.49819599740443
"BEN","Benin",2006,0.504293997503921
"BEN","Benin",2007,0.508141835271113
"BEN","Benin",2008,0.502577110713015
"BEN","Benin",2009,0.504521149660672
"BEN","Benin",2010,0.508791185981215
"BEN","Benin",2011,0.500992520422745
"BEN","Benin",2012,0.490947067943552
"BEN","Benin",2013,0.489571604648972
"BEN","Benin",2014,0.49368117692607
"BEN","Benin",2015,0.505856074378864
"BEN","Benin",2016,0.496113486802387
"BEN","Benin",2017,0.489870081250406
"BEN","Benin",2018,0.487277953461978
"BEN","Benin",2019,0.478722053173659
"BEN","Benin",2020,0.465524527513303
"BEN","Benin",2021,0.455340852308692
"BEN","Benin",2022,0.430923212356757
"BTN","Bhutan",1995,NA
"BTN","Bhutan",1996,NA
"BTN","Bhutan",1997,NA
"BTN","Bhutan",1998,NA
"BTN","Bhutan",1999,NA
"BTN","Bhutan",2000,NA
"BTN","Bhutan",2001,NA
"BTN","Bhutan",2002,NA
"BTN","Bhutan",2003,NA
"BTN","Bhutan",2004,NA
"BTN","Bhutan",2005,NA
"BTN","Bhutan",2006,NA
"BTN","Bhutan",2007,NA
"BTN","Bhutan",2008,NA
"BTN","Bhutan",2009,NA
"BTN","Bhutan",2010,NA
"BTN","Bhutan",2011,NA
"BTN","Bhutan",2012,NA
"BTN","Bhutan",2013,NA
"BTN","Bhutan",2014,NA
"BTN","Bhutan",2015,NA
"BTN","Bhutan",2016,NA
"BTN","Bhutan",2017,NA
"BTN","Bhutan",2018,NA
"BTN","Bhutan",2019,NA
"BTN","Bhutan",2020,NA
"BTN","Bhutan",2021,NA
"BTN","Bhutan",2022,NA
"BOL","Bolivia, Plurinational State of",1995,0.319305063177892
"BOL","Bolivia, Plurinational State of",1996,0.305344632543322
"BOL","Bolivia, Plurinational State of",1997,0.312759988236076
"BOL","Bolivia, Plurinational State of",1998,0.304940478502738
"BOL","Bolivia, Plurinational State of",1999,0.305486312783789
"BOL","Bolivia, Plurinational State of",2000,0.307365402746241
"BOL","Bolivia, Plurinational State of",2001,0.308779941888284
"BOL","Bolivia, Plurinational State of",2002,0.319490023963753
"BOL","Bolivia, Plurinational State of",2003,0.302717631279527
"BOL","Bolivia, Plurinational State of",2004,0.29544285854902
"BOL","Bolivia, Plurinational State of",2005,0.310800712091202
"BOL","Bolivia, Plurinational State of",2006,0.294836627488144
"BOL","Bolivia, Plurinational State of",2007,0.286753546676469
"BOL","Bolivia, Plurinational State of",2008,0.277660080763335
"BOL","Bolivia, Plurinational State of",2009,0.273416463337205
"BOL","Bolivia, Plurinational State of",2010,0.270991539093703
"BOL","Bolivia, Plurinational State of",2011,0.270385308032827
"BOL","Bolivia, Plurinational State of",2012,0.266141690606698
"BOL","Bolivia, Plurinational State of",2013,0.267960383789325
"BOL","Bolivia, Plurinational State of",2014,0.266949998687865
"BOL","Bolivia, Plurinational State of",2015,0.263918843383487
"BOL","Bolivia, Plurinational State of",2016,0.218312612322611
"BOL","Bolivia, Plurinational State of",2017,0.183312612322611
"BOL","Bolivia, Plurinational State of",2018,0.181291842119693
"BOL","Bolivia, Plurinational State of",2019,0.17664407065298
"BOL","Bolivia, Plurinational State of",2020,0.17240045322685
"BOL","Bolivia, Plurinational State of",2021,0.229571374942764
"BOL","Bolivia, Plurinational State of",2022,0.226944373678969
"BIH","Bosnia and Herzegovina",1995,0.216015591448566
"BIH","Bosnia and Herzegovina",1996,0.197620123635692
"BIH","Bosnia and Herzegovina",1997,0.163956002887523
"BIH","Bosnia and Herzegovina",1998,0.168865909002739
"BIH","Bosnia and Herzegovina",1999,0.164969786004786
"BIH","Bosnia and Herzegovina",2000,0.180326086204143
"BIH","Bosnia and Herzegovina",2001,0.17665823652184
"BIH","Bosnia and Herzegovina",2002,0.172687744510735
"BIH","Bosnia and Herzegovina",2003,0.164390331337161
"BIH","Bosnia and Herzegovina",2004,0.173177361334238
"BIH","Bosnia and Herzegovina",2005,0.177018675555509
"BIH","Bosnia and Herzegovina",2006,0.174189987997027
"BIH","Bosnia and Herzegovina",2007,0.182162528495081
"BIH","Bosnia and Herzegovina",2008,0.179748856481298
"BIH","Bosnia and Herzegovina",2009,0.182628885924993
"BIH","Bosnia and Herzegovina",2010,0.183663911148395
"BIH","Bosnia and Herzegovina",2011,0.188857438836133
"BIH","Bosnia and Herzegovina",2012,0.187456241932618
"BIH","Bosnia and Herzegovina",2013,0.180715769301658
"BIH","Bosnia and Herzegovina",2014,0.17688824505859
"BIH","Bosnia and Herzegovina",2015,0.188284519169702
"BIH","Bosnia and Herzegovina",2016,0.183380533561134
"BIH","Bosnia and Herzegovina",2017,0.188412768597228
"BIH","Bosnia and Herzegovina",2018,0.168822451479385
"BIH","Bosnia and Herzegovina",2019,0.175049077009706
"BIH","Bosnia and Herzegovina",2020,0.171047010734835
"BIH","Bosnia and Herzegovina",2021,0.174621670001233
"BIH","Bosnia and Herzegovina",2022,0.172546313511211
"BWA","Botswana",1995,0.492854097451264
"BWA","Botswana",1996,0.495917639783093
"BWA","Botswana",1997,0.495303476358512
"BWA","Botswana",1998,0.491687790717904
"BWA","Botswana",1999,0.490210232242317
"BWA","Botswana",2000,0.491621082024121
"BWA","Botswana",2001,0.497492556666341
"BWA","Botswana",2002,0.494775063701944
"BWA","Botswana",2003,0.491206697524394
"BWA","Botswana",2004,0.482496988753645
"BWA","Botswana",2005,0.477280622379442
"BWA","Botswana",2006,0.476135741051047
"BWA","Botswana",2007,0.479202568368767
"BWA","Botswana",2008,0.47907363443777
"BWA","Botswana",2009,0.482508284691056
"BWA","Botswana",2010,0.460238008668659
"BWA","Botswana",2011,0.464541638316132
"BWA","Botswana",2012,0.450510268857686
"BWA","Botswana",2013,0.44393805773026
"BWA","Botswana",2014,0.422111749767045
"BWA","Botswana",2015,0.413654733162759
"BWA","Botswana",2016,0.413144440546639
"BWA","Botswana",2017,0.397285910209142
"BWA","Botswana",2018,0.313341211600317
"BWA","Botswana",2019,0.338853743417164
"BWA","Botswana",2020,0.35491299264828
"BWA","Botswana",2021,0.369412613253465
"BWA","Botswana",2022,0.388716918807043
"BRA","Brazil",1995,0.195262093924522
"BRA","Brazil",1996,0.197164990023983
"BRA","Brazil",1997,0.194259781965128
"BRA","Brazil",1998,0.187328181244271
"BRA","Brazil",1999,0.180258585441001
"BRA","Brazil",2000,0.177308605393544
"BRA","Brazil",2001,0.169055100284547
"BRA","Brazil",2002,0.157020927082032
"BRA","Brazil",2003,0.15045758729798
"BRA","Brazil",2004,0.155663306533498
"BRA","Brazil",2005,0.148629790766418
"BRA","Brazil",2006,0.143178559904738
"BRA","Brazil",2007,0.144981126425233
"BRA","Brazil",2008,0.144747116743302
"BRA","Brazil",2009,0.135358306703798
"BRA","Brazil",2010,0.141835431475217
"BRA","Brazil",2011,0.143034720854622
"BRA","Brazil",2012,0.145603879732538
"BRA","Brazil",2013,0.152792731471433
"BRA","Brazil",2014,0.149673550763881
"BRA","Brazil",2015,0.138635071957214
"BRA","Brazil",2016,0.126771917707327
"BRA","Brazil",2017,0.123535320980015
"BRA","Brazil",2018,0.121238793988961
"BRA","Brazil",2019,0.121036716968669
"BRA","Brazil",2020,0.121238793988961
"BRA","Brazil",2021,0.121642948029545
"BRA","Brazil",2022,0.120632562928085
"BRN","Brunei Darussalam",1995,0.411593872239225
"BRN","Brunei Darussalam",1996,0.411593872239225
"BRN","Brunei Darussalam",1997,0.411593872239225
"BRN","Brunei Darussalam",1998,0.411593872239225
"BRN","Brunei Darussalam",1999,0.411593872239225
"BRN","Brunei Darussalam",2000,0.411593872239225
"BRN","Brunei Darussalam",2001,0.411593872239225
"BRN","Brunei Darussalam",2002,0.411593872239225
"BRN","Brunei Darussalam",2003,0.411593872239225
"BRN","Brunei Darussalam",2004,0.411593872239225
"BRN","Brunei Darussalam",2005,0.411593872239225
"BRN","Brunei Darussalam",2006,0.411593872239225
"BRN","Brunei Darussalam",2007,0.411593872239225
"BRN","Brunei Darussalam",2008,0.411593872239225
"BRN","Brunei Darussalam",2009,0.411593872239225
"BRN","Brunei Darussalam",2010,0.411593872239225
"BRN","Brunei Darussalam",2011,0.411593872239225
"BRN","Brunei Darussalam",2012,0.411593872239225
"BRN","Brunei Darussalam",2013,0.411593872239225
"BRN","Brunei Darussalam",2014,0.411593872239225
"BRN","Brunei Darussalam",2015,0.411593872239225
"BRN","Brunei Darussalam",2016,0.411593872239225
"BRN","Brunei Darussalam",2017,0.411593872239225
"BRN","Brunei Darussalam",2018,0.411593872239225
"BRN","Brunei Darussalam",2019,0.411593872239225
"BRN","Brunei Darussalam",2020,0.411593872239225
"BRN","Brunei Darussalam",2021,0.411593872239225
"BRN","Brunei Darussalam",2022,0.411593872239225
"BGR","Bulgaria",1995,0.293810446195936
"BGR","Bulgaria",1996,0.291581751001363
"BGR","Bulgaria",1997,0.282044558958316
"BGR","Bulgaria",1998,0.28007178238601
"BGR","Bulgaria",1999,0.277039688390861
"BGR","Bulgaria",2000,0.293999393843893
"BGR","Bulgaria",2001,0.292916617691963
"BGR","Bulgaria",2002,0.293392812213755
"BGR","Bulgaria",2003,0.292638535203349
"BGR","Bulgaria",2004,0.294590786629074
"BGR","Bulgaria",2005,0.292190558726144
"BGR","Bulgaria",2006,0.289230007580914
"BGR","Bulgaria",2007,0.297004185508083
"BGR","Bulgaria",2008,0.29776158597552
"BGR","Bulgaria",2009,0.285788800839814
"BGR","Bulgaria",2010,0.275637316295216
"BGR","Bulgaria",2011,0.268676738382569
"BGR","Bulgaria",2012,0.267942346348407
"BGR","Bulgaria",2013,0.269840274715469
"BGR","Bulgaria",2014,0.263346470453763
"BGR","Bulgaria",2015,0.264597898596893
"BGR","Bulgaria",2016,0.267081728587774
"BGR","Bulgaria",2017,0.296450165223784
"BGR","Bulgaria",2018,0.173908929889524
"BGR","Bulgaria",2019,0.176358387141963
"BGR","Bulgaria",2020,0.174787659907239
"BGR","Bulgaria",2021,0.171348344722882
"BGR","Bulgaria",2022,0.312534315247433
"BFA","Burkina Faso",1995,0.45563681298452
"BFA","Burkina Faso",1996,0.457921292377489
"BFA","Burkina Faso",1997,0.459833402469816
"BFA","Burkina Faso",1998,0.46252413590604
"BFA","Burkina Faso",1999,0.479379168430374
"BFA","Burkina Faso",2000,0.471164867440756
"BFA","Burkina Faso",2001,0.469542736916544
"BFA","Burkina Faso",2002,0.468661787254354
"BFA","Burkina Faso",2003,0.466080298292196
"BFA","Burkina Faso",2004,0.459119011918279
"BFA","Burkina Faso",2005,0.458960795746941
"BFA","Burkina Faso",2006,0.453624871192311
"BFA","Burkina Faso",2007,0.466407829690873
"BFA","Burkina Faso",2008,0.467932459559071
"BFA","Burkina Faso",2009,0.461386516701877
"BFA","Burkina Faso",2010,0.449863547326955
"BFA","Burkina Faso",2011,0.447303666186793
"BFA","Burkina Faso",2012,0.453654388625799
"BFA","Burkina Faso",2013,0.449398115734602
"BFA","Burkina Faso",2014,0.442587261136987
"BFA","Burkina Faso",2015,0.454088423527166
"BFA","Burkina Faso",2016,0.453144139761842
"BFA","Burkina Faso",2017,0.402449919737736
"BFA","Burkina Faso",2018,0.39958655056048
"BFA","Burkina Faso",2019,0.392984968600715
"BFA","Burkina Faso",2020,0.398480984580502
"BFA","Burkina Faso",2021,0.397506270499857
"BFA","Burkina Faso",2022,0.396243289123033
"BDI","Burundi",1995,NA
"BDI","Burundi",1996,NA
"BDI","Burundi",1997,NA
"BDI","Burundi",1998,NA
"BDI","Burundi",1999,NA
"BDI","Burundi",2000,NA
"BDI","Burundi",2001,NA
"BDI","Burundi",2002,NA
"BDI","Burundi",2003,NA
"BDI","Burundi",2004,NA
"BDI","Burundi",2005,NA
"BDI","Burundi",2006,NA
"BDI","Burundi",2007,NA
"BDI","Burundi",2008,NA
"BDI","Burundi",2009,NA
"BDI","Burundi",2010,NA
"BDI","Burundi",2011,NA
"BDI","Burundi",2012,NA
"BDI","Burundi",2013,NA
"BDI","Burundi",2014,NA
"BDI","Burundi",2015,NA
"BDI","Burundi",2016,NA
"BDI","Burundi",2017,NA
"BDI","Burundi",2018,NA
"BDI","Burundi",2019,NA
"BDI","Burundi",2020,NA
"BDI","Burundi",2021,NA
"BDI","Burundi",2022,NA
"KHM","Cambodia",1995,0.336480810650309
"KHM","Cambodia",1996,0.336814192810369
"KHM","Cambodia",1997,0.337353334934285
"KHM","Cambodia",1998,0.339109940479756
"KHM","Cambodia",1999,0.360404999704127
"KHM","Cambodia",2000,0.345409282976916
"KHM","Cambodia",2001,0.360971391103605
"KHM","Cambodia",2002,0.353216123964825
"KHM","Cambodia",2003,0.342666438366347
"KHM","Cambodia",2004,0.352793143934109
"KHM","Cambodia",2005,0.343677089213005
"KHM","Cambodia",2006,0.331831831994647
"KHM","Cambodia",2007,0.352004089952185
"KHM","Cambodia",2008,0.338796745554253
"KHM","Cambodia",2009,0.350204645143499
"KHM","Cambodia",2010,0.345058540398249
"KHM","Cambodia",2011,0.333604011326451
"KHM","Cambodia",2012,0.32487111906485
"KHM","Cambodia",2013,0.306523615736669
"KHM","Cambodia",2014,0.300122841480581
"KHM","Cambodia",2015,0.293402998300332
"KHM","Cambodia",2016,0.288147661726702
"KHM","Cambodia",2017,0.249306435146898
"KHM","Cambodia",2018,0.267390800889703
"KHM","Cambodia",2019,0.272247138108536
"KHM","Cambodia",2020,0.267436888356098
"KHM","Cambodia",2021,0.270567510432954
"KHM","Cambodia",2022,0.25076396244435
"CMR","Cameroon",1995,0.35810691013362
"CMR","Cameroon",1996,0.356177832758951
"CMR","Cameroon",1997,0.354254479039508
"CMR","Cameroon",1998,0.350441074152166
"CMR","Cameroon",1999,0.350429664100075
"CMR","Cameroon",2000,0.349935881601436
"CMR","Cameroon",2001,0.341473317096914
"CMR","Cameroon",2002,0.345472168843724
"CMR","Cameroon",2003,0.343913902532507
"CMR","Cameroon",2004,0.340840058569102
"CMR","Cameroon",2005,0.340965767426984
"CMR","Cameroon",2006,0.338228718497398
"CMR","Cameroon",2007,0.339870005007469
"CMR","Cameroon",2008,0.336122570976424
"CMR","Cameroon",2009,0.334564304665208
"CMR","Cameroon",2010,0.333006038353991
"CMR","Cameroon",2011,0.331784567076594
"CMR","Cameroon",2012,0.329552710697738
"CMR","Cameroon",2013,0.327994444386521
"CMR","Cameroon",2014,0.327446563176764
"CMR","Cameroon",2015,0.324709514247178
"CMR","Cameroon",2016,0.322688744044259
"CMR","Cameroon",2017,0.320836371358251
"CMR","Cameroon",2018,0.318647203638422
"CMR","Cameroon",2019,0.316963228469323
"CMR","Cameroon",2020,0.315110855783314
"CMR","Cameroon",2021,0.313258483097305
"CMR","Cameroon",2022,0.303828222150351
"CAN","Canada",1995,0.121309380737754
"CAN","Canada",1996,0.121309380737754
"CAN","Canada",1997,0.121309380737754
"CAN","Canada",1998,0.121309380737754
"CAN","Canada",1999,0.121309380737754
"CAN","Canada",2000,0.121309380737754
"CAN","Canada",2001,0.121281240685223
"CAN","Canada",2002,0.121253100632693
"CAN","Canada",2003,0.121224960580162
"CAN","Canada",2004,0.121196820527631
"CAN","Canada",2005,0.121168680475101
"CAN","Canada",2006,0.12114054042257
"CAN","Canada",2007,0.12111240037004
"CAN","Canada",2008,0.121084260317509
"CAN","Canada",2009,0.121056120264979
"CAN","Canada",2010,0.121027980212448
"CAN","Canada",2011,0.120999840159917
"CAN","Canada",2012,0.120971700107387
"CAN","Canada",2013,0.120943560054856
"CAN","Canada",2014,0.120915420002326
"CAN","Canada",2015,0.120887279949795
"CAN","Canada",2016,0.120887279949795
"CAN","Canada",2017,0.120887279949795
"CAN","Canada",2018,0.120887279949795
"CAN","Canada",2019,0.120887279949795
"CAN","Canada",2020,0.120887279949795
"CAN","Canada",2021,0.120887279949795
"CAN","Canada",2022,0.120887279949795
"CPV","Cape Verde",1995,0.446908177281223
"CPV","Cape Verde",1996,0.446908177281223
"CPV","Cape Verde",1997,0.446908177281223
"CPV","Cape Verde",1998,0.446908177281223
"CPV","Cape Verde",1999,0.446908177281223
"CPV","Cape Verde",2000,0.446908177281223
"CPV","Cape Verde",2001,0.441179981359406
"CPV","Cape Verde",2002,0.444040058799994
"CPV","Cape Verde",2003,0.429723589515773
"CPV","Cape Verde",2004,0.423995393593956
"CPV","Cape Verde",2005,0.418519793947505
"CPV","Cape Verde",2006,0.412539001750323
"CPV","Cape Verde",2007,0.406810805828507
"CPV","Cape Verde",2008,0.400830013631326
"CPV","Cape Verde",2009,0.394849221434144
"CPV","Cape Verde",2010,0.375733422917991
"CPV","Cape Verde",2011,0.371268208372999
"CPV","Cape Verde",2012,0.367560782654101
"CPV","Cape Verde",2013,0.363348164384473
"CPV","Cape Verde",2014,0.359388142390211
"CPV","Cape Verde",2015,0.355175524120583
"CPV","Cape Verde",2016,0.35239696509157
"CPV","Cape Verde",2017,0.349618406062557
"CPV","Cape Verde",2018,0.345576865656719
"CPV","Cape Verde",2019,0.342545710352341
"CPV","Cape Verde",2020,0.33673599601895
"CPV","Cape Verde",2021,0.332189263062382
"CPV","Cape Verde",2022,0.328147722656545
"CAF","Central African Republic",1995,NA
"CAF","Central African Republic",1996,NA
"CAF","Central African Republic",1997,NA
"CAF","Central African Republic",1998,NA
"CAF","Central African Republic",1999,NA
"CAF","Central African Republic",2000,NA
"CAF","Central African Republic",2001,NA
"CAF","Central African Republic",2002,NA
"CAF","Central African Republic",2003,NA
"CAF","Central African Republic",2004,NA
"CAF","Central African Republic",2005,NA
"CAF","Central African Republic",2006,NA
"CAF","Central African Republic",2007,NA
"CAF","Central African Republic",2008,NA
"CAF","Central African Republic",2009,NA
"CAF","Central African Republic",2010,NA
"CAF","Central African Republic",2011,NA
"CAF","Central African Republic",2012,NA
"CAF","Central African Republic",2013,NA
"CAF","Central African Republic",2014,NA
"CAF","Central African Republic",2015,NA
"CAF","Central African Republic",2016,NA
"CAF","Central African Republic",2017,NA
"CAF","Central African Republic",2018,NA
"CAF","Central African Republic",2019,NA
"CAF","Central African Republic",2020,NA
"CAF","Central African Republic",2021,NA
"CAF","Central African Republic",2022,NA
"TCD","Chad",1995,NA
"TCD","Chad",1996,NA
"TCD","Chad",1997,NA
"TCD","Chad",1998,NA
"TCD","Chad",1999,NA
"TCD","Chad",2000,NA
"TCD","Chad",2001,NA
"TCD","Chad",2002,NA
"TCD","Chad",2003,NA
"TCD","Chad",2004,NA
"TCD","Chad",2005,NA
"TCD","Chad",2006,NA
"TCD","Chad",2007,NA
"TCD","Chad",2008,NA
"TCD","Chad",2009,NA
"TCD","Chad",2010,NA
"TCD","Chad",2011,NA
"TCD","Chad",2012,NA
"TCD","Chad",2013,NA
"TCD","Chad",2014,NA
"TCD","Chad",2015,NA
"TCD","Chad",2016,NA
"TCD","Chad",2017,NA
"TCD","Chad",2018,NA
"TCD","Chad",2019,NA
"TCD","Chad",2020,NA
"TCD","Chad",2021,NA
"TCD","Chad",2022,NA
"CHL","Chile",1995,0.277394805700124
"CHL","Chile",1996,0.285868245221257
"CHL","Chile",1997,0.286658920237709
"CHL","Chile",1998,0.294761758520667
"CHL","Chile",1999,0.29772194144882
"CHL","Chile",2000,0.296409394825221
"CHL","Chile",2001,0.291962940712654
"CHL","Chile",2002,0.294025096882956
"CHL","Chile",2003,0.297757392028072
"CHL","Chile",2004,0.304345493036174
"CHL","Chile",2005,0.299244095450288
"CHL","Chile",2006,0.300373055199513
"CHL","Chile",2007,0.308652334850535
"CHL","Chile",2008,0.300032331689904
"CHL","Chile",2009,0.295837790203734
"CHL","Chile",2010,0.29919882088957
"CHL","Chile",2011,0.301782908295705
"CHL","Chile",2012,0.290611203775134
"CHL","Chile",2013,0.288482491917205
"CHL","Chile",2014,0.290764291820815
"CHL","Chile",2015,0.292303784594313
"CHL","Chile",2016,0.293957203771676
"CHL","Chile",2017,0.309264116988943
"CHL","Chile",2018,0.291435037373775
"CHL","Chile",2019,0.227372229777766
"CHL","Chile",2020,0.223192816819064
"CHL","Chile",2021,0.226767802511049
"CHL","Chile",2022,0.229619788062313
"CHN","China",1995,0.134315272169198
"CHN","China",1996,0.134315272169198
"CHN","China",1997,0.135403316243048
"CHN","China",1998,0.134827036013631
"CHN","China",1999,0.136435588609306
"CHN","China",2000,0.138906354820463
"CHN","China",2001,0.134851078578597
"CHN","China",2002,0.136997107453013
"CHN","China",2003,0.13940781685349
"CHN","China",2004,0.144585532167426
"CHN","China",2005,0.144303528608041
"CHN","China",2006,0.146586332494167
"CHN","China",2007,0.148261382303669
"CHN","China",2008,0.149433541227961
"CHN","China",2009,0.155203277619603
"CHN","China",2010,0.157237058906013
"CHN","China",2011,0.159321227920427
"CHN","China",2012,0.162899668401787
"CHN","China",2013,0.164530560611523
"CHN","China",2014,0.165424491351568
"CHN","China",2015,0.164553151071797
"CHN","China",2016,0.168698340462452
"CHN","China",2017,0.170744151324792
"CHN","China",2018,0.172806555683199
"CHN","China",2019,0.173756110715749
"CHN","China",2020,0.174972297794497
"CHN","China",2021,0.172805777008513
"CHN","China",2022,0.172805777008513
"COL","Colombia",1995,0.225790426724154
"COL","Colombia",1996,0.222248857559318
"COL","Colombia",1997,0.221767556611863
"COL","Colombia",1998,0.221293129189765
"COL","Colombia",1999,0.220826860064117
"COL","Colombia",2000,0.219054526047758
"COL","Colombia",2001,0.213605598899347
"COL","Colombia",2002,0.219776100417719
"COL","Colombia",2003,0.219547496293515
"COL","Colombia",2004,0.219318892169311
"COL","Colombia",2005,0.216901120325278
"COL","Colombia",2006,0.218861683920902
"COL","Colombia",2007,0.218464682279788
"COL","Colombia",2008,0.204725693054125
"COL","Colombia",2009,0.197679333248776
"COL","Colombia",2010,0.192442074873356
"COL","Colombia",2011,0.184385329966548
"COL","Colombia",2012,0.175654994992101
"COL","Colombia",2013,0.174416005766437
"COL","Colombia",2014,0.174524196676053
"COL","Colombia",2015,0.165625464184695
"COL","Colombia",2016,0.165288669150875
"COL","Colombia",2017,0.165120271633966
"COL","Colombia",2018,0.165120271633966
"COL","Colombia",2019,0.105271360648443
"COL","Colombia",2020,0.104766168097713
"COL","Colombia",2021,0.104260975546984
"COL","Colombia",2022,0.104260975546984
"COM","Comoros",1995,0.504407913086424
"COM","Comoros",1996,0.504407913086424
"COM","Comoros",1997,0.494651601646314
"COM","Comoros",1998,0.488760765581239
"COM","Comoros",1999,0.482882157325057
"COM","Comoros",2000,0.476874919071656
"COM","Comoros",2001,0.470964225625614
"COM","Comoros",2002,0.463537954527384
"COM","Comoros",2003,0.458890242458167
"COM","Comoros",2004,0.452979549012125
"COM","Comoros",2005,0.446816259290719
"COM","Comoros",2006,0.440905565844677
"COM","Comoros",2007,0.434742276123271
"COM","Comoros",2008,0.428578986401864
"COM","Comoros",2009,0.422415696680458
"COM","Comoros",2010,0.397812878857418
"COM","Comoros",2011,0.398469688570863
"COM","Comoros",2012,0.398116113182848
"COM","Comoros",2013,0.397509941519468
"COM","Comoros",2014,0.391094055522697
"COM","Comoros",2015,0.38493076580129
"COM","Comoros",2016,0.379121051467899
"COM","Comoros",2017,0.373311337134508
"COM","Comoros",2018,0.394584956134449
"COM","Comoros",2019,0.415858575134391
"COM","Comoros",2020,0.437132194134333
"COM","Comoros",2021,0.431322479800941
"COM","Comoros",2022,0.426270554293645
"COG","Congo",1995,0.234474325465923
"COG","Congo",1996,0.234474325465923
"COG","Congo",1997,0.234474325465923
"COG","Congo",1998,0.234474325465923
"COG","Congo",1999,0.234474325465923
"COG","Congo",2000,0.234474325465923
"COG","Congo",2001,0.232577443732884
"COG","Congo",2002,0.230680561999845
"COG","Congo",2003,0.228783680266806
"COG","Congo",2004,0.226886798533767
"COG","Congo",2005,0.22519199382102
"COG","Congo",2006,0.222890958047398
"COG","Congo",2007,0.220994076314359
"COG","Congo",2008,0.218895117561028
"COG","Congo",2009,0.218210697949741
"COG","Congo",2010,0.212272275810864
"COG","Congo",2011,0.210577471098117
"COG","Congo",2012,0.20888266638537
"COG","Congo",2013,0.206985784652331
"COG","Congo",2014,0.205088902919292
"COG","Congo",2015,0.203192021186254
"COG","Congo",2016,0.201171250983335
"COG","Congo",2017,0.199352557800708
"COG","Congo",2018,0.197735941638373
"COG","Congo",2019,0.19632140249633
"COG","Congo",2020,0.194300632293411
"COG","Congo",2021,0.192279862090492
"COG","Congo",2022,0.190461168907865
"COD","Congo, the Democratic Republic o",1995,0.262754757345772
"COD","Congo, the Democratic Republic o",1996,0.262754757345772
"COD","Congo, the Democratic Republic o",1997,0.262754757345772
"COD","Congo, the Democratic Republic o",1998,0.262754757345772
"COD","Congo, the Democratic Republic o",1999,0.262754757345772
"COD","Congo, the Democratic Republic o",2000,0.262754757345772
"COD","Congo, the Democratic Republic o",2001,0.261940698374974
"COD","Congo, the Democratic Republic o",2002,0.260722485363592
"COD","Congo, the Democratic Republic o",2003,0.259504272352211
"COD","Congo, the Democratic Republic o",2004,0.258083982320537
"COD","Congo, the Democratic Republic o",2005,0.264140542039663
"COD","Congo, the Democratic Republic o",2006,0.255647556297774
"COD","Congo, the Democratic Republic o",2007,0.245537954393549
"COD","Congo, the Democratic Republic o",2008,0.252806976234426
"COD","Congo, the Democratic Republic o",2009,0.251386686202753
"COD","Congo, the Democratic Republic o",2010,0.249966396171079
"COD","Congo, the Democratic Republic o",2011,0.248546106139406
"COD","Congo, the Democratic Republic o",2012,0.245105045904813
"COD","Congo, the Democratic Republic o",2013,0.247130429239535
"COD","Congo, the Democratic Republic o",2014,0.254508212343979
"COD","Congo, the Democratic Republic o",2015,0.243129314043169
"COD","Congo, the Democratic Republic o",2016,0.241248329850376
"COD","Congo, the Democratic Republic o",2017,0.239833790708333
"COD","Congo, the Democratic Republic o",2018,0.23841925156629
"COD","Congo, the Democratic Republic o",2019,0.237610943485122
"COD","Congo, the Democratic Republic o",2020,0.235590173282203
"COD","Congo, the Democratic Republic o",2021,0.23417563414016
"COD","Congo, the Democratic Republic o",2022,0.232761094998117
"CRI","Costa Rica",1995,0.350266404672024
"CRI","Costa Rica",1996,0.344981122694696
"CRI","Costa Rica",1997,0.341899910694271
"CRI","Costa Rica",1998,0.354530069336447
"CRI","Costa Rica",1999,0.352357687589323
"CRI","Costa Rica",2000,0.33599836186842
"CRI","Costa Rica",2001,0.340193046310377
"CRI","Costa Rica",2002,0.338000793551388
"CRI","Costa Rica",2003,0.33503258793225
"CRI","Costa Rica",2004,0.316797890265316
"CRI","Costa Rica",2005,0.321490195119449
"CRI","Costa Rica",2006,0.320692647255204
"CRI","Costa Rica",2007,0.323502814149898
"CRI","Costa Rica",2008,0.324984031399764
"CRI","Costa Rica",2009,0.315844143668159
"CRI","Costa Rica",2010,0.227103357152081
"CRI","Costa Rica",2011,0.228601506991441
"CRI","Costa Rica",2012,0.221328660287081
"CRI","Costa Rica",2013,0.22240267200773
"CRI","Costa Rica",2014,0.220581707517341
"CRI","Costa Rica",2015,0.214154327032822
"CRI","Costa Rica",2016,0.210165576946863
"CRI","Costa Rica",2017,0.217351422088205
"CRI","Costa Rica",2018,0.213597048912565
"CRI","Costa Rica",2019,0.212925320791461
"CRI","Costa Rica",2020,0.194016276306941
"CRI","Costa Rica",2021,0.204785531863919
"CRI","Costa Rica",2022,0.192414753061458
"CIV","Cote d'Ivoire",1995,0.300999266848488
"CIV","Cote d'Ivoire",1996,0.285320432519172
"CIV","Cote d'Ivoire",1997,0.277211712350896
"CIV","Cote d'Ivoire",1998,0.27575893820888
"CIV","Cote d'Ivoire",1999,0.284134983885055
"CIV","Cote d'Ivoire",2000,0.278171879855418
"CIV","Cote d'Ivoire",2001,0.270085478495474
"CIV","Cote d'Ivoire",2002,0.261911346861954
"CIV","Cote d'Ivoire",2003,0.243177541493212
"CIV","Cote d'Ivoire",2004,0.241313517536427
"CIV","Cote d'Ivoire",2005,0.228133180443297
"CIV","Cote d'Ivoire",2006,0.225460848405344
"CIV","Cote d'Ivoire",2007,0.235317291625488
"CIV","Cote d'Ivoire",2008,0.225168109836736
"CIV","Cote d'Ivoire",2009,0.231185089671334
"CIV","Cote d'Ivoire",2010,0.228916911673965
"CIV","Cote d'Ivoire",2011,0.234125583427395
"CIV","Cote d'Ivoire",2012,0.237339503026711
"CIV","Cote d'Ivoire",2013,0.234648048280357
"CIV","Cote d'Ivoire",2014,0.237096906781156
"CIV","Cote d'Ivoire",2015,0.226618455390292
"CIV","Cote d'Ivoire",2016,0.226967841261562
"CIV","Cote d'Ivoire",2017,0.220169688063181
"CIV","Cote d'Ivoire",2018,0.226691945615397
"CIV","Cote d'Ivoire",2019,0.217280296673659
"CIV","Cote d'Ivoire",2020,0.220353212736385
"CIV","Cote d'Ivoire",2021,0.23275688264476
"CIV","Cote d'Ivoire",2022,0.234171421786803
"HRV","Croatia",1995,0.272851548323289
"HRV","Croatia",1996,0.283817285427396
"HRV","Croatia",1997,0.288581433842718
"HRV","Croatia",1998,0.294169570227661
"HRV","Croatia",1999,0.29997508785937
"HRV","Croatia",2000,0.298660588812814
"HRV","Croatia",2001,0.295229351890724
"HRV","Croatia",2002,0.311082092502224
"HRV","Croatia",2003,0.30356190204488
"HRV","Croatia",2004,0.306410411826507
"HRV","Croatia",2005,0.308165863260765
"HRV","Croatia",2006,0.301528952340452
"HRV","Croatia",2007,0.307038128462051
"HRV","Croatia",2008,0.312866138721821
"HRV","Croatia",2009,0.295178337397554
"HRV","Croatia",2010,0.29672066238845
"HRV","Croatia",2011,0.303054162777583
"HRV","Croatia",2012,0.303529494460074
"HRV","Croatia",2013,0.298929954583688
"HRV","Croatia",2014,0.292517527022952
"HRV","Croatia",2015,0.301851336584268
"HRV","Croatia",2016,0.301209206873244
"HRV","Croatia",2017,0.311108592790894
"HRV","Croatia",2018,0.310839313875363
"HRV","Croatia",2019,0.318185829489079
"HRV","Croatia",2020,0.310935371059911
"HRV","Croatia",2021,0.313455103441966
"HRV","Croatia",2022,0.324452271720661
"CUB","Cuba",1995,0.3861207495936
"CUB","Cuba",1996,0.385249142010918
"CUB","Cuba",1997,0.39055568879601
"CUB","Cuba",1998,0.390100503886656
"CUB","Cuba",1999,0.375791732407194
"CUB","Cuba",2000,0.367069983067007
"CUB","Cuba",2001,0.361438971423349
"CUB","Cuba",2002,0.353608907977925
"CUB","Cuba",2003,0.352706377701913
"CUB","Cuba",2004,0.359321898759072
"CUB","Cuba",2005,0.371714502716206
"CUB","Cuba",2006,0.373737588232808
"CUB","Cuba",2007,0.369463731000363
"CUB","Cuba",2008,0.375777688175279
"CUB","Cuba",2009,0.383976868298547
"CUB","Cuba",2010,0.395541050250412
"CUB","Cuba",2011,0.38703109150062
"CUB","Cuba",2012,0.387920231566763
"CUB","Cuba",2013,0.385135194960215
"CUB","Cuba",2014,0.379344741233961
"CUB","Cuba",2015,0.380058044026931
"CUB","Cuba",2016,0.387376897911535
"CUB","Cuba",2017,0.380201882698456
"CUB","Cuba",2018,0.369850263700687
"CUB","Cuba",2019,0.373024902800033
"CUB","Cuba",2020,0.373396942312733
"CUB","Cuba",2021,0.384888922776165
"CUB","Cuba",2022,0.384888922776165
"CYP","Cyprus",1995,0.375810517079264
"CYP","Cyprus",1996,0.375810517079264
"CYP","Cyprus",1997,0.375810517079264
"CYP","Cyprus",1998,0.375810517079264
"CYP","Cyprus",1999,0.375810517079264
"CYP","Cyprus",2000,0.375810517079264
"CYP","Cyprus",2001,0.375686005562165
"CYP","Cyprus",2002,0.375561494045067
"CYP","Cyprus",2003,0.375436982527969
"CYP","Cyprus",2004,0.37531247101087
"CYP","Cyprus",2005,0.375187959493772
"CYP","Cyprus",2006,0.375063447976673
"CYP","Cyprus",2007,0.374938936459575
"CYP","Cyprus",2008,0.374814424942477
"CYP","Cyprus",2009,0.374689913425378
"CYP","Cyprus",2010,0.37456540190828
"CYP","Cyprus",2011,0.374440890391182
"CYP","Cyprus",2012,0.374316378874083
"CYP","Cyprus",2013,0.374191867356985
"CYP","Cyprus",2014,0.374067355839886
"CYP","Cyprus",2015,0.373942844322788
"CYP","Cyprus",2016,0.373942844322788
"CYP","Cyprus",2017,0.373942844322788
"CYP","Cyprus",2018,0.373942844322788
"CYP","Cyprus",2019,0.373942844322788
"CYP","Cyprus",2020,0.373942844322788
"CYP","Cyprus",2021,0.373942844322788
"CYP","Cyprus",2022,0.373942844322788
"CZE","Czech Republic",1995,0.155047984396868
"CZE","Czech Republic",1996,0.162398606865019
"CZE","Czech Republic",1997,0.162158248563212
"CZE","Czech Republic",1998,0.164174179095443
"CZE","Czech Republic",1999,0.164108919606271
"CZE","Czech Republic",2000,0.159505225982875
"CZE","Czech Republic",2001,0.16421771184861
"CZE","Czech Republic",2002,0.166617369518424
"CZE","Czech Republic",2003,0.164070213683161
"CZE","Czech Republic",2004,0.165060560260691
"CZE","Czech Republic",2005,0.170152970835334
"CZE","Czech Republic",2006,0.169277797343364
"CZE","Czech Republic",2007,0.164205610406736
"CZE","Czech Republic",2008,0.169806692591358
"CZE","Czech Republic",2009,0.167947094405715
"CZE","Czech Republic",2010,0.165055391224775
"CZE","Czech Republic",2011,0.171714836404532
"CZE","Czech Republic",2012,0.164804627263491
"CZE","Czech Republic",2013,0.169366626581585
"CZE","Czech Republic",2014,0.174519273511941
"CZE","Czech Republic",2015,0.178180075768862
"CZE","Czech Republic",2016,0.174701424483697
"CZE","Czech Republic",2017,0.178521438266383
"CZE","Czech Republic",2018,0.178118851212175
"CZE","Czech Republic",2019,0.185976657337255
"CZE","Czech Republic",2020,0.181505901653762
"CZE","Czech Republic",2021,0.184021836375244
"CZE","Czech Republic",2022,0.187955544551399
"DNK","Denmark",1995,0.595512887536174
"DNK","Denmark",1996,0.57349603849629
"DNK","Denmark",1997,0.562051416553883
"DNK","Denmark",1998,0.543330717706218
"DNK","Denmark",1999,0.533046878295301
"DNK","Denmark",2000,0.533046878295301
"DNK","Denmark",2001,0.533018216494303
"DNK","Denmark",2002,0.532989554693305
"DNK","Denmark",2003,0.532960892892308
"DNK","Denmark",2004,0.532932231091309
"DNK","Denmark",2005,0.532903569290312
"DNK","Denmark",2006,0.532874907489313
"DNK","Denmark",2007,0.532846245688316
"DNK","Denmark",2008,0.532817583887317
"DNK","Denmark",2009,0.53278892208632
"DNK","Denmark",2010,0.532760260285322
"DNK","Denmark",2011,0.532731598484324
"DNK","Denmark",2012,0.532702936683326
"DNK","Denmark",2013,0.554898694552025
"DNK","Denmark",2014,0.555078349588624
"DNK","Denmark",2015,0.556646826497245
"DNK","Denmark",2016,0.557570187501899
"DNK","Denmark",2017,0.553399983743891
"DNK","Denmark",2018,0.574544780125426
"DNK","Denmark",2019,0.605538940768276
"DNK","Denmark",2020,0.613118152195189
"DNK","Denmark",2021,0.590739325593266
"DNK","Denmark",2022,0.612902652979137
"DJI","Djibouti",1995,NA
"DJI","Djibouti",1996,NA
"DJI","Djibouti",1997,NA
"DJI","Djibouti",1998,NA
"DJI","Djibouti",1999,NA
"DJI","Djibouti",2000,NA
"DJI","Djibouti",2001,NA
"DJI","Djibouti",2002,NA
"DJI","Djibouti",2003,NA
"DJI","Djibouti",2004,NA
"DJI","Djibouti",2005,NA
"DJI","Djibouti",2006,NA
"DJI","Djibouti",2007,NA
"DJI","Djibouti",2008,NA
"DJI","Djibouti",2009,NA
"DJI","Djibouti",2010,NA
"DJI","Djibouti",2011,NA
"DJI","Djibouti",2012,NA
"DJI","Djibouti",2013,NA
"DJI","Djibouti",2014,NA
"DJI","Djibouti",2015,NA
"DJI","Djibouti",2016,NA
"DJI","Djibouti",2017,NA
"DJI","Djibouti",2018,NA
"DJI","Djibouti",2019,NA
"DJI","Djibouti",2020,NA
"DJI","Djibouti",2021,NA
"DJI","Djibouti",2022,NA
"DMA","Dominica",1995,NA
"DMA","Dominica",1996,NA
"DMA","Dominica",1997,NA
"DMA","Dominica",1998,NA
"DMA","Dominica",1999,NA
"DMA","Dominica",2000,NA
"DMA","Dominica",2001,NA
"DMA","Dominica",2002,NA
"DMA","Dominica",2003,NA
"DMA","Dominica",2004,NA
"DMA","Dominica",2005,NA
"DMA","Dominica",2006,NA
"DMA","Dominica",2007,NA
"DMA","Dominica",2008,NA
"DMA","Dominica",2009,NA
"DMA","Dominica",2010,NA
"DMA","Dominica",2011,NA
"DMA","Dominica",2012,NA
"DMA","Dominica",2013,NA
"DMA","Dominica",2014,NA
"DMA","Dominica",2015,NA
"DMA","Dominica",2016,NA
"DMA","Dominica",2017,NA
"DMA","Dominica",2018,NA
"DMA","Dominica",2019,NA
"DMA","Dominica",2020,NA
"DMA","Dominica",2021,NA
"DMA","Dominica",2022,NA
"DOM","Dominican Republic",1995,0.33835444769005
"DOM","Dominican Republic",1996,0.338131645029335
"DOM","Dominican Republic",1997,0.339711056507604
"DOM","Dominican Republic",1998,0.345346015195537
"DOM","Dominican Republic",1999,0.335355074519333
"DOM","Dominican Republic",2000,0.33891331547752
"DOM","Dominican Republic",2001,0.341863582073566
"DOM","Dominican Republic",2002,0.337662789965158
"DOM","Dominican Republic",2003,0.344134772720305
"DOM","Dominican Republic",2004,0.336902913656036
"DOM","Dominican Republic",2005,0.341946015599087
"DOM","Dominican Republic",2006,0.340985785188965
"DOM","Dominican Republic",2007,0.326365676975893
"DOM","Dominican Republic",2008,0.328343852519058
"DOM","Dominican Republic",2009,0.325948277416403
"DOM","Dominican Republic",2010,0.328561045442832
"DOM","Dominican Republic",2011,0.328535851087071
"DOM","Dominican Republic",2012,0.327860294078058
"DOM","Dominican Republic",2013,0.326600072010705
"DOM","Dominican Republic",2014,0.327607181814739
"DOM","Dominican Republic",2015,0.331131256742758
"DOM","Dominican Republic",2016,0.328661174769197
"DOM","Dominican Republic",2017,0.323670392721297
"DOM","Dominican Republic",2018,0.326652845470231
"DOM","Dominican Republic",2019,0.327511085860696
"DOM","Dominican Republic",2020,0.316658500392793
"DOM","Dominican Republic",2021,0.324127334582816
"DOM","Dominican Republic",2022,0.324127334582816
"ECU","Ecuador",1995,0.319190777777043
"ECU","Ecuador",1996,0.315450316398442
"ECU","Ecuador",1997,0.314813031392393
"ECU","Ecuador",1998,0.314313185799127
"ECU","Ecuador",1999,0.313732564632623
"ECU","Ecuador",2000,0.312674075096483
"ECU","Ecuador",2001,0.312078773907146
"ECU","Ecuador",2002,0.311651870234718
"ECU","Ecuador",2003,0.310214581460831
"ECU","Ecuador",2004,0.310461267856043
"ECU","Ecuador",2005,0.308687184048336
"ECU","Ecuador",2006,0.307755087825179
"ECU","Ecuador",2007,0.306822991602022
"ECU","Ecuador",2008,0.306059292895775
"ECU","Ecuador",2009,0.307147966875536
"ECU","Ecuador",2010,0.30537388306783
"ECU","Ecuador",2011,0.306294159530681
"ECU","Ecuador",2012,0.305698858341344
"ECU","Ecuador",2013,0.304261569567457
"ECU","Ecuador",2014,0.30248748575975
"ECU","Ecuador",2015,0.302734172154962
"ECU","Ecuador",2016,0.302902569671872
"ECU","Ecuador",2017,0.239560582087323
"ECU","Ecuador",2018,0.229985903005206
"ECU","Ecuador",2019,0.218895646270899
"ECU","Ecuador",2020,0.290065774638052
"ECU","Ecuador",2021,0.238213401952044
"ECU","Ecuador",2022,0.238213401952044
"EGY","Egypt",1995,0.350394939199558
"EGY","Egypt",1996,0.349293068117995
"EGY","Egypt",1997,0.348875209167191
"EGY","Egypt",1998,0.348464223741743
"EGY","Egypt",1999,0.348061396612746
"EGY","Egypt",2000,0.34669019382754
"EGY","Egypt",2001,0.347337760503381
"EGY","Egypt",2002,0.347311737111583
"EGY","Egypt",2003,0.345264943516866
"EGY","Egypt",2004,0.347091292811076
"EGY","Egypt",2005,0.34453930666563
"EGY","Egypt",2006,0.32035527085838
"EGY","Egypt",2007,0.325674696751618
"EGY","Egypt",2008,0.327626172306658
"EGY","Egypt",2009,0.329284124083958
"EGY","Egypt",2010,0.32858451062452
"EGY","Egypt",2011,0.328726884749632
"EGY","Egypt",2012,0.328364066324014
"EGY","Egypt",2013,0.32942281707716
"EGY","Egypt",2014,0.34198091689666
"EGY","Egypt",2015,0.350740204289053
"EGY","Egypt",2016,0.385083940763314
"EGY","Egypt",2017,0.339227200412313
"EGY","Egypt",2018,0.319995272280859
"EGY","Egypt",2019,0.307452662815285
"EGY","Egypt",2020,0.306913337245634
"EGY","Egypt",2021,0.315521344499656
"EGY","Egypt",2022,0.298854677832989
"SLV","El Salvador",1995,0.271436519102661
"SLV","El Salvador",1996,0.262205713705415
"SLV","El Salvador",1997,0.264144603880282
"SLV","El Salvador",1998,0.266303661193808
"SLV","El Salvador",1999,0.265495016365935
"SLV","El Salvador",2000,0.27746335649825
"SLV","El Salvador",2001,0.265745441192205
"SLV","El Salvador",2002,0.263573548425121
"SLV","El Salvador",2003,0.267626473674763
"SLV","El Salvador",2004,0.266313914702102
"SLV","El Salvador",2005,0.259990901237015
"SLV","El Salvador",2006,0.25507602524579
"SLV","El Salvador",2007,0.256734221661742
"SLV","El Salvador",2008,0.245534281076373
"SLV","El Salvador",2009,0.24609025286934
"SLV","El Salvador",2010,0.241874532049633
"SLV","El Salvador",2011,0.240476345339444
"SLV","El Salvador",2012,0.237969091105322
"SLV","El Salvador",2013,0.241614617364382
"SLV","El Salvador",2014,0.248170989810185
"SLV","El Salvador",2015,0.252118725844844
"SLV","El Salvador",2016,0.250861221182016
"SLV","El Salvador",2017,0.242385751071245
"SLV","El Salvador",2018,0.246992178066912
"SLV","El Salvador",2019,0.253925344366177
"SLV","El Salvador",2020,0.229614470679506
"SLV","El Salvador",2021,0.244146265405081
"SLV","El Salvador",2022,0.239902647978952
"GNQ","Equatorial Guinea",1995,0.177297115000226
"GNQ","Equatorial Guinea",1996,0.177297115000226
"GNQ","Equatorial Guinea",1997,0.177297115000226
"GNQ","Equatorial Guinea",1998,0.177297115000226
"GNQ","Equatorial Guinea",1999,0.177297115000226
"GNQ","Equatorial Guinea",2000,0.177297115000226
"GNQ","Equatorial Guinea",2001,0.177245866932372
"GNQ","Equatorial Guinea",2002,0.177447215139883
"GNQ","Equatorial Guinea",2003,0.177648563347393
"GNQ","Equatorial Guinea",2004,0.177849911554904
"GNQ","Equatorial Guinea",2005,0.17779866348705
"GNQ","Equatorial Guinea",2006,0.177747415419196
"GNQ","Equatorial Guinea",2007,0.177948763626706
"GNQ","Equatorial Guinea",2008,0.177897515558852
"GNQ","Equatorial Guinea",2009,0.177593671215633
"GNQ","Equatorial Guinea",2010,0.17602684549559
"GNQ","Equatorial Guinea",2011,0.1762281937031
"GNQ","Equatorial Guinea",2012,0.17743992701207
"GNQ","Equatorial Guinea",2013,0.177136082668851
"GNQ","Equatorial Guinea",2014,0.177084834600997
"GNQ","Equatorial Guinea",2015,0.177033586533143
"GNQ","Equatorial Guinea",2016,0.176780990257778
"GNQ","Equatorial Guinea",2017,0.176275797707048
"GNQ","Equatorial Guinea",2018,0.176023201431683
"GNQ","Equatorial Guinea",2019,0.175770605156319
"GNQ","Equatorial Guinea",2020,0.175518008880954
"GNQ","Equatorial Guinea",2021,0.175265412605589
"GNQ","Equatorial Guinea",2022,0.174760220054859
"ERI","Eritrea",1995,0.562127341397616
"ERI","Eritrea",1996,0.562282346314016
"ERI","Eritrea",1997,0.53564734335235
"ERI","Eritrea",1998,0.525237738141162
"ERI","Eritrea",1999,0.523893734011808
"ERI","Eritrea",2000,0.518681222569936
"ERI","Eritrea",2001,0.522886265313782
"ERI","Eritrea",2002,0.50438895068171
"ERI","Eritrea",2003,0.515118213784156
"ERI","Eritrea",2004,0.518596483225037
"ERI","Eritrea",2005,0.510181987148323
"ERI","Eritrea",2006,0.490982096284511
"ERI","Eritrea",2007,0.491735633731406
"ERI","Eritrea",2008,0.471698446239109
"ERI","Eritrea",2009,0.475430881238854
"ERI","Eritrea",2010,0.470242792067537
"ERI","Eritrea",2011,0.464639293244597
"ERI","Eritrea",2012,0.463627163393638
"ERI","Eritrea",2013,0.454793052257478
"ERI","Eritrea",2014,0.452949293827966
"ERI","Eritrea",2015,0.445084012605249
"ERI","Eritrea",2016,0.443506666645124
"ERI","Eritrea",2017,0.442265578900812
"ERI","Eritrea",2018,0.447085107886946
"ERI","Eritrea",2019,0.443622934234658
"ERI","Eritrea",2020,0.437632779992708
"ERI","Eritrea",2021,0.435674718115271
"ERI","Eritrea",2022,0.428349426129691
"EST","Estonia",1995,0.20678188959634
"EST","Estonia",1996,0.202273449166822
"EST","Estonia",1997,0.202369166278187
"EST","Estonia",1998,0.214819135316903
"EST","Estonia",1999,0.211128793751838
"EST","Estonia",2000,0.208684079775253
"EST","Estonia",2001,0.208217697236303
"EST","Estonia",2002,0.205653877926466
"EST","Estonia",2003,0.20118575836739
"EST","Estonia",2004,0.202823366750096
"EST","Estonia",2005,0.197444651192329
"EST","Estonia",2006,0.199619197262427
"EST","Estonia",2007,0.18979987158885
"EST","Estonia",2008,0.195084602633593
"EST","Estonia",2009,0.194360760991356
"EST","Estonia",2010,0.17288563357915
"EST","Estonia",2011,0.166970753352483
"EST","Estonia",2012,0.180597423950208
"EST","Estonia",2013,0.169628030781957
"EST","Estonia",2014,0.159881885366422
"EST","Estonia",2015,0.159179807534795
"EST","Estonia",2016,0.153475409836707
"EST","Estonia",2017,0.147184070641628
"EST","Estonia",2018,0.141082960887192
"EST","Estonia",2019,0.147695025433095
"EST","Estonia",2020,0.158235916283397
"EST","Estonia",2021,0.141918902953376
"EST","Estonia",2022,0.150989900015238
"ETH","Ethiopia",1995,0.436832209183019
"ETH","Ethiopia",1996,0.437207080036028
"ETH","Ethiopia",1997,0.43657468100283
"ETH","Ethiopia",1998,0.437274089967736
"ETH","Ethiopia",1999,0.436771527408583
"ETH","Ethiopia",2000,0.436595356933356
"ETH","Ethiopia",2001,0.442114212936375
"ETH","Ethiopia",2002,0.438745612734037
"ETH","Ethiopia",2003,0.435831290934346
"ETH","Ethiopia",2004,0.43266688623264
"ETH","Ethiopia",2005,0.43598641620337
"ETH","Ethiopia",2006,0.427551655079606
"ETH","Ethiopia",2007,0.425400427812971
"ETH","Ethiopia",2008,0.422621132714657
"ETH","Ethiopia",2009,0.41899018015252
"ETH","Ethiopia",2010,0.415278937141577
"ETH","Ethiopia",2011,0.420938315807792
"ETH","Ethiopia",2012,0.409494070844447
"ETH","Ethiopia",2013,0.377478948968258
"ETH","Ethiopia",2014,0.396616547326542
"ETH","Ethiopia",2015,0.366715101076721
"ETH","Ethiopia",2016,0.313671704949878
"ETH","Ethiopia",2017,0.284783404469981
"ETH","Ethiopia",2018,0.235308913276418
"ETH","Ethiopia",2019,0.180392399016029
"ETH","Ethiopia",2020,0.169181294980478
"ETH","Ethiopia",2021,0.163443585492642
"ETH","Ethiopia",2022,0.161826969330307
"FJI","Fiji",1995,0.651526379317752
"FJI","Fiji",1996,0.651526379317752
"FJI","Fiji",1997,0.639221114145256
"FJI","Fiji",1998,0.635891719787607
"FJI","Fiji",1999,0.632574543603067
"FJI","Fiji",2000,0.626519348056632
"FJI","Fiji",2001,0.624245981578349
"FJI","Fiji",2002,0.619446652346417
"FJI","Fiji",2003,0.618436267244957
"FJI","Fiji",2004,0.616920689592768
"FJI","Fiji",2005,0.61439472683912
"FJI","Fiji",2006,0.611868764085472
"FJI","Fiji",2007,0.595955198737486
"FJI","Fiji",2008,0.602775298172337
"FJI","Fiji",2009,0.604290875824526
"FJI","Fiji",2010,0.587114329099717
"FJI","Fiji",2011,0.586861732824352
"FJI","Fiji",2012,0.586609136548987
"FJI","Fiji",2013,0.588629906751906
"FJI","Fiji",2014,0.585598751447527
"FJI","Fiji",2015,0.585093558896798
"FJI","Fiji",2016,0.584588366346068
"FJI","Fiji",2017,0.578020863186582
"FJI","Fiji",2018,0.580294229664866
"FJI","Fiji",2019,0.340268266911217
"FJI","Fiji",2020,0.331492304157569
"FJI","Fiji",2021,0.344122117925811
"FJI","Fiji",2022,0.344374714201176
"FIN","Finland",1995,0.241932462524033
"FIN","Finland",1996,0.244473788380975
"FIN","Finland",1997,0.246580502264013
"FIN","Finland",1998,0.242174307595448
"FIN","Finland",1999,0.237880510673567
"FIN","Finland",2000,0.246428682374984
"FIN","Finland",2001,0.245828750351286
"FIN","Finland",2002,0.240751701702292
"FIN","Finland",2003,0.252225888006005
"FIN","Finland",2004,0.244583882931958
"FIN","Finland",2005,0.244229925091037
"FIN","Finland",2006,0.243561297191596
"FIN","Finland",2007,0.242211916702755
"FIN","Finland",2008,0.244307365919939
"FIN","Finland",2009,0.243473355478364
"FIN","Finland",2010,0.233271880008907
"FIN","Finland",2011,0.241952473804316
"FIN","Finland",2012,0.23016572983901
"FIN","Finland",2013,0.23448771946235
"FIN","Finland",2014,0.234820954474585
"FIN","Finland",2015,0.231939967700934
"FIN","Finland",2016,0.228860221009868
"FIN","Finland",2017,0.226527352057621
"FIN","Finland",2018,0.229093329677144
"FIN","Finland",2019,0.225178258273971
"FIN","Finland",2020,0.224269389202074
"FIN","Finland",2021,0.215509891224458
"FIN","Finland",2022,0.220556901373065
"FRA","France",1995,0.268713861160527
"FRA","France",1996,0.269643487827306
"FRA","France",1997,0.270721617870855
"FRA","France",1998,0.274642164031833
"FRA","France",1999,0.275326792579922
"FRA","France",2000,0.275336565775405
"FRA","France",2001,0.273605146637322
"FRA","France",2002,0.27419678389544
"FRA","France",2003,0.274037326093328
"FRA","France",2004,0.274589171298906
"FRA","France",2005,0.275957032047379
"FRA","France",2006,0.27581756789101
"FRA","France",2007,0.274103605844923
"FRA","France",2008,0.274642067631126
"FRA","France",2009,0.274872872761103
"FRA","France",2010,0.271402230327478
"FRA","France",2011,0.272146215960045
"FRA","France",2012,0.270698255284478
"FRA","France",2013,0.270353327299999
"FRA","France",2014,0.267243878637832
"FRA","France",2015,0.266773322768929
"FRA","France",2016,0.265236493953971
"FRA","France",2017,0.263610098992532
"FRA","France",2018,0.260414810245789
"FRA","France",2019,0.261810709004339
"FRA","France",2020,0.25527439169975
"FRA","France",2021,0.255026875437246
"FRA","France",2022,0.269228917381025
"GAB","Gabon",1995,0.265287357680323
"GAB","Gabon",1996,0.265287357680323
"GAB","Gabon",1997,0.265287357680323
"GAB","Gabon",1998,0.265287357680323
"GAB","Gabon",1999,0.265287357680323
"GAB","Gabon",2000,0.265287357680323
"GAB","Gabon",2001,0.257179157569648
"GAB","Gabon",2002,0.25513326806773
"GAB","Gabon",2003,0.252885301545519
"GAB","Gabon",2004,0.25063733502331
"GAB","Gabon",2005,0.244954059156137
"GAB","Gabon",2006,0.246343478999181
"GAB","Gabon",2007,0.243893435456678
"GAB","Gabon",2008,0.241645468934468
"GAB","Gabon",2009,0.239397502412258
"GAB","Gabon",2010,0.225226991692827
"GAB","Gabon",2011,0.225606026434411
"GAB","Gabon",2012,0.223560136932492
"GAB","Gabon",2013,0.228586943140789
"GAB","Gabon",2014,0.226338976618579
"GAB","Gabon",2015,0.225101395197828
"GAB","Gabon",2016,0.223484779035493
"GAB","Gabon",2017,0.227122165400747
"GAB","Gabon",2018,0.220453623731115
"GAB","Gabon",2019,0.219039084589072
"GAB","Gabon",2020,0.217422468426737
"GAB","Gabon",2021,0.216007929284694
"GAB","Gabon",2022,0.212572619939732
"GMB","Gambia",1995,0.572222899435318
"GMB","Gambia",1996,0.568007889878675
"GMB","Gambia",1997,0.563801470622763
"GMB","Gambia",1998,0.559605352019102
"GMB","Gambia",1999,0.555421466042225
"GMB","Gambia",2000,0.535903202374514
"GMB","Gambia",2001,0.545482682569337
"GMB","Gambia",2002,0.539906386242268
"GMB","Gambia",2003,0.547717692509537
"GMB","Gambia",2004,0.528501197312767
"GMB","Gambia",2005,0.537828081232224
"GMB","Gambia",2006,0.517096008383266
"GMB","Gambia",2007,0.511267115780833
"GMB","Gambia",2008,0.5054382231784
"GMB","Gambia",2009,0.499609330575967
"GMB","Gambia",2010,0.488981108741602
"GMB","Gambia",2011,0.483657408689898
"GMB","Gambia",2012,0.47808111236283
"GMB","Gambia",2013,0.472504816035761
"GMB","Gambia",2014,0.467181115984058
"GMB","Gambia",2015,0.461352223381625
"GMB","Gambia",2016,0.457058086700423
"GMB","Gambia",2017,0.457563279251152
"GMB","Gambia",2018,0.465956831961194
"GMB","Gambia",2019,0.442660099004626
"GMB","Gambia",2020,0.423657502729262
"GMB","Gambia",2021,0.538618558598789
"GMB","Gambia",2022,0.534324421917586
"GEO","Georgia",1995,0.464372724151479
"GEO","Georgia",1996,0.450792796188099
"GEO","Georgia",1997,0.450699835506045
"GEO","Georgia",1998,0.448360494956427
"GEO","Georgia",1999,0.444344414307134
"GEO","Georgia",2000,0.439599571871001
"GEO","Georgia",2001,0.433498223959523
"GEO","Georgia",2002,0.428430126610405
"GEO","Georgia",2003,0.432054165264935
"GEO","Georgia",2004,0.442299614185594
"GEO","Georgia",2005,0.46561479908189
"GEO","Georgia",2006,0.469037124527468
"GEO","Georgia",2007,0.467334041914567
"GEO","Georgia",2008,0.460915534582248
"GEO","Georgia",2009,0.45740306791482
"GEO","Georgia",2010,0.451425868562648
"GEO","Georgia",2011,0.468934534934859
"GEO","Georgia",2012,0.472541423757016
"GEO","Georgia",2013,0.466958660204756
"GEO","Georgia",2014,0.472667666377672
"GEO","Georgia",2015,0.477757567538395
"GEO","Georgia",2016,0.476531391905712
"GEO","Georgia",2017,0.316212832237705
"GEO","Georgia",2018,0.32125804249259
"GEO","Georgia",2019,0.472571286153791
"GEO","Georgia",2020,0.326586794356714
"GEO","Georgia",2021,0.32245960817227
"GEO","Georgia",2022,0.322229867834069
"DEU","Germany",1995,0.318166487589474
"DEU","Germany",1996,0.321332391247955
"DEU","Germany",1997,0.32257335495477
"DEU","Germany",1998,0.325444242650765
"DEU","Germany",1999,0.322678119151646
"DEU","Germany",2000,0.32314982363893
"DEU","Germany",2001,0.325502624602574
"DEU","Germany",2002,0.324344434590557
"DEU","Germany",2003,0.325146105491814
"DEU","Germany",2004,0.326155780286557
"DEU","Germany",2005,0.325615991385657
"DEU","Germany",2006,0.326139908708194
"DEU","Germany",2007,0.322363477361067
"DEU","Germany",2008,0.326195713270039
"DEU","Germany",2009,0.326932599242974
"DEU","Germany",2010,0.324909595627105
"DEU","Germany",2011,0.328108886801451
"DEU","Germany",2012,0.327204221075755
"DEU","Germany",2013,0.329263582738763
"DEU","Germany",2014,0.328283019018953
"DEU","Germany",2015,0.328967750516282
"DEU","Germany",2016,0.332086119707392
"DEU","Germany",2017,0.332610647496706
"DEU","Germany",2018,0.331911874720133
"DEU","Germany",2019,0.33811532551796
"DEU","Germany",2020,0.33055162081736
"DEU","Germany",2021,0.330764380714707
"DEU","Germany",2022,0.34226573895843
"GHA","Ghana",1995,0.409661100037117
"GHA","Ghana",1996,0.409847753435272
"GHA","Ghana",1997,0.408985164016344
"GHA","Ghana",1998,0.409570714169164
"GHA","Ghana",1999,0.413510524093461
"GHA","Ghana",2000,0.414450021181056
"GHA","Ghana",2001,0.416056869502713
"GHA","Ghana",2002,0.420450440054562
"GHA","Ghana",2003,0.419061507404587
"GHA","Ghana",2004,0.413035189079925
"GHA","Ghana",2005,0.431230112148573
"GHA","Ghana",2006,0.416906897855257
"GHA","Ghana",2007,0.417638484315441
"GHA","Ghana",2008,0.410627772908857
"GHA","Ghana",2009,0.410447756979588
"GHA","Ghana",2010,0.407317714762669
"GHA","Ghana",2011,0.337954033476161
"GHA","Ghana",2012,0.351197676320404
"GHA","Ghana",2013,0.31351288261891
"GHA","Ghana",2014,0.300557842608427
"GHA","Ghana",2015,0.307642107110222
"GHA","Ghana",2016,0.308652248608795
"GHA","Ghana",2017,0.299222231264727
"GHA","Ghana",2018,0.296864666027989
"GHA","Ghana",2019,0.199977676337115
"GHA","Ghana",2020,0.159278123515827
"GHA","Ghana",2021,0.170262545863638
"GHA","Ghana",2022,0.184783316066557
"GRC","Greece",1995,0.376812860101978
"GRC","Greece",1996,0.376652123684531
"GRC","Greece",1997,0.374132471148346
"GRC","Greece",1998,0.380995077161186
"GRC","Greece",1999,0.369996195604242
"GRC","Greece",2000,0.378552450439048
"GRC","Greece",2001,0.375765500679708
"GRC","Greece",2002,0.380274620850581
"GRC","Greece",2003,0.370914747251459
"GRC","Greece",2004,0.382151438811251
"GRC","Greece",2005,0.370788060146503
"GRC","Greece",2006,0.379787925195375
"GRC","Greece",2007,0.37930614585092
"GRC","Greece",2008,0.383322657934162
"GRC","Greece",2009,0.368541159843177
"GRC","Greece",2010,0.372086054348715
"GRC","Greece",2011,0.364308808181061
"GRC","Greece",2012,0.36427100210341
"GRC","Greece",2013,0.356375845587113
"GRC","Greece",2014,0.364083989508921
"GRC","Greece",2015,0.37624542054535
"GRC","Greece",2016,0.380862655998597
"GRC","Greece",2017,0.381801364114969
"GRC","Greece",2018,0.382142462969927
"GRC","Greece",2019,0.393094593620446
"GRC","Greece",2020,0.400422704231789
"GRC","Greece",2021,0.387297106383246
"GRC","Greece",2022,0.403998303981156
"GRD","Grenada",1995,0.272327961856965
"GRD","Grenada",1996,0.272327961856965
"GRD","Grenada",1997,0.272327961856965
"GRD","Grenada",1998,0.272327961856965
"GRD","Grenada",1999,0.271091592200777
"GRD","Grenada",2000,0.269903037613463
"GRD","Grenada",2001,0.269266356749154
"GRD","Grenada",2002,0.268629675884846
"GRD","Grenada",2003,0.267992995020538
"GRD","Grenada",2004,0.26735631415623
"GRD","Grenada",2005,0.266719633291922
"GRD","Grenada",2006,0.265830356152249
"GRD","Grenada",2007,0.26519367528794
"GRD","Grenada",2008,0.26076805029316
"GRD","Grenada",2009,0.263415121008594
"GRD","Grenada",2010,0.262525843868922
"GRD","Grenada",2011,0.264162529482897
"GRD","Grenada",2012,0.260747289589576
"GRD","Grenada",2013,0.259858012449903
"GRD","Grenada",2014,0.25896873531023
"GRD","Grenada",2015,0.258079458170557
"GRD","Grenada",2016,0.257069073069098
"GRD","Grenada",2017,0.256058687967638
"GRD","Grenada",2018,0.255806091692273
"GRD","Grenada",2019,0.254037917764719
"GRD","Grenada",2020,0.25302753266326
"GRD","Grenada",2021,0.252269743837165
"GRD","Grenada",2022,0.251006762460341
"GTM","Guatemala",1995,0.357465211920956
"GTM","Guatemala",1996,0.336126793475024
"GTM","Guatemala",1997,0.327984318501519
"GTM","Guatemala",1998,0.332831159652237
"GTM","Guatemala",1999,0.326792639628725
"GTM","Guatemala",2000,0.326691744863686
"GTM","Guatemala",2001,0.329621691378673
"GTM","Guatemala",2002,0.313628000098869
"GTM","Guatemala",2003,0.313033616040734
"GTM","Guatemala",2004,0.30867180978836
"GTM","Guatemala",2005,0.326191959056674
"GTM","Guatemala",2006,0.321041603704121
"GTM","Guatemala",2007,0.332989825232788
"GTM","Guatemala",2008,0.318625128351375
"GTM","Guatemala",2009,0.318092425312009
"GTM","Guatemala",2010,0.305939532855686
"GTM","Guatemala",2011,0.303117251133209
"GTM","Guatemala",2012,0.294606371705695
"GTM","Guatemala",2013,0.289721476041751
"GTM","Guatemala",2014,0.292324235805031
"GTM","Guatemala",2015,0.288840430620688
"GTM","Guatemala",2016,0.254732042578169
"GTM","Guatemala",2017,0.182091072337357
"GTM","Guatemala",2018,0.164315412594338
"GTM","Guatemala",2019,0.217281087432362
"GTM","Guatemala",2020,0.246159890370974
"GTM","Guatemala",2021,0.240687173675962
"GTM","Guatemala",2022,0.196999736806376
"GIN","Guinea",1995,NA
"GIN","Guinea",1996,NA
"GIN","Guinea",1997,NA
"GIN","Guinea",1998,NA
"GIN","Guinea",1999,NA
"GIN","Guinea",2000,NA
"GIN","Guinea",2001,NA
"GIN","Guinea",2002,NA
"GIN","Guinea",2003,NA
"GIN","Guinea",2004,NA
"GIN","Guinea",2005,NA
"GIN","Guinea",2006,NA
"GIN","Guinea",2007,NA
"GIN","Guinea",2008,NA
"GIN","Guinea",2009,NA
"GIN","Guinea",2010,NA
"GIN","Guinea",2011,NA
"GIN","Guinea",2012,NA
"GIN","Guinea",2013,NA
"GIN","Guinea",2014,NA
"GIN","Guinea",2015,NA
"GIN","Guinea",2016,NA
"GIN","Guinea",2017,NA
"GIN","Guinea",2018,NA
"GIN","Guinea",2019,NA
"GIN","Guinea",2020,NA
"GIN","Guinea",2021,NA
"GIN","Guinea",2022,NA
"GNB","Guinea-Bissau",1995,NA
"GNB","Guinea-Bissau",1996,NA
"GNB","Guinea-Bissau",1997,NA
"GNB","Guinea-Bissau",1998,NA
"GNB","Guinea-Bissau",1999,NA
"GNB","Guinea-Bissau",2000,NA
"GNB","Guinea-Bissau",2001,NA
"GNB","Guinea-Bissau",2002,NA
"GNB","Guinea-Bissau",2003,NA
"GNB","Guinea-Bissau",2004,NA
"GNB","Guinea-Bissau",2005,NA
"GNB","Guinea-Bissau",2006,NA
"GNB","Guinea-Bissau",2007,NA
"GNB","Guinea-Bissau",2008,NA
"GNB","Guinea-Bissau",2009,NA
"GNB","Guinea-Bissau",2010,NA
"GNB","Guinea-Bissau",2011,NA
"GNB","Guinea-Bissau",2012,NA
"GNB","Guinea-Bissau",2013,NA
"GNB","Guinea-Bissau",2014,NA
"GNB","Guinea-Bissau",2015,NA
"GNB","Guinea-Bissau",2016,NA
"GNB","Guinea-Bissau",2017,NA
"GNB","Guinea-Bissau",2018,NA
"GNB","Guinea-Bissau",2019,NA
"GNB","Guinea-Bissau",2020,NA
"GNB","Guinea-Bissau",2021,NA
"GNB","Guinea-Bissau",2022,NA
"GUY","Guyana",1995,0.513245649797312
"GUY","Guyana",1996,0.51105568645196
"GUY","Guyana",1997,0.51470803904999
"GUY","Guyana",1998,0.513192720486209
"GUY","Guyana",1999,0.510984040090735
"GUY","Guyana",2000,0.50950973657705
"GUY","Guyana",2001,0.5042590144169
"GUY","Guyana",2002,0.499661174043333
"GUY","Guyana",2003,0.506726198468669
"GUY","Guyana",2004,0.4951249706173
"GUY","Guyana",2005,0.498258712556935
"GUY","Guyana",2006,0.500653797656389
"GUY","Guyana",2007,0.503449268545414
"GUY","Guyana",2008,0.495049251237189
"GUY","Guyana",2009,0.508290369788877
"GUY","Guyana",2010,0.496369946169301
"GUY","Guyana",2011,0.491125798296208
"GUY","Guyana",2012,0.503497704840418
"GUY","Guyana",2013,0.502567862545296
"GUY","Guyana",2014,0.504766574309712
"GUY","Guyana",2015,0.503379694290715
"GUY","Guyana",2016,0.505521712780316
"GUY","Guyana",2017,0.503858226214859
"GUY","Guyana",2018,0.509928557269477
"GUY","Guyana",2019,0.515412673665158
"GUY","Guyana",2020,0.330845260107928
"GUY","Guyana",2021,0.329632797986176
"GUY","Guyana",2022,0.329430720965885
"HTI","Haiti",1995,0.363761220111881
"HTI","Haiti",1996,0.367903071071343
"HTI","Haiti",1997,0.37230440994551
"HTI","Haiti",1998,0.368453913412972
"HTI","Haiti",1999,0.369878546408836
"HTI","Haiti",2000,0.371484128333934
"HTI","Haiti",2001,0.37103621100295
"HTI","Haiti",2002,0.372002543503594
"HTI","Haiti",2003,0.372134427949067
"HTI","Haiti",2004,0.366602481054188
"HTI","Haiti",2005,0.366134879724336
"HTI","Haiti",2006,0.366951018361703
"HTI","Haiti",2007,0.363457779443652
"HTI","Haiti",2008,0.361981574254439
"HTI","Haiti",2009,0.36206363691351
"HTI","Haiti",2010,0.36358289973411
"HTI","Haiti",2011,0.364154846714123
"HTI","Haiti",2012,0.363241087899229
"HTI","Haiti",2013,0.36574023284878
"HTI","Haiti",2014,0.365418268549426
"HTI","Haiti",2015,0.362510789747189
"HTI","Haiti",2016,0.365868098361901
"HTI","Haiti",2017,0.361685841039954
"HTI","Haiti",2018,0.362139541283001
"HTI","Haiti",2019,0.357337062630934
"HTI","Haiti",2020,0.358645144202869
"HTI","Haiti",2021,0.35849735801996
"HTI","Haiti",2022,0.354961010164852
"HND","Honduras",1995,0.308868964485016
"HND","Honduras",1996,0.316352237165137
"HND","Honduras",1997,0.3050025784469
"HND","Honduras",1998,0.307151981601218
"HND","Honduras",1999,0.319651888368271
"HND","Honduras",2000,0.320853603480968
"HND","Honduras",2001,0.334354591006159
"HND","Honduras",2002,0.341757060877118
"HND","Honduras",2003,0.335975925698034
"HND","Honduras",2004,0.334075931790724
"HND","Honduras",2005,0.32416175535477
"HND","Honduras",2006,0.319450794528988
"HND","Honduras",2007,0.315117644349164
"HND","Honduras",2008,0.30622071083221
"HND","Honduras",2009,0.297228488188142
"HND","Honduras",2010,0.291260426552046
"HND","Honduras",2011,0.2949802862506
"HND","Honduras",2012,0.291905206549977
"HND","Honduras",2013,0.287393604128282
"HND","Honduras",2014,0.282248689691145
"HND","Honduras",2015,0.260636681080916
"HND","Honduras",2016,0.268532356515241
"HND","Honduras",2017,0.305815331258252
"HND","Honduras",2018,0.275100528865396
"HND","Honduras",2019,0.281860310063814
"HND","Honduras",2020,0.271297677405938
"HND","Honduras",2021,0.271479101183937
"HND","Honduras",2022,0.270872870123062
"HUN","Hungary",1995,0.23384716054217
"HUN","Hungary",1996,0.240865178753659
"HUN","Hungary",1997,0.241027340334048
"HUN","Hungary",1998,0.247742397325709
"HUN","Hungary",1999,0.245407960762392
"HUN","Hungary",2000,0.248683316160831
"HUN","Hungary",2001,0.245379951561009
"HUN","Hungary",2002,0.252383224341915
"HUN","Hungary",2003,0.262806138987705
"HUN","Hungary",2004,0.260889296374981
"HUN","Hungary",2005,0.263480628776962
"HUN","Hungary",2006,0.262447467824574
"HUN","Hungary",2007,0.259229436386326
"HUN","Hungary",2008,0.264191843066481
"HUN","Hungary",2009,0.254068401507579
"HUN","Hungary",2010,0.251756172010442
"HUN","Hungary",2011,0.238561554433162
"HUN","Hungary",2012,0.238098991315214
"HUN","Hungary",2013,0.237910876265765
"HUN","Hungary",2014,0.257192588090474
"HUN","Hungary",2015,0.245402754093469
"HUN","Hungary",2016,0.249335891243184
"HUN","Hungary",2017,0.263193201338816
"HUN","Hungary",2018,0.254455943461251
"HUN","Hungary",2019,0.277354477676483
"HUN","Hungary",2020,0.250543002833083
"HUN","Hungary",2021,0.220636772306763
"HUN","Hungary",2022,0.236989266062028
"ISL","Iceland",1995,0.286784646992357
"ISL","Iceland",1996,0.287211435344748
"ISL","Iceland",1997,0.288751966900194
"ISL","Iceland",1998,0.288840556443712
"ISL","Iceland",1999,0.283197410162819
"ISL","Iceland",2000,0.280051434234615
"ISL","Iceland",2001,0.275558501688062
"ISL","Iceland",2002,0.274314549718424
"ISL","Iceland",2003,0.271605181849206
"ISL","Iceland",2004,0.279879958957341
"ISL","Iceland",2005,0.2777241515685
"ISL","Iceland",2006,0.265453696913649
"ISL","Iceland",2007,0.257999101736113
"ISL","Iceland",2008,0.253362497854139
"ISL","Iceland",2009,0.249981137238745
"ISL","Iceland",2010,0.236715697312015
"ISL","Iceland",2011,0.23502894175405
"ISL","Iceland",2012,0.234956254108222
"ISL","Iceland",2013,0.233717335095262
"ISL","Iceland",2014,0.233976663108113
"ISL","Iceland",2015,0.238730739609691
"ISL","Iceland",2016,0.244097376104632
"ISL","Iceland",2017,0.244559200068026
"ISL","Iceland",2018,0.246025548727631
"ISL","Iceland",2019,0.238646543393749
"ISL","Iceland",2020,0.228868349465774
"ISL","Iceland",2021,0.234796674153529
"ISL","Iceland",2022,0.240799581050149
"IND","India",1995,0.344590979085719
"IND","India",1996,0.344530882358445
"IND","India",1997,0.343481986161593
"IND","India",1998,0.343148911617957
"IND","India",1999,0.339858037565114
"IND","India",2000,0.340454980567534
"IND","India",2001,0.337097496441334
"IND","India",2002,0.337549342616033
"IND","India",2003,0.332556505257375
"IND","India",2004,0.335371380836189
"IND","India",2005,0.330745129101971
"IND","India",2006,0.334405952029648
"IND","India",2007,0.328632309175828
"IND","India",2008,0.327344144341099
"IND","India",2009,0.329346861156382
"IND","India",2010,0.32785521726643
"IND","India",2011,0.323392997236134
"IND","India",2012,0.325522959500001
"IND","India",2013,0.322397379212815
"IND","India",2014,0.323001059501606
"IND","India",2015,0.318784866549949
"IND","India",2016,0.278857871251657
"IND","India",2017,0.237918108550555
"IND","India",2018,0.194524662412268
"IND","India",2019,0.183999180866932
"IND","India",2020,0.179769556389221
"IND","India",2021,0.168972719175922
"IND","India",2022,0.169646309243562
"IDN","Indonesia",1995,0.413876599144205
"IDN","Indonesia",1996,0.404564216459088
"IDN","Indonesia",1997,0.391243972871515
"IDN","Indonesia",1998,0.390166228763291
"IDN","Indonesia",1999,0.385467938041506
"IDN","Indonesia",2000,0.381140121856921
"IDN","Indonesia",2001,0.381340888356962
"IDN","Indonesia",2002,0.379352487137175
"IDN","Indonesia",2003,0.379048061086486
"IDN","Indonesia",2004,0.377396454900518
"IDN","Indonesia",2005,0.384669917110775
"IDN","Indonesia",2006,0.375103627630042
"IDN","Indonesia",2007,0.374462406545533
"IDN","Indonesia",2008,0.371968812775016
"IDN","Indonesia",2009,0.370654001622868
"IDN","Indonesia",2010,0.369844383021449
"IDN","Indonesia",2011,0.369034764420031
"IDN","Indonesia",2012,0.367214760717153
"IDN","Indonesia",2013,0.366573539632645
"IDN","Indonesia",2014,0.365932318548136
"IDN","Indonesia",2015,0.365291097463628
"IDN","Indonesia",2016,0.365122699946718
"IDN","Indonesia",2017,0.364280712362168
"IDN","Indonesia",2018,0.363607122294529
"IDN","Indonesia",2019,0.225433532226889
"IDN","Indonesia",2020,0.220299751714844
"IDN","Indonesia",2021,0.199928339676159
"IDN","Indonesia",2022,0.19858115954088
"IRN","Iran, Islamic Republic of",1995,0.120277750275872
"IRN","Iran, Islamic Republic of",1996,0.120277750275872
"IRN","Iran, Islamic Republic of",1997,0.120277750275872
"IRN","Iran, Islamic Republic of",1998,0.120277750275872
"IRN","Iran, Islamic Republic of",1999,0.120277750275872
"IRN","Iran, Islamic Republic of",2000,0.120277750275872
"IRN","Iran, Islamic Republic of",2001,0.119948781394363
"IRN","Iran, Islamic Republic of",2002,0.120023966553437
"IRN","Iran, Islamic Republic of",2003,0.11989707469222
"IRN","Iran, Islamic Republic of",2004,0.119770182831002
"IRN","Iran, Islamic Republic of",2005,0.119643290969785
"IRN","Iran, Islamic Republic of",2006,0.119718476128859
"IRN","Iran, Islamic Republic of",2007,0.119187430227058
"IRN","Iran, Islamic Republic of",2008,0.11906053836584
"IRN","Iran, Islamic Republic of",2009,0.117317030342287
"IRN","Iran, Islamic Republic of",2010,0.117998446562237
"IRN","Iran, Islamic Republic of",2011,0.11787155470102
"IRN","Iran, Islamic Republic of",2012,0.117946739860094
"IRN","Iran, Islamic Republic of",2013,0.117415693958293
"IRN","Iran, Islamic Republic of",2014,0.117086725076783
"IRN","Iran, Islamic Republic of",2015,0.117161910235858
"IRN","Iran, Islamic Republic of",2016,0.117161910235858
"IRN","Iran, Islamic Republic of",2017,0.117363987256149
"IRN","Iran, Islamic Republic of",2018,0.117161910235858
"IRN","Iran, Islamic Republic of",2019,0.117161910235858
"IRN","Iran, Islamic Republic of",2020,0.117161910235858
"IRN","Iran, Islamic Republic of",2021,0.117161910235858
"IRN","Iran, Islamic Republic of",2022,0.117161910235858
"IRQ","Iraq",1995,0.197424118344441
"IRQ","Iraq",1996,0.197424118344441
"IRQ","Iraq",1997,0.197424118344441
"IRQ","Iraq",1998,0.197424118344441
"IRQ","Iraq",1999,0.197424118344441
"IRQ","Iraq",2000,0.197424118344441
"IRQ","Iraq",2001,0.197609957487335
"IRQ","Iraq",2002,0.19762739911332
"IRQ","Iraq",2003,0.197813238256215
"IRQ","Iraq",2004,0.19799907739911
"IRQ","Iraq",2005,0.198184916542004
"IRQ","Iraq",2006,0.198202358167989
"IRQ","Iraq",2007,0.197714607243245
"IRQ","Iraq",2008,0.198405638936869
"IRQ","Iraq",2009,0.198423080562854
"IRQ","Iraq",2010,0.198272124671929
"IRQ","Iraq",2011,0.199299951399373
"IRQ","Iraq",2012,0.197465020339349
"IRQ","Iraq",2013,0.198324449549883
"IRQ","Iraq",2014,0.198341891175868
"IRQ","Iraq",2015,0.198359332801853
"IRQ","Iraq",2016,0.197854140251123
"IRQ","Iraq",2017,0.197517345217303
"IRQ","Iraq",2018,0.197517345217303
"IRQ","Iraq",2019,0.197348947700393
"IRQ","Iraq",2020,0.197348947700393
"IRQ","Iraq",2021,0.197348947700393
"IRQ","Iraq",2022,0.197348947700393
"IRL","Ireland",1995,0.333006098354062
"IRL","Ireland",1996,0.335569052806964
"IRL","Ireland",1997,0.345584779169112
"IRL","Ireland",1998,0.352692296212801
"IRL","Ireland",1999,0.360052059403718
"IRL","Ireland",2000,0.360768203471914
"IRL","Ireland",2001,0.370045056346341
"IRL","Ireland",2002,0.369297511131286
"IRL","Ireland",2003,0.370538134103453
"IRL","Ireland",2004,0.371504728671446
"IRL","Ireland",2005,0.370276933765938
"IRL","Ireland",2006,0.37265713376985
"IRL","Ireland",2007,0.368804753814111
"IRL","Ireland",2008,0.372475760798273
"IRL","Ireland",2009,0.365940223796072
"IRL","Ireland",2010,0.364842432711887
"IRL","Ireland",2011,0.371278318222809
"IRL","Ireland",2012,0.361596618392095
"IRL","Ireland",2013,0.369820176109418
"IRL","Ireland",2014,0.364294247954073
"IRL","Ireland",2015,0.370873199698843
"IRL","Ireland",2016,0.335911898216972
"IRL","Ireland",2017,0.336835221062444
"IRL","Ireland",2018,0.338389342869365
"IRL","Ireland",2019,0.341851769591973
"IRL","Ireland",2020,0.340006048139895
"IRL","Ireland",2021,0.350454576802111
"IRL","Ireland",2022,0.360565212018581
"ISR","Israel",1995,0.332528486893678
"ISR","Israel",1996,0.320309594146204
"ISR","Israel",1997,0.332528486893678
"ISR","Israel",1998,0.332528486893678
"ISR","Israel",1999,0.331922338141953
"ISR","Israel",2000,0.331802265398947
"ISR","Israel",2001,0.33228677008118
"ISR","Israel",2002,0.332045053268681
"ISR","Israel",2003,0.331803336456183
"ISR","Israel",2004,0.328395204816002
"ISR","Israel",2005,0.324588116603479
"ISR","Israel",2006,0.316064418064152
"ISR","Israel",2007,0.318940564611295
"ISR","Israel",2008,0.30114292905625
"ISR","Israel",2009,0.310677292250758
"ISR","Israel",2010,0.306686402205449
"ISR","Israel",2011,0.291774901244487
"ISR","Israel",2012,0.320766486281977
"ISR","Israel",2013,0.298303317426463
"ISR","Israel",2014,0.282293905604995
"ISR","Israel",2015,0.282500182065924
"ISR","Israel",2016,0.266052575410178
"ISR","Israel",2017,0.277147051666004
"ISR","Israel",2018,0.264911317140224
"ISR","Israel",2019,0.270371373877977
"ISR","Israel",2020,0.215583055067281
"ISR","Israel",2021,0.186361308469567
"ISR","Israel",2022,0.178855923229358
"ITA","Italy",1995,0.423195306074426
"ITA","Italy",1996,0.422819151858951
"ITA","Italy",1997,0.420841345050992
"ITA","Italy",1998,0.422976077528268
"ITA","Italy",1999,0.424386221186648
"ITA","Italy",2000,0.430755388242087
"ITA","Italy",2001,0.425054793009987
"ITA","Italy",2002,0.4292136719801
"ITA","Italy",2003,0.42498716171502
"ITA","Italy",2004,0.427389670937393
"ITA","Italy",2005,0.425631607396775
"ITA","Italy",2006,0.430241838885172
"ITA","Italy",2007,0.425601589717767
"ITA","Italy",2008,0.425314570866818
"ITA","Italy",2009,0.421690810243746
"ITA","Italy",2010,0.425312208593617
"ITA","Italy",2011,0.423103358272392
"ITA","Italy",2012,0.419320886712251
"ITA","Italy",2013,0.415103416588711
"ITA","Italy",2014,0.413615965977551
"ITA","Italy",2015,0.415639151242407
"ITA","Italy",2016,0.417134318747752
"ITA","Italy",2017,0.41828926181721
"ITA","Italy",2018,0.41794376358813
"ITA","Italy",2019,0.420039151075864
"ITA","Italy",2020,0.411108405447466
"ITA","Italy",2021,0.410850215717068
"ITA","Italy",2022,0.393292592152582
"JAM","Jamaica",1995,0.487080308476203
"JAM","Jamaica",1996,0.471388654560732
"JAM","Jamaica",1997,0.486613000890646
"JAM","Jamaica",1998,0.483326390163672
"JAM","Jamaica",1999,0.480141447302556
"JAM","Jamaica",2000,0.489794865542571
"JAM","Jamaica",2001,0.482804606215631
"JAM","Jamaica",2002,0.480915863557849
"JAM","Jamaica",2003,0.484985348765135
"JAM","Jamaica",2004,0.482000925564477
"JAM","Jamaica",2005,0.481610606729935
"JAM","Jamaica",2006,0.48000743447079
"JAM","Jamaica",2007,0.478404262211645
"JAM","Jamaica",2008,0.473601537131211
"JAM","Jamaica",2009,0.474861122659534
"JAM","Jamaica",2010,0.47241596281584
"JAM","Jamaica",2011,0.473843945861072
"JAM","Jamaica",2012,0.470051605882099
"JAM","Jamaica",2013,0.468280036106043
"JAM","Jamaica",2014,0.468866031566727
"JAM","Jamaica",2015,0.465747281655392
"JAM","Jamaica",2016,0.462884523867924
"JAM","Jamaica",2017,0.461537343732645
"JAM","Jamaica",2018,0.460190163597366
"JAM","Jamaica",2019,0.446511380978997
"JAM","Jamaica",2020,0.432664200843717
"JAM","Jamaica",2021,0.432159008292988
"JAM","Jamaica",2022,0.398825674959654
"JPN","Japan",1995,0.395599834993044
"JPN","Japan",1996,0.395118391191958
"JPN","Japan",1997,0.393808009808039
"JPN","Japan",1998,0.391372307716228
"JPN","Japan",1999,0.39268871425222
"JPN","Japan",2000,0.395528555968768
"JPN","Japan",2001,0.392744137840334
"JPN","Japan",2002,0.39563035967607
"JPN","Japan",2003,0.39968692745549
"JPN","Japan",2004,0.396753002629406
"JPN","Japan",2005,0.396144098560939
"JPN","Japan",2006,0.394217052373049
"JPN","Japan",2007,0.397369900993348
"JPN","Japan",2008,0.3971351467591
"JPN","Japan",2009,0.391009802994771
"JPN","Japan",2010,0.392798229904725
"JPN","Japan",2011,0.407835097497636
"JPN","Japan",2012,0.416587877073301
"JPN","Japan",2013,0.415741152395157
"JPN","Japan",2014,0.415469413937042
"JPN","Japan",2015,0.414185257920812
"JPN","Japan",2016,0.412497969309186
"JPN","Japan",2017,0.41125662060974
"JPN","Japan",2018,0.408518954926141
"JPN","Japan",2019,0.407048660425978
"JPN","Japan",2020,0.405388182770292
"JPN","Japan",2021,0.403866711311071
"JPN","Japan",2022,0.405706525725849
"JOR","Jordan",1995,0.403350033849502
"JOR","Jordan",1996,0.409506303355364
"JOR","Jordan",1997,0.406232420401219
"JOR","Jordan",1998,0.40914277737415
"JOR","Jordan",1999,0.408972596594961
"JOR","Jordan",2000,0.405211261567437
"JOR","Jordan",2001,0.408570346954274
"JOR","Jordan",2002,0.407732097394926
"JOR","Jordan",2003,0.408577823004678
"JOR","Jordan",2004,0.40824476599606
"JOR","Jordan",2005,0.408585299055082
"JOR","Jordan",2006,0.406905061911185
"JOR","Jordan",2007,0.408929570139306
"JOR","Jordan",2008,0.406912537961589
"JOR","Jordan",2009,0.407926661088251
"JOR","Jordan",2010,0.406920014011994
"JOR","Jordan",2011,0.402743732929224
"JOR","Jordan",2012,0.407769477646947
"JOR","Jordan",2013,0.404472715054371
"JOR","Jordan",2014,0.407271761146622
"JOR","Jordan",2015,0.407107101654914
"JOR","Jordan",2016,0.406938704138004
"JOR","Jordan",2017,0.405041422406648
"JOR","Jordan",2018,0.402110983435415
"JOR","Jordan",2019,0.258658206491364
"JOR","Jordan",2020,0.25800946820555
"JOR","Jordan",2021,0.265189491973903
"JOR","Jordan",2022,0.248354427790326
"KAZ","Kazakhstan",1995,0.0980053334855177
"KAZ","Kazakhstan",1996,0.0994358048169506
"KAZ","Kazakhstan",1997,0.0992794892874141
"KAZ","Kazakhstan",1998,0.0991314065710519
"KAZ","Kazakhstan",1999,0.103865567073982
"KAZ","Kazakhstan",2000,0.0986115645463933
"KAZ","Kazakhstan",2001,0.0984094875261014
"KAZ","Kazakhstan",2002,0.0982074105058096
"KAZ","Kazakhstan",2003,0.0980053334855177
"KAZ","Kazakhstan",2004,0.0978032564652258
"KAZ","Kazakhstan",2005,0.0978032564652258
"KAZ","Kazakhstan",2006,0.0982074105058096
"KAZ","Kazakhstan",2007,0.0978032564652258
"KAZ","Kazakhstan",2008,0.0978032564652258
"KAZ","Kazakhstan",2009,0.0978032564652258
"KAZ","Kazakhstan",2010,0.0978032564652258
"KAZ","Kazakhstan",2011,0.0982074105058096
"KAZ","Kazakhstan",2012,0.0978032564652258
"KAZ","Kazakhstan",2013,0.0978032564652258
"KAZ","Kazakhstan",2014,0.0978032564652258
"KAZ","Kazakhstan",2015,0.0978032564652258
"KAZ","Kazakhstan",2016,0.0978032564652258
"KAZ","Kazakhstan",2017,0.0978032564652258
"KAZ","Kazakhstan",2018,0.102803256465226
"KAZ","Kazakhstan",2019,0.107803256465226
"KAZ","Kazakhstan",2020,0.117803256465226
"KAZ","Kazakhstan",2021,0.117803256465226
"KAZ","Kazakhstan",2022,0.117803256465226
"KEN","Kenya",1995,0.274391520866335
"KEN","Kenya",1996,0.269525759991258
"KEN","Kenya",1997,0.271659916731438
"KEN","Kenya",1998,0.267805139764169
"KEN","Kenya",1999,0.270820479117304
"KEN","Kenya",2000,0.269217481241465
"KEN","Kenya",2001,0.261164281477628
"KEN","Kenya",2002,0.25217876292207
"KEN","Kenya",2003,0.25316006849466
"KEN","Kenya",2004,0.2481947079826
"KEN","Kenya",2005,0.244644996010954
"KEN","Kenya",2006,0.242589181209333
"KEN","Kenya",2007,0.23867972266977
"KEN","Kenya",2008,0.237343986747078
"KEN","Kenya",2009,0.251530221075372
"KEN","Kenya",2010,0.257945659188572
"KEN","Kenya",2011,0.230100826764332
"KEN","Kenya",2012,0.223381267484952
"KEN","Kenya",2013,0.219526869986015
"KEN","Kenya",2014,0.228168122601338
"KEN","Kenya",2015,0.219062514464379
"KEN","Kenya",2016,0.200709863642685
"KEN","Kenya",2017,0.197516490954867
"KEN","Kenya",2018,0.187045814025753
"KEN","Kenya",2019,0.172411176299189
"KEN","Kenya",2020,0.166221203887355
"KEN","Kenya",2021,0.160601962662269
"KEN","Kenya",2022,0.161443950246819
"KIR","Kiribati",1995,0.799652746261992
"KIR","Kiribati",1996,0.799652746261992
"KIR","Kiribati",1997,0.799652746261992
"KIR","Kiribati",1998,0.799652746261992
"KIR","Kiribati",1999,0.799652746261992
"KIR","Kiribati",2000,0.799652746261992
"KIR","Kiribati",2001,0.795358609580789
"KIR","Kiribati",2002,0.791064472899587
"KIR","Kiribati",2003,0.786770336218384
"KIR","Kiribati",2004,0.782476199537182
"KIR","Kiribati",2005,0.764036671435548
"KIR","Kiribati",2006,0.766310037913832
"KIR","Kiribati",2007,0.769088596942845
"KIR","Kiribati",2008,0.764794460261643
"KIR","Kiribati",2009,0.777929466580615
"KIR","Kiribati",2010,0.780455429334263
"KIR","Kiribati",2011,0.750901665116576
"KIR","Kiribati",2012,0.746354932160009
"KIR","Kiribati",2013,0.741050410377347
"KIR","Kiribati",2014,0.729430981710565
"KIR","Kiribati",2015,0.673744049884295
"KIR","Kiribati",2016,0.668692124376999
"KIR","Kiribati",2017,0.686121267377173
"KIR","Kiribati",2018,0.681574534420606
"KIR","Kiribati",2019,0.552027801464039
"KIR","Kiribati",2020,0.541483664782836
"KIR","Kiribati",2021,0.536936931826269
"KIR","Kiribati",2022,0.532895391420431
"PRK","Korea, Democratic People's Repub",1995,0.327585804726606
"PRK","Korea, Democratic People's Repub",1996,0.325216325488324
"PRK","Korea, Democratic People's Repub",1997,0.321394800404761
"PRK","Korea, Democratic People's Repub",1998,0.325795378921267
"PRK","Korea, Democratic People's Repub",1999,0.318246076863993
"PRK","Korea, Democratic People's Repub",2000,0.319538905126224
"PRK","Korea, Democratic People's Repub",2001,0.321526094203816
"PRK","Korea, Democratic People's Repub",2002,0.320299442868732
"PRK","Korea, Democratic People's Repub",2003,0.31752739338027
"PRK","Korea, Democratic People's Repub",2004,0.312439119453972
"PRK","Korea, Democratic People's Repub",2005,0.310038268376139
"PRK","Korea, Democratic People's Repub",2006,0.310094314745016
"PRK","Korea, Democratic People's Repub",2007,0.310150361113893
"PRK","Korea, Democratic People's Repub",2008,0.31020640748277
"PRK","Korea, Democratic People's Repub",2009,0.310262453851647
"PRK","Korea, Democratic People's Repub",2010,0.303649958550892
"PRK","Korea, Democratic People's Repub",2011,0.29946238749364
"PRK","Korea, Democratic People's Repub",2012,0.295072739416095
"PRK","Korea, Democratic People's Repub",2013,0.290885168358843
"PRK","Korea, Democratic People's Repub",2014,0.286697597301591
"PRK","Korea, Democratic People's Repub",2015,0.282307949224046
"PRK","Korea, Democratic People's Repub",2016,0.278064331797917
"PRK","Korea, Democratic People's Repub",2017,0.273820714371788
"PRK","Korea, Democratic People's Repub",2018,0.280898974324696
"PRK","Korea, Democratic People's Repub",2019,0.276519692916238
"PRK","Korea, Democratic People's Repub",2020,0.272302615176916
"PRK","Korea, Democratic People's Repub",2021,0.267533900351497
"PRK","Korea, Democratic People's Repub",2022,0.263290282925367
"KOR","Korea, Republic of",1995,0.285785310576984
"KOR","Korea, Republic of",1996,0.286707693549447
"KOR","Korea, Republic of",1997,0.286534480545933
"KOR","Korea, Republic of",1998,0.281595685793481
"KOR","Korea, Republic of",1999,0.278063474073054
"KOR","Korea, Republic of",2000,0.277270728254556
"KOR","Korea, Republic of",2001,0.27397512269824
"KOR","Korea, Republic of",2002,0.274853322048694
"KOR","Korea, Republic of",2003,0.276305699095895
"KOR","Korea, Republic of",2004,0.277011418039821
"KOR","Korea, Republic of",2005,0.269338583822915
"KOR","Korea, Republic of",2006,0.275112158501699
"KOR","Korea, Republic of",2007,0.272744444043041
"KOR","Korea, Republic of",2008,0.273121790725828
"KOR","Korea, Republic of",2009,0.273853737080535
"KOR","Korea, Republic of",2010,0.277112319254571
"KOR","Korea, Republic of",2011,0.27514001523227
"KOR","Korea, Republic of",2012,0.274194429743843
"KOR","Korea, Republic of",2013,0.277392272701342
"KOR","Korea, Republic of",2014,0.274022402688664
"KOR","Korea, Republic of",2015,0.274221157341267
"KOR","Korea, Republic of",2016,0.274842983421308
"KOR","Korea, Republic of",2017,0.276592383851059
"KOR","Korea, Republic of",2018,0.278571884022214
"KOR","Korea, Republic of",2019,0.267841787781011
"KOR","Korea, Republic of",2020,0.262383953545493
"KOR","Korea, Republic of",2021,0.262964422379037
"KOR","Korea, Republic of",2022,0.262803443770166
"KWT","Kuwait",1995,0.40857994264897
"KWT","Kuwait",1996,0.40857994264897
"KWT","Kuwait",1997,0.40857994264897
"KWT","Kuwait",1998,0.40857994264897
"KWT","Kuwait",1999,0.40857994264897
"KWT","Kuwait",2000,0.40857994264897
"KWT","Kuwait",2001,0.408462396120147
"KWT","Kuwait",2002,0.408344849591324
"KWT","Kuwait",2003,0.408227303062501
"KWT","Kuwait",2004,0.408109756533678
"KWT","Kuwait",2005,0.407992210004855
"KWT","Kuwait",2006,0.407874663476031
"KWT","Kuwait",2007,0.407757116947208
"KWT","Kuwait",2008,0.407639570418385
"KWT","Kuwait",2009,0.379744246111784
"KWT","Kuwait",2010,0.351848921805184
"KWT","Kuwait",2011,0.323953597498583
"KWT","Kuwait",2012,0.32383605096976
"KWT","Kuwait",2013,0.323718504440936
"KWT","Kuwait",2014,0.323600957912113
"KWT","Kuwait",2015,0.32348341138329
"KWT","Kuwait",2016,0.32348341138329
"KWT","Kuwait",2017,0.32348341138329
"KWT","Kuwait",2018,0.32348341138329
"KWT","Kuwait",2019,0.32348341138329
"KWT","Kuwait",2020,0.32348341138329
"KWT","Kuwait",2021,0.32348341138329
"KWT","Kuwait",2022,0.32348341138329
"KGZ","Kyrgyzstan",1995,0.251024598884053
"KGZ","Kyrgyzstan",1996,0.261661866072192
"KGZ","Kyrgyzstan",1997,0.239263955825736
"KGZ","Kyrgyzstan",1998,0.273986032238048
"KGZ","Kyrgyzstan",1999,0.234801916388433
"KGZ","Kyrgyzstan",2000,0.22115047749325
"KGZ","Kyrgyzstan",2001,0.215449110229135
"KGZ","Kyrgyzstan",2002,0.253431267987492
"KGZ","Kyrgyzstan",2003,0.244261321157156
"KGZ","Kyrgyzstan",2004,0.244655542576092
"KGZ","Kyrgyzstan",2005,0.254912643222442
"KGZ","Kyrgyzstan",2006,0.273687298873938
"KGZ","Kyrgyzstan",2007,0.277354964595744
"KGZ","Kyrgyzstan",2008,0.306521552492282
"KGZ","Kyrgyzstan",2009,0.295736963231783
"KGZ","Kyrgyzstan",2010,0.28328463711634
"KGZ","Kyrgyzstan",2011,0.249739340588114
"KGZ","Kyrgyzstan",2012,0.270696441807113
"KGZ","Kyrgyzstan",2013,0.265539848357713
"KGZ","Kyrgyzstan",2014,0.254510278793691
"KGZ","Kyrgyzstan",2015,0.283748817389982
"KGZ","Kyrgyzstan",2016,0.226573649169679
"KGZ","Kyrgyzstan",2017,0.166138093781253
"KGZ","Kyrgyzstan",2018,0.139153943521599
"KGZ","Kyrgyzstan",2019,0.122408217758927
"KGZ","Kyrgyzstan",2020,0.12586549811441
"KGZ","Kyrgyzstan",2021,0.127293584475499
"KGZ","Kyrgyzstan",2022,0.107589563498225
"LAO","Lao People's Democratic Republic",1995,0.43911694892082
"LAO","Lao People's Democratic Republic",1996,0.423335492087792
"LAO","Lao People's Democratic Republic",1997,0.416221884769226
"LAO","Lao People's Democratic Republic",1998,0.409118587738694
"LAO","Lao People's Democratic Republic",1999,0.402027518517055
"LAO","Lao People's Democratic Republic",2000,0.394660004456607
"LAO","Lao People's Democratic Republic",2001,0.390299005638736
"LAO","Lao People's Democratic Republic",2002,0.389489367706904
"LAO","Lao People's Democratic Republic",2003,0.392209006303505
"LAO","Lao People's Democratic Republic",2004,0.376816968492379
"LAO","Lao People's Democratic Republic",2005,0.367931350098537
"LAO","Lao People's Democratic Republic",2006,0.381952374443727
"LAO","Lao People's Democratic Republic",2007,0.393383012060891
"LAO","Lao People's Democratic Republic",2008,0.365263739752544
"LAO","Lao People's Democratic Republic",2009,0.373564269350425
"LAO","Lao People's Democratic Republic",2010,0.327538331572262
"LAO","Lao People's Democratic Republic",2011,0.319528882609454
"LAO","Lao People's Democratic Republic",2012,0.303362720986104
"LAO","Lao People's Democratic Republic",2013,0.296037429000523
"LAO","Lao People's Democratic Republic",2014,0.287954348188848
"LAO","Lao People's Democratic Republic",2015,0.279403068807512
"LAO","Lao People's Democratic Republic",2016,0.271535590290133
"LAO","Lao People's Democratic Republic",2017,0.25991616162335
"LAO","Lao People's Democratic Republic",2018,0.261684335550904
"LAO","Lao People's Democratic Republic",2019,0.247791540405838
"LAO","Lao People's Democratic Republic",2020,0.245518173927554
"LAO","Lao People's Democratic Republic",2021,0.24375
"LAO","Lao People's Democratic Republic",2022,0.24375
"LVA","Latvia",1995,0.398636206673711
"LVA","Latvia",1996,0.40529080627683
"LVA","Latvia",1997,0.375694118333488
"LVA","Latvia",1998,0.374983880109567
"LVA","Latvia",1999,0.365282688575905
"LVA","Latvia",2000,0.375507810749424
"LVA","Latvia",2001,0.377717518351726
"LVA","Latvia",2002,0.377341869110267
"LVA","Latvia",2003,0.386505470516939
"LVA","Latvia",2004,0.400215905434751
"LVA","Latvia",2005,0.390625558941009
"LVA","Latvia",2006,0.394973896890968
"LVA","Latvia",2007,0.386047987984749
"LVA","Latvia",2008,0.379991243231929
"LVA","Latvia",2009,0.385810045537992
"LVA","Latvia",2010,0.35345805819349
"LVA","Latvia",2011,0.384246878025686
"LVA","Latvia",2012,0.37738850553833
"LVA","Latvia",2013,0.376788484875792
"LVA","Latvia",2014,0.343502739008892
"LVA","Latvia",2015,0.367413916503053
"LVA","Latvia",2016,0.360512094533675
"LVA","Latvia",2017,0.352725263468577
"LVA","Latvia",2018,0.34887928825148
"LVA","Latvia",2019,0.353231259845786
"LVA","Latvia",2020,0.353581109899183
"LVA","Latvia",2021,0.33841862965242
"LVA","Latvia",2022,0.33837464084274
"LBN","Lebanon",1995,0.3860999973336
"LBN","Lebanon",1996,0.383482179632317
"LBN","Lebanon",1997,0.383809911745266
"LBN","Lebanon",1998,0.383479336572327
"LBN","Lebanon",1999,0.385341057723902
"LBN","Lebanon",2000,0.384808954316803
"LBN","Lebanon",2001,0.385163906037537
"LBN","Lebanon",2002,0.384044309769044
"LBN","Lebanon",2003,0.383086672569787
"LBN","Lebanon",2004,0.38169737179614
"LBN","Lebanon",2005,0.383353693859354
"LBN","Lebanon",2006,0.382044192264084
"LBN","Lebanon",2007,0.385486505913079
"LBN","Lebanon",2008,0.384644592941426
"LBN","Lebanon",2009,0.385599350631546
"LBN","Lebanon",2010,0.385206928186387
"LBN","Lebanon",2011,0.384814505741227
"LBN","Lebanon",2012,0.384211929290686
"LBN","Lebanon",2013,0.396538315102125
"LBN","Lebanon",2014,0.407980956840543
"LBN","Lebanon",2015,0.41959199609587
"LBN","Lebanon",2016,0.431090265245627
"LBN","Lebanon",2017,0.442588534395383
"LBN","Lebanon",2018,0.405425329429203
"LBN","Lebanon",2019,0.33408680354514
"LBN","Lebanon",2020,0.32995921609051
"LBN","Lebanon",2021,0.330727421525794
"LBN","Lebanon",2022,0.330727421525794
"LSO","Lesotho",1995,NA
"LSO","Lesotho",1996,NA
"LSO","Lesotho",1997,NA
"LSO","Lesotho",1998,NA
"LSO","Lesotho",1999,NA
"LSO","Lesotho",2000,NA
"LSO","Lesotho",2001,NA
"LSO","Lesotho",2002,NA
"LSO","Lesotho",2003,NA
"LSO","Lesotho",2004,NA
"LSO","Lesotho",2005,NA
"LSO","Lesotho",2006,NA
"LSO","Lesotho",2007,NA
"LSO","Lesotho",2008,NA
"LSO","Lesotho",2009,NA
"LSO","Lesotho",2010,NA
"LSO","Lesotho",2011,NA
"LSO","Lesotho",2012,NA
"LSO","Lesotho",2013,NA
"LSO","Lesotho",2014,NA
"LSO","Lesotho",2015,NA
"LSO","Lesotho",2016,NA
"LSO","Lesotho",2017,NA
"LSO","Lesotho",2018,NA
"LSO","Lesotho",2019,NA
"LSO","Lesotho",2020,NA
"LSO","Lesotho",2021,NA
"LSO","Lesotho",2022,NA
"LBR","Liberia",1995,0.421132346802693
"LBR","Liberia",1996,0.421132346802693
"LBR","Liberia",1997,0.421132346802693
"LBR","Liberia",1998,0.421132346802693
"LBR","Liberia",1999,0.421132346802693
"LBR","Liberia",2000,0.421132346802693
"LBR","Liberia",2001,0.421953189389972
"LBR","Liberia",2002,0.42277403197725
"LBR","Liberia",2003,0.423594874564531
"LBR","Liberia",2004,0.42441571715181
"LBR","Liberia",2005,0.425236559739088
"LBR","Liberia",2006,0.426057402326367
"LBR","Liberia",2007,0.426878244913646
"LBR","Liberia",2008,0.431993224182129
"LBR","Liberia",2009,0.431298489117219
"LBR","Liberia",2010,0.423531058342093
"LBR","Liberia",2011,0.427383056233749
"LBR","Liberia",2012,0.415068892502056
"LBR","Liberia",2013,0.414626753712513
"LBR","Liberia",2014,0.416457981401251
"LBR","Liberia",2015,0.402628240017368
"LBR","Liberia",2016,0.396313333133247
"LBR","Liberia",2017,0.379894575234532
"LBR","Liberia",2018,0.38343092308964
"LBR","Liberia",2019,0.382673134263546
"LBR","Liberia",2020,0.371306301872127
"LBR","Liberia",2021,0.365749183814101
"LBR","Liberia",2022,0.360697258306804
"LBY","Libyan Arab Jamahiriya",1995,0.116564258736886
"LBY","Libyan Arab Jamahiriya",1996,0.116564258736886
"LBY","Libyan Arab Jamahiriya",1997,0.116564258736886
"LBY","Libyan Arab Jamahiriya",1998,0.116564258736886
"LBY","Libyan Arab Jamahiriya",1999,0.116564258736886
"LBY","Libyan Arab Jamahiriya",2000,0.116564258736886
"LBY","Libyan Arab Jamahiriya",2001,0.123643675500536
"LBY","Libyan Arab Jamahiriya",2002,0.127691936959809
"LBY","Libyan Arab Jamahiriya",2003,0.131740198419081
"LBY","Libyan Arab Jamahiriya",2004,0.135788459878354
"LBY","Libyan Arab Jamahiriya",2005,0.139836721337626
"LBY","Libyan Arab Jamahiriya",2006,0.143884982796899
"LBY","Libyan Arab Jamahiriya",2007,0.147680647980806
"LBY","Libyan Arab Jamahiriya",2008,0.151728909440079
"LBY","Libyan Arab Jamahiriya",2009,0.155524574623986
"LBY","Libyan Arab Jamahiriya",2010,0.159320239807894
"LBY","Libyan Arab Jamahiriya",2011,0.163115904991801
"LBY","Libyan Arab Jamahiriya",2012,0.166911570175709
"LBY","Libyan Arab Jamahiriya",2013,0.170707235359617
"LBY","Libyan Arab Jamahiriya",2014,0.174502900543524
"LBY","Libyan Arab Jamahiriya",2015,0.178551162002797
"LBY","Libyan Arab Jamahiriya",2016,0.182592702408634
"LBY","Libyan Arab Jamahiriya",2017,0.186634242814472
"LBY","Libyan Arab Jamahiriya",2018,0.195727708727606
"LBY","Libyan Arab Jamahiriya",2019,0.191938764597134
"LBY","Libyan Arab Jamahiriya",2020,0.18966539811885
"LBY","Libyan Arab Jamahiriya",2021,0.187644627915931
"LBY","Libyan Arab Jamahiriya",2022,0.188149820466661
"LIE","Liechtenstein",1995,NA
"LIE","Liechtenstein",1996,NA
"LIE","Liechtenstein",1997,NA
"LIE","Liechtenstein",1998,NA
"LIE","Liechtenstein",1999,NA
"LIE","Liechtenstein",2000,NA
"LIE","Liechtenstein",2001,NA
"LIE","Liechtenstein",2002,NA
"LIE","Liechtenstein",2003,NA
"LIE","Liechtenstein",2004,NA
"LIE","Liechtenstein",2005,NA
"LIE","Liechtenstein",2006,NA
"LIE","Liechtenstein",2007,NA
"LIE","Liechtenstein",2008,NA
"LIE","Liechtenstein",2009,NA
"LIE","Liechtenstein",2010,NA
"LIE","Liechtenstein",2011,NA
"LIE","Liechtenstein",2012,NA
"LIE","Liechtenstein",2013,NA
"LIE","Liechtenstein",2014,NA
"LIE","Liechtenstein",2015,NA
"LIE","Liechtenstein",2016,NA
"LIE","Liechtenstein",2017,NA
"LIE","Liechtenstein",2018,NA
"LIE","Liechtenstein",2019,NA
"LIE","Liechtenstein",2020,NA
"LIE","Liechtenstein",2021,NA
"LIE","Liechtenstein",2022,NA
"LTU","Lithuania",1995,0.279851058787411
"LTU","Lithuania",1996,0.261648086350789
"LTU","Lithuania",1997,0.265826298964594
"LTU","Lithuania",1998,0.256543031527185
"LTU","Lithuania",1999,0.26245583876766
"LTU","Lithuania",2000,0.272698229493988
"LTU","Lithuania",2001,0.252112634104341
"LTU","Lithuania",2002,0.243742808353243
"LTU","Lithuania",2003,0.247087160016675
"LTU","Lithuania",2004,0.251898224876159
"LTU","Lithuania",2005,0.269351922611774
"LTU","Lithuania",2006,0.278111314952134
"LTU","Lithuania",2007,0.275880253776934
"LTU","Lithuania",2008,0.270575425811034
"LTU","Lithuania",2009,0.257190065894823
"LTU","Lithuania",2010,0.310058936254865
"LTU","Lithuania",2011,0.309297133462974
"LTU","Lithuania",2012,0.306423873699017
"LTU","Lithuania",2013,0.302916554734071
"LTU","Lithuania",2014,0.300413114063174
"LTU","Lithuania",2015,0.302301848635958
"LTU","Lithuania",2016,0.30288765965201
"LTU","Lithuania",2017,0.298045342130515
"LTU","Lithuania",2018,0.302391882110986
"LTU","Lithuania",2019,0.304650947525856
"LTU","Lithuania",2020,0.302602820378389
"LTU","Lithuania",2021,0.287636384206985
"LTU","Lithuania",2022,0.287202366119449
"LUX","Luxembourg",1995,0.362686708410702
"LUX","Luxembourg",1996,0.362686708410702
"LUX","Luxembourg",1997,0.362686708410702
"LUX","Luxembourg",1998,0.362686708410702
"LUX","Luxembourg",1999,0.362686708410702
"LUX","Luxembourg",2000,0.362686708410702
"LUX","Luxembourg",2001,0.362686708410702
"LUX","Luxembourg",2002,0.362686708410702
"LUX","Luxembourg",2003,0.362686708410702
"LUX","Luxembourg",2004,0.362686708410702
"LUX","Luxembourg",2005,0.362686708410702
"LUX","Luxembourg",2006,0.362686708410702
"LUX","Luxembourg",2007,0.362686708410702
"LUX","Luxembourg",2008,0.362686708410702
"LUX","Luxembourg",2009,0.362686708410702
"LUX","Luxembourg",2010,0.362686708410702
"LUX","Luxembourg",2011,0.362686708410702
"LUX","Luxembourg",2012,0.362686708410702
"LUX","Luxembourg",2013,0.362686708410702
"LUX","Luxembourg",2014,0.362686708410702
"LUX","Luxembourg",2015,0.362686708410702
"LUX","Luxembourg",2016,0.362686708410702
"LUX","Luxembourg",2017,0.362686708410702
"LUX","Luxembourg",2018,0.362686708410702
"LUX","Luxembourg",2019,0.362686708410702
"LUX","Luxembourg",2020,0.362686708410702
"LUX","Luxembourg",2021,0.362686708410702
"LUX","Luxembourg",2022,0.362686708410702
"MKD","Macedonia",1995,0.243134914185527
"MKD","Macedonia",1996,0.248552628270963
"MKD","Macedonia",1997,0.243131288388899
"MKD","Macedonia",1998,0.245756794220506
"MKD","Macedonia",1999,0.230647099705528
"MKD","Macedonia",2000,0.24396411701356
"MKD","Macedonia",2001,0.238745672469959
"MKD","Macedonia",2002,0.257866393941992
"MKD","Macedonia",2003,0.238856627467616
"MKD","Macedonia",2004,0.245265713590244
"MKD","Macedonia",2005,0.248075025720462
"MKD","Macedonia",2006,0.252747290139239
"MKD","Macedonia",2007,0.259702834695003
"MKD","Macedonia",2008,0.256346325611685
"MKD","Macedonia",2009,0.253499355938585
"MKD","Macedonia",2010,0.250284290897432
"MKD","Macedonia",2011,0.252824788363466
"MKD","Macedonia",2012,0.260526851120458
"MKD","Macedonia",2013,0.256490032195442
"MKD","Macedonia",2014,0.268455792076353
"MKD","Macedonia",2015,0.270099976830005
"MKD","Macedonia",2016,0.286483300826385
"MKD","Macedonia",2017,0.280560872551285
"MKD","Macedonia",2018,0.285139473419629
"MKD","Macedonia",2019,0.28592509915417
"MKD","Macedonia",2020,0.2983713020077
"MKD","Macedonia",2021,0.308975308695025
"MKD","Macedonia",2022,0.300563450743547
"MDG","Madagascar",1995,0.337651817854186
"MDG","Madagascar",1996,0.339148323070172
"MDG","Madagascar",1997,0.342725150428656
"MDG","Madagascar",1998,0.342648668995788
"MDG","Madagascar",1999,0.338923208116259
"MDG","Madagascar",2000,0.340786118549701
"MDG","Madagascar",2001,0.333833387476501
"MDG","Madagascar",2002,0.326116236363645
"MDG","Madagascar",2003,0.311664717090483
"MDG","Madagascar",2004,0.323653500817066
"MDG","Madagascar",2005,0.324432969588244
"MDG","Madagascar",2006,0.320847873924073
"MDG","Madagascar",2007,0.319500298156327
"MDG","Madagascar",2008,0.318645805843834
"MDG","Madagascar",2009,0.316379659088017
"MDG","Madagascar",2010,0.330734373394928
"MDG","Madagascar",2011,0.329197008324811
"MDG","Madagascar",2012,0.323532015127757
"MDG","Madagascar",2013,0.337547800327806
"MDG","Madagascar",2014,0.312146517755966
"MDG","Madagascar",2015,0.310427742494688
"MDG","Madagascar",2016,0.310874089631425
"MDG","Madagascar",2017,0.307552382369889
"MDG","Madagascar",2018,0.274709661783717
"MDG","Madagascar",2019,0.29257278272601
"MDG","Madagascar",2020,0.281410390855504
"MDG","Madagascar",2021,0.280071665808926
"MDG","Madagascar",2022,0.277545703055277
"MWI","Malawi",1995,NA
"MWI","Malawi",1996,NA
"MWI","Malawi",1997,NA
"MWI","Malawi",1998,NA
"MWI","Malawi",1999,NA
"MWI","Malawi",2000,NA
"MWI","Malawi",2001,NA
"MWI","Malawi",2002,NA
"MWI","Malawi",2003,NA
"MWI","Malawi",2004,NA
"MWI","Malawi",2005,NA
"MWI","Malawi",2006,NA
"MWI","Malawi",2007,NA
"MWI","Malawi",2008,NA
"MWI","Malawi",2009,NA
"MWI","Malawi",2010,NA
"MWI","Malawi",2011,NA
"MWI","Malawi",2012,NA
"MWI","Malawi",2013,NA
"MWI","Malawi",2014,NA
"MWI","Malawi",2015,NA
"MWI","Malawi",2016,NA
"MWI","Malawi",2017,NA
"MWI","Malawi",2018,NA
"MWI","Malawi",2019,NA
"MWI","Malawi",2020,NA
"MWI","Malawi",2021,NA
"MWI","Malawi",2022,NA
"MYS","Malaysia",1995,0.338440465047759
"MYS","Malaysia",1996,0.338440465047759
"MYS","Malaysia",1997,0.338440465047759
"MYS","Malaysia",1998,0.338440465047759
"MYS","Malaysia",1999,0.338440465047759
"MYS","Malaysia",2000,0.338440465047759
"MYS","Malaysia",2001,0.338055602519964
"MYS","Malaysia",2002,0.337670739992171
"MYS","Malaysia",2003,0.337117479947466
"MYS","Malaysia",2004,0.336732617419671
"MYS","Malaysia",2005,0.336347754891876
"MYS","Malaysia",2006,0.335794494847172
"MYS","Malaysia",2007,0.335241234802467
"MYS","Malaysia",2008,0.334687974757762
"MYS","Malaysia",2009,0.333797919679237
"MYS","Malaysia",2010,0.333076262117624
"MYS","Malaysia",2011,0.332691399589829
"MYS","Malaysia",2012,0.331801344511304
"MYS","Malaysia",2013,0.331753277017329
"MYS","Malaysia",2014,0.331200016972625
"MYS","Malaysia",2015,0.33047835941101
"MYS","Malaysia",2016,0.322145026077677
"MYS","Malaysia",2017,0.313643295227434
"MYS","Malaysia",2018,0.313643295227434
"MYS","Malaysia",2019,0.272675710448883
"MYS","Malaysia",2020,0.249417270197664
"MYS","Malaysia",2021,0.238643295227434
"MYS","Malaysia",2022,0.238643295227434
"MDV","Maldives",1995,0.790920596609105
"MDV","Maldives",1996,0.790920596609105
"MDV","Maldives",1997,0.790920596609105
"MDV","Maldives",1998,0.790920596609105
"MDV","Maldives",1999,0.790920596609105
"MDV","Maldives",2000,0.790920596609105
"MDV","Maldives",2001,0.781574534420606
"MDV","Maldives",2002,0.779553764217687
"MDV","Maldives",2003,0.777532994014768
"MDV","Maldives",2004,0.775259627536484
"MDV","Maldives",2005,0.772986261058201
"MDV","Maldives",2006,0.770965490855282
"MDV","Maldives",2007,0.768692124376999
"MDV","Maldives",2008,0.76616616162335
"MDV","Maldives",2009,0.750252596275365
"MDV","Maldives",2010,0.752525962753648
"MDV","Maldives",2011,0.752273366478284
"MDV","Maldives",2012,0.752020770202919
"MDV","Maldives",2013,0.751515577652189
"MDV","Maldives",2014,0.75
"MDV","Maldives",2015,0.75050519255073
"MDV","Maldives",2016,0.75
"MDV","Maldives",2017,0.75050519255073
"MDV","Maldives",2018,0.75
"MDV","Maldives",2019,0.75
"MDV","Maldives",2020,0.75
"MDV","Maldives",2021,0.75
"MDV","Maldives",2022,0.75
"MLI","Mali",1995,NA
"MLI","Mali",1996,NA
"MLI","Mali",1997,NA
"MLI","Mali",1998,NA
"MLI","Mali",1999,NA
"MLI","Mali",2000,NA
"MLI","Mali",2001,NA
"MLI","Mali",2002,NA
"MLI","Mali",2003,NA
"MLI","Mali",2004,NA
"MLI","Mali",2005,NA
"MLI","Mali",2006,NA
"MLI","Mali",2007,NA
"MLI","Mali",2008,NA
"MLI","Mali",2009,NA
"MLI","Mali",2010,NA
"MLI","Mali",2011,NA
"MLI","Mali",2012,NA
"MLI","Mali",2013,NA
"MLI","Mali",2014,NA
"MLI","Mali",2015,NA
"MLI","Mali",2016,NA
"MLI","Mali",2017,NA
"MLI","Mali",2018,NA
"MLI","Mali",2019,NA
"MLI","Mali",2020,NA
"MLI","Mali",2021,NA
"MLI","Mali",2022,NA
"MLT","Malta",1995,0.425232474134822
"MLT","Malta",1996,0.425232474134822
"MLT","Malta",1997,0.425232474134822
"MLT","Malta",1998,0.425232474134822
"MLT","Malta",1999,0.425232474134822
"MLT","Malta",2000,0.425232474134822
"MLT","Malta",2001,0.425413301753772
"MLT","Malta",2002,0.425594129372721
"MLT","Malta",2003,0.425774956991671
"MLT","Malta",2004,0.42595578461062
"MLT","Malta",2005,0.426136612229569
"MLT","Malta",2006,0.426317439848519
"MLT","Malta",2007,0.426498267467468
"MLT","Malta",2008,0.426679095086418
"MLT","Malta",2009,0.426859922705367
"MLT","Malta",2010,0.427040750324317
"MLT","Malta",2011,0.427221577943266
"MLT","Malta",2012,0.427402405562216
"MLT","Malta",2013,0.427583233181165
"MLT","Malta",2014,0.427764060800114
"MLT","Malta",2015,0.427944888419064
"MLT","Malta",2016,0.427944888419064
"MLT","Malta",2017,0.427944888419064
"MLT","Malta",2018,0.427944888419064
"MLT","Malta",2019,0.427944888419064
"MLT","Malta",2020,0.427944888419064
"MLT","Malta",2021,0.427944888419064
"MLT","Malta",2022,0.427944888419064
"MHL","Marshall Islands",1995,0.635756607821692
"MHL","Marshall Islands",1996,0.635756607821692
"MHL","Marshall Islands",1997,0.635756607821692
"MHL","Marshall Islands",1998,0.635756607821692
"MHL","Marshall Islands",1999,0.635756607821692
"MHL","Marshall Islands",2000,0.635565230464561
"MHL","Marshall Islands",2001,0.631776286334089
"MHL","Marshall Islands",2002,0.628239938478981
"MHL","Marshall Islands",2003,0.624703590623873
"MHL","Marshall Islands",2004,0.621167242768765
"MHL","Marshall Islands",2005,0.617630894913658
"MHL","Marshall Islands",2006,0.613841950783185
"MHL","Marshall Islands",2007,0.626219168276062
"MHL","Marshall Islands",2008,0.60626406252224
"MHL","Marshall Islands",2009,0.602475118391767
"MHL","Marshall Islands",2010,0.583025205188674
"MHL","Marshall Islands",2011,0.58176222381185
"MHL","Marshall Islands",2012,0.580499242435025
"MHL","Marshall Islands",2013,0.579236261058201
"MHL","Marshall Islands",2014,0.577720683406012
"MHL","Marshall Islands",2015,0.576205105753823
"MHL","Marshall Islands",2016,0.574689528101634
"MHL","Marshall Islands",2017,0.57191096907262
"MHL","Marshall Islands",2018,0.568122024942148
"MHL","Marshall Islands",2019,0.758083080811675
"MHL","Marshall Islands",2020,0.754294136681202
"MHL","Marshall Islands",2021,0.75050519255073
"MHL","Marshall Islands",2022,0.75
"MRT","Mauritania",1995,0.599910047965315
"MRT","Mauritania",1996,0.602018628525861
"MRT","Mauritania",1997,0.601759282245218
"MRT","Mauritania",1998,0.598891229136307
"MRT","Mauritania",1999,0.598357312446168
"MRT","Mauritania",2000,0.596240341788385
"MRT","Mauritania",2001,0.589228720395969
"MRT","Mauritania",2002,0.592910765622347
"MRT","Mauritania",2003,0.591288492999556
"MRT","Mauritania",2004,0.590480975223016
"MRT","Mauritania",2005,0.609211040079564
"MRT","Mauritania",2006,0.456917779775342
"MRT","Mauritania",2007,0.441762003253451
"MRT","Mauritania",2008,0.459529198489303
"MRT","Mauritania",2009,0.532084103812023
"MRT","Mauritania",2010,0.477822304149048
"MRT","Mauritania",2011,0.544831497191158
"MRT","Mauritania",2012,0.510807942659146
"MRT","Mauritania",2013,0.513321906732518
"MRT","Mauritania",2014,0.522357347771389
"MRT","Mauritania",2015,0.527677861942614
"MRT","Mauritania",2016,0.528377623280011
"MRT","Mauritania",2017,0.553026108521145
"MRT","Mauritania",2018,0.566353365074413
"MRT","Mauritania",2019,0.562241792612493
"MRT","Mauritania",2020,0.562700464607935
"MRT","Mauritania",2021,0.559569787004784
"MRT","Mauritania",2022,0.556286035425041
"MUS","Mauritius",1995,0.465977136381936
"MUS","Mauritius",1996,0.476510531232158
"MUS","Mauritius",1997,0.475482874499339
"MUS","Mauritius",1998,0.500287136055623
"MUS","Mauritius",1999,0.515269577545026
"MUS","Mauritius",2000,0.515765689333659
"MUS","Mauritius",2001,0.515383875265925
"MUS","Mauritius",2002,0.515002061198191
"MUS","Mauritius",2003,0.515630632231916
"MUS","Mauritius",2004,0.515855049225058
"MUS","Mauritius",2005,0.515877389197907
"MUS","Mauritius",2006,0.515899729170757
"MUS","Mauritius",2007,0.515922069143606
"MUS","Mauritius",2008,0.515944409116456
"MUS","Mauritius",2009,0.515966749089306
"MUS","Mauritius",2010,0.515180780980988
"MUS","Mauritius",2011,0.514798966913254
"MUS","Mauritius",2012,0.515225460926687
"MUS","Mauritius",2013,0.515247800899536
"MUS","Mauritius",2014,0.515068063852094
"MUS","Mauritius",2015,0.514888326804652
"MUS","Mauritius",2016,0.51468624978436
"MUS","Mauritius",2017,0.514888326804652
"MUS","Mauritius",2018,0.514484172764068
"MUS","Mauritius",2019,0.514080018723484
"MUS","Mauritius",2020,0.320090403824944
"MUS","Mauritius",2021,0.319888326804652
"MUS","Mauritius",2022,0.319080018723484
"MEX","Mexico",1995,0.135592695018725
"MEX","Mexico",1996,0.135592695018725
"MEX","Mexico",1997,0.135592695018725
"MEX","Mexico",1998,0.135592695018725
"MEX","Mexico",1999,0.135592695018725
"MEX","Mexico",2000,0.135592695018725
"MEX","Mexico",2001,0.135593869194505
"MEX","Mexico",2002,0.135595043370286
"MEX","Mexico",2003,0.135596217546067
"MEX","Mexico",2004,0.135597391721848
"MEX","Mexico",2005,0.135598565897629
"MEX","Mexico",2006,0.13559974007341
"MEX","Mexico",2007,0.135600914249191
"MEX","Mexico",2008,0.135602088424971
"MEX","Mexico",2009,0.135603262600752
"MEX","Mexico",2010,0.135604436776533
"MEX","Mexico",2011,0.135605610952314
"MEX","Mexico",2012,0.135606785128095
"MEX","Mexico",2013,0.135607959303876
"MEX","Mexico",2014,0.135609133479656
"MEX","Mexico",2015,0.135610307655437
"MEX","Mexico",2016,0.143902471770509
"MEX","Mexico",2017,0.154851535068364
"MEX","Mexico",2018,0.15962731211394
"MEX","Mexico",2019,0.162172819324815
"MEX","Mexico",2020,0.149814391964318
"MEX","Mexico",2021,0.161493193621983
"MEX","Mexico",2022,0.186224280987659
"FSM","Micronesia, Federated States of",1995,0.761401988697017
"FSM","Micronesia, Federated States of",1996,0.761401988697017
"FSM","Micronesia, Federated States of",1997,0.761401988697017
"FSM","Micronesia, Federated States of",1998,0.761401988697017
"FSM","Micronesia, Federated States of",1999,0.761401988697017
"FSM","Micronesia, Federated States of",2000,0.761401988697017
"FSM","Micronesia, Federated States of",2001,0.75533967808826
"FSM","Micronesia, Federated States of",2002,0.751045541407058
"FSM","Micronesia, Federated States of",2003,0.746751404725856
"FSM","Micronesia, Federated States of",2004,0.742457268044653
"FSM","Micronesia, Federated States of",2005,0.738163131363451
"FSM","Micronesia, Federated States of",2006,0.733616398406884
"FSM","Micronesia, Federated States of",2007,0.729322261725681
"FSM","Micronesia, Federated States of",2008,0.724775528769114
"FSM","Micronesia, Federated States of",2009,0.720481392087912
"FSM","Micronesia, Federated States of",2010,0.71467167775452
"FSM","Micronesia, Federated States of",2011,0.710124944797953
"FSM","Micronesia, Federated States of",2012,0.70633600066748
"FSM","Micronesia, Federated States of",2013,0.702294460261643
"FSM","Micronesia, Federated States of",2014,0.697747727305076
"FSM","Micronesia, Federated States of",2015,0.693200994348508
"FSM","Micronesia, Federated States of",2016,0.688654261391941
"FSM","Micronesia, Federated States of",2017,0.690610124710739
"FSM","Micronesia, Federated States of",2018,0.636063391754171
"FSM","Micronesia, Federated States of",2019,0.637766658797604
"FSM","Micronesia, Federated States of",2020,0.651969925841037
"FSM","Micronesia, Federated States of",2021,0.685175789159835
"FSM","Micronesia, Federated States of",2022,0.680881652478632
"MDA","Moldova, Republic of",1995,0.260214021979458
"MDA","Moldova, Republic of",1996,0.24790179025741
"MDA","Moldova, Republic of",1997,0.261506004689222
"MDA","Moldova, Republic of",1998,0.248640478429453
"MDA","Moldova, Republic of",1999,0.246222984598252
"MDA","Moldova, Republic of",2000,0.258901262237335
"MDA","Moldova, Republic of",2001,0.25956497887923
"MDA","Moldova, Republic of",2002,0.256211229759885
"MDA","Moldova, Republic of",2003,0.259926442183084
"MDA","Moldova, Republic of",2004,0.255481895419527
"MDA","Moldova, Republic of",2005,0.257755762249914
"MDA","Moldova, Republic of",2006,0.255589673959509
"MDA","Moldova, Republic of",2007,0.259201658254515
"MDA","Moldova, Republic of",2008,0.256572859931203
"MDA","Moldova, Republic of",2009,0.255923484128234
"MDA","Moldova, Republic of",2010,0.224202540169309
"MDA","Moldova, Republic of",2011,0.227121134435595
"MDA","Moldova, Republic of",2012,0.222808205441357
"MDA","Moldova, Republic of",2013,0.218580824604283
"MDA","Moldova, Republic of",2014,0.216477621949345
"MDA","Moldova, Republic of",2015,0.218190521400947
"MDA","Moldova, Republic of",2016,0.216524246622972
"MDA","Moldova, Republic of",2017,0.213710226698913
"MDA","Moldova, Republic of",2018,0.216449301602508
"MDA","Moldova, Republic of",2019,0.221903156896277
"MDA","Moldova, Republic of",2020,0.221746073074923
"MDA","Moldova, Republic of",2021,0.220881215720544
"MDA","Moldova, Republic of",2022,0.223466774004348
"MCO","Monaco",1995,0.248606473556483
"MCO","Monaco",1996,0.248606473556483
"MCO","Monaco",1997,0.248606473556483
"MCO","Monaco",1998,0.248606473556483
"MCO","Monaco",1999,0.248606473556483
"MCO","Monaco",2000,0.248606473556483
"MCO","Monaco",2001,0.248557411139025
"MCO","Monaco",2002,0.248508348721568
"MCO","Monaco",2003,0.24845928630411
"MCO","Monaco",2004,0.248410223886652
"MCO","Monaco",2005,0.248361161469195
"MCO","Monaco",2006,0.248312099051737
"MCO","Monaco",2007,0.248263036634279
"MCO","Monaco",2008,0.248213974216821
"MCO","Monaco",2009,0.248164911799364
"MCO","Monaco",2010,0.248115849381906
"MCO","Monaco",2011,0.248066786964448
"MCO","Monaco",2012,0.24801772454699
"MCO","Monaco",2013,0.247968662129533
"MCO","Monaco",2014,0.247919599712075
"MCO","Monaco",2015,0.247870537294617
"MCO","Monaco",2016,0.247870537294617
"MCO","Monaco",2017,0.247870537294617
"MCO","Monaco",2018,0.247870537294617
"MCO","Monaco",2019,0.247870537294617
"MCO","Monaco",2020,0.247870537294617
"MCO","Monaco",2021,0.247870537294617
"MCO","Monaco",2022,0.247870537294617
"MNG","Mongolia",1995,0.388908098790977
"MNG","Mongolia",1996,0.3916300121087
"MNG","Mongolia",1997,0.393503579970831
"MNG","Mongolia",1998,0.393838038389269
"MNG","Mongolia",1999,0.391367584715478
"MNG","Mongolia",2000,0.392862943203164
"MNG","Mongolia",2001,0.383456543223731
"MNG","Mongolia",2002,0.38024286191009
"MNG","Mongolia",2003,0.377088101384541
"MNG","Mongolia",2004,0.382609108083019
"MNG","Mongolia",2005,0.315232536098176
"MNG","Mongolia",2006,0.333823621965029
"MNG","Mongolia",2007,0.331600774741818
"MNG","Mongolia",2008,0.329377927518608
"MNG","Mongolia",2009,0.327155080295397
"MNG","Mongolia",2010,0.330792466660651
"MNG","Mongolia",2011,0.343725395959331
"MNG","Mongolia",2012,0.320284461605473
"MNG","Mongolia",2013,0.32533638711277
"MNG","Mongolia",2014,0.31563669013876
"MNG","Mongolia",2015,0.311595149732922
"MNG","Mongolia",2016,0.30593699316475
"MNG","Mongolia",2017,0.165278836596577
"MNG","Mongolia",2018,0.146185370683443
"MNG","Mongolia",2019,0.0895687545211078
"MNG","Mongolia",2020,0.0883562923993566
"MNG","Mongolia",2021,0.0873459072978972
"MNG","Mongolia",2022,0.0873459072978972
"MNE","Montenegro",1995,0.190515542362932
"MNE","Montenegro",1996,0.190515542362932
"MNE","Montenegro",1997,0.190515542362932
"MNE","Montenegro",1998,0.190515542362932
"MNE","Montenegro",1999,0.190515542362932
"MNE","Montenegro",2000,0.192334235545559
"MNE","Montenegro",2001,0.192425644404381
"MNE","Montenegro",2002,0.192719130283495
"MNE","Montenegro",2003,0.192810539142318
"MNE","Montenegro",2004,0.19290194800114
"MNE","Montenegro",2005,0.191376740697627
"MNE","Montenegro",2006,0.198506978485257
"MNE","Montenegro",2007,0.216952629414771
"MNE","Montenegro",2008,0.200867376692313
"MNE","Montenegro",2009,0.193968969736913
"MNE","Montenegro",2010,0.160643276704756
"MNE","Montenegro",2011,0.181268334608262
"MNE","Montenegro",2012,0.176956667181533
"MNE","Montenegro",2013,0.154325630682599
"MNE","Montenegro",2014,0.171886442056918
"MNE","Montenegro",2015,0.168594436723578
"MNE","Montenegro",2016,0.178006189759312
"MNE","Montenegro",2017,0.189176223178999
"MNE","Montenegro",2018,0.17014479986775
"MNE","Montenegro",2019,0.173878066195143
"MNE","Montenegro",2020,0.162004661473784
"MNE","Montenegro",2021,0.169961775996807
"MNE","Montenegro",2022,0.168827515675404
"MAR","Morocco",1995,0.479184794687507
"MAR","Morocco",1996,0.463302468289866
"MAR","Morocco",1997,0.467891254377046
"MAR","Morocco",1998,0.464964893031257
"MAR","Morocco",1999,0.459707325583071
"MAR","Morocco",2000,0.45977490211046
"MAR","Morocco",2001,0.464536919647536
"MAR","Morocco",2002,0.450620030406995
"MAR","Morocco",2003,0.45303905927783
"MAR","Morocco",2004,0.434382732936957
"MAR","Morocco",2005,0.439521418334848
"MAR","Morocco",2006,0.410462947292845
"MAR","Morocco",2007,0.441961327961338
"MAR","Morocco",2008,0.434982255180431
"MAR","Morocco",2009,0.437688369918099
"MAR","Morocco",2010,0.424148521537551
"MAR","Morocco",2011,0.421748760948496
"MAR","Morocco",2012,0.427944224692768
"MAR","Morocco",2013,0.425125145219793
"MAR","Morocco",2014,0.424614814467842
"MAR","Morocco",2015,0.417102299341113
"MAR","Morocco",2016,0.413481688529078
"MAR","Morocco",2017,0.409189029739689
"MAR","Morocco",2018,0.322653351761356
"MAR","Morocco",2019,0.296926267639503
"MAR","Morocco",2020,0.289255739304234
"MAR","Morocco",2021,0.286121639003931
"MAR","Morocco",2022,0.291204508691268
"MOZ","Mozambique",1995,0.387665293721145
"MOZ","Mozambique",1996,0.387185176369735
"MOZ","Mozambique",1997,0.38752282274355
"MOZ","Mozambique",1998,0.384224094557418
"MOZ","Mozambique",1999,0.380002767515093
"MOZ","Mozambique",2000,0.377946842120713
"MOZ","Mozambique",2001,0.379812538617667
"MOZ","Mozambique",2002,0.37336301625937
"MOZ","Mozambique",2003,0.382319041089903
"MOZ","Mozambique",2004,0.368779190398027
"MOZ","Mozambique",2005,0.366571476225811
"MOZ","Mozambique",2006,0.364195364536684
"MOZ","Mozambique",2007,0.364850408151937
"MOZ","Mozambique",2008,0.36247429646281
"MOZ","Mozambique",2009,0.359761389739864
"MOZ","Mozambique",2010,0.35283854509417
"MOZ","Mozambique",2011,0.350294035888134
"MOZ","Mozambique",2012,0.348254719232828
"MOZ","Mozambique",2013,0.345878607543701
"MOZ","Mozambique",2014,0.341481725651656
"MOZ","Mozambique",2015,0.342473564300728
"MOZ","Mozambique",2016,0.33876881892871
"MOZ","Mozambique",2017,0.341968371749998
"MOZ","Mozambique",2018,0.330517340600125
"MOZ","Mozambique",2019,0.332874905836864
"MOZ","Mozambique",2020,0.331359328184675
"MOZ","Mozambique",2021,0.329843750532486
"MOZ","Mozambique",2022,0.326980992745017
"MMR","Myanmar",1995,0.443985188672998
"MMR","Myanmar",1996,0.444277690522423
"MMR","Myanmar",1997,0.448520533061576
"MMR","Myanmar",1998,0.437411958871521
"MMR","Myanmar",1999,0.432841226247737
"MMR","Myanmar",2000,0.432841226247737
"MMR","Myanmar",2001,0.431710183875347
"MMR","Myanmar",2002,0.424718907914493
"MMR","Myanmar",2003,0.429650176150859
"MMR","Myanmar",2004,0.42851913377847
"MMR","Myanmar",2005,0.42738809140608
"MMR","Myanmar",2006,0.41625704903369
"MMR","Myanmar",2007,0.416792673327966
"MMR","Myanmar",2008,0.417328297622243
"MMR","Myanmar",2009,0.417661844896228
"MMR","Myanmar",2010,0.409815960355805
"MMR","Myanmar",2011,0.385197683131156
"MMR","Myanmar",2012,0.383864563738475
"MMR","Myanmar",2013,0.382531444345793
"MMR","Myanmar",2014,0.387716715109748
"MMR","Myanmar",2015,0.316631973235759
"MMR","Myanmar",2016,0.311533747230061
"MMR","Myanmar",2017,0.252838810348615
"MMR","Myanmar",2018,0.292815660099414
"MMR","Myanmar",2019,0.320869965652993
"MMR","Myanmar",2020,0.349126348226863
"MMR","Myanmar",2021,0.377382730800734
"MMR","Myanmar",2022,0.374957806557232
"NAM","Namibia",1995,0.481415066005561
"NAM","Namibia",1996,0.487555228211338
"NAM","Namibia",1997,0.488686772580573
"NAM","Namibia",1998,0.482688310932644
"NAM","Namibia",1999,0.478355712919239
"NAM","Namibia",2000,0.466328439154611
"NAM","Namibia",2001,0.474085688856852
"NAM","Namibia",2002,0.466160653826969
"NAM","Namibia",2003,0.467681072139565
"NAM","Namibia",2004,0.463323810888426
"NAM","Namibia",2005,0.461986260132413
"NAM","Namibia",2006,0.463645331898272
"NAM","Namibia",2007,0.457147117224314
"NAM","Namibia",2008,0.460795500655145
"NAM","Namibia",2009,0.459064160019861
"NAM","Namibia",2010,0.460782542027215
"NAM","Namibia",2011,0.465617472962284
"NAM","Namibia",2012,0.45959236936113
"NAM","Namibia",2013,0.460989354017063
"NAM","Namibia",2014,0.458539931334071
"NAM","Namibia",2015,0.453390395098262
"NAM","Namibia",2016,0.414252064619098
"NAM","Namibia",2017,0.324148202538169
"NAM","Namibia",2018,0.410073862857249
"NAM","Namibia",2019,0.390850812556419
"NAM","Namibia",2020,0.345465923436235
"NAM","Namibia",2021,0.317413297590786
"NAM","Namibia",2022,0.307395989088354
"NRU","Nauru",1995,0.620763300543775
"NRU","Nauru",1996,0.620674111734389
"NRU","Nauru",1997,0.620593498772058
"NRU","Nauru",1998,0.620523196097763
"NRU","Nauru",1999,0.620465111596576
"NRU","Nauru",2000,0.621023366478284
"NRU","Nauru",2001,0.621275962753648
"NRU","Nauru",2002,0.621275962753648
"NRU","Nauru",2003,0.621275962753648
"NRU","Nauru",2004,0.621275962753648
"NRU","Nauru",2005,0.621275962753648
"NRU","Nauru",2006,0.621275962753648
"NRU","Nauru",2007,0.61925519255073
"NRU","Nauru",2008,0.621023366478284
"NRU","Nauru",2009,0.621023366478284
"NRU","Nauru",2010,0.620770770202919
"NRU","Nauru",2011,0.621275962753648
"NRU","Nauru",2012,0.620265577652189
"NRU","Nauru",2013,0.620265577652189
"NRU","Nauru",2014,0.620012981376824
"NRU","Nauru",2015,0.621275962753648
"NRU","Nauru",2016,0.594507788826095
"NRU","Nauru",2017,0.61300519255073
"NRU","Nauru",2018,0.612752596275365
"NRU","Nauru",2019,0.6125
"NRU","Nauru",2020,0.6
"NRU","Nauru",2021,0.6
"NRU","Nauru",2022,0.6125
"NPL","Nepal",1995,0.436029640779735
"NPL","Nepal",1996,0.43658998274198
"NPL","Nepal",1997,0.438329175591506
"NPL","Nepal",1998,0.43174488813994
"NPL","Nepal",1999,0.429529119913457
"NPL","Nepal",2000,0.418946776317578
"NPL","Nepal",2001,0.430086787052617
"NPL","Nepal",2002,0.401678369740482
"NPL","Nepal",2003,0.396004113534047
"NPL","Nepal",2004,0.399737468084552
"NPL","Nepal",2005,0.383768502670206
"NPL","Nepal",2006,0.369688036898624
"NPL","Nepal",2007,0.366782827535173
"NPL","Nepal",2008,0.362281989872095
"NPL","Nepal",2009,0.35843805133141
"NPL","Nepal",2010,0.343140541206769
"NPL","Nepal",2011,0.346846349615667
"NPL","Nepal",2012,0.336495790350769
"NPL","Nepal",2013,0.331506304620209
"NPL","Nepal",2014,0.319575990507427
"NPL","Nepal",2015,0.322041523823966
"NPL","Nepal",2016,0.316902285001063
"NPL","Nepal",2017,0.330875530727737
"NPL","Nepal",2018,0.255424541736329
"NPL","Nepal",2019,0.186051413885323
"NPL","Nepal",2020,0.235713646813086
"NPL","Nepal",2021,0.277664010816525
"NPL","Nepal",2022,0.319834932532438
"NLD","Netherlands",1995,0.463515132291214
"NLD","Netherlands",1996,0.457591264760958
"NLD","Netherlands",1997,0.474896943625001
"NLD","Netherlands",1998,0.480641006758455
"NLD","Netherlands",1999,0.485503378278069
"NLD","Netherlands",2000,0.500326845247315
"NLD","Netherlands",2001,0.492872255767386
"NLD","Netherlands",2002,0.494105854629399
"NLD","Netherlands",2003,0.500388209187252
"NLD","Netherlands",2004,0.48795889063751
"NLD","Netherlands",2005,0.500427993762641
"NLD","Netherlands",2006,0.503065623543176
"NLD","Netherlands",2007,0.501259099321783
"NLD","Netherlands",2008,0.492821796159327
"NLD","Netherlands",2009,0.492595409322379
"NLD","Netherlands",2010,0.479593103528866
"NLD","Netherlands",2011,0.483370760715342
"NLD","Netherlands",2012,0.484964802385534
"NLD","Netherlands",2013,0.470929982623264
"NLD","Netherlands",2014,0.486415201014216
"NLD","Netherlands",2015,0.522836135957386
"NLD","Netherlands",2016,0.515537660540235
"NLD","Netherlands",2017,0.527001687939414
"NLD","Netherlands",2018,0.542548631487764
"NLD","Netherlands",2019,0.553447782698964
"NLD","Netherlands",2020,0.559388162277469
"NLD","Netherlands",2021,0.53941008351431
"NLD","Netherlands",2022,0.589523450709264
"NZL","New Zealand",1995,0.1784297141363
"NZL","New Zealand",1996,0.174559320421857
"NZL","New Zealand",1997,0.171656204250136
"NZL","New Zealand",1998,0.180281306013159
"NZL","New Zealand",1999,0.178749045204801
"NZL","New Zealand",2000,0.17727192869203
"NZL","New Zealand",2001,0.176924445921739
"NZL","New Zealand",2002,0.180465246417043
"NZL","New Zealand",2003,0.18797343516897
"NZL","New Zealand",2004,0.195324332763854
"NZL","New Zealand",2005,0.19300048634202
"NZL","New Zealand",2006,0.191611700626722
"NZL","New Zealand",2007,0.18635068948615
"NZL","New Zealand",2008,0.172124067441907
"NZL","New Zealand",2009,0.176475654269662
"NZL","New Zealand",2010,0.170435016592435
"NZL","New Zealand",2011,0.175308639260549
"NZL","New Zealand",2012,0.176385057556967
"NZL","New Zealand",2013,0.18386354462662
"NZL","New Zealand",2014,0.180925694109308
"NZL","New Zealand",2015,0.183030333025748
"NZL","New Zealand",2016,0.191241654695401
"NZL","New Zealand",2017,0.191617612012229
"NZL","New Zealand",2018,0.197241017471103
"NZL","New Zealand",2019,0.195125916679271
"NZL","New Zealand",2020,0.191814890386321
"NZL","New Zealand",2021,0.187859409696305
"NZL","New Zealand",2022,0.188744911310022
"NIC","Nicaragua",1995,0.292905088091495
"NIC","Nicaragua",1996,0.296028246758557
"NIC","Nicaragua",1997,0.294385760234058
"NIC","Nicaragua",1998,0.310682877471373
"NIC","Nicaragua",1999,0.301695097653415
"NIC","Nicaragua",2000,0.301349002144718
"NIC","Nicaragua",2001,0.311703292784448
"NIC","Nicaragua",2002,0.304528243545169
"NIC","Nicaragua",2003,0.310008202761905
"NIC","Nicaragua",2004,0.301725334430596
"NIC","Nicaragua",2005,0.304791673840477
"NIC","Nicaragua",2006,0.30354971346755
"NIC","Nicaragua",2007,0.304272764683817
"NIC","Nicaragua",2008,0.292684404578827
"NIC","Nicaragua",2009,0.297396168719519
"NIC","Nicaragua",2010,0.285150584736145
"NIC","Nicaragua",2011,0.298481496397043
"NIC","Nicaragua",2012,0.28389219652991
"NIC","Nicaragua",2013,0.28080322592744
"NIC","Nicaragua",2014,0.275306514922682
"NIC","Nicaragua",2015,0.285713026436042
"NIC","Nicaragua",2016,0.278259163597786
"NIC","Nicaragua",2017,0.279417330571333
"NIC","Nicaragua",2018,0.27132647077666
"NIC","Nicaragua",2019,0.277430954083885
"NIC","Nicaragua",2020,0.268898898467712
"NIC","Nicaragua",2021,0.270707595523402
"NIC","Nicaragua",2022,0.270303441482818
"NER","Niger",1995,0.443329170592301
"NER","Niger",1996,0.444078266683101
"NER","Niger",1997,0.44345582947701
"NER","Niger",1998,0.442556376445775
"NER","Niger",1999,0.440977001150292
"NER","Niger",2000,0.458265150413089
"NER","Niger",2001,0.449991481248168
"NER","Niger",2002,0.450657284907054
"NER","Niger",2003,0.451720990623314
"NER","Niger",2004,0.450897654469023
"NER","Niger",2005,0.455298575430188
"NER","Niger",2006,0.44934886355765
"NER","Niger",2007,0.451416025706088
"NER","Niger",2008,0.448399966324413
"NER","Niger",2009,0.453385482269731
"NER","Niger",2010,0.455800857242999
"NER","Niger",2011,0.461858726948393
"NER","Niger",2012,0.403722411712308
"NER","Niger",2013,0.401701641509389
"NER","Niger",2014,0.400438660132565
"NER","Niger",2015,0.398165293654281
"NER","Niger",2016,0.397154908552822
"NER","Niger",2017,0.395639330900633
"NER","Niger",2018,0.376889330900633
"NER","Niger",2019,0.374615964422349
"NER","Niger",2020,0.37411077187162
"NER","Niger",2021,0.374363368146985
"NER","Niger",2022,0.372090001668701
"NGA","Nigeria",1995,0.257612233742648
"NGA","Nigeria",1996,0.255878278408427
"NGA","Nigeria",1997,0.254151199169105
"NGA","Nigeria",1998,0.252432360451583
"NGA","Nigeria",1999,0.245057697796288
"NGA","Nigeria",2000,0.24849300714125
"NGA","Nigeria",2001,0.247127911949188
"NGA","Nigeria",2002,0.245762816757126
"NGA","Nigeria",2003,0.230454407164925
"NGA","Nigeria",2004,0.242830549352711
"NGA","Nigeria",2005,0.241465454160649
"NGA","Nigeria",2006,0.239898281948295
"NGA","Nigeria",2007,0.23489580039098
"NGA","Nigeria",2008,0.234541090300377
"NGA","Nigeria",2009,0.235196765311234
"NGA","Nigeria",2010,0.239287749667053
"NGA","Nigeria",2011,0.223373109013976
"NGA","Nigeria",2012,0.229282786552422
"NGA","Nigeria",2013,0.224078227974815
"NGA","Nigeria",2014,0.226956750208882
"NGA","Nigeria",2015,0.230441503503826
"NGA","Nigeria",2016,0.216700266123978
"NGA","Nigeria",2017,0.22660204011828
"NGA","Nigeria",2018,0.22235842269215
"NGA","Nigeria",2019,0.224581269915361
"NGA","Nigeria",2020,0.224581269915361
"NGA","Nigeria",2021,0.216296112083394
"NGA","Nigeria",2022,0.214275341880475
"NOR","Norway",1995,0.103468976572042
"NOR","Norway",1996,0.103468976572042
"NOR","Norway",1997,0.103468976572042
"NOR","Norway",1998,0.103468976572042
"NOR","Norway",1999,0.103468976572042
"NOR","Norway",2000,0.103468976572042
"NOR","Norway",2001,0.103008794029222
"NOR","Norway",2002,0.102548611486401
"NOR","Norway",2003,0.102088428943581
"NOR","Norway",2004,0.101628246400761
"NOR","Norway",2005,0.101168063857941
"NOR","Norway",2006,0.10070788131512
"NOR","Norway",2007,0.1002476987723
"NOR","Norway",2008,0.0997875162294798
"NOR","Norway",2009,0.0993273336866596
"NOR","Norway",2010,0.0988671511438393
"NOR","Norway",2011,0.0984069686010191
"NOR","Norway",2012,0.0979467860581988
"NOR","Norway",2013,0.0974866035153786
"NOR","Norway",2014,0.0928597543058916
"NOR","Norway",2015,0.0923995717630715
"NOR","Norway",2016,0.0923995717630715
"NOR","Norway",2017,0.0923995717630715
"NOR","Norway",2018,0.0923995717630715
"NOR","Norway",2019,0.0923995717630715
"NOR","Norway",2020,0.0923995717630715
"NOR","Norway",2021,0.0923995717630715
"NOR","Norway",2022,0.0923995717630715
"OMN","Oman",1995,0.177498318261514
"OMN","Oman",1996,0.177498318261514
"OMN","Oman",1997,0.177498318261514
"OMN","Oman",1998,0.177498318261514
"OMN","Oman",1999,0.177498318261514
"OMN","Oman",2000,0.177498318261514
"OMN","Oman",2001,0.177891108469287
"OMN","Oman",2002,0.17828389867706
"OMN","Oman",2003,0.178676688884834
"OMN","Oman",2004,0.179069479092607
"OMN","Oman",2005,0.179664346320672
"OMN","Oman",2006,0.180057136528445
"OMN","Oman",2007,0.180247849715927
"OMN","Oman",2008,0.180640639923701
"OMN","Oman",2009,0.181033430131474
"OMN","Oman",2010,0.181426220339247
"OMN","Oman",2011,0.181819010547021
"OMN","Oman",2012,0.182211800754794
"OMN","Oman",2013,0.182604590962567
"OMN","Oman",2014,0.182997381170341
"OMN","Oman",2015,0.183390171378114
"OMN","Oman",2016,0.183390171378114
"OMN","Oman",2017,0.183390171378114
"OMN","Oman",2018,0.183390171378114
"OMN","Oman",2019,0.183390171378114
"OMN","Oman",2020,0.183390171378114
"OMN","Oman",2021,0.183390171378114
"OMN","Oman",2022,0.183390171378114
"PAK","Pakistan",1995,0.277721150753624
"PAK","Pakistan",1996,0.280273137649207
"PAK","Pakistan",1997,0.282704760638639
"PAK","Pakistan",1998,0.282062445291552
"PAK","Pakistan",1999,0.2826915685418
"PAK","Pakistan",2000,0.278323373190844
"PAK","Pakistan",2001,0.273373998255063
"PAK","Pakistan",2002,0.270441769572268
"PAK","Pakistan",2003,0.262566376179053
"PAK","Pakistan",2004,0.261313801397482
"PAK","Pakistan",2005,0.258512369218529
"PAK","Pakistan",2006,0.261187006847844
"PAK","Pakistan",2007,0.2613004030116
"PAK","Pakistan",2008,0.259673300840472
"PAK","Pakistan",2009,0.25679846980219
"PAK","Pakistan",2010,0.249521264088081
"PAK","Pakistan",2011,0.246462573329374
"PAK","Pakistan",2012,0.245179250452232
"PAK","Pakistan",2013,0.245021671447244
"PAK","Pakistan",2014,0.247915256534688
"PAK","Pakistan",2015,0.250544354458548
"PAK","Pakistan",2016,0.255681648179617
"PAK","Pakistan",2017,0.262787129535865
"PAK","Pakistan",2018,0.255184611081318
"PAK","Pakistan",2019,0.187849054397739
"PAK","Pakistan",2020,0.195036915950177
"PAK","Pakistan",2021,0.193059873884316
"PAK","Pakistan",2022,0.192891476367406
"PLW","Palau",1995,0.500020735398877
"PLW","Palau",1996,0.49969126869938
"PLW","Palau",1997,0.49937037784694
"PLW","Palau",1998,0.499059797282535
"PLW","Palau",1999,0.498761454162805
"PLW","Palau",2000,0.498517383628424
"PLW","Palau",2001,0.499000681374903
"PLW","Palau",2002,0.499736575396749
"PLW","Palau",2003,0.500219873143229
"PLW","Palau",2004,0.500955767165075
"PLW","Palau",2005,0.499670890984001
"PLW","Palau",2006,0.501922362658036
"PLW","Palau",2007,0.502405660404516
"PLW","Palau",2008,0.502888958150997
"PLW","Palau",2009,0.503372255897476
"PLW","Palau",2010,0.503602957368593
"PLW","Palau",2011,0.504086255115072
"PLW","Palau",2012,0.508105900716661
"PLW","Palau",2013,0.504800254332668
"PLW","Palau",2014,0.504020570702325
"PLW","Palau",2015,0.505514253550264
"PLW","Palau",2016,0.50425127217344
"PLW","Palau",2017,0.50425127217344
"PLW","Palau",2018,0.50425127217344
"PLW","Palau",2019,0.50425127217344
"PLW","Palau",2020,0.50425127217344
"PLW","Palau",2021,0.50425127217344
"PLW","Palau",2022,0.50425127217344
"PAN","Panama",1995,0.474878653869045
"PAN","Panama",1996,0.473521871354605
"PAN","Panama",1997,0.472170806071536
"PAN","Panama",1998,0.470826614313823
"PAN","Panama",1999,0.46949058085256
"PAN","Panama",2000,0.466940968032603
"PAN","Panama",2001,0.467244184397812
"PAN","Panama",2002,0.466705413178471
"PAN","Panama",2003,0.457578368596726
"PAN","Panama",2004,0.46545947322288
"PAN","Panama",2005,0.464752304486629
"PAN","Panama",2006,0.464045135750379
"PAN","Panama",2007,0.463337967014128
"PAN","Panama",2008,0.462462400760968
"PAN","Panama",2009,0.461755232024717
"PAN","Panama",2010,0.462395243423746
"PAN","Panama",2011,0.460004099518396
"PAN","Panama",2012,0.459296930782146
"PAN","Panama",2013,0.460105339698085
"PAN","Panama",2014,0.457714195792735
"PAN","Panama",2015,0.456838629539575
"PAN","Panama",2016,0.455491449404295
"PAN","Panama",2017,0.453302281684467
"PAN","Panama",2018,0.453133884167557
"PAN","Panama",2019,0.452965486650647
"PAN","Panama",2020,0.450607921413908
"PAN","Panama",2021,0.450607921413908
"PAN","Panama",2022,0.451113113964638
"PNG","Papua New Guinea",1995,0.633856422539114
"PNG","Papua New Guinea",1996,0.633856422539114
"PNG","Papua New Guinea",1997,0.65618976629957
"PNG","Papua New Guinea",1998,0.650792776168706
"PNG","Papua New Guinea",1999,0.645408016255681
"PNG","Papua New Guinea",2000,0.630320074684007
"PNG","Papua New Guinea",2001,0.627660065191228
"PNG","Papua New Guinea",2002,0.624747459423086
"PNG","Papua New Guinea",2003,0.622087449930308
"PNG","Papua New Guinea",2004,0.619174844162165
"PNG","Papua New Guinea",2005,0.616514834669387
"PNG","Papua New Guinea",2006,0.618906750683906
"PNG","Papua New Guinea",2007,0.610689623133101
"PNG","Papua New Guinea",2008,0.607777017364958
"PNG","Papua New Guinea",2009,0.601075467466343
"PNG","Papua New Guinea",2010,0.593363532466268
"PNG","Papua New Guinea",2011,0.597018429857611
"PNG","Papua New Guinea",2012,0.594611016640198
"PNG","Papua New Guinea",2013,0.59195100714742
"PNG","Papua New Guinea",2014,0.589290997654642
"PNG","Papua New Guinea",2015,0.586630988161864
"PNG","Papua New Guinea",2016,0.599008205654741
"PNG","Papua New Guinea",2017,0.384610217958945
"PNG","Papua New Guinea",2018,0.397427721118431
"PNG","Papua New Guinea",2019,0.379745981842892
"PNG","Papua New Guinea",2020,0.387576466379202
"PNG","Papua New Guinea",2021,0.386566081277743
"PNG","Papua New Guinea",2022,0.391365410509674
"PRY","Paraguay",1995,0.211018300441344
"PRY","Paraguay",1996,0.193253827717685
"PRY","Paraguay",1997,0.192945057146691
"PRY","Paraguay",1998,0.190218000985607
"PRY","Paraguay",1999,0.188690683160772
"PRY","Paraguay",2000,0.18650456747754
"PRY","Paraguay",2001,0.183675489193453
"PRY","Paraguay",2002,0.18226095005141
"PRY","Paraguay",2003,0.180442256868783
"PRY","Paraguay",2004,0.179229794747032
"PRY","Paraguay",2005,0.176198639442654
"PRY","Paraguay",2006,0.172157099036816
"PRY","Paraguay",2007,0.1725612530774
"PRY","Paraguay",2008,0.172157099036816
"PRY","Paraguay",2009,0.171752944996233
"PRY","Paraguay",2010,0.170742559894773
"PRY","Paraguay",2011,0.169125943732438
"PRY","Paraguay",2012,0.169934251813606
"PRY","Paraguay",2013,0.167509327570103
"PRY","Paraguay",2014,0.167509327570103
"PRY","Paraguay",2015,0.166903096509228
"PRY","Paraguay",2016,0.168721789691854
"PRY","Paraguay",2017,0.166903096509228
"PRY","Paraguay",2018,0.166296865448352
"PRY","Paraguay",2019,0.16609478842806
"PRY","Paraguay",2020,0.167690140467954
"PRY","Paraguay",2021,0.185715762902392
"PRY","Paraguay",2022,0.185715762902392
"PER","Peru",1995,0.208383168678102
"PER","Peru",1996,0.207371300634427
"PER","Peru",1997,0.213894881050314
"PER","Peru",1998,0.207103789657042
"PER","Peru",1999,0.197874134371645
"PER","Peru",2000,0.213670241734868
"PER","Peru",2001,0.206997129472583
"PER","Peru",2002,0.206699590290388
"PER","Peru",2003,0.211584284343924
"PER","Peru",2004,0.212455554249366
"PER","Peru",2005,0.198768127217058
"PER","Peru",2006,0.199132658874335
"PER","Peru",2007,0.19662169763354
"PER","Peru",2008,0.186142056206156
"PER","Peru",2009,0.173906211560141
"PER","Peru",2010,0.148273142951058
"PER","Peru",2011,0.142888515722764
"PER","Peru",2012,0.140511233095524
"PER","Peru",2013,0.138807540535923
"PER","Peru",2014,0.137440643010142
"PER","Peru",2015,0.135736950450542
"PER","Peru",2016,0.136307391735738
"PER","Peru",2017,0.137655839297922
"PER","Peru",2018,0.141740182694334
"PER","Peru",2019,0.124022018249411
"PER","Peru",2020,0.0901971408949473
"PER","Peru",2021,0.0967222646634342
"PER","Peru",2022,0.0957118795619748
"PHL","Philippines",1995,0.453677117338074
"PHL","Philippines",1996,0.452694854890457
"PHL","Philippines",1997,0.4542460993439
"PHL","Philippines",1998,0.450138377867618
"PHL","Philippines",1999,0.443222218542833
"PHL","Philippines",2000,0.43813581359749
"PHL","Philippines",2001,0.442542371701247
"PHL","Philippines",2002,0.428153503173499
"PHL","Philippines",2003,0.426908616767244
"PHL","Philippines",2004,0.411583996072608
"PHL","Philippines",2005,0.416215715514104
"PHL","Philippines",2006,0.416166786385631
"PHL","Philippines",2007,0.409409364280007
"PHL","Philippines",2008,0.405945856955507
"PHL","Philippines",2009,0.395052091940425
"PHL","Philippines",2010,0.401318183579774
"PHL","Philippines",2011,0.396407009397539
"PHL","Philippines",2012,0.398394999376452
"PHL","Philippines",2013,0.399160759326904
"PHL","Philippines",2014,0.394704477919097
"PHL","Philippines",2015,0.404696738005603
"PHL","Philippines",2016,0.397286732988012
"PHL","Philippines",2017,0.398918026734845
"PHL","Philippines",2018,0.404004519917238
"PHL","Philippines",2019,0.359721757565274
"PHL","Philippines",2020,0.342989638901914
"PHL","Philippines",2021,0.30008810518816
"PHL","Philippines",2022,0.304634838144727
"POL","Poland",1995,0.140090330654839
"POL","Poland",1996,0.149127334197738
"POL","Poland",1997,0.151034287974779
"POL","Poland",1998,0.154338091848763
"POL","Poland",1999,0.156728386542027
"POL","Poland",2000,0.15805969333556
"POL","Poland",2001,0.157576813473289
"POL","Poland",2002,0.159189225714295
"POL","Poland",2003,0.162276194402046
"POL","Poland",2004,0.164601269448323
"POL","Poland",2005,0.169646349150668
"POL","Poland",2006,0.173737700925392
"POL","Poland",2007,0.183189176545227
"POL","Poland",2008,0.191617659633338
"POL","Poland",2009,0.193440423776124
"POL","Poland",2010,0.193075190916927
"POL","Poland",2011,0.196856992328669
"POL","Poland",2012,0.19260626648223
"POL","Poland",2013,0.183910895701024
"POL","Poland",2014,0.189179720534959
"POL","Poland",2015,0.189943999107317
"POL","Poland",2016,0.191623543593093
"POL","Poland",2017,0.204392651176484
"POL","Poland",2018,0.204805407749838
"POL","Poland",2019,0.207824773406579
"POL","Poland",2020,0.20309420374551
"POL","Poland",2021,0.19566243585666
"POL","Poland",2022,0.204382164728413
"PRT","Portugal",1995,0.364387599010452
"PRT","Portugal",1996,0.355726083892126
"PRT","Portugal",1997,0.36147916142816
"PRT","Portugal",1998,0.360751488940676
"PRT","Portugal",1999,0.368034205662617
"PRT","Portugal",2000,0.363921967002379
"PRT","Portugal",2001,0.362444637407584
"PRT","Portugal",2002,0.360520146567111
"PRT","Portugal",2003,0.363869053157783
"PRT","Portugal",2004,0.361630181690709
"PRT","Portugal",2005,0.369216021683074
"PRT","Portugal",2006,0.362477091170496
"PRT","Portugal",2007,0.357790536785593
"PRT","Portugal",2008,0.362160812172857
"PRT","Portugal",2009,0.357767008621998
"PRT","Portugal",2010,0.34740186487106
"PRT","Portugal",2011,0.352966375575502
"PRT","Portugal",2012,0.356865387228466
"PRT","Portugal",2013,0.34634720179851
"PRT","Portugal",2014,0.344154473857997
"PRT","Portugal",2015,0.355598437780713
"PRT","Portugal",2016,0.307788124447005
"PRT","Portugal",2017,0.268759706682778
"PRT","Portugal",2018,0.265701289859803
"PRT","Portugal",2019,0.264063828408007
"PRT","Portugal",2020,0.242636659368445
"PRT","Portugal",2021,0.246465169663101
"PRT","Portugal",2022,0.254706579709756
"QAT","Qatar",1995,0.284450926917611
"QAT","Qatar",1996,0.284450926917611
"QAT","Qatar",1997,0.284450926917611
"QAT","Qatar",1998,0.284450926917611
"QAT","Qatar",1999,0.284450926917611
"QAT","Qatar",2000,0.284450926917611
"QAT","Qatar",2001,0.284274638158463
"QAT","Qatar",2002,0.284098349399316
"QAT","Qatar",2003,0.283922060640169
"QAT","Qatar",2004,0.283745771881021
"QAT","Qatar",2005,0.283569483121874
"QAT","Qatar",2006,0.283393194362727
"QAT","Qatar",2007,0.283216905603579
"QAT","Qatar",2008,0.283040616844432
"QAT","Qatar",2009,0.282864328085284
"QAT","Qatar",2010,0.282688039326137
"QAT","Qatar",2011,0.28251175056699
"QAT","Qatar",2012,0.282335461807842
"QAT","Qatar",2013,0.282159173048695
"QAT","Qatar",2014,0.281982884289548
"QAT","Qatar",2015,0.2818065955304
"QAT","Qatar",2016,0.2818065955304
"QAT","Qatar",2017,0.2818065955304
"QAT","Qatar",2018,0.2818065955304
"QAT","Qatar",2019,0.2818065955304
"QAT","Qatar",2020,0.2818065955304
"QAT","Qatar",2021,0.2818065955304
"QAT","Qatar",2022,0.2818065955304
"ROU","Romania",1995,0.347256218227728
"ROU","Romania",1996,0.347392010612826
"ROU","Romania",1997,0.350120205988426
"ROU","Romania",1998,0.343985456636206
"ROU","Romania",1999,0.330993418146698
"ROU","Romania",2000,0.341178544862477
"ROU","Romania",2001,0.348560984860001
"ROU","Romania",2002,0.344865941912627
"ROU","Romania",2003,0.346394689347122
"ROU","Romania",2004,0.352864237784377
"ROU","Romania",2005,0.34879030207349
"ROU","Romania",2006,0.351138066620802
"ROU","Romania",2007,0.35460969950611
"ROU","Romania",2008,0.347538616047672
"ROU","Romania",2009,0.33390378586465
"ROU","Romania",2010,0.335889876900724
"ROU","Romania",2011,0.334953956753023
"ROU","Romania",2012,0.336526601424271
"ROU","Romania",2013,0.328999596178564
"ROU","Romania",2014,0.325841141011398
"ROU","Romania",2015,0.325220045734684
"ROU","Romania",2016,0.333420084474371
"ROU","Romania",2017,0.334418705422608
"ROU","Romania",2018,0.336195449312584
"ROU","Romania",2019,0.345855392563342
"ROU","Romania",2020,0.342240403044407
"ROU","Romania",2021,0.348029336782394
"ROU","Romania",2022,0.349802131251401
"RUS","Russian Federation",1995,0.113505380136566
"RUS","Russian Federation",1996,0.113505380136566
"RUS","Russian Federation",1997,0.113505380136566
"RUS","Russian Federation",1998,0.113505380136566
"RUS","Russian Federation",1999,0.113505380136566
"RUS","Russian Federation",2000,0.117210125508584
"RUS","Russian Federation",2001,0.117033274772475
"RUS","Russian Federation",2002,0.117024821553276
"RUS","Russian Federation",2003,0.117016368334077
"RUS","Russian Federation",2004,0.116839517597969
"RUS","Russian Federation",2005,0.11683106437877
"RUS","Russian Federation",2006,0.116654213642661
"RUS","Russian Federation",2007,0.116477362906552
"RUS","Russian Federation",2008,0.116300512170444
"RUS","Russian Federation",2009,0.116123661434335
"RUS","Russian Federation",2010,0.114599630562947
"RUS","Russian Federation",2011,0.114759574860658
"RUS","Russian Federation",2012,0.11340394150618
"RUS","Russian Federation",2013,0.113395488286981
"RUS","Russian Federation",2014,0.113387035067782
"RUS","Russian Federation",2015,0.116789803442862
"RUS","Russian Federation",2016,0.10605563361671
"RUS","Russian Federation",2017,0.100878581848583
"RUS","Russian Federation",2018,0.0967119151819168
"RUS","Russian Federation",2019,0.0928820435490699
"RUS","Russian Federation",2020,0.09271364603216
"RUS","Russian Federation",2021,0.0883785818485835
"RUS","Russian Federation",2022,0.0758785818485835
"RWA","Rwanda",1995,NA
"RWA","Rwanda",1996,NA
"RWA","Rwanda",1997,NA
"RWA","Rwanda",1998,NA
"RWA","Rwanda",1999,NA
"RWA","Rwanda",2000,NA
"RWA","Rwanda",2001,NA
"RWA","Rwanda",2002,NA
"RWA","Rwanda",2003,NA
"RWA","Rwanda",2004,NA
"RWA","Rwanda",2005,NA
"RWA","Rwanda",2006,NA
"RWA","Rwanda",2007,NA
"RWA","Rwanda",2008,NA
"RWA","Rwanda",2009,NA
"RWA","Rwanda",2010,NA
"RWA","Rwanda",2011,NA
"RWA","Rwanda",2012,NA
"RWA","Rwanda",2013,NA
"RWA","Rwanda",2014,NA
"RWA","Rwanda",2015,NA
"RWA","Rwanda",2016,NA
"RWA","Rwanda",2017,NA
"RWA","Rwanda",2018,NA
"RWA","Rwanda",2019,NA
"RWA","Rwanda",2020,NA
"RWA","Rwanda",2021,NA
"RWA","Rwanda",2022,NA
"KNA","Saint Kitts and Nevis",1995,NA
"KNA","Saint Kitts and Nevis",1996,NA
"KNA","Saint Kitts and Nevis",1997,NA
"KNA","Saint Kitts and Nevis",1998,NA
"KNA","Saint Kitts and Nevis",1999,NA
"KNA","Saint Kitts and Nevis",2000,NA
"KNA","Saint Kitts and Nevis",2001,NA
"KNA","Saint Kitts and Nevis",2002,NA
"KNA","Saint Kitts and Nevis",2003,NA
"KNA","Saint Kitts and Nevis",2004,NA
"KNA","Saint Kitts and Nevis",2005,NA
"KNA","Saint Kitts and Nevis",2006,NA
"KNA","Saint Kitts and Nevis",2007,NA
"KNA","Saint Kitts and Nevis",2008,NA
"KNA","Saint Kitts and Nevis",2009,NA
"KNA","Saint Kitts and Nevis",2010,NA
"KNA","Saint Kitts and Nevis",2011,NA
"KNA","Saint Kitts and Nevis",2012,NA
"KNA","Saint Kitts and Nevis",2013,NA
"KNA","Saint Kitts and Nevis",2014,NA
"KNA","Saint Kitts and Nevis",2015,NA
"KNA","Saint Kitts and Nevis",2016,NA
"KNA","Saint Kitts and Nevis",2017,NA
"KNA","Saint Kitts and Nevis",2018,NA
"KNA","Saint Kitts and Nevis",2019,NA
"KNA","Saint Kitts and Nevis",2020,NA
"KNA","Saint Kitts and Nevis",2021,NA
"KNA","Saint Kitts and Nevis",2022,NA
"LCA","Saint Lucia",1995,0.192544729111668
"LCA","Saint Lucia",1996,0.192544729111668
"LCA","Saint Lucia",1997,0.192544729111668
"LCA","Saint Lucia",1998,0.192544729111668
"LCA","Saint Lucia",1999,0.192544729111668
"LCA","Saint Lucia",2000,0.192544729111668
"LCA","Saint Lucia",2001,0.18278040149804
"LCA","Saint Lucia",2002,0.188424446681666
"LCA","Saint Lucia",2003,0.186490603604348
"LCA","Saint Lucia",2004,0.18455676052703
"LCA","Saint Lucia",2005,0.182622917449712
"LCA","Saint Lucia",2006,0.180689074372394
"LCA","Saint Lucia",2007,0.178502635019711
"LCA","Saint Lucia",2008,0.176316195667028
"LCA","Saint Lucia",2009,0.174382352589709
"LCA","Saint Lucia",2010,0.172701105787756
"LCA","Saint Lucia",2011,0.169756877608978
"LCA","Saint Lucia",2012,0.170096401009944
"LCA","Saint Lucia",2013,0.165383998903612
"LCA","Saint Lucia",2014,0.163197559550929
"LCA","Saint Lucia",2015,0.161011120198246
"LCA","Saint Lucia",2016,0.158990349995328
"LCA","Saint Lucia",2017,0.158737753719963
"LCA","Saint Lucia",2018,0.158485157444598
"LCA","Saint Lucia",2019,0.158485157444598
"LCA","Saint Lucia",2020,0.158485157444598
"LCA","Saint Lucia",2021,0.158485157444598
"LCA","Saint Lucia",2022,0.158485157444598
"VCT","Saint Vincent and the Grenadines",1995,0.455871015236475
"VCT","Saint Vincent and the Grenadines",1996,0.452475365233478
"VCT","Saint Vincent and the Grenadines",1997,0.44908832962067
"VCT","Saint Vincent and the Grenadines",1998,0.44571158502433
"VCT","Saint Vincent and the Grenadines",1999,0.442347077872665
"VCT","Saint Vincent and the Grenadines",2000,0.43859571329671
"VCT","Saint Vincent and the Grenadines",2001,0.432785271991611
"VCT","Saint Vincent and the Grenadines",2002,0.433037141295269
"VCT","Saint Vincent and the Grenadines",2003,0.430005259019185
"VCT","Saint Vincent and the Grenadines",2004,0.427225973018464
"VCT","Saint Vincent and the Grenadines",2005,0.42419409074238
"VCT","Saint Vincent and the Grenadines",2006,0.421162208466295
"VCT","Saint Vincent and the Grenadines",2007,0.41813032619021
"VCT","Saint Vincent and the Grenadines",2008,0.415098443914125
"VCT","Saint Vincent and the Grenadines",2009,0.41206656163804
"VCT","Saint Vincent and the Grenadines",2010,0.409034679361955
"VCT","Saint Vincent and the Grenadines",2011,0.405750200810506
"VCT","Saint Vincent and the Grenadines",2012,0.402718318534421
"VCT","Saint Vincent and the Grenadines",2013,0.399433839982971
"VCT","Saint Vincent and the Grenadines",2014,0.396401957706887
"VCT","Saint Vincent and the Grenadines",2015,0.393370075430802
"VCT","Saint Vincent and the Grenadines",2016,0.392612286604707
"VCT","Saint Vincent and the Grenadines",2017,0.391854497778612
"VCT","Saint Vincent and the Grenadines",2018,0.391854497778612
"VCT","Saint Vincent and the Grenadines",2019,0.391854497778612
"VCT","Saint Vincent and the Grenadines",2020,0.391854497778612
"VCT","Saint Vincent and the Grenadines",2021,0.391854497778612
"VCT","Saint Vincent and the Grenadines",2022,0.391854497778612
"WSM","Samoa",1995,0.421635508143571
"WSM","Samoa",1996,0.419669538566921
"WSM","Samoa",1997,0.417712144837327
"WSM","Samoa",1998,0.415765042124201
"WSM","Samoa",1999,0.413830196127317
"WSM","Samoa",2000,0.411503096667545
"WSM","Samoa",2001,0.408616364698789
"WSM","Samoa",2002,0.405982229005399
"WSM","Samoa",2003,0.403348093312008
"WSM","Samoa",2004,0.400713957618617
"WSM","Samoa",2005,0.398079821925226
"WSM","Samoa",2006,0.383573661289688
"WSM","Samoa",2007,0.392306357987715
"WSM","Samoa",2008,0.377042408526082
"WSM","Samoa",2009,0.37642904303561
"WSM","Samoa",2010,0.379099429124881
"WSM","Samoa",2011,0.377223082257585
"WSM","Samoa",2012,0.375851927941018
"WSM","Samoa",2013,0.374228177349087
"WSM","Samoa",2014,0.370836252829601
"WSM","Samoa",2015,0.368959905962305
"WSM","Samoa",2016,0.367191732034751
"WSM","Samoa",2017,0.372496253817413
"WSM","Samoa",2018,0.327418365556467
"WSM","Samoa",2019,0.322683943208657
"WSM","Samoa",2020,0.314413173005738
"WSM","Samoa",2021,0.31870730968694
"WSM","Samoa",2022,0.48745730968694
"SMR","San Marino",1995,NA
"SMR","San Marino",1996,NA
"SMR","San Marino",1997,NA
"SMR","San Marino",1998,NA
"SMR","San Marino",1999,NA
"SMR","San Marino",2000,NA
"SMR","San Marino",2001,NA
"SMR","San Marino",2002,NA
"SMR","San Marino",2003,NA
"SMR","San Marino",2004,NA
"SMR","San Marino",2005,NA
"SMR","San Marino",2006,NA
"SMR","San Marino",2007,NA
"SMR","San Marino",2008,NA
"SMR","San Marino",2009,NA
"SMR","San Marino",2010,NA
"SMR","San Marino",2011,NA
"SMR","San Marino",2012,NA
"SMR","San Marino",2013,NA
"SMR","San Marino",2014,NA
"SMR","San Marino",2015,NA
"SMR","San Marino",2016,NA
"SMR","San Marino",2017,NA
"SMR","San Marino",2018,NA
"SMR","San Marino",2019,NA
"SMR","San Marino",2020,NA
"SMR","San Marino",2021,NA
"SMR","San Marino",2022,NA
"STP","Sao Tome and Principe",1995,NA
"STP","Sao Tome and Principe",1996,NA
"STP","Sao Tome and Principe",1997,NA
"STP","Sao Tome and Principe",1998,NA
"STP","Sao Tome and Principe",1999,NA
"STP","Sao Tome and Principe",2000,NA
"STP","Sao Tome and Principe",2001,NA
"STP","Sao Tome and Principe",2002,NA
"STP","Sao Tome and Principe",2003,NA
"STP","Sao Tome and Principe",2004,NA
"STP","Sao Tome and Principe",2005,NA
"STP","Sao Tome and Principe",2006,NA
"STP","Sao Tome and Principe",2007,NA
"STP","Sao Tome and Principe",2008,NA
"STP","Sao Tome and Principe",2009,NA
"STP","Sao Tome and Principe",2010,NA
"STP","Sao Tome and Principe",2011,NA
"STP","Sao Tome and Principe",2012,NA
"STP","Sao Tome and Principe",2013,NA
"STP","Sao Tome and Principe",2014,NA
"STP","Sao Tome and Principe",2015,NA
"STP","Sao Tome and Principe",2016,NA
"STP","Sao Tome and Principe",2017,NA
"STP","Sao Tome and Principe",2018,NA
"STP","Sao Tome and Principe",2019,NA
"STP","Sao Tome and Principe",2020,NA
"STP","Sao Tome and Principe",2021,NA
"STP","Sao Tome and Principe",2022,NA
"SAU","Saudi Arabia",1995,0.277658787181155
"SAU","Saudi Arabia",1996,0.277658787181155
"SAU","Saudi Arabia",1997,0.277658787181155
"SAU","Saudi Arabia",1998,0.277658787181155
"SAU","Saudi Arabia",1999,0.277658787181155
"SAU","Saudi Arabia",2000,0.277658787181155
"SAU","Saudi Arabia",2001,0.277700150583
"SAU","Saudi Arabia",2002,0.277741513984844
"SAU","Saudi Arabia",2003,0.277782877386688
"SAU","Saudi Arabia",2004,0.277824240788532
"SAU","Saudi Arabia",2005,0.277865604190376
"SAU","Saudi Arabia",2006,0.27790696759222
"SAU","Saudi Arabia",2007,0.277948330994064
"SAU","Saudi Arabia",2008,0.277989694395908
"SAU","Saudi Arabia",2009,0.278031057797752
"SAU","Saudi Arabia",2010,0.278072421199596
"SAU","Saudi Arabia",2011,0.278113784601441
"SAU","Saudi Arabia",2012,0.278155148003285
"SAU","Saudi Arabia",2013,0.278196511405129
"SAU","Saudi Arabia",2014,0.278237874806973
"SAU","Saudi Arabia",2015,0.278279238208817
"SAU","Saudi Arabia",2016,0.278447635725727
"SAU","Saudi Arabia",2017,0.278279238208817
"SAU","Saudi Arabia",2018,0.278447635725727
"SAU","Saudi Arabia",2019,0.11161257154215
"SAU","Saudi Arabia",2020,0.11161257154215
"SAU","Saudi Arabia",2021,0.269945904875484
"SAU","Saudi Arabia",2022,0.269945904875484
"SEN","Senegal",1995,0.480081621548388
"SEN","Senegal",1996,0.484707946691937
"SEN","Senegal",1997,0.48190496590767
"SEN","Senegal",1998,0.489876860136442
"SEN","Senegal",1999,0.488288556083612
"SEN","Senegal",2000,0.490264777528209
"SEN","Senegal",2001,0.491832560098921
"SEN","Senegal",2002,0.479436876705671
"SEN","Senegal",2003,0.486791203186036
"SEN","Senegal",2004,0.492608641912358
"SEN","Senegal",2005,0.485149786936783
"SEN","Senegal",2006,0.481318238588924
"SEN","Senegal",2007,0.476456262050982
"SEN","Senegal",2008,0.476835665598793
"SEN","Senegal",2009,0.429116839526477
"SEN","Senegal",2010,0.429499205196322
"SEN","Senegal",2011,0.429021945368727
"SEN","Senegal",2012,0.425652927933076
"SEN","Senegal",2013,0.438979468702228
"SEN","Senegal",2014,0.433794157724607
"SEN","Senegal",2015,0.452642963891632
"SEN","Senegal",2016,0.443317669847386
"SEN","Senegal",2017,0.440102118696975
"SEN","Senegal",2018,0.444213220710659
"SEN","Senegal",2019,0.435044088274393
"SEN","Senegal",2020,0.431137597777557
"SEN","Senegal",2021,0.432411061043114
"SEN","Senegal",2022,0.432613138063406
"SRB","Serbia",1995,0.304011130845978
"SRB","Serbia",1996,0.333010320881822
"SRB","Serbia",1997,0.337153611775058
"SRB","Serbia",1998,0.332412778473976
"SRB","Serbia",1999,0.311336625796111
"SRB","Serbia",2000,0.311046139860179
"SRB","Serbia",2001,0.33051457458758
"SRB","Serbia",2002,0.335958473918441
"SRB","Serbia",2003,0.341090663285674
"SRB","Serbia",2004,0.350976878476726
"SRB","Serbia",2005,0.357002263745091
"SRB","Serbia",2006,0.360596856465028
"SRB","Serbia",2007,0.356864535786309
"SRB","Serbia",2008,0.359434606977669
"SRB","Serbia",2009,0.348614955544048
"SRB","Serbia",2010,0.350574380584678
"SRB","Serbia",2011,0.344972382831858
"SRB","Serbia",2012,0.316142947621362
"SRB","Serbia",2013,0.284906878711596
"SRB","Serbia",2014,0.269958787347655
"SRB","Serbia",2015,0.257241073918847
"SRB","Serbia",2016,0.25001805467383
"SRB","Serbia",2017,0.246303516700457
"SRB","Serbia",2018,0.378136757680792
"SRB","Serbia",2019,0.365337889756538
"SRB","Serbia",2020,0.338158609124851
"SRB","Serbia",2021,0.333024577745276
"SRB","Serbia",2022,0.334713394268246
"SYC","Seychelles",1995,NA
"SYC","Seychelles",1996,NA
"SYC","Seychelles",1997,NA
"SYC","Seychelles",1998,NA
"SYC","Seychelles",1999,NA
"SYC","Seychelles",2000,NA
"SYC","Seychelles",2001,NA
"SYC","Seychelles",2002,NA
"SYC","Seychelles",2003,NA
"SYC","Seychelles",2004,NA
"SYC","Seychelles",2005,NA
"SYC","Seychelles",2006,NA
"SYC","Seychelles",2007,NA
"SYC","Seychelles",2008,NA
"SYC","Seychelles",2009,NA
"SYC","Seychelles",2010,NA
"SYC","Seychelles",2011,NA
"SYC","Seychelles",2012,NA
"SYC","Seychelles",2013,NA
"SYC","Seychelles",2014,NA
"SYC","Seychelles",2015,NA
"SYC","Seychelles",2016,NA
"SYC","Seychelles",2017,NA
"SYC","Seychelles",2018,NA
"SYC","Seychelles",2019,NA
"SYC","Seychelles",2020,NA
"SYC","Seychelles",2021,NA
"SYC","Seychelles",2022,NA
"SLE","Sierra Leone",1995,NA
"SLE","Sierra Leone",1996,NA
"SLE","Sierra Leone",1997,NA
"SLE","Sierra Leone",1998,NA
"SLE","Sierra Leone",1999,NA
"SLE","Sierra Leone",2000,NA
"SLE","Sierra Leone",2001,NA
"SLE","Sierra Leone",2002,NA
"SLE","Sierra Leone",2003,NA
"SLE","Sierra Leone",2004,NA
"SLE","Sierra Leone",2005,NA
"SLE","Sierra Leone",2006,NA
"SLE","Sierra Leone",2007,NA
"SLE","Sierra Leone",2008,NA
"SLE","Sierra Leone",2009,NA
"SLE","Sierra Leone",2010,NA
"SLE","Sierra Leone",2011,NA
"SLE","Sierra Leone",2012,NA
"SLE","Sierra Leone",2013,NA
"SLE","Sierra Leone",2014,NA
"SLE","Sierra Leone",2015,NA
"SLE","Sierra Leone",2016,NA
"SLE","Sierra Leone",2017,NA
"SLE","Sierra Leone",2018,NA
"SLE","Sierra Leone",2019,NA
"SLE","Sierra Leone",2020,NA
"SLE","Sierra Leone",2021,NA
"SLE","Sierra Leone",2022,NA
"SGP","Singapore",1995,0.495284608441235
"SGP","Singapore",1996,0.495284608441235
"SGP","Singapore",1997,0.495284608441235
"SGP","Singapore",1998,0.495284608441235
"SGP","Singapore",1999,0.495284608441235
"SGP","Singapore",2000,0.495284608441235
"SGP","Singapore",2001,0.495289504462102
"SGP","Singapore",2002,0.495294400482969
"SGP","Singapore",2003,0.495299296503835
"SGP","Singapore",2004,0.495304192524702
"SGP","Singapore",2005,0.495309088545569
"SGP","Singapore",2006,0.495313984566435
"SGP","Singapore",2007,0.495318880587302
"SGP","Singapore",2008,0.495323776608168
"SGP","Singapore",2009,0.495328672629035
"SGP","Singapore",2010,0.495333568649902
"SGP","Singapore",2011,0.495338464670768
"SGP","Singapore",2012,0.495343360691635
"SGP","Singapore",2013,0.495348256712501
"SGP","Singapore",2014,0.495353152733368
"SGP","Singapore",2015,0.495358048754235
"SGP","Singapore",2016,0.495358048754235
"SGP","Singapore",2017,0.495358048754235
"SGP","Singapore",2018,0.495358048754235
"SGP","Singapore",2019,0.495358048754235
"SGP","Singapore",2020,0.495358048754235
"SGP","Singapore",2021,0.495358048754235
"SGP","Singapore",2022,0.495358048754235
"SVK","Slovakia",1995,0.35928845469202
"SVK","Slovakia",1996,0.367865367339105
"SVK","Slovakia",1997,0.367391229395327
"SVK","Slovakia",1998,0.362760772635579
"SVK","Slovakia",1999,0.353649988603774
"SVK","Slovakia",2000,0.351404193155395
"SVK","Slovakia",2001,0.345916300240076
"SVK","Slovakia",2002,0.349793972113251
"SVK","Slovakia",2003,0.350656984366172
"SVK","Slovakia",2004,0.357138337859121
"SVK","Slovakia",2005,0.352712682451043
"SVK","Slovakia",2006,0.349676526921195
"SVK","Slovakia",2007,0.359736048851307
"SVK","Slovakia",2008,0.352285201075044
"SVK","Slovakia",2009,0.355961520595449
"SVK","Slovakia",2010,0.348997174448902
"SVK","Slovakia",2011,0.351491061608584
"SVK","Slovakia",2012,0.343055052633382
"SVK","Slovakia",2013,0.341462988317469
"SVK","Slovakia",2014,0.343936004009335
"SVK","Slovakia",2015,0.340395663608902
"SVK","Slovakia",2016,0.341141961144987
"SVK","Slovakia",2017,0.349735367483937
"SVK","Slovakia",2018,0.346585800763248
"SVK","Slovakia",2019,0.360489201713043
"SVK","Slovakia",2020,0.333297414541364
"SVK","Slovakia",2021,0.325435468723159
"SVK","Slovakia",2022,0.357466198223172
"SVN","Slovenia",1995,0.251825012363281
"SVN","Slovenia",1996,0.259224591922182
"SVN","Slovenia",1997,0.259206296432657
"SVN","Slovenia",1998,0.254271877173719
"SVN","Slovenia",1999,0.260052296461546
"SVN","Slovenia",2000,0.253222539336398
"SVN","Slovenia",2001,0.248446655927696
"SVN","Slovenia",2002,0.249978176021392
"SVN","Slovenia",2003,0.254610698838135
"SVN","Slovenia",2004,0.252836160363366
"SVN","Slovenia",2005,0.252293394229583
"SVN","Slovenia",2006,0.252886388246711
"SVN","Slovenia",2007,0.253173615900776
"SVN","Slovenia",2008,0.25815835564421
"SVN","Slovenia",2009,0.248492016076882
"SVN","Slovenia",2010,0.249284441372468
"SVN","Slovenia",2011,0.24784231655218
"SVN","Slovenia",2012,0.254182353804792
"SVN","Slovenia",2013,0.247323017293135
"SVN","Slovenia",2014,0.243326593311396
"SVN","Slovenia",2015,0.250628808364901
"SVN","Slovenia",2016,0.250815765259183
"SVN","Slovenia",2017,0.254088699288887
"SVN","Slovenia",2018,0.255959854819875
"SVN","Slovenia",2019,0.257053127142137
"SVN","Slovenia",2020,0.245115785705075
"SVN","Slovenia",2021,0.250049758760276
"SVN","Slovenia",2022,0.267335793549754
"SLB","Solomon Islands",1995,0.814567080101233
"SLB","Solomon Islands",1996,0.814567080101233
"SLB","Solomon Islands",1997,0.814567080101233
"SLB","Solomon Islands",1998,0.814567080101233
"SLB","Solomon Islands",1999,0.814567080101233
"SLB","Solomon Islands",2000,0.842352670391366
"SLB","Solomon Islands",2001,0.835027378405786
"SLB","Solomon Islands",2002,0.827702086420205
"SLB","Solomon Islands",2003,0.820376794434625
"SLB","Solomon Islands",2004,0.813051502449044
"SLB","Solomon Islands",2005,0.805726210463463
"SLB","Solomon Islands",2006,0.817850831680976
"SLB","Solomon Islands",2007,0.821639775811449
"SLB","Solomon Islands",2008,0.783245141955992
"SLB","Solomon Islands",2009,0.800674284956167
"SLB","Solomon Islands",2010,0.764805613854359
"SLB","Solomon Islands",2011,0.755459551665859
"SLB","Solomon Islands",2012,0.745860893201995
"SLB","Solomon Islands",2013,0.741314160245428
"SLB","Solomon Islands",2014,0.726663576274267
"SLB","Solomon Islands",2015,0.658794147607484
"SLB","Solomon Islands",2016,0.675963663071174
"SLB","Solomon Islands",2017,0.676591638129026
"SLB","Solomon Islands",2018,0.644266346143445
"SLB","Solomon Islands",2019,0.753922880230311
"SLB","Solomon Islands",2020,0.563832010592542
"SLB","Solomon Islands",2021,0.567743737230137
"SLB","Solomon Islands",2022,0.706001526056231
"SOM","Somalia",1995,0.370735538793292
"SOM","Somalia",1996,0.370735538793292
"SOM","Somalia",1997,0.370735538793292
"SOM","Somalia",1998,0.370735538793292
"SOM","Somalia",1999,0.370735538793292
"SOM","Somalia",2000,0.370735538793292
"SOM","Somalia",2001,0.364052977622167
"SOM","Somalia",2002,0.357117820175677
"SOM","Somalia",2003,0.350940451555282
"SOM","Somalia",2004,0.344257890384157
"SOM","Somalia",2005,0.337575329213031
"SOM","Somalia",2006,0.336955078650663
"SOM","Somalia",2007,0.324210206870781
"SOM","Somalia",2008,0.317275049424291
"SOM","Somalia",2009,0.310592488253166
"SOM","Somalia",2010,0.242781628443748
"SOM","Somalia",2011,0.243424359258203
"SOM","Somalia",2012,0.243814493797294
"SOM","Somalia",2013,0.244457224611749
"SOM","Somalia",2014,0.244594762875475
"SOM","Somalia",2015,0.244984897414565
"SOM","Somalia",2016,0.24523749368993
"SOM","Somalia",2017,0.242711530936282
"SOM","Somalia",2018,0.24624787879139
"SOM","Somalia",2019,0.250036822921862
"SOM","Somalia",2020,0.248268648994308
"SOM","Somalia",2021,0.249784226646497
"SOM","Somalia",2022,0.250794611747957
"ZAF","South Africa",1995,0.243642037702293
"ZAF","South Africa",1996,0.243642037702293
"ZAF","South Africa",1997,0.2236307668953
"ZAF","South Africa",1998,0.231349018967871
"ZAF","South Africa",1999,0.220518049182752
"ZAF","South Africa",2000,0.218719205199629
"ZAF","South Africa",2001,0.222431257708029
"ZAF","South Africa",2002,0.211492726245269
"ZAF","South Africa",2003,0.207963685526544
"ZAF","South Africa",2004,0.204939837358549
"ZAF","South Africa",2005,0.204610349461113
"ZAF","South Africa",2006,0.204786054114406
"ZAF","South Africa",2007,0.20260419353096
"ZAF","South Africa",2008,0.202779898184253
"ZAF","South Africa",2009,0.201608422702267
"ZAF","South Africa",2010,0.20127893480483
"ZAF","South Africa",2011,0.199939061805934
"ZAF","South Africa",2012,0.197252008671759
"ZAF","South Africa",2013,0.197259315808142
"ZAF","South Africa",2014,0.196087840326156
"ZAF","South Africa",2015,0.197105532563998
"ZAF","South Africa",2016,0.199463097800737
"ZAF","South Africa",2017,0.181954443549521
"ZAF","South Africa",2018,0.184227028776569
"ZAF","South Africa",2019,0.186499614003617
"ZAF","South Africa",2020,0.1808575159359
"ZAF","South Africa",2021,0.182036298554269
"ZAF","South Africa",2022,0.186751429027746
"ESP","Spain",1995,0.301438923934456
"ESP","Spain",1996,0.301131620477462
"ESP","Spain",1997,0.304212157651176
"ESP","Spain",1998,0.310589680856672
"ESP","Spain",1999,0.314768968910528
"ESP","Spain",2000,0.314791158233215
"ESP","Spain",2001,0.311247881305443
"ESP","Spain",2002,0.319279611637028
"ESP","Spain",2003,0.315226346317787
"ESP","Spain",2004,0.317457922389673
"ESP","Spain",2005,0.326327520069785
"ESP","Spain",2006,0.326668108137743
"ESP","Spain",2007,0.323208129926683
"ESP","Spain",2008,0.328081984508655
"ESP","Spain",2009,0.324274387314918
"ESP","Spain",2010,0.31845749059575
"ESP","Spain",2011,0.318428197503518
"ESP","Spain",2012,0.311276697555805
"ESP","Spain",2013,0.304969646410695
"ESP","Spain",2014,0.311845517518706
"ESP","Spain",2015,0.311903770969696
"ESP","Spain",2016,0.309597012573897
"ESP","Spain",2017,0.3135412906287
"ESP","Spain",2018,0.313847137518107
"ESP","Spain",2019,0.317660131924906
"ESP","Spain",2020,0.298786840590398
"ESP","Spain",2021,0.302008202476144
"ESP","Spain",2022,0.315520898059905
"LKA","Sri Lanka",1995,0.414093465894714
"LKA","Sri Lanka",1996,0.416232644886978
"LKA","Sri Lanka",1997,0.417094151779128
"LKA","Sri Lanka",1998,0.418081597646019
"LKA","Sri Lanka",1999,0.418192088705962
"LKA","Sri Lanka",2000,0.423589612521378
"LKA","Sri Lanka",2001,0.432474599582722
"LKA","Sri Lanka",2002,0.409664700361672
"LKA","Sri Lanka",2003,0.40992207894514
"LKA","Sri Lanka",2004,0.413120928440098
"LKA","Sri Lanka",2005,0.412387145409693
"LKA","Sri Lanka",2006,0.404305353485117
"LKA","Sri Lanka",2007,0.408855817643804
"LKA","Sri Lanka",2008,0.403627114028565
"LKA","Sri Lanka",2009,0.38985665291205
"LKA","Sri Lanka",2010,0.391046080933845
"LKA","Sri Lanka",2011,0.407738200763816
"LKA","Sri Lanka",2012,0.414057759723847
"LKA","Sri Lanka",2013,0.403538599176394
"LKA","Sri Lanka",2014,0.406420899742828
"LKA","Sri Lanka",2015,0.4005061907414
"LKA","Sri Lanka",2016,0.412276935088956
"LKA","Sri Lanka",2017,0.388688143030864
"LKA","Sri Lanka",2018,0.346641288540395
"LKA","Sri Lanka",2019,0.31095496355483
"LKA","Sri Lanka",2020,0.261290718350658
"LKA","Sri Lanka",2021,0.258360675951868
"LKA","Sri Lanka",2022,0.258360675951868
"SDN","Sudan",1995,0.368096912419357
"SDN","Sudan",1996,0.365225483145351
"SDN","Sudan",1997,0.364575177754574
"SDN","Sudan",1998,0.361182995464976
"SDN","Sudan",1999,0.34241367817012
"SDN","Sudan",2000,0.355509542652924
"SDN","Sudan",2001,0.344785027417599
"SDN","Sudan",2002,0.344332760713777
"SDN","Sudan",2003,0.344048891526865
"SDN","Sudan",2004,0.343596624823043
"SDN","Sudan",2005,0.343144358119221
"SDN","Sudan",2006,0.342692091415399
"SDN","Sudan",2007,0.342239824711577
"SDN","Sudan",2008,0.360984874935483
"SDN","Sudan",2009,0.3458820242605
"SDN","Sudan",2010,0.334147123923715
"SDN","Sudan",2011,0.330326906881695
"SDN","Sudan",2012,0.326338292322765
"SDN","Sudan",2013,0.324232904012949
"SDN","Sudan",2014,0.322764297786177
"SDN","Sudan",2015,0.321153797499783
"SDN","Sudan",2016,0.320848688268093
"SDN","Sudan",2017,0.323994112523101
"SDN","Sudan",2018,0.333435665423197
"SDN","Sudan",2019,0.269983545742116
"SDN","Sudan",2020,0.267094842880958
"SDN","Sudan",2021,0.271047393663798
"SDN","Sudan",2022,0.268689828427059
"SUR","Suriname",1995,0.288401088713068
"SUR","Suriname",1996,0.288401088713068
"SUR","Suriname",1997,0.288401088713068
"SUR","Suriname",1998,0.288401088713068
"SUR","Suriname",1999,0.288401088713068
"SUR","Suriname",2000,0.299070906942245
"SUR","Suriname",2001,0.29932350321761
"SUR","Suriname",2002,0.299576099492974
"SUR","Suriname",2003,0.299828695768339
"SUR","Suriname",2004,0.300081292043704
"SUR","Suriname",2005,0.300333888319069
"SUR","Suriname",2006,0.310185143058298
"SUR","Suriname",2007,0.300839080869799
"SUR","Suriname",2008,0.300839080869799
"SUR","Suriname",2009,0.301091677145163
"SUR","Suriname",2010,0.309679950507568
"SUR","Suriname",2011,0.309477657633253
"SUR","Suriname",2012,0.301091677145163
"SUR","Suriname",2013,0.324967160356099
"SUR","Suriname",2014,0.337512924240707
"SUR","Suriname",2015,0.311407144080279
"SUR","Suriname",2016,0.33253848156176
"SUR","Suriname",2017,0.315229966230947
"SUR","Suriname",2018,0.298151314355479
"SUR","Suriname",2019,0.327731082496821
"SUR","Suriname",2020,0.323761608405482
"SUR","Suriname",2021,0.321492160830047
"SUR","Suriname",2022,0.320986968279318
"SWZ","Swaziland",1995,0.45395631200273
"SWZ","Swaziland",1996,0.446451507521555
"SWZ","Swaziland",1997,0.427169727315847
"SWZ","Swaziland",1998,0.43065279950765
"SWZ","Swaziland",1999,0.420622676453314
"SWZ","Swaziland",2000,0.42499581054818
"SWZ","Swaziland",2001,0.418596734117037
"SWZ","Swaziland",2002,0.404816794540138
"SWZ","Swaziland",2003,0.390954435958237
"SWZ","Swaziland",2004,0.375022836802891
"SWZ","Swaziland",2005,0.37563948354595
"SWZ","Swaziland",2006,0.378395664110947
"SWZ","Swaziland",2007,0.366631960922066
"SWZ","Swaziland",2008,0.35817650915498
"SWZ","Swaziland",2009,0.375008311905875
"SWZ","Swaziland",2010,0.357027812125129
"SWZ","Swaziland",2011,0.369315148804153
"SWZ","Swaziland",2012,0.369131512929009
"SWZ","Swaziland",2013,0.342642555381648
"SWZ","Swaziland",2014,0.332655660009025
"SWZ","Swaziland",2015,0.336362025205623
"SWZ","Swaziland",2016,0.281718895097633
"SWZ","Swaziland",2017,0.260093908726936
"SWZ","Swaziland",2018,0.257195250891627
"SWZ","Swaziland",2019,0.255538551546309
"SWZ","Swaziland",2020,0.246442396766031
"SWZ","Swaziland",2021,0.23960844292956
"SWZ","Swaziland",2022,0.19737402058175
"SWE","Sweden",1995,0.331858205766498
"SWE","Sweden",1996,0.336472082081372
"SWE","Sweden",1997,0.333313006036978
"SWE","Sweden",1998,0.33253268885347
"SWE","Sweden",1999,0.327976909011253
"SWE","Sweden",2000,0.335032029790474
"SWE","Sweden",2001,0.330887510044452
"SWE","Sweden",2002,0.331540570877067
"SWE","Sweden",2003,0.342401521571389
"SWE","Sweden",2004,0.33184530023183
"SWE","Sweden",2005,0.333327813223841
"SWE","Sweden",2006,0.333898755998388
"SWE","Sweden",2007,0.331411332980948
"SWE","Sweden",2008,0.334373696556101
"SWE","Sweden",2009,0.333414375275842
"SWE","Sweden",2010,0.332745143731772
"SWE","Sweden",2011,0.331696928172769
"SWE","Sweden",2012,0.320062329021979
"SWE","Sweden",2013,0.324284397651851
"SWE","Sweden",2014,0.324455925559819
"SWE","Sweden",2015,0.322428283804087
"SWE","Sweden",2016,0.326563965806166
"SWE","Sweden",2017,0.315453874363208
"SWE","Sweden",2018,0.318864344766945
"SWE","Sweden",2019,0.320987989624232
"SWE","Sweden",2020,0.325042936339231
"SWE","Sweden",2021,0.304844572877414
"SWE","Sweden",2022,0.315777869137827
"CHE","Switzerland",1995,0.447132833439545
"CHE","Switzerland",1996,0.455055796952649
"CHE","Switzerland",1997,0.451718939462111
"CHE","Switzerland",1998,0.454749261448723
"CHE","Switzerland",1999,0.444212314558224
"CHE","Switzerland",2000,0.44572989041736
"CHE","Switzerland",2001,0.448093010413619
"CHE","Switzerland",2002,0.449382817894332
"CHE","Switzerland",2003,0.446629448273949
"CHE","Switzerland",2004,0.44943686725324
"CHE","Switzerland",2005,0.458451850241599
"CHE","Switzerland",2006,0.452053586090944
"CHE","Switzerland",2007,0.442731207236625
"CHE","Switzerland",2008,0.448446919275756
"CHE","Switzerland",2009,0.449159050589391
"CHE","Switzerland",2010,0.447446633365656
"CHE","Switzerland",2011,0.446663823608687
"CHE","Switzerland",2012,0.447365641811426
"CHE","Switzerland",2013,0.447330879806626
"CHE","Switzerland",2014,0.440219869517927
"CHE","Switzerland",2015,0.444535085379353
"CHE","Switzerland",2016,0.451855132930754
"CHE","Switzerland",2017,0.302702964707298
"CHE","Switzerland",2018,0.289626215531251
"CHE","Switzerland",2019,0.292342179442314
"CHE","Switzerland",2020,0.292436079252293
"CHE","Switzerland",2021,0.286410864240099
"CHE","Switzerland",2022,0.28526152847434
"SYR","Syrian Arab Republic",1995,0.113311407659658
"SYR","Syrian Arab Republic",1996,0.113311407659658
"SYR","Syrian Arab Republic",1997,0.113311407659658
"SYR","Syrian Arab Republic",1998,0.113311407659658
"SYR","Syrian Arab Republic",1999,0.113311407659658
"SYR","Syrian Arab Republic",2000,0.113311407659658
"SYR","Syrian Arab Republic",2001,0.113869528734036
"SYR","Syrian Arab Republic",2002,0.12695642506651
"SYR","Syrian Arab Republic",2003,0.114783693862499
"SYR","Syrian Arab Republic",2004,0.115341814936877
"SYR","Syrian Arab Republic",2005,0.115899936011255
"SYR","Syrian Arab Republic",2006,0.100696049502866
"SYR","Syrian Arab Republic",2007,0.116814101139718
"SYR","Syrian Arab Republic",2008,0.117170145193804
"SYR","Syrian Arab Republic",2009,0.11752618924789
"SYR","Syrian Arab Republic",2010,0.114244846936722
"SYR","Syrian Arab Republic",2011,0.116621661193727
"SYR","Syrian Arab Republic",2012,0.14888242847085
"SYR","Syrian Arab Republic",2013,0.204932792086406
"SYR","Syrian Arab Republic",2014,0.225359473953094
"SYR","Syrian Arab Republic",2015,0.232368443610611
"SYR","Syrian Arab Republic",2016,0.237744219921586
"SYR","Syrian Arab Republic",2017,0.247405437366489
"SYR","Syrian Arab Republic",2018,0.253029877128086
"SYR","Syrian Arab Republic",2019,0.231104944759653
"SYR","Syrian Arab Republic",2020,0.223474529667902
"SYR","Syrian Arab Republic",2021,0.217937620368278
"SYR","Syrian Arab Republic",2022,0.217533466327694
"TJK","Tajikistan",1995,0.308862773726855
"TJK","Tajikistan",1996,0.301442688506104
"TJK","Tajikistan",1997,0.312903604292725
"TJK","Tajikistan",1998,0.317224522682596
"TJK","Tajikistan",1999,0.303766865536648
"TJK","Tajikistan",2000,0.307045790101062
"TJK","Tajikistan",2001,0.302164851047608
"TJK","Tajikistan",2002,0.293192866973046
"TJK","Tajikistan",2003,0.281400558546966
"TJK","Tajikistan",2004,0.295409041267502
"TJK","Tajikistan",2005,0.287828135707633
"TJK","Tajikistan",2006,0.298274265718425
"TJK","Tajikistan",2007,0.302003450766515
"TJK","Tajikistan",2008,0.305056383474893
"TJK","Tajikistan",2009,0.280266474177546
"TJK","Tajikistan",2010,0.279270245769068
"TJK","Tajikistan",2011,0.280196837829607
"TJK","Tajikistan",2012,0.27721353901211
"TJK","Tajikistan",2013,0.272491259111175
"TJK","Tajikistan",2014,0.282550748633749
"TJK","Tajikistan",2015,0.282618997377632
"TJK","Tajikistan",2016,0.275919935803665
"TJK","Tajikistan",2017,0.124712943503739
"TJK","Tajikistan",2018,0.0648199438120962
"TJK","Tajikistan",2019,0.0726049740044838
"TJK","Tajikistan",2020,0.080882123701134
"TJK","Tajikistan",2021,0.0769811984392686
"TJK","Tajikistan",2022,0.0759708133378093
"TZA","Tanzania, United Republic of",1995,0.323414513190128
"TZA","Tanzania, United Republic of",1996,0.31356436260303
"TZA","Tanzania, United Republic of",1997,0.318235762318902
"TZA","Tanzania, United Republic of",1998,0.314591210427898
"TZA","Tanzania, United Republic of",1999,0.311165950634587
"TZA","Tanzania, United Republic of",2000,0.310800388579076
"TZA","Tanzania, United Republic of",2001,0.309824272227479
"TZA","Tanzania, United Republic of",2002,0.3091787014014
"TZA","Tanzania, United Republic of",2003,0.308790985656995
"TZA","Tanzania, United Republic of",2004,0.31165615547322
"TZA","Tanzania, United Republic of",2005,0.307145243995674
"TZA","Tanzania, United Republic of",2006,0.305894189425237
"TZA","Tanzania, United Republic of",2007,0.302499691150527
"TZA","Tanzania, United Republic of",2008,0.309510113026794
"TZA","Tanzania, United Republic of",2009,0.308597455697199
"TZA","Tanzania, United Republic of",2010,0.304544131510334
"TZA","Tanzania, United Republic of",2011,0.309093132318817
"TZA","Tanzania, United Republic of",2012,0.310644129742958
"TZA","Tanzania, United Republic of",2013,0.31030562751474
"TZA","Tanzania, United Republic of",2014,0.296638023577862
"TZA","Tanzania, United Republic of",2015,0.294745688277077
"TZA","Tanzania, United Republic of",2016,0.266032916572505
"TZA","Tanzania, United Republic of",2017,0.265248953944417
"TZA","Tanzania, United Republic of",2018,0.252015303339265
"TZA","Tanzania, United Republic of",2019,0.247877357204538
"TZA","Tanzania, United Republic of",2020,0.244043152039551
"TZA","Tanzania, United Republic of",2021,0.240755946274007
"TZA","Tanzania, United Republic of",2022,0.235535623249801
"THA","Thailand",1995,0.407894246833629
"THA","Thailand",1996,0.409679442888508
"THA","Thailand",1997,0.40288575223253
"THA","Thailand",1998,0.396673530741531
"THA","Thailand",1999,0.396991440088629
"THA","Thailand",2000,0.395465215125461
"THA","Thailand",2001,0.389323603024422
"THA","Thailand",2002,0.392824565767379
"THA","Thailand",2003,0.397218975891398
"THA","Thailand",2004,0.404378818840451
"THA","Thailand",2005,0.402943675088363
"THA","Thailand",2006,0.394688912546422
"THA","Thailand",2007,0.405524848756288
"THA","Thailand",2008,0.404343275439984
"THA","Thailand",2009,0.402005458043741
"THA","Thailand",2010,0.402909458845285
"THA","Thailand",2011,0.408739775396834
"THA","Thailand",2012,0.411532538329801
"THA","Thailand",2013,0.412115703729428
"THA","Thailand",2014,0.413617705412164
"THA","Thailand",2015,0.419816158321595
"THA","Thailand",2016,0.418232016288014
"THA","Thailand",2017,0.426396302160304
"THA","Thailand",2018,0.432966396226224
"THA","Thailand",2019,0.428365877947314
"THA","Thailand",2020,0.415669469908551
"THA","Thailand",2021,0.419594845160209
"THA","Thailand",2022,0.419763242677119
"TLS","Timor-Leste",1995,NA
"TLS","Timor-Leste",1996,NA
"TLS","Timor-Leste",1997,NA
"TLS","Timor-Leste",1998,NA
"TLS","Timor-Leste",1999,NA
"TLS","Timor-Leste",2000,NA
"TLS","Timor-Leste",2001,NA
"TLS","Timor-Leste",2002,NA
"TLS","Timor-Leste",2003,NA
"TLS","Timor-Leste",2004,NA
"TLS","Timor-Leste",2005,NA
"TLS","Timor-Leste",2006,NA
"TLS","Timor-Leste",2007,NA
"TLS","Timor-Leste",2008,NA
"TLS","Timor-Leste",2009,NA
"TLS","Timor-Leste",2010,NA
"TLS","Timor-Leste",2011,NA
"TLS","Timor-Leste",2012,NA
"TLS","Timor-Leste",2013,NA
"TLS","Timor-Leste",2014,NA
"TLS","Timor-Leste",2015,NA
"TLS","Timor-Leste",2016,NA
"TLS","Timor-Leste",2017,NA
"TLS","Timor-Leste",2018,NA
"TLS","Timor-Leste",2019,NA
"TLS","Timor-Leste",2020,NA
"TLS","Timor-Leste",2021,NA
"TLS","Timor-Leste",2022,NA
"TGO","Togo",1995,0.363300994861142
"TGO","Togo",1996,0.361568748054331
"TGO","Togo",1997,0.360071446349121
"TGO","Togo",1998,0.36114240523722
"TGO","Togo",1999,0.360251879302345
"TGO","Togo",2000,0.355576566015374
"TGO","Togo",2001,0.34590243538232
"TGO","Togo",2002,0.345939441800509
"TGO","Togo",2003,0.347890338235489
"TGO","Togo",2004,0.343713933451345
"TGO","Togo",2005,0.338429060262167
"TGO","Togo",2006,0.329794049144275
"TGO","Togo",2007,0.327396255609019
"TGO","Togo",2008,0.325282537497231
"TGO","Togo",2009,0.342386732785179
"TGO","Togo",2010,0.344380650120627
"TGO","Togo",2011,0.32448136858699
"TGO","Togo",2012,0.322707957368489
"TGO","Togo",2013,0.312494771321802
"TGO","Togo",2014,0.306730531391422
"TGO","Togo",2015,0.299074221420577
"TGO","Togo",2016,0.302880058697218
"TGO","Togo",2017,0.296396200916536
"TGO","Togo",2018,0.295043242306978
"TGO","Togo",2019,0.280320782006292
"TGO","Togo",2020,0.270922076550259
"TGO","Togo",2021,0.27159287392382
"TGO","Togo",2022,0.269066911170172
"TON","Tonga",1995,0.727251633744634
"TON","Tonga",1996,0.725317019006547
"TON","Tonga",1997,0.723390999387084
"TON","Tonga",1998,0.721475270784087
"TON","Tonga",1999,0.719571779625767
"TON","Tonga",2000,0.717623863652538
"TON","Tonga",2001,0.715855689724984
"TON","Tonga",2002,0.71408751579743
"TON","Tonga",2003,0.712571938145241
"TON","Tonga",2004,0.710803764217687
"TON","Tonga",2005,0.709035590290133
"TON","Tonga",2006,0.700699913203093
"TON","Tonga",2007,0.70524664615966
"TON","Tonga",2008,0.703478472232106
"TON","Tonga",2009,0.701457702029188
"TON","Tonga",2010,0.699436931826269
"TON","Tonga",2011,0.700952509478458
"TON","Tonga",2012,0.699436931826269
"TON","Tonga",2013,0.693627217492877
"TON","Tonga",2014,0.691606447289959
"TON","Tonga",2015,0.68125
"TON","Tonga",2016,0.688827888260945
"TON","Tonga",2017,0.685796732956567
"TON","Tonga",2018,0.683775962753648
"TON","Tonga",2019,0.685291540405838
"TON","Tonga",2020,0.631502596275365
"TON","Tonga",2021,0.625
"TON","Tonga",2022,0.625
"TTO","Trinidad and Tobago",1995,0.298486242994599
"TTO","Trinidad and Tobago",1996,0.298486242994599
"TTO","Trinidad and Tobago",1997,0.298486242994599
"TTO","Trinidad and Tobago",1998,0.298486242994599
"TTO","Trinidad and Tobago",1999,0.298486242994599
"TTO","Trinidad and Tobago",2000,0.298486242994599
"TTO","Trinidad and Tobago",2001,0.290050778705955
"TTO","Trinidad and Tobago",2002,0.289698395228986
"TTO","Trinidad and Tobago",2003,0.289346011752017
"TTO","Trinidad and Tobago",2004,0.289162025791958
"TTO","Trinidad and Tobago",2005,0.292177592653187
"TTO","Trinidad and Tobago",2006,0.283742128364543
"TTO","Trinidad and Tobago",2007,0.283726539921395
"TTO","Trinidad and Tobago",2008,0.283710951478245
"TTO","Trinidad and Tobago",2009,0.285379338204195
"TTO","Trinidad and Tobago",2010,0.283679774591947
"TTO","Trinidad and Tobago",2011,0.287874124071546
"TTO","Trinidad and Tobago",2012,0.283648597705649
"TTO","Trinidad and Tobago",2013,0.2836330092625
"TTO","Trinidad and Tobago",2014,0.283617420819351
"TTO","Trinidad and Tobago",2015,0.283601832376202
"TTO","Trinidad and Tobago",2016,0.241935165709535
"TTO","Trinidad and Tobago",2017,0.241935165709535
"TTO","Trinidad and Tobago",2018,0.221101832376202
"TTO","Trinidad and Tobago",2019,0.200268499042869
"TTO","Trinidad and Tobago",2020,0.200268499042869
"TTO","Trinidad and Tobago",2021,0.200268499042869
"TTO","Trinidad and Tobago",2022,0.200268499042869
"TUN","Tunisia",1995,0.24477578409977
"TUN","Tunisia",1996,0.237215486417138
"TUN","Tunisia",1997,0.235140596751472
"TUN","Tunisia",1998,0.231557329848965
"TUN","Tunisia",1999,0.246558329256321
"TUN","Tunisia",2000,0.250592318792605
"TUN","Tunisia",2001,0.266703257326711
"TUN","Tunisia",2002,0.26407341149217
"TUN","Tunisia",2003,0.272994605927673
"TUN","Tunisia",2004,0.269801147027611
"TUN","Tunisia",2005,0.265488492664663
"TUN","Tunisia",2006,0.27780223243205
"TUN","Tunisia",2007,0.25488824250723
"TUN","Tunisia",2008,0.271753090542725
"TUN","Tunisia",2009,0.263370954784083
"TUN","Tunisia",2010,0.266211552176336
"TUN","Tunisia",2011,0.277789468732061
"TUN","Tunisia",2012,0.286134247999941
"TUN","Tunisia",2013,0.294075161451279
"TUN","Tunisia",2014,0.306480802032172
"TUN","Tunisia",2015,0.319042328623708
"TUN","Tunisia",2016,0.323563827778618
"TUN","Tunisia",2017,0.333166609933557
"TUN","Tunisia",2018,0.337748603982899
"TUN","Tunisia",2019,0.344091105586068
"TUN","Tunisia",2020,0.339293689364068
"TUN","Tunisia",2021,0.33539752980517
"TUN","Tunisia",2022,0.33509821069824
"TUR","Turkey",1995,0.391821413455761
"TUR","Turkey",1996,0.393924919975295
"TUR","Turkey",1997,0.393440470866417
"TUR","Turkey",1998,0.393435962270676
"TUR","Turkey",1999,0.394772317337321
"TUR","Turkey",2000,0.403042934158388
"TUR","Turkey",2001,0.401252900192607
"TUR","Turkey",2002,0.406889823632807
"TUR","Turkey",2003,0.41180098862679
"TUR","Turkey",2004,0.412052460513092
"TUR","Turkey",2005,0.414656900516746
"TUR","Turkey",2006,0.415570591310176
"TUR","Turkey",2007,0.417828806978397
"TUR","Turkey",2008,0.414547925553094
"TUR","Turkey",2009,0.411015103950195
"TUR","Turkey",2010,0.411293546633454
"TUR","Turkey",2011,0.412108975151956
"TUR","Turkey",2012,0.418965762068576
"TUR","Turkey",2013,0.41923038276558
"TUR","Turkey",2014,0.422531000356838
"TUR","Turkey",2015,0.425307557154851
"TUR","Turkey",2016,0.420046723521632
"TUR","Turkey",2017,0.423187891132076
"TUR","Turkey",2018,0.417619784047618
"TUR","Turkey",2019,0.411562651737075
"TUR","Turkey",2020,0.410122027920564
"TUR","Turkey",2021,0.411441573252554
"TUR","Turkey",2022,0.413817778981402
"TKM","Turkmenistan",1995,0.138154215379065
"TKM","Turkmenistan",1996,0.138154215379065
"TKM","Turkmenistan",1997,0.138154215379065
"TKM","Turkmenistan",1998,0.138154215379065
"TKM","Turkmenistan",1999,0.138154215379065
"TKM","Turkmenistan",2000,0.138154215379065
"TKM","Turkmenistan",2001,0.138154215379065
"TKM","Turkmenistan",2002,0.138154215379065
"TKM","Turkmenistan",2003,0.138154215379065
"TKM","Turkmenistan",2004,0.138356292399357
"TKM","Turkmenistan",2005,0.138356292399357
"TKM","Turkmenistan",2006,0.137750061338481
"TKM","Turkmenistan",2007,0.138154215379065
"TKM","Turkmenistan",2008,0.138154215379065
"TKM","Turkmenistan",2009,0.137952138358773
"TKM","Turkmenistan",2010,0.137345907297897
"TKM","Turkmenistan",2011,0.137750061338481
"TKM","Turkmenistan",2012,0.137547984318189
"TKM","Turkmenistan",2013,0.137547984318189
"TKM","Turkmenistan",2014,0.137345907297897
"TKM","Turkmenistan",2015,0.137345907297897
"TKM","Turkmenistan",2016,0.137345907297897
"TKM","Turkmenistan",2017,0.137345907297897
"TKM","Turkmenistan",2018,0.137345907297897
"TKM","Turkmenistan",2019,0.137547984318189
"TKM","Turkmenistan",2020,0.137345907297897
"TKM","Turkmenistan",2021,0.137345907297897
"TKM","Turkmenistan",2022,0.137345907297897
"TUV","Tuvalu",1995,0.738640198869702
"TUV","Tuvalu",1996,0.738640198869702
"TUV","Tuvalu",1997,0.738640198869702
"TUV","Tuvalu",1998,0.738640198869702
"TUV","Tuvalu",1999,0.738640198869702
"TUV","Tuvalu",2000,0.738640198869702
"TUV","Tuvalu",2001,0.738135006318972
"TUV","Tuvalu",2002,0.738640198869702
"TUV","Tuvalu",2003,0.737377217492877
"TUV","Tuvalu",2004,0.736872024942148
"TUV","Tuvalu",2005,0.736366832391418
"TUV","Tuvalu",2006,0.735861639840688
"TUV","Tuvalu",2007,0.73333567708704
"TUV","Tuvalu",2008,0.734598658463864
"TUV","Tuvalu",2009,0.73384086963777
"TUV","Tuvalu",2010,0.73333567708704
"TUV","Tuvalu",2011,0.732577888260945
"TUV","Tuvalu",2012,0.730809714333391
"TUV","Tuvalu",2013,0.731062310608756
"TUV","Tuvalu",2014,0.730304521782662
"TUV","Tuvalu",2015,0.729799329231932
"TUV","Tuvalu",2016,0.731820099434851
"TUV","Tuvalu",2017,0.709533751579743
"TUV","Tuvalu",2018,0.708775962753648
"TUV","Tuvalu",2019,0.688257788826095
"TUV","Tuvalu",2020,0.676515577652189
"TUV","Tuvalu",2021,0.638257788826095
"TUV","Tuvalu",2022,0.5875
"UGA","Uganda",1995,0.494921412994303
"UGA","Uganda",1996,0.505174623920882
"UGA","Uganda",1997,0.502107684830099
"UGA","Uganda",1998,0.500894659568304
"UGA","Uganda",1999,0.498288546059659
"UGA","Uganda",2000,0.496170034159566
"UGA","Uganda",2001,0.493349721855984
"UGA","Uganda",2002,0.494946072772281
"UGA","Uganda",2003,0.488102758145464
"UGA","Uganda",2004,0.485315683109295
"UGA","Uganda",2005,0.49459486214737
"UGA","Uganda",2006,0.496810994731634
"UGA","Uganda",2007,0.472456724841684
"UGA","Uganda",2008,0.455660079638793
"UGA","Uganda",2009,0.458610771724722
"UGA","Uganda",2010,0.441433294870351
"UGA","Uganda",2011,0.423101301777242
"UGA","Uganda",2012,0.394492181199116
"UGA","Uganda",2013,0.397019137721515
"UGA","Uganda",2014,0.368131480637035
"UGA","Uganda",2015,0.36047952207654
"UGA","Uganda",2016,0.358988889188017
"UGA","Uganda",2017,0.330794227176935
"UGA","Uganda",2018,0.29207358773073
"UGA","Uganda",2019,0.277614840716595
"UGA","Uganda",2020,0.303713411851846
"UGA","Uganda",2021,0.311154748712936
"UGA","Uganda",2022,0.329272086147671
"UKR","Ukraine",1995,0.356170996400288
"UKR","Ukraine",1996,0.357571921612275
"UKR","Ukraine",1997,0.35262877877035
"UKR","Ukraine",1998,0.347773849021346
"UKR","Ukraine",1999,0.346242890994006
"UKR","Ukraine",2000,0.345727869101204
"UKR","Ukraine",2001,0.345942837771475
"UKR","Ukraine",2002,0.346387500702874
"UKR","Ukraine",2003,0.351289561394193
"UKR","Ukraine",2004,0.349110802842837
"UKR","Ukraine",2005,0.343342879496356
"UKR","Ukraine",2006,0.342637476914262
"UKR","Ukraine",2007,0.341317507497208
"UKR","Ukraine",2008,0.343887809618038
"UKR","Ukraine",2009,0.333162646079229
"UKR","Ukraine",2010,0.325502088782098
"UKR","Ukraine",2011,0.335585540315405
"UKR","Ukraine",2012,0.325358169734909
"UKR","Ukraine",2013,0.317898806319056
"UKR","Ukraine",2014,0.241146054989472
"UKR","Ukraine",2015,0.23926427754332
"UKR","Ukraine",2016,0.231598036341811
"UKR","Ukraine",2017,0.243040023242858
"UKR","Ukraine",2018,0.251359897452601
"UKR","Ukraine",2019,0.250878195600843
"UKR","Ukraine",2020,0.237997248116129
"UKR","Ukraine",2021,0.248164724073125
"UKR","Ukraine",2022,0.248164724073125
"ARE","United Arab Emirates",1995,0.423195541753978
"ARE","United Arab Emirates",1996,0.423195541753978
"ARE","United Arab Emirates",1997,0.423195541753978
"ARE","United Arab Emirates",1998,0.423195541753978
"ARE","United Arab Emirates",1999,0.423195541753978
"ARE","United Arab Emirates",2000,0.423195541753978
"ARE","United Arab Emirates",2001,0.423195541753978
"ARE","United Arab Emirates",2002,0.423195541753978
"ARE","United Arab Emirates",2003,0.423195541753978
"ARE","United Arab Emirates",2004,0.423195541753978
"ARE","United Arab Emirates",2005,0.423195541753978
"ARE","United Arab Emirates",2006,0.423195541753978
"ARE","United Arab Emirates",2007,0.423195541753978
"ARE","United Arab Emirates",2008,0.423195541753978
"ARE","United Arab Emirates",2009,0.423195541753978
"ARE","United Arab Emirates",2010,0.423195541753978
"ARE","United Arab Emirates",2011,0.423195541753978
"ARE","United Arab Emirates",2012,0.423195541753978
"ARE","United Arab Emirates",2013,0.423195541753978
"ARE","United Arab Emirates",2014,0.423195541753978
"ARE","United Arab Emirates",2015,0.423195541753978
"ARE","United Arab Emirates",2016,0.423195541753978
"ARE","United Arab Emirates",2017,0.423195541753978
"ARE","United Arab Emirates",2018,0.423195541753978
"ARE","United Arab Emirates",2019,0.423195541753978
"ARE","United Arab Emirates",2020,0.344028875087311
"ARE","United Arab Emirates",2021,0.344028875087311
"ARE","United Arab Emirates",2022,0.344028875087311
"GBR","United Kingdom",1995,0.155098345690377
"GBR","United Kingdom",1996,0.155098345690377
"GBR","United Kingdom",1997,0.155098345690377
"GBR","United Kingdom",1998,0.155098345690377
"GBR","United Kingdom",1999,0.155098345690377
"GBR","United Kingdom",2000,0.155098345690377
"GBR","United Kingdom",2001,0.155119655350755
"GBR","United Kingdom",2002,0.155140965011133
"GBR","United Kingdom",2003,0.155162274671511
"GBR","United Kingdom",2004,0.163141325858945
"GBR","United Kingdom",2005,0.178858966074401
"GBR","United Kingdom",2006,0.192721232051261
"GBR","United Kingdom",2007,0.191618682417988
"GBR","United Kingdom",2008,0.202209967363186
"GBR","United Kingdom",2009,0.203396808504455
"GBR","United Kingdom",2010,0.2067220119695
"GBR","United Kingdom",2011,0.221118851771058
"GBR","United Kingdom",2012,0.232023322493777
"GBR","United Kingdom",2013,0.239698750189323
"GBR","United Kingdom",2014,0.238280599348275
"GBR","United Kingdom",2015,0.222524148899094
"GBR","United Kingdom",2016,0.219277314843196
"GBR","United Kingdom",2017,0.219064093119529
"GBR","United Kingdom",2018,0.219592524096241
"GBR","United Kingdom",2019,0.21696670938031
"GBR","United Kingdom",2020,0.202418991029907
"GBR","United Kingdom",2021,0.219885714640922
"GBR","United Kingdom",2022,0.221498296095198
"USA","United States",1995,0.166082021289448
"USA","United States",1996,0.167914285441917
"USA","United States",1997,0.170616766994831
"USA","United States",1998,0.173048920402342
"USA","United States",1999,0.174277044974349
"USA","United States",2000,0.175595564019282
"USA","United States",2001,0.179234413955412
"USA","United States",2002,0.177445788241977
"USA","United States",2003,0.179643727841761
"USA","United States",2004,0.182332482230186
"USA","United States",2005,0.18361519647957
"USA","United States",2006,0.183551513025971
"USA","United States",2007,0.181423879959969
"USA","United States",2008,0.176947497733151
"USA","United States",2009,0.173514290035212
"USA","United States",2010,0.170383108855665
"USA","United States",2011,0.16461835334567
"USA","United States",2012,0.159259712535636
"USA","United States",2013,0.154028054017173
"USA","United States",2014,0.149376260275852
"USA","United States",2015,0.149364094738557
"USA","United States",2016,0.150297263725901
"USA","United States",2017,0.143297105996354
"USA","United States",2018,0.16078135493624
"USA","United States",2019,0.154792486174975
"USA","United States",2020,0.154792486174975
"USA","United States",2021,0.146459152841642
"USA","United States",2022,0.146459152841642
"URY","Uruguay",1995,0.42675925109825
"URY","Uruguay",1996,0.419292143470726
"URY","Uruguay",1997,0.415992440833901
"URY","Uruguay",1998,0.404084327489305
"URY","Uruguay",1999,0.429505360001295
"URY","Uruguay",2000,0.416922171089718
"URY","Uruguay",2001,0.406218251077557
"URY","Uruguay",2002,0.384182204229523
"URY","Uruguay",2003,0.412782754486239
"URY","Uruguay",2004,0.435316240510542
"URY","Uruguay",2005,0.415193878966225
"URY","Uruguay",2006,0.432533448906492
"URY","Uruguay",2007,0.404217181332359
"URY","Uruguay",2008,0.412516397037054
"URY","Uruguay",2009,0.416529565779943
"URY","Uruguay",2010,0.395773091826042
"URY","Uruguay",2011,0.39890167979416
"URY","Uruguay",2012,0.411037248835579
"URY","Uruguay",2013,0.383338785494142
"URY","Uruguay",2014,0.374029737091035
"URY","Uruguay",2015,0.371289088892583
"URY","Uruguay",2016,0.364947725630288
"URY","Uruguay",2017,0.356390286506874
"URY","Uruguay",2018,0.330775827062766
"URY","Uruguay",2019,0.288918906844223
"URY","Uruguay",2020,0.2651554345876
"URY","Uruguay",2021,0.260532238209628
"URY","Uruguay",2022,0.260532238209628
"UZB","Uzbekistan",1995,0.0570607868834567
"UZB","Uzbekistan",1996,0.0570607868834567
"UZB","Uzbekistan",1997,0.0575058706476635
"UZB","Uzbekistan",1998,0.0573652190473123
"UZB","Uzbekistan",1999,0.0572343419854487
"UZB","Uzbekistan",2000,0.0570607868834567
"UZB","Uzbekistan",2001,0.0570607868834567
"UZB","Uzbekistan",2002,0.0568587098631648
"UZB","Uzbekistan",2003,0.0572628639037486
"UZB","Uzbekistan",2004,0.0572628639037486
"UZB","Uzbekistan",2005,0.0574649409240404
"UZB","Uzbekistan",2006,0.0572628639037486
"UZB","Uzbekistan",2007,0.0572628639037486
"UZB","Uzbekistan",2008,0.0572628639037486
"UZB","Uzbekistan",2009,0.0572628639037486
"UZB","Uzbekistan",2010,0.0570607868834567
"UZB","Uzbekistan",2011,0.0568587098631648
"UZB","Uzbekistan",2012,0.0568587098631648
"UZB","Uzbekistan",2013,0.056656632842873
"UZB","Uzbekistan",2014,0.056656632842873
"UZB","Uzbekistan",2015,0.0564545558225811
"UZB","Uzbekistan",2016,0.0564545558225811
"UZB","Uzbekistan",2017,0.0562524788022892
"UZB","Uzbekistan",2018,0.0562524788022892
"UZB","Uzbekistan",2019,0.0562524788022892
"UZB","Uzbekistan",2020,0.0577016392248385
"UZB","Uzbekistan",2021,0.0564545558225811
"UZB","Uzbekistan",2022,0.0562524788022892
"VUT","Vanuatu",1995,0.766439817160616
"VUT","Vanuatu",1996,0.761764973575546
"VUT","Vanuatu",1997,0.75709871788226
"VUT","Vanuatu",1998,0.75244276525017
"VUT","Vanuatu",1999,0.750884038560769
"VUT","Vanuatu",2000,0.743053554024459
"VUT","Vanuatu",2001,0.738469703129871
"VUT","Vanuatu",2002,0.734138448510649
"VUT","Vanuatu",2003,0.729554597616063
"VUT","Vanuatu",2004,0.72522334299684
"VUT","Vanuatu",2005,0.720639492102252
"VUT","Vanuatu",2006,0.732221802831015
"VUT","Vanuatu",2007,0.713997753066725
"VUT","Vanuatu",2008,0.706635343143126
"VUT","Vanuatu",2009,0.714681306016781
"VUT","Vanuatu",2010,0.687363790339357
"VUT","Vanuatu",2011,0.692631194183998
"VUT","Vanuatu",2012,0.687794747014046
"VUT","Vanuatu",2013,0.718574374670538
"VUT","Vanuatu",2014,0.674585504819035
"VUT","Vanuatu",2015,0.666465306069339
"VUT","Vanuatu",2016,0.590072510924272
"VUT","Vanuatu",2017,0.60869269715603
"VUT","Vanuatu",2018,0.630473852460408
"VUT","Vanuatu",2019,0.579398560474828
"VUT","Vanuatu",2020,0.466075864764612
"VUT","Vanuatu",2021,0.471755765329761
"VUT","Vanuatu",2022,0.471755765329761
"VEN","Venezuela, Bolivarian Republic o",1995,0.151728767815503
"VEN","Venezuela, Bolivarian Republic o",1996,0.152771220803484
"VEN","Venezuela, Bolivarian Republic o",1997,0.152334998876379
"VEN","Venezuela, Bolivarian Republic o",1998,0.152941229937255
"VEN","Venezuela, Bolivarian Republic o",1999,0.151930844835795
"VEN","Venezuela, Bolivarian Republic o",2000,0.151930844835795
"VEN","Venezuela, Bolivarian Republic o",2001,0.150102655522879
"VEN","Venezuela, Bolivarian Republic o",2002,0.150497313433174
"VEN","Venezuela, Bolivarian Republic o",2003,0.158975052155143
"VEN","Venezuela, Bolivarian Republic o",2004,0.152297014355222
"VEN","Venezuela, Bolivarian Republic o",2005,0.1530958263061
"VEN","Venezuela, Bolivarian Republic o",2006,0.152278022094644
"VEN","Venezuela, Bolivarian Republic o",2007,0.153278911065814
"VEN","Venezuela, Bolivarian Republic o",2008,0.153471491955816
"VEN","Venezuela, Bolivarian Republic o",2009,0.153461995825527
"VEN","Venezuela, Bolivarian Republic o",2010,0.153452499695238
"VEN","Venezuela, Bolivarian Republic o",2011,0.154251311646116
"VEN","Venezuela, Bolivarian Republic o",2012,0.15343350743466
"VEN","Venezuela, Bolivarian Republic o",2013,0.15342401130437
"VEN","Venezuela, Bolivarian Republic o",2014,0.152404130072622
"VEN","Venezuela, Bolivarian Republic o",2015,0.152596710962624
"VEN","Venezuela, Bolivarian Republic o",2016,0.153809173084376
"VEN","Venezuela, Bolivarian Republic o",2017,0.154213327124959
"VEN","Venezuela, Bolivarian Republic o",2018,0.152798787982916
"VEN","Venezuela, Bolivarian Republic o",2019,0.153000865003208
"VEN","Venezuela, Bolivarian Republic o",2020,0.152798787982916
"VEN","Venezuela, Bolivarian Republic o",2021,0.152596710962624
"VEN","Venezuela, Bolivarian Republic o",2022,0.152596710962624
"VNM","Viet Nam",1995,0.510890117103789
"VNM","Viet Nam",1996,0.510890117103789
"VNM","Viet Nam",1997,0.510890117103789
"VNM","Viet Nam",1998,0.49517663378354
"VNM","Viet Nam",1999,0.493522732536223
"VNM","Viet Nam",2000,0.491086569115185
"VNM","Viet Nam",2001,0.489672029973142
"VNM","Viet Nam",2002,0.489267875932558
"VNM","Viet Nam",2003,0.486842951689056
"VNM","Viet Nam",2004,0.485428412547012
"VNM","Viet Nam",2005,0.475122484512127
"VNM","Viet Nam",2006,0.475324561532419
"VNM","Viet Nam",2007,0.481184795120883
"VNM","Viet Nam",2008,0.47977025597884
"VNM","Viet Nam",2009,0.475122484512127
"VNM","Viet Nam",2010,0.472495483248332
"VNM","Viet Nam",2011,0.469262250923662
"VNM","Viet Nam",2012,0.471485098146873
"VNM","Viet Nam",2013,0.470272636025122
"VNM","Viet Nam",2014,0.468858096883079
"VNM","Viet Nam",2015,0.485157947467709
"VNM","Viet Nam",2016,0.500890377994569
"VNM","Viet Nam",2017,0.505097061783178
"VNM","Viet Nam",2018,0.520947493219398
"VNM","Viet Nam",2019,0.546868055627334
"VNM","Viet Nam",2020,0.560496746287402
"VNM","Viet Nam",2021,0.535190975201102
"VNM","Viet Nam",2022,0.535190975201102
"YEM","Yemen",1995,0.229274597512585
"YEM","Yemen",1996,0.226838239834157
"YEM","Yemen",1997,0.23047394880227
"YEM","Yemen",1998,0.221987501771646
"YEM","Yemen",1999,0.219576042957032
"YEM","Yemen",2000,0.217136865463006
"YEM","Yemen",2001,0.214799732989225
"YEM","Yemen",2002,0.212664677535736
"YEM","Yemen",2003,0.210529622082247
"YEM","Yemen",2004,0.216679724460725
"YEM","Yemen",2005,0.206259511175269
"YEM","Yemen",2006,0.204326532742071
"YEM","Yemen",2007,0.201585246227707
"YEM","Yemen",2008,0.199248113753926
"YEM","Yemen",2009,0.196910981280145
"YEM","Yemen",2010,0.194573848806364
"YEM","Yemen",2011,0.192236716332583
"YEM","Yemen",2012,0.211723902050325
"YEM","Yemen",2013,0.164929825112331
"YEM","Yemen",2014,0.184214933809781
"YEM","Yemen",2015,0.181675724315708
"YEM","Yemen",2016,0.274570139998383
"YEM","Yemen",2017,0.157830635921266
"YEM","Yemen",2018,0.192587883411469
"YEM","Yemen",2019,0.170763565219946
"YEM","Yemen",2020,0.168540717996736
"YEM","Yemen",2021,0.166519947793817
"YEM","Yemen",2022,0.164297100570606
"ZMB","Zambia",1995,0.440309549016227
"ZMB","Zambia",1996,0.438247225193543
"ZMB","Zambia",1997,0.434275862866306
"ZMB","Zambia",1998,0.434733751706418
"ZMB","Zambia",1999,0.43097157619873
"ZMB","Zambia",2000,0.4346430055421
"ZMB","Zambia",2001,0.427775500599069
"ZMB","Zambia",2002,0.435316815405305
"ZMB","Zambia",2003,0.434823656201908
"ZMB","Zambia",2004,0.432684741522032
"ZMB","Zambia",2005,0.426649412773205
"ZMB","Zambia",2006,0.424253774936504
"ZMB","Zambia",2007,0.435113659516159
"ZMB","Zambia",2008,0.422982807500929
"ZMB","Zambia",2009,0.420536625801908
"ZMB","Zambia",2010,0.430140100629595
"ZMB","Zambia",2011,0.420384519883616
"ZMB","Zambia",2012,0.420069929865682
"ZMB","Zambia",2013,0.417456172613664
"ZMB","Zambia",2014,0.420885689593097
"ZMB","Zambia",2015,0.420341668373314
"ZMB","Zambia",2016,0.423861694423687
"ZMB","Zambia",2017,0.421287455450889
"ZMB","Zambia",2018,0.430685942794446
"ZMB","Zambia",2019,0.39444221859222
"ZMB","Zambia",2020,0.386831901305426
"ZMB","Zambia",2021,0.38764222245206
"ZMB","Zambia",2022,0.38541937522885
"ZWE","Zimbabwe",1995,0.40108898433305
"ZWE","Zimbabwe",1996,0.401633581450084
"ZWE","Zimbabwe",1997,0.403261910033725
"ZWE","Zimbabwe",1998,0.40244421167183
"ZWE","Zimbabwe",1999,0.388396109622469
"ZWE","Zimbabwe",2000,0.391964401557043
"ZWE","Zimbabwe",2001,0.388804651464625
"ZWE","Zimbabwe",2002,0.386969812950922
"ZWE","Zimbabwe",2003,0.380968920425904
"ZWE","Zimbabwe",2004,0.375486062936542
"ZWE","Zimbabwe",2005,0.377094036782895
"ZWE","Zimbabwe",2006,0.375467751039702
"ZWE","Zimbabwe",2007,0.373860639260141
"ZWE","Zimbabwe",2008,0.36905038710695
"ZWE","Zimbabwe",2009,0.356902373691309
"ZWE","Zimbabwe",2010,0.366203745126386
"ZWE","Zimbabwe",2011,0.379974856590009
"ZWE","Zimbabwe",2012,0.366830250477344
"ZWE","Zimbabwe",2013,0.375303569979216
"ZWE","Zimbabwe",2014,0.388917940601565
"ZWE","Zimbabwe",2015,0.385969160239496
"ZWE","Zimbabwe",2016,0.369991063058865
"ZWE","Zimbabwe",2017,0.368611486219254
"ZWE","Zimbabwe",2018,0.336773318856336
"ZWE","Zimbabwe",2019,0.301686564029793
"ZWE","Zimbabwe",2020,0.289266858369941
"ZWE","Zimbabwe",2021,0.298555792382821
"ZWE","Zimbabwe",2022,0.27633294515961
