"ISO3","Name","Year","Value: gain"
"AFG","Afghanistan",1995,34.7823085160686
"AFG","Afghanistan",1996,34.7759129067231
"AFG","Afghanistan",1997,34.8550361264959
"AFG","Afghanistan",1998,35.0253079706509
"AFG","Afghanistan",1999,35.0191504933302
"AFG","Afghanistan",2000,35.0157243672438
"AFG","Afghanistan",2001,35.4193890709662
"AFG","Afghanistan",2002,35.8281798789678
"AFG","Afghanistan",2003,36.5915650167329
"AFG","Afghanistan",2004,36.2473847546218
"AFG","Afghanistan",2005,33.2860427247291
"AFG","Afghanistan",2006,31.4534261529217
"AFG","Afghanistan",2007,31.3526760228652
"AFG","Afghanistan",2008,31.0517326014097
"AFG","Afghanistan",2009,31.0451463354681
"AFG","Afghanistan",2010,31.8094285473884
"AFG","Afghanistan",2011,30.9861619751533
"AFG","Afghanistan",2012,32.0778147306183
"AFG","Afghanistan",2013,31.9227797042412
"AFG","Afghanistan",2014,32.8731258450475
"AFG","Afghanistan",2015,33.028578742176
"AFG","Afghanistan",2016,33.3146046339394
"AFG","Afghanistan",2017,32.5533733273307
"AFG","Afghanistan",2018,32.4335856772514
"AFG","Afghanistan",2019,32.9906447048386
"AFG","Afghanistan",2020,32.7223354067003
"AFG","Afghanistan",2021,33.006630763939
"AFG","Afghanistan",2022,33.207456275516
"ALB","Albania",1995,43.6766225738957
"ALB","Albania",1996,43.659503355493
"ALB","Albania",1997,43.5966492647092
"ALB","Albania",1998,43.3429570855437
"ALB","Albania",1999,43.0515035819729
"ALB","Albania",2000,43.1910093914019
"ALB","Albania",2001,43.4112235625904
"ALB","Albania",2002,43.8335228821676
"ALB","Albania",2003,43.8075365762798
"ALB","Albania",2004,44.4792637611005
"ALB","Albania",2005,44.1211078476597
"ALB","Albania",2006,43.5942712664272
"ALB","Albania",2007,44.2474539422846
"ALB","Albania",2008,45.0389080514397
"ALB","Albania",2009,46.04021755015
"ALB","Albania",2010,46.5719257187394
"ALB","Albania",2011,46.628944791363
"ALB","Albania",2012,47.4077913807324
"ALB","Albania",2013,48.0351586693694
"ALB","Albania",2014,49.5066756219066
"ALB","Albania",2015,49.9631991831761
"ALB","Albania",2016,49.6255283905599
"ALB","Albania",2017,49.5751526815344
"ALB","Albania",2018,50.1005898519446
"ALB","Albania",2019,50.0257068551729
"ALB","Albania",2020,50.3446071978307
"ALB","Albania",2021,51.1877917185498
"ALB","Albania",2022,51.7571799900884
"DZA","Algeria",1995,45.1127923932982
"DZA","Algeria",1996,45.2254302476797
"DZA","Algeria",1997,45.1229199417696
"DZA","Algeria",1998,45.1214090805595
"DZA","Algeria",1999,45.4517339755475
"DZA","Algeria",2000,45.731270750393
"DZA","Algeria",2001,45.9439481612633
"DZA","Algeria",2002,46.138175054306
"DZA","Algeria",2003,46.5935630759994
"DZA","Algeria",2004,47.1752757137895
"DZA","Algeria",2005,47.3663962059711
"DZA","Algeria",2006,45.8413458977289
"DZA","Algeria",2007,45.8536474422821
"DZA","Algeria",2008,46.0102998590063
"DZA","Algeria",2009,45.7986578324391
"DZA","Algeria",2010,45.3119673749583
"DZA","Algeria",2011,44.849571884504
"DZA","Algeria",2012,44.9275170246077
"DZA","Algeria",2013,45.6583534457279
"DZA","Algeria",2014,45.5873205415529
"DZA","Algeria",2015,45.8095276778573
"DZA","Algeria",2016,46.3052314161791
"DZA","Algeria",2017,47.3539746753376
"DZA","Algeria",2018,47.3612355352363
"DZA","Algeria",2019,47.3820408433226
"DZA","Algeria",2020,48.6543516691284
"DZA","Algeria",2021,48.2741848857991
"DZA","Algeria",2022,48.6665011319576
"AND","Andorra",1995,NA
"AND","Andorra",1996,NA
"AND","Andorra",1997,NA
"AND","Andorra",1998,NA
"AND","Andorra",1999,NA
"AND","Andorra",2000,NA
"AND","Andorra",2001,NA
"AND","Andorra",2002,NA
"AND","Andorra",2003,NA
"AND","Andorra",2004,NA
"AND","Andorra",2005,NA
"AND","Andorra",2006,NA
"AND","Andorra",2007,NA
"AND","Andorra",2008,NA
"AND","Andorra",2009,NA
"AND","Andorra",2010,NA
"AND","Andorra",2011,NA
"AND","Andorra",2012,NA
"AND","Andorra",2013,NA
"AND","Andorra",2014,NA
"AND","Andorra",2015,NA
"AND","Andorra",2016,NA
"AND","Andorra",2017,NA
"AND","Andorra",2018,NA
"AND","Andorra",2019,NA
"AND","Andorra",2020,NA
"AND","Andorra",2021,NA
"AND","Andorra",2022,NA
"AGO","Angola",1995,34.7231529132438
"AGO","Angola",1996,34.712670931379
"AGO","Angola",1997,34.656006732645
"AGO","Angola",1998,34.5986376796869
"AGO","Angola",1999,34.6337752481664
"AGO","Angola",2000,34.6648858260715
"AGO","Angola",2001,34.9461881878328
"AGO","Angola",2002,35.437653721295
"AGO","Angola",2003,36.1014759718217
"AGO","Angola",2004,36.1504519183259
"AGO","Angola",2005,35.6147518089055
"AGO","Angola",2006,34.3031055717587
"AGO","Angola",2007,34.6737348348131
"AGO","Angola",2008,34.9655429866258
"AGO","Angola",2009,35.1595875599077
"AGO","Angola",2010,34.3683329055388
"AGO","Angola",2011,34.3182658672103
"AGO","Angola",2012,35.1094419116591
"AGO","Angola",2013,35.45180390657
"AGO","Angola",2014,35.6044072621265
"AGO","Angola",2015,35.2905201955437
"AGO","Angola",2016,36.6323810028464
"AGO","Angola",2017,36.7046051075519
"AGO","Angola",2018,37.1630256426943
"AGO","Angola",2019,37.3478596933287
"AGO","Angola",2020,37.3588793455526
"AGO","Angola",2021,37.8705868667708
"AGO","Angola",2022,38.0795161577184
"ATG","Antigua and Barbuda",1995,48.4474382910899
"ATG","Antigua and Barbuda",1996,48.490284725591
"ATG","Antigua and Barbuda",1997,48.5804725748701
"ATG","Antigua and Barbuda",1998,48.6250720071502
"ATG","Antigua and Barbuda",1999,48.6419044588263
"ATG","Antigua and Barbuda",2000,48.7640388806855
"ATG","Antigua and Barbuda",2001,48.8664876788492
"ATG","Antigua and Barbuda",2002,49.105106797552
"ATG","Antigua and Barbuda",2003,49.3091086245702
"ATG","Antigua and Barbuda",2004,49.3592454068968
"ATG","Antigua and Barbuda",2005,49.9751530717745
"ATG","Antigua and Barbuda",2006,49.1746289054824
"ATG","Antigua and Barbuda",2007,49.3482949889379
"ATG","Antigua and Barbuda",2008,49.7134904049035
"ATG","Antigua and Barbuda",2009,49.9031841138951
"ATG","Antigua and Barbuda",2010,50.3062842933553
"ATG","Antigua and Barbuda",2011,49.862102508436
"ATG","Antigua and Barbuda",2012,50.105227004793
"ATG","Antigua and Barbuda",2013,50.0206526099809
"ATG","Antigua and Barbuda",2014,49.1799802202366
"ATG","Antigua and Barbuda",2015,49.3458255678989
"ATG","Antigua and Barbuda",2016,49.1242235153955
"ATG","Antigua and Barbuda",2017,48.2905226743238
"ATG","Antigua and Barbuda",2018,48.8047513229144
"ATG","Antigua and Barbuda",2019,49.295450678971
"ATG","Antigua and Barbuda",2020,49.061621939544
"ATG","Antigua and Barbuda",2021,48.854872777506
"ATG","Antigua and Barbuda",2022,49.0753984025133
"ARG","Argentina",1995,49.1027537489918
"ARG","Argentina",1996,49.2486823694183
"ARG","Argentina",1997,48.9824008169866
"ARG","Argentina",1998,48.8018290636085
"ARG","Argentina",1999,48.8457249385204
"ARG","Argentina",2000,48.9528342064738
"ARG","Argentina",2001,47.5996676889077
"ARG","Argentina",2002,46.6253248051265
"ARG","Argentina",2003,47.2125678925815
"ARG","Argentina",2004,47.1361757106643
"ARG","Argentina",2005,48.5272971876445
"ARG","Argentina",2006,47.400722499398
"ARG","Argentina",2007,47.9836882743348
"ARG","Argentina",2008,47.6045555965812
"ARG","Argentina",2009,47.483564405645
"ARG","Argentina",2010,47.9457688208132
"ARG","Argentina",2011,48.036248485189
"ARG","Argentina",2012,47.7785865036977
"ARG","Argentina",2013,47.365009968074
"ARG","Argentina",2014,46.946743204752
"ARG","Argentina",2015,47.1286098001484
"ARG","Argentina",2016,48.8852800945864
"ARG","Argentina",2017,49.0291682230655
"ARG","Argentina",2018,50.22120353164
"ARG","Argentina",2019,50.2136238525796
"ARG","Argentina",2020,50.5762798213528
"ARG","Argentina",2021,50.2155828807184
"ARG","Argentina",2022,50.2061022069771
"ARM","Armenia",1995,48.7226174038474
"ARM","Armenia",1996,49.0336582567076
"ARM","Armenia",1997,48.5293426641456
"ARM","Armenia",1998,49.0296650869005
"ARM","Armenia",1999,49.530760139281
"ARM","Armenia",2000,49.6498563017512
"ARM","Armenia",2001,49.8479397162873
"ARM","Armenia",2002,51.598346593125
"ARM","Armenia",2003,52.307056896395
"ARM","Armenia",2004,51.5897296261789
"ARM","Armenia",2005,52.4642048568712
"ARM","Armenia",2006,51.7336103026056
"ARM","Armenia",2007,51.9877573779507
"ARM","Armenia",2008,53.3062666187024
"ARM","Armenia",2009,53.0583570780132
"ARM","Armenia",2010,53.3901028234637
"ARM","Armenia",2011,53.3422332107256
"ARM","Armenia",2012,53.7307673580268
"ARM","Armenia",2013,54.5285274051253
"ARM","Armenia",2014,55.3902817254981
"ARM","Armenia",2015,55.7320346927461
"ARM","Armenia",2016,56.2112088716829
"ARM","Armenia",2017,56.3281285065245
"ARM","Armenia",2018,56.5222085593684
"ARM","Armenia",2019,57.0300297956402
"ARM","Armenia",2020,56.601895317088
"ARM","Armenia",2021,56.9206062876871
"ARM","Armenia",2022,56.9507577620642
"AUS","Australia",1995,63.5461485917743
"AUS","Australia",1996,63.1235751678114
"AUS","Australia",1997,63.1590671603238
"AUS","Australia",1998,63.3421916765062
"AUS","Australia",1999,63.6887810736361
"AUS","Australia",2000,64.1001168796397
"AUS","Australia",2001,64.430639730845
"AUS","Australia",2002,64.5517167102932
"AUS","Australia",2003,64.83830395083
"AUS","Australia",2004,65.3524270242642
"AUS","Australia",2005,65.6036204974382
"AUS","Australia",2006,67.8211618843713
"AUS","Australia",2007,68.2088552101519
"AUS","Australia",2008,68.6695084856549
"AUS","Australia",2009,68.2734302652881
"AUS","Australia",2010,68.6677255257306
"AUS","Australia",2011,68.8754890352894
"AUS","Australia",2012,69.0181821850517
"AUS","Australia",2013,69.6248779616424
"AUS","Australia",2014,69.734849814793
"AUS","Australia",2015,69.5412770789528
"AUS","Australia",2016,69.467066144056
"AUS","Australia",2017,68.9463365909089
"AUS","Australia",2018,69.7871479722107
"AUS","Australia",2019,69.8486426376574
"AUS","Australia",2020,69.1973974398552
"AUS","Australia",2021,69.7842235177043
"AUS","Australia",2022,69.5474154632604
"AUT","Austria",1995,64.8845245690395
"AUT","Austria",1996,65.1708535324949
"AUT","Austria",1997,65.302465550402
"AUT","Austria",1998,65.3246588860909
"AUT","Austria",1999,65.6283060371629
"AUT","Austria",2000,65.8571715923912
"AUT","Austria",2001,66.2867380629465
"AUT","Austria",2002,66.5867518162838
"AUT","Austria",2003,66.4464911691156
"AUT","Austria",2004,66.7651227712049
"AUT","Austria",2005,67.2262281831431
"AUT","Austria",2006,68.7299184210766
"AUT","Austria",2007,69.369451362151
"AUT","Austria",2008,69.2109296494523
"AUT","Austria",2009,68.3629231373808
"AUT","Austria",2010,68.7964337864733
"AUT","Austria",2011,68.7689193233602
"AUT","Austria",2012,69.2193054505017
"AUT","Austria",2013,69.8937954309952
"AUT","Austria",2014,70.4328802148479
"AUT","Austria",2015,70.4106839192681
"AUT","Austria",2016,69.6161077179658
"AUT","Austria",2017,69.8126066735703
"AUT","Austria",2018,69.859410986684
"AUT","Austria",2019,69.6054258148351
"AUT","Austria",2020,69.6198937511063
"AUT","Austria",2021,69.6100323122153
"AUT","Austria",2022,68.9853999228889
"AZE","Azerbaijan",1995,43.0688286510155
"AZE","Azerbaijan",1996,42.9244939333853
"AZE","Azerbaijan",1997,43.5206814785272
"AZE","Azerbaijan",1998,43.8410269892316
"AZE","Azerbaijan",1999,43.7936189615543
"AZE","Azerbaijan",2000,43.8337367410047
"AZE","Azerbaijan",2001,44.5342027978323
"AZE","Azerbaijan",2002,46.5821437464066
"AZE","Azerbaijan",2003,46.9413724378342
"AZE","Azerbaijan",2004,47.3054228489516
"AZE","Azerbaijan",2005,47.805990802435
"AZE","Azerbaijan",2006,45.5420976387473
"AZE","Azerbaijan",2007,45.7102721000962
"AZE","Azerbaijan",2008,45.7640381081564
"AZE","Azerbaijan",2009,47.6419031012733
"AZE","Azerbaijan",2010,47.1342072210778
"AZE","Azerbaijan",2011,47.4669682620067
"AZE","Azerbaijan",2012,47.3370276225268
"AZE","Azerbaijan",2013,48.6041874001087
"AZE","Azerbaijan",2014,49.921175888064
"AZE","Azerbaijan",2015,50.4049849331212
"AZE","Azerbaijan",2016,51.3455486930165
"AZE","Azerbaijan",2017,50.7799290243846
"AZE","Azerbaijan",2018,50.985838663918
"AZE","Azerbaijan",2019,52.0364359948625
"AZE","Azerbaijan",2020,51.2724849450513
"AZE","Azerbaijan",2021,51.9556470120188
"AZE","Azerbaijan",2022,51.7503446533195
"BHS","Bahamas",1995,48.9725090612784
"BHS","Bahamas",1996,49.0230253669197
"BHS","Bahamas",1997,49.2457058822505
"BHS","Bahamas",1998,49.3435157110727
"BHS","Bahamas",1999,49.4793003534993
"BHS","Bahamas",2000,49.7558234549237
"BHS","Bahamas",2001,49.9639414722097
"BHS","Bahamas",2002,50.2080423890525
"BHS","Bahamas",2003,50.0956544218883
"BHS","Bahamas",2004,50.2613338398616
"BHS","Bahamas",2005,51.3949438642228
"BHS","Bahamas",2006,54.534012690789
"BHS","Bahamas",2007,54.7460251322134
"BHS","Bahamas",2008,50.0819395635007
"BHS","Bahamas",2009,49.5023909696944
"BHS","Bahamas",2010,49.4678318601451
"BHS","Bahamas",2011,49.6402682234482
"BHS","Bahamas",2012,49.9821429759236
"BHS","Bahamas",2013,49.5958299935628
"BHS","Bahamas",2014,49.8807266793115
"BHS","Bahamas",2015,49.4678317428386
"BHS","Bahamas",2016,49.0613678286397
"BHS","Bahamas",2017,48.6776810122953
"BHS","Bahamas",2018,48.5106445340684
"BHS","Bahamas",2019,48.6128842345748
"BHS","Bahamas",2020,48.3151169154383
"BHS","Bahamas",2021,48.4643344106055
"BHS","Bahamas",2022,48.4637453161925
"BHR","Bahrain",1995,46.6769186595051
"BHR","Bahrain",1996,46.583177698238
"BHR","Bahrain",1997,46.8775267989377
"BHR","Bahrain",1998,47.1975794042459
"BHR","Bahrain",1999,47.4908122434474
"BHR","Bahrain",2000,47.8334651372778
"BHR","Bahrain",2001,48.5604226976674
"BHR","Bahrain",2002,49.2434191023851
"BHR","Bahrain",2003,49.1555936524235
"BHR","Bahrain",2004,49.3093512514355
"BHR","Bahrain",2005,49.9023450639138
"BHR","Bahrain",2006,52.8175067763156
"BHR","Bahrain",2007,53.6268145894257
"BHR","Bahrain",2008,50.8381228267972
"BHR","Bahrain",2009,51.1963746869365
"BHR","Bahrain",2010,51.0635657869039
"BHR","Bahrain",2011,51.3534427055682
"BHR","Bahrain",2012,51.476323476792
"BHR","Bahrain",2013,51.4997502796521
"BHR","Bahrain",2014,52.3875712765181
"BHR","Bahrain",2015,52.2148435256604
"BHR","Bahrain",2016,51.688427103023
"BHR","Bahrain",2017,51.2839926938826
"BHR","Bahrain",2018,51.3533545180609
"BHR","Bahrain",2019,51.7737472029201
"BHR","Bahrain",2020,53.2725695987816
"BHR","Bahrain",2021,54.3061252360791
"BHR","Bahrain",2022,54.7700903687435
"BGD","Bangladesh",1995,38.1490121125856
"BGD","Bangladesh",1996,38.2084619676259
"BGD","Bangladesh",1997,38.0513893656095
"BGD","Bangladesh",1998,38.6324402945554
"BGD","Bangladesh",1999,38.4387997467689
"BGD","Bangladesh",2000,38.2796771025035
"BGD","Bangladesh",2001,37.9512201402427
"BGD","Bangladesh",2002,37.8535735032087
"BGD","Bangladesh",2003,37.5845997669949
"BGD","Bangladesh",2004,37.2944119671405
"BGD","Bangladesh",2005,38.5460114019069
"BGD","Bangladesh",2006,42.7124702650558
"BGD","Bangladesh",2007,42.9079518280062
"BGD","Bangladesh",2008,43.4907398151884
"BGD","Bangladesh",2009,43.651066489441
"BGD","Bangladesh",2010,45.1195749134087
"BGD","Bangladesh",2011,45.3011344338432
"BGD","Bangladesh",2012,45.6714860511234
"BGD","Bangladesh",2013,45.8702201356874
"BGD","Bangladesh",2014,35.3853775742105
"BGD","Bangladesh",2015,35.4540390740078
"BGD","Bangladesh",2016,36.5659987338731
"BGD","Bangladesh",2017,36.9496430127078
"BGD","Bangladesh",2018,37.3011692030446
"BGD","Bangladesh",2019,37.3116907732976
"BGD","Bangladesh",2020,37.6317515650247
"BGD","Bangladesh",2021,36.2134243828355
"BGD","Bangladesh",2022,36.0283786277348
"BRB","Barbados",1995,55.7570604606742
"BRB","Barbados",1996,55.7868973127351
"BRB","Barbados",1997,55.8686332521295
"BRB","Barbados",1998,55.9953710121362
"BRB","Barbados",1999,56.1785443507683
"BRB","Barbados",2000,56.6179692104342
"BRB","Barbados",2001,56.6675273478667
"BRB","Barbados",2002,56.3227451791048
"BRB","Barbados",2003,56.7695332356762
"BRB","Barbados",2004,57.5669507755152
"BRB","Barbados",2005,58.6373661741178
"BRB","Barbados",2006,61.8241660329549
"BRB","Barbados",2007,62.2826262876189
"BRB","Barbados",2008,62.4624864953373
"BRB","Barbados",2009,61.679298537884
"BRB","Barbados",2010,62.7690009419871
"BRB","Barbados",2011,63.6209935916983
"BRB","Barbados",2012,57.6950407495495
"BRB","Barbados",2013,57.8915444991375
"BRB","Barbados",2014,57.4401255541511
"BRB","Barbados",2015,58.0536981126207
"BRB","Barbados",2016,57.2384538237481
"BRB","Barbados",2017,57.8959776033403
"BRB","Barbados",2018,57.5169995789886
"BRB","Barbados",2019,57.6847235686236
"BRB","Barbados",2020,58.2200821638031
"BRB","Barbados",2021,60.8849839750145
"BRB","Barbados",2022,61.0602203697946
"BLR","Belarus",1995,49.980092503932
"BLR","Belarus",1996,50.374102939545
"BLR","Belarus",1997,50.3036595915236
"BLR","Belarus",1998,50.7027912426826
"BLR","Belarus",1999,50.7303724438193
"BLR","Belarus",2000,50.4447569544635
"BLR","Belarus",2001,50.5762280909563
"BLR","Belarus",2002,50.5817502479293
"BLR","Belarus",2003,51.8835952929838
"BLR","Belarus",2004,51.8169086759596
"BLR","Belarus",2005,51.8759179531002
"BLR","Belarus",2006,49.5404439818069
"BLR","Belarus",2007,50.6575118984233
"BLR","Belarus",2008,51.7149229825445
"BLR","Belarus",2009,53.9731095990491
"BLR","Belarus",2010,53.9850730746251
"BLR","Belarus",2011,54.7325321809107
"BLR","Belarus",2012,56.1366873989458
"BLR","Belarus",2013,56.2970704006506
"BLR","Belarus",2014,55.8890841500198
"BLR","Belarus",2015,55.7628893119468
"BLR","Belarus",2016,56.9873158918719
"BLR","Belarus",2017,58.1988535213257
"BLR","Belarus",2018,58.5465590826904
"BLR","Belarus",2019,59.1784839426363
"BLR","Belarus",2020,57.8535710319499
"BLR","Belarus",2021,57.63828334426
"BLR","Belarus",2022,57.0584842439868
"BEL","Belgium",1995,59.3739937365219
"BEL","Belgium",1996,59.6578362566647
"BEL","Belgium",1997,59.5642109646137
"BEL","Belgium",1998,59.0557627970236
"BEL","Belgium",1999,59.1484114785876
"BEL","Belgium",2000,59.5096119445344
"BEL","Belgium",2001,59.6926351259933
"BEL","Belgium",2002,60.189171048152
"BEL","Belgium",2003,59.7683494619216
"BEL","Belgium",2004,60.0401616879368
"BEL","Belgium",2005,59.8009037916314
"BEL","Belgium",2006,61.0513966989253
"BEL","Belgium",2007,61.2960767441989
"BEL","Belgium",2008,61.7068907820915
"BEL","Belgium",2009,62.131116472408
"BEL","Belgium",2010,61.7142128191692
"BEL","Belgium",2011,62.0714072767252
"BEL","Belgium",2012,62.486318812143
"BEL","Belgium",2013,62.8488382141767
"BEL","Belgium",2014,63.6129462244
"BEL","Belgium",2015,63.5626235731227
"BEL","Belgium",2016,63.2456319628912
"BEL","Belgium",2017,62.8993152568579
"BEL","Belgium",2018,62.3882785897543
"BEL","Belgium",2019,62.8299605570111
"BEL","Belgium",2020,63.1991161934602
"BEL","Belgium",2021,63.5606806953095
"BEL","Belgium",2022,63.4522143001805
"BLZ","Belize",1995,43.9243937389476
"BLZ","Belize",1996,44.3441389586884
"BLZ","Belize",1997,44.2178182186143
"BLZ","Belize",1998,44.5763685544256
"BLZ","Belize",1999,44.5267603993186
"BLZ","Belize",2000,44.8107856096033
"BLZ","Belize",2001,44.794783577675
"BLZ","Belize",2002,45.6448118789558
"BLZ","Belize",2003,45.8020094939688
"BLZ","Belize",2004,44.7436525773485
"BLZ","Belize",2005,45.7895155802464
"BLZ","Belize",2006,43.0249708289965
"BLZ","Belize",2007,42.9030245620521
"BLZ","Belize",2008,42.9874532582268
"BLZ","Belize",2009,43.2480497096116
"BLZ","Belize",2010,43.1647282024886
"BLZ","Belize",2011,42.7862505037165
"BLZ","Belize",2012,43.229994948591
"BLZ","Belize",2013,43.8504917529539
"BLZ","Belize",2014,42.9001838686008
"BLZ","Belize",2015,43.5056463229666
"BLZ","Belize",2016,43.5259180870909
"BLZ","Belize",2017,43.5178953583816
"BLZ","Belize",2018,43.5379828949682
"BLZ","Belize",2019,43.2956256661434
"BLZ","Belize",2020,43.536040495727
"BLZ","Belize",2021,43.2450060444275
"BLZ","Belize",2022,43.6756129142065
"BEN","Benin",1995,38.9421058731812
"BEN","Benin",1996,38.7964931827784
"BEN","Benin",1997,38.7558848781141
"BEN","Benin",1998,38.722641834812
"BEN","Benin",1999,38.6563308902317
"BEN","Benin",2000,38.5947576964422
"BEN","Benin",2001,38.1332047838263
"BEN","Benin",2002,37.8525093484
"BEN","Benin",2003,38.055202855168
"BEN","Benin",2004,37.7989640137425
"BEN","Benin",2005,36.9256293537815
"BEN","Benin",2006,36.115039861764
"BEN","Benin",2007,36.4326540529512
"BEN","Benin",2008,35.8460099895477
"BEN","Benin",2009,35.4231882757826
"BEN","Benin",2010,34.2776096148541
"BEN","Benin",2011,34.6753828869674
"BEN","Benin",2012,34.6156506841967
"BEN","Benin",2013,35.3029581001397
"BEN","Benin",2014,35.2882999963651
"BEN","Benin",2015,36.259027091189
"BEN","Benin",2016,36.0977215511796
"BEN","Benin",2017,36.7803348075788
"BEN","Benin",2018,37.3053787786406
"BEN","Benin",2019,37.2229874197657
"BEN","Benin",2020,37.7562840664836
"BEN","Benin",2021,37.8253644038996
"BEN","Benin",2022,38.3405184417986
"BTN","Bhutan",1995,41.6845997974334
"BTN","Bhutan",1996,41.645077814317
"BTN","Bhutan",1997,41.596784759819
"BTN","Bhutan",1998,41.5614891804623
"BTN","Bhutan",1999,41.4679211293631
"BTN","Bhutan",2000,41.3771823430043
"BTN","Bhutan",2001,40.6507623097391
"BTN","Bhutan",2002,41.3625434096466
"BTN","Bhutan",2003,42.4671865202188
"BTN","Bhutan",2004,41.5943018513442
"BTN","Bhutan",2005,42.2306487611041
"BTN","Bhutan",2006,40.7584445138182
"BTN","Bhutan",2007,42.2688171578116
"BTN","Bhutan",2008,43.275107662356
"BTN","Bhutan",2009,43.2821992955535
"BTN","Bhutan",2010,42.6668447436376
"BTN","Bhutan",2011,42.7835766160359
"BTN","Bhutan",2012,43.1713814834777
"BTN","Bhutan",2013,43.6042946138681
"BTN","Bhutan",2014,45.2267138837635
"BTN","Bhutan",2015,45.6287907816588
"BTN","Bhutan",2016,47.2579787496879
"BTN","Bhutan",2017,47.7674720385833
"BTN","Bhutan",2018,48.2599955021502
"BTN","Bhutan",2019,48.4177847465888
"BTN","Bhutan",2020,48.6514353943143
"BTN","Bhutan",2021,47.3462180044391
"BTN","Bhutan",2022,47.5644627682313
"BOL","Bolivia, Plurinational State of",1995,41.3238486393837
"BOL","Bolivia, Plurinational State of",1996,41.4846191053695
"BOL","Bolivia, Plurinational State of",1997,41.7559661449423
"BOL","Bolivia, Plurinational State of",1998,41.9827933870642
"BOL","Bolivia, Plurinational State of",1999,41.7347779054565
"BOL","Bolivia, Plurinational State of",2000,41.3703780051665
"BOL","Bolivia, Plurinational State of",2001,41.4487516145276
"BOL","Bolivia, Plurinational State of",2002,41.0764466417148
"BOL","Bolivia, Plurinational State of",2003,41.0395983153036
"BOL","Bolivia, Plurinational State of",2004,41.4529245388865
"BOL","Bolivia, Plurinational State of",2005,39.961802056546
"BOL","Bolivia, Plurinational State of",2006,39.7895759719327
"BOL","Bolivia, Plurinational State of",2007,40.0249038782414
"BOL","Bolivia, Plurinational State of",2008,40.1583414510353
"BOL","Bolivia, Plurinational State of",2009,40.4348354778613
"BOL","Bolivia, Plurinational State of",2010,40.8450842432051
"BOL","Bolivia, Plurinational State of",2011,41.0495201038056
"BOL","Bolivia, Plurinational State of",2012,40.7621664810635
"BOL","Bolivia, Plurinational State of",2013,41.1819072542137
"BOL","Bolivia, Plurinational State of",2014,41.015047919055
"BOL","Bolivia, Plurinational State of",2015,40.819713406787
"BOL","Bolivia, Plurinational State of",2016,41.2991722447051
"BOL","Bolivia, Plurinational State of",2017,41.9380325672791
"BOL","Bolivia, Plurinational State of",2018,42.0326588098632
"BOL","Bolivia, Plurinational State of",2019,41.765104969554
"BOL","Bolivia, Plurinational State of",2020,41.8689913328375
"BOL","Bolivia, Plurinational State of",2021,41.6953455359161
"BOL","Bolivia, Plurinational State of",2022,41.6456083085503
"BIH","Bosnia and Herzegovina",1995,46.9823923079034
"BIH","Bosnia and Herzegovina",1996,47.150993330876
"BIH","Bosnia and Herzegovina",1997,47.1961530673135
"BIH","Bosnia and Herzegovina",1998,47.0163978557498
"BIH","Bosnia and Herzegovina",1999,47.171903561825
"BIH","Bosnia and Herzegovina",2000,47.3074232180147
"BIH","Bosnia and Herzegovina",2001,48.0945057129759
"BIH","Bosnia and Herzegovina",2002,48.3255175037903
"BIH","Bosnia and Herzegovina",2003,48.4783065576363
"BIH","Bosnia and Herzegovina",2004,49.2752052311283
"BIH","Bosnia and Herzegovina",2005,48.6336218803038
"BIH","Bosnia and Herzegovina",2006,47.6539027782086
"BIH","Bosnia and Herzegovina",2007,47.9047272938558
"BIH","Bosnia and Herzegovina",2008,48.4877868012007
"BIH","Bosnia and Herzegovina",2009,48.4627051033441
"BIH","Bosnia and Herzegovina",2010,48.5859904489024
"BIH","Bosnia and Herzegovina",2011,49.1596292067334
"BIH","Bosnia and Herzegovina",2012,49.6849228152332
"BIH","Bosnia and Herzegovina",2013,50.486049181972
"BIH","Bosnia and Herzegovina",2014,51.470451966133
"BIH","Bosnia and Herzegovina",2015,50.6461911313927
"BIH","Bosnia and Herzegovina",2016,51.007135139882
"BIH","Bosnia and Herzegovina",2017,51.270542889577
"BIH","Bosnia and Herzegovina",2018,51.3718063392897
"BIH","Bosnia and Herzegovina",2019,50.870841229454
"BIH","Bosnia and Herzegovina",2020,50.6982579716588
"BIH","Bosnia and Herzegovina",2021,50.8703620730676
"BIH","Bosnia and Herzegovina",2022,50.9754584318309
"BWA","Botswana",1995,43.7278901314924
"BWA","Botswana",1996,43.7846497009255
"BWA","Botswana",1997,44.0436888180548
"BWA","Botswana",1998,44.3591898546079
"BWA","Botswana",1999,44.6211794773596
"BWA","Botswana",2000,44.7993057838673
"BWA","Botswana",2001,44.8465586340605
"BWA","Botswana",2002,44.7591846178941
"BWA","Botswana",2003,45.777692449393
"BWA","Botswana",2004,45.3451682356239
"BWA","Botswana",2005,46.0580588458996
"BWA","Botswana",2006,45.4531848506324
"BWA","Botswana",2007,45.5018973388635
"BWA","Botswana",2008,45.8604861910282
"BWA","Botswana",2009,46.2255237370756
"BWA","Botswana",2010,46.4310760650208
"BWA","Botswana",2011,46.5986828249702
"BWA","Botswana",2012,47.2743286562511
"BWA","Botswana",2013,47.3295854711814
"BWA","Botswana",2014,48.601279794902
"BWA","Botswana",2015,48.5604804805295
"BWA","Botswana",2016,49.6457617442881
"BWA","Botswana",2017,49.1761230417747
"BWA","Botswana",2018,50.0835652489018
"BWA","Botswana",2019,50.0562344348688
"BWA","Botswana",2020,49.9754319010783
"BWA","Botswana",2021,50.1399510856564
"BWA","Botswana",2022,50.0061593505728
"BRA","Brazil",1995,47.1894842072004
"BRA","Brazil",1996,47.1525763482496
"BRA","Brazil",1997,47.3015868222609
"BRA","Brazil",1998,47.4239257884876
"BRA","Brazil",1999,47.7789845436778
"BRA","Brazil",2000,48.1611560478936
"BRA","Brazil",2001,48.4555316730293
"BRA","Brazil",2002,48.8602820604149
"BRA","Brazil",2003,48.8745512048013
"BRA","Brazil",2004,48.7320032242026
"BRA","Brazil",2005,49.2907705673503
"BRA","Brazil",2006,50.9192573746237
"BRA","Brazil",2007,51.1526166296329
"BRA","Brazil",2008,51.6361884907093
"BRA","Brazil",2009,52.4887193143307
"BRA","Brazil",2010,53.3610482037391
"BRA","Brazil",2011,53.5220492516574
"BRA","Brazil",2012,53.4723044346136
"BRA","Brazil",2013,53.5146996339569
"BRA","Brazil",2014,49.3084148880661
"BRA","Brazil",2015,49.0811793224341
"BRA","Brazil",2016,49.3407308052341
"BRA","Brazil",2017,49.1070294452725
"BRA","Brazil",2018,49.0538374258226
"BRA","Brazil",2019,49.2525882435654
"BRA","Brazil",2020,49.5164566296685
"BRA","Brazil",2021,49.3996815980349
"BRA","Brazil",2022,49.5237815073322
"BRN","Brunei Darussalam",1995,50.5069583479475
"BRN","Brunei Darussalam",1996,50.599019218071
"BRN","Brunei Darussalam",1997,50.2258545887816
"BRN","Brunei Darussalam",1998,49.7894951676412
"BRN","Brunei Darussalam",1999,50.0156659708334
"BRN","Brunei Darussalam",2000,50.2081705611946
"BRN","Brunei Darussalam",2001,50.5074163342464
"BRN","Brunei Darussalam",2002,50.9051847430856
"BRN","Brunei Darussalam",2003,51.1406230309733
"BRN","Brunei Darussalam",2004,51.7471983056211
"BRN","Brunei Darussalam",2005,52.4229449961635
"BRN","Brunei Darussalam",2006,55.6374601268442
"BRN","Brunei Darussalam",2007,51.8332415054309
"BRN","Brunei Darussalam",2008,51.9618529445128
"BRN","Brunei Darussalam",2009,53.2431143289395
"BRN","Brunei Darussalam",2010,53.6147033104035
"BRN","Brunei Darussalam",2011,53.6002093571361
"BRN","Brunei Darussalam",2012,53.708675088907
"BRN","Brunei Darussalam",2013,53.8764390938682
"BRN","Brunei Darussalam",2014,54.7568674362747
"BRN","Brunei Darussalam",2015,54.4876003824881
"BRN","Brunei Darussalam",2016,54.6208877200445
"BRN","Brunei Darussalam",2017,54.620305863804
"BRN","Brunei Darussalam",2018,55.8364794346751
"BRN","Brunei Darussalam",2019,55.4032134247034
"BRN","Brunei Darussalam",2020,56.255917705285
"BRN","Brunei Darussalam",2021,56.3595906358516
"BRN","Brunei Darussalam",2022,56.5352977090286
"BGR","Bulgaria",1995,50.7219821875262
"BGR","Bulgaria",1996,51.157532231249
"BGR","Bulgaria",1997,52.3465535925775
"BGR","Bulgaria",1998,52.4554162693012
"BGR","Bulgaria",1999,52.3630721842405
"BGR","Bulgaria",2000,51.7312668912904
"BGR","Bulgaria",2001,51.9401867698707
"BGR","Bulgaria",2002,52.6460274180262
"BGR","Bulgaria",2003,53.121577095632
"BGR","Bulgaria",2004,53.4147046908525
"BGR","Bulgaria",2005,53.6550777284701
"BGR","Bulgaria",2006,53.5490698604648
"BGR","Bulgaria",2007,53.6870789562882
"BGR","Bulgaria",2008,53.6796352007757
"BGR","Bulgaria",2009,54.0038206547263
"BGR","Bulgaria",2010,53.9682131000417
"BGR","Bulgaria",2011,54.3601026775657
"BGR","Bulgaria",2012,54.7925267302376
"BGR","Bulgaria",2013,54.9945139842948
"BGR","Bulgaria",2014,55.5673792940902
"BGR","Bulgaria",2015,55.5350222417406
"BGR","Bulgaria",2016,55.3758307451961
"BGR","Bulgaria",2017,55.2266148861538
"BGR","Bulgaria",2018,56.3287605323331
"BGR","Bulgaria",2019,56.4093985939863
"BGR","Bulgaria",2020,56.0675010975766
"BGR","Bulgaria",2021,56.194734174604
"BGR","Bulgaria",2022,54.9875674883525
"BFA","Burkina Faso",1995,35.9031334358842
"BFA","Burkina Faso",1996,35.8413037155338
"BFA","Burkina Faso",1997,36.0311113723468
"BFA","Burkina Faso",1998,35.9924099571921
"BFA","Burkina Faso",1999,36.0743622142555
"BFA","Burkina Faso",2000,36.3985570893186
"BFA","Burkina Faso",2001,36.5110961427162
"BFA","Burkina Faso",2002,36.3616013785804
"BFA","Burkina Faso",2003,36.3684123895264
"BFA","Burkina Faso",2004,36.8259025867006
"BFA","Burkina Faso",2005,36.0856948720522
"BFA","Burkina Faso",2006,34.2703624066818
"BFA","Burkina Faso",2007,34.9395238297071
"BFA","Burkina Faso",2008,35.2571844905509
"BFA","Burkina Faso",2009,36.1502900236583
"BFA","Burkina Faso",2010,36.0297759214197
"BFA","Burkina Faso",2011,36.0901859477505
"BFA","Burkina Faso",2012,36.1624165864201
"BFA","Burkina Faso",2013,36.1183782783627
"BFA","Burkina Faso",2014,36.6169667814252
"BFA","Burkina Faso",2015,36.6006125223145
"BFA","Burkina Faso",2016,37.9723473833249
"BFA","Burkina Faso",2017,38.6910982426529
"BFA","Burkina Faso",2018,38.8004126163952
"BFA","Burkina Faso",2019,38.5127989106672
"BFA","Burkina Faso",2020,38.1356269331016
"BFA","Burkina Faso",2021,38.1576269725573
"BFA","Burkina Faso",2022,37.9894586904992
"BDI","Burundi",1995,34.6481713296448
"BDI","Burundi",1996,34.7588816609228
"BDI","Burundi",1997,34.703242664644
"BDI","Burundi",1998,34.6898193424036
"BDI","Burundi",1999,35.2386673877684
"BDI","Burundi",2000,35.2268280159503
"BDI","Burundi",2001,34.1554508523242
"BDI","Burundi",2002,34.6133137281187
"BDI","Burundi",2003,34.3948322166123
"BDI","Burundi",2004,34.1950266504906
"BDI","Burundi",2005,34.4027953382129
"BDI","Burundi",2006,32.8552828286392
"BDI","Burundi",2007,33.1155638958342
"BDI","Burundi",2008,33.1671166276716
"BDI","Burundi",2009,33.0280647784682
"BDI","Burundi",2010,31.9805379519719
"BDI","Burundi",2011,31.4107597579021
"BDI","Burundi",2012,31.2596298905271
"BDI","Burundi",2013,33.3320926628558
"BDI","Burundi",2014,35.8035107488394
"BDI","Burundi",2015,34.9302040233456
"BDI","Burundi",2016,35.2914425732789
"BDI","Burundi",2017,35.3279343744256
"BDI","Burundi",2018,35.3329239666924
"BDI","Burundi",2019,35.3684941195363
"BDI","Burundi",2020,35.2469645592459
"BDI","Burundi",2021,35.6102940890594
"BDI","Burundi",2022,35.8995885941324
"KHM","Cambodia",1995,37.7417739523405
"KHM","Cambodia",1996,37.7520495769325
"KHM","Cambodia",1997,37.7211375733796
"KHM","Cambodia",1998,37.7027533204824
"KHM","Cambodia",1999,37.7740497220592
"KHM","Cambodia",2000,38.1095212787114
"KHM","Cambodia",2001,37.8712352299922
"KHM","Cambodia",2002,38.1005733091458
"KHM","Cambodia",2003,38.1853263621787
"KHM","Cambodia",2004,38.0673554156083
"KHM","Cambodia",2005,37.910418954668
"KHM","Cambodia",2006,37.3867548527951
"KHM","Cambodia",2007,36.9532696363555
"KHM","Cambodia",2008,37.9999646240646
"KHM","Cambodia",2009,37.90206467356
"KHM","Cambodia",2010,37.9442435489221
"KHM","Cambodia",2011,38.4769201610344
"KHM","Cambodia",2012,38.8557155140957
"KHM","Cambodia",2013,38.8081312835013
"KHM","Cambodia",2014,39.15153419928
"KHM","Cambodia",2015,39.171100477123
"KHM","Cambodia",2016,39.7678147174049
"KHM","Cambodia",2017,40.3149459124556
"KHM","Cambodia",2018,40.2517975990168
"KHM","Cambodia",2019,40.289261041875
"KHM","Cambodia",2020,40.1766504112594
"KHM","Cambodia",2021,40.0585963152114
"KHM","Cambodia",2022,40.3295834898391
"CMR","Cameroon",1995,38.0382097161053
"CMR","Cameroon",1996,38.1580735334395
"CMR","Cameroon",1997,38.4220839963111
"CMR","Cameroon",1998,38.7384652695376
"CMR","Cameroon",1999,38.7592848371942
"CMR","Cameroon",2000,38.8073791114195
"CMR","Cameroon",2001,38.9523989054186
"CMR","Cameroon",2002,38.819660211407
"CMR","Cameroon",2003,39.5305249346091
"CMR","Cameroon",2004,39.7149044441467
"CMR","Cameroon",2005,39.0424981267577
"CMR","Cameroon",2006,37.9548362663891
"CMR","Cameroon",2007,37.8328595229301
"CMR","Cameroon",2008,37.6755846840137
"CMR","Cameroon",2009,37.5890786044834
"CMR","Cameroon",2010,37.5139698769166
"CMR","Cameroon",2011,37.6200482437525
"CMR","Cameroon",2012,38.1562187221736
"CMR","Cameroon",2013,38.2895446138787
"CMR","Cameroon",2014,38.3327924992383
"CMR","Cameroon",2015,38.3014689970622
"CMR","Cameroon",2016,38.8595217290445
"CMR","Cameroon",2017,38.821313319039
"CMR","Cameroon",2018,38.681974012828
"CMR","Cameroon",2019,38.6677179327665
"CMR","Cameroon",2020,38.7707040870053
"CMR","Cameroon",2021,38.5155194808014
"CMR","Cameroon",2022,38.6711690279113
"CAN","Canada",1995,65.2690962339508
"CAN","Canada",1996,65.344379497809
"CAN","Canada",1997,65.4885537027613
"CAN","Canada",1998,65.3375492176883
"CAN","Canada",1999,65.7354940820306
"CAN","Canada",2000,66.040389149378
"CAN","Canada",2001,66.0684730148066
"CAN","Canada",2002,66.0924191654087
"CAN","Canada",2003,66.0619382905055
"CAN","Canada",2004,66.8434399119998
"CAN","Canada",2005,67.5092542747348
"CAN","Canada",2006,69.7632943436011
"CAN","Canada",2007,69.8072618570326
"CAN","Canada",2008,70.0436153842665
"CAN","Canada",2009,70.1234894980723
"CAN","Canada",2010,69.1393679844455
"CAN","Canada",2011,69.5303143735239
"CAN","Canada",2012,69.479403648728
"CAN","Canada",2013,69.6147114507003
"CAN","Canada",2014,70.2642783768752
"CAN","Canada",2015,69.8680611886937
"CAN","Canada",2016,69.3320281840585
"CAN","Canada",2017,69.1025555269835
"CAN","Canada",2018,68.5795517005027
"CAN","Canada",2019,68.5627962465424
"CAN","Canada",2020,68.229841142471
"CAN","Canada",2021,68.4720204998033
"CAN","Canada",2022,68.4584473544698
"CPV","Cape Verde",1995,47.7359698667604
"CPV","Cape Verde",1996,47.7582886823006
"CPV","Cape Verde",1997,47.7112353987642
"CPV","Cape Verde",1998,47.6815902213248
"CPV","Cape Verde",1999,48.0170515964693
"CPV","Cape Verde",2000,48.1401281873199
"CPV","Cape Verde",2001,47.4191300830735
"CPV","Cape Verde",2002,46.877698716762
"CPV","Cape Verde",2003,47.2997227258258
"CPV","Cape Verde",2004,47.2645739123748
"CPV","Cape Verde",2005,48.5407025112709
"CPV","Cape Verde",2006,46.9146387874759
"CPV","Cape Verde",2007,47.4978907910387
"CPV","Cape Verde",2008,47.7730003542151
"CPV","Cape Verde",2009,48.1908228722155
"CPV","Cape Verde",2010,48.130939051132
"CPV","Cape Verde",2011,49.1763049432006
"CPV","Cape Verde",2012,48.8955431260956
"CPV","Cape Verde",2013,48.8311619954175
"CPV","Cape Verde",2014,49.9866612954634
"CPV","Cape Verde",2015,50.890762800039
"CPV","Cape Verde",2016,50.7482289284948
"CPV","Cape Verde",2017,50.6006202386198
"CPV","Cape Verde",2018,50.5200583103513
"CPV","Cape Verde",2019,50.7268206446248
"CPV","Cape Verde",2020,51.0079066395764
"CPV","Cape Verde",2021,51.1095770742842
"CPV","Cape Verde",2022,51.0736999801748
"CAF","Central African Republic",1995,34.2743244517314
"CAF","Central African Republic",1996,34.3692901137471
"CAF","Central African Republic",1997,34.1473859529863
"CAF","Central African Republic",1998,34.1444093187702
"CAF","Central African Republic",1999,34.0506900069522
"CAF","Central African Republic",2000,33.7621707183456
"CAF","Central African Republic",2001,34.132881547431
"CAF","Central African Republic",2002,33.8562751279839
"CAF","Central African Republic",2003,33.5578830527512
"CAF","Central African Republic",2004,33.2298047327694
"CAF","Central African Republic",2005,32.0221540596876
"CAF","Central African Republic",2006,29.7404823504951
"CAF","Central African Republic",2007,29.0234451527226
"CAF","Central African Republic",2008,29.0467413951606
"CAF","Central African Republic",2009,28.2284874636438
"CAF","Central African Republic",2010,27.8862548469846
"CAF","Central African Republic",2011,27.4436606637548
"CAF","Central African Republic",2012,28.0800378362526
"CAF","Central African Republic",2013,26.849122143315
"CAF","Central African Republic",2014,26.5451568032438
"CAF","Central African Republic",2015,26.9533690450323
"CAF","Central African Republic",2016,28.0096166117011
"CAF","Central African Republic",2017,27.6644390240305
"CAF","Central African Republic",2018,27.5600834674217
"CAF","Central African Republic",2019,27.8358001047937
"CAF","Central African Republic",2020,27.5816660919247
"CAF","Central African Republic",2021,27.7260413931327
"CAF","Central African Republic",2022,27.8948032007839
"TCD","Chad",1995,29.95351353535
"TCD","Chad",1996,29.9550449497733
"TCD","Chad",1997,29.8856149736038
"TCD","Chad",1998,29.8849039014875
"TCD","Chad",1999,30.0278434175558
"TCD","Chad",2000,30.1762187522351
"TCD","Chad",2001,30.0965112346509
"TCD","Chad",2002,30.0796198628531
"TCD","Chad",2003,28.7774167545999
"TCD","Chad",2004,29.3207710277002
"TCD","Chad",2005,28.3912465883737
"TCD","Chad",2006,26.0685447460323
"TCD","Chad",2007,26.2999851672001
"TCD","Chad",2008,25.9459755726934
"TCD","Chad",2009,26.1790840077988
"TCD","Chad",2010,25.8296348760792
"TCD","Chad",2011,25.5966159101818
"TCD","Chad",2012,26.055082316874
"TCD","Chad",2013,26.2789436751065
"TCD","Chad",2014,26.144311886356
"TCD","Chad",2015,26.0248240029863
"TCD","Chad",2016,26.336244753038
"TCD","Chad",2017,26.6747524461385
"TCD","Chad",2018,26.7278750611864
"TCD","Chad",2019,26.8595776223643
"TCD","Chad",2020,27.236618770522
"TCD","Chad",2021,27.0480699043476
"TCD","Chad",2022,27.1553068161871
"CHL","Chile",1995,54.0906290597828
"CHL","Chile",1996,54.1071463481048
"CHL","Chile",1997,53.7644895537165
"CHL","Chile",1998,53.4309907503235
"CHL","Chile",1999,53.9274439152851
"CHL","Chile",2000,54.5802227368686
"CHL","Chile",2001,54.9746963981981
"CHL","Chile",2002,55.4768570265672
"CHL","Chile",2003,54.9822578241794
"CHL","Chile",2004,55.3555505646108
"CHL","Chile",2005,56.1509633912247
"CHL","Chile",2006,56.9959015859483
"CHL","Chile",2007,57.5395675219109
"CHL","Chile",2008,57.8276068475395
"CHL","Chile",2009,57.6973695755248
"CHL","Chile",2010,58.3358748111344
"CHL","Chile",2011,58.7436601462185
"CHL","Chile",2012,59.7851177448916
"CHL","Chile",2013,60.1543526331994
"CHL","Chile",2014,61.4136977453255
"CHL","Chile",2015,61.0803082459263
"CHL","Chile",2016,60.2151995826789
"CHL","Chile",2017,60.1642275623663
"CHL","Chile",2018,60.5074867509321
"CHL","Chile",2019,60.092537852414
"CHL","Chile",2020,60.0336846232983
"CHL","Chile",2021,60.2082897188141
"CHL","Chile",2022,60.1223990438853
"CHN","China",1995,49.2775058031245
"CHN","China",1996,49.4701400573962
"CHN","China",1997,49.4458370494329
"CHN","China",1998,49.382289747179
"CHN","China",1999,49.5058551365828
"CHN","China",2000,49.7360378455698
"CHN","China",2001,49.5677525148986
"CHN","China",2002,49.4890194338164
"CHN","China",2003,49.2416351062566
"CHN","China",2004,49.561610767967
"CHN","China",2005,51.0311672382776
"CHN","China",2006,55.087129670625
"CHN","China",2007,55.9497399950396
"CHN","China",2008,57.0593504553952
"CHN","China",2009,57.8297822066421
"CHN","China",2010,59.8210062341954
"CHN","China",2011,60.1896511010515
"CHN","China",2012,60.4593756405772
"CHN","China",2013,60.8633719763494
"CHN","China",2014,53.7279266568902
"CHN","China",2015,54.4183298909314
"CHN","China",2016,54.5307914699057
"CHN","China",2017,55.1062955703594
"CHN","China",2018,55.4272452284868
"CHN","China",2019,58.7792552223681
"CHN","China",2020,59.6683457376396
"CHN","China",2021,59.9998682267017
"CHN","China",2022,60.1825822630599
"COL","Colombia",1995,42.3417163608765
"COL","Colombia",1996,42.3501430644722
"COL","Colombia",1997,42.4119883883203
"COL","Colombia",1998,42.4811903433506
"COL","Colombia",1999,42.4913375112927
"COL","Colombia",2000,42.7099202825724
"COL","Colombia",2001,42.9968282896599
"COL","Colombia",2002,43.1246900440287
"COL","Colombia",2003,43.0710680702143
"COL","Colombia",2004,43.4941140902797
"COL","Colombia",2005,44.1984618785342
"COL","Colombia",2006,43.2006087076377
"COL","Colombia",2007,43.5626048585077
"COL","Colombia",2008,44.3693110204073
"COL","Colombia",2009,45.1986544261827
"COL","Colombia",2010,45.9681417939884
"COL","Colombia",2011,46.806948588151
"COL","Colombia",2012,46.8784776610428
"COL","Colombia",2013,46.98065436629
"COL","Colombia",2014,48.1362105112595
"COL","Colombia",2015,48.1675516847281
"COL","Colombia",2016,48.0370436601703
"COL","Colombia",2017,48.0318507250376
"COL","Colombia",2018,47.9348866520369
"COL","Colombia",2019,48.3761589758355
"COL","Colombia",2020,48.5010470676248
"COL","Colombia",2021,48.4168984873614
"COL","Colombia",2022,48.6904695569285
"COM","Comoros",1995,38.0592838822939
"COM","Comoros",1996,38.2017201286182
"COM","Comoros",1997,38.1728361731443
"COM","Comoros",1998,38.2851383459973
"COM","Comoros",1999,38.6269335481871
"COM","Comoros",2000,37.6575699788768
"COM","Comoros",2001,38.279097208786
"COM","Comoros",2002,38.949980616605
"COM","Comoros",2003,37.7944941458148
"COM","Comoros",2004,37.6017002362145
"COM","Comoros",2005,38.8391845274716
"COM","Comoros",2006,37.1647932925887
"COM","Comoros",2007,37.1183962349143
"COM","Comoros",2008,36.2776821345891
"COM","Comoros",2009,36.5039542745676
"COM","Comoros",2010,36.6674957354128
"COM","Comoros",2011,36.3618594027367
"COM","Comoros",2012,36.420723486379
"COM","Comoros",2013,37.3072157501908
"COM","Comoros",2014,37.8061294458075
"COM","Comoros",2015,38.1995749678289
"COM","Comoros",2016,38.5302740034369
"COM","Comoros",2017,38.3609023085254
"COM","Comoros",2018,37.9381232021323
"COM","Comoros",2019,37.2608796205221
"COM","Comoros",2020,37.3243272015961
"COM","Comoros",2021,36.8121223110653
"COM","Comoros",2022,36.859800081433
"COG","Congo",1995,35.6717388345848
"COG","Congo",1996,35.7326151109552
"COG","Congo",1997,35.2346731547165
"COG","Congo",1998,34.7741210665046
"COG","Congo",1999,35.3152245729383
"COG","Congo",2000,35.9245493311872
"COG","Congo",2001,35.9562589182503
"COG","Congo",2002,35.6509971487043
"COG","Congo",2003,35.8580182398657
"COG","Congo",2004,35.6441395971264
"COG","Congo",2005,34.7822061485939
"COG","Congo",2006,33.7910897233485
"COG","Congo",2007,34.0006140690411
"COG","Congo",2008,34.5251377966549
"COG","Congo",2009,34.5436628887068
"COG","Congo",2010,34.4501347582743
"COG","Congo",2011,33.8993803988717
"COG","Congo",2012,33.1715462624275
"COG","Congo",2013,33.759091882972
"COG","Congo",2014,34.4757806170609
"COG","Congo",2015,34.3671095320662
"COG","Congo",2016,36.5085835684251
"COG","Congo",2017,35.7028271669233
"COG","Congo",2018,35.9133825931796
"COG","Congo",2019,35.631182033314
"COG","Congo",2020,35.1717038897269
"COG","Congo",2021,35.6798530967188
"COG","Congo",2022,35.8753657898711
"COD","Congo, the Democratic Republic o",1995,33.3329833336614
"COD","Congo, the Democratic Republic o",1996,33.2500889261213
"COD","Congo, the Democratic Republic o",1997,33.1661866622041
"COD","Congo, the Democratic Republic o",1998,33.095297671932
"COD","Congo, the Democratic Republic o",1999,33.0309256584002
"COD","Congo, the Democratic Republic o",2000,32.9948575327884
"COD","Congo, the Democratic Republic o",2001,33.4469161485759
"COD","Congo, the Democratic Republic o",2002,33.4957998998231
"COD","Congo, the Democratic Republic o",2003,33.3743503497609
"COD","Congo, the Democratic Republic o",2004,33.5298172082368
"COD","Congo, the Democratic Republic o",2005,32.4786353091569
"COD","Congo, the Democratic Republic o",2006,29.4590982966458
"COD","Congo, the Democratic Republic o",2007,29.3352926836409
"COD","Congo, the Democratic Republic o",2008,29.0373426360871
"COD","Congo, the Democratic Republic o",2009,29.075934386018
"COD","Congo, the Democratic Republic o",2010,27.9022007316588
"COD","Congo, the Democratic Republic o",2011,28.8654641005391
"COD","Congo, the Democratic Republic o",2012,28.9095492514551
"COD","Congo, the Democratic Republic o",2013,29.0235693826042
"COD","Congo, the Democratic Republic o",2014,28.9514168353542
"COD","Congo, the Democratic Republic o",2015,29.7194575735317
"COD","Congo, the Democratic Republic o",2016,31.955447408324
"COD","Congo, the Democratic Republic o",2017,31.8835487566912
"COD","Congo, the Democratic Republic o",2018,32.4103133810281
"COD","Congo, the Democratic Republic o",2019,32.3546653213289
"COD","Congo, the Democratic Republic o",2020,32.3993803833913
"COD","Congo, the Democratic Republic o",2021,32.3890972680051
"COD","Congo, the Democratic Republic o",2022,32.5128011087756
"CRI","Costa Rica",1995,47.552091286123
"CRI","Costa Rica",1996,47.687083344816
"CRI","Costa Rica",1997,48.4050060587834
"CRI","Costa Rica",1998,48.907962060515
"CRI","Costa Rica",1999,48.8080474758262
"CRI","Costa Rica",2000,48.8084787865774
"CRI","Costa Rica",2001,48.4678957351213
"CRI","Costa Rica",2002,48.6221332058234
"CRI","Costa Rica",2003,48.7243898135672
"CRI","Costa Rica",2004,48.7732076028942
"CRI","Costa Rica",2005,49.2505005138846
"CRI","Costa Rica",2006,48.1813227969148
"CRI","Costa Rica",2007,48.2586712368086
"CRI","Costa Rica",2008,48.8741287017198
"CRI","Costa Rica",2009,49.2906910664366
"CRI","Costa Rica",2010,50.9004533982839
"CRI","Costa Rica",2011,50.6770078617949
"CRI","Costa Rica",2012,51.4288699532985
"CRI","Costa Rica",2013,52.1234173067512
"CRI","Costa Rica",2014,53.3076435344054
"CRI","Costa Rica",2015,53.6262023668472
"CRI","Costa Rica",2016,53.2945413767563
"CRI","Costa Rica",2017,53.09686272864
"CRI","Costa Rica",2018,53.2463760854343
"CRI","Costa Rica",2019,53.3912693819668
"CRI","Costa Rica",2020,53.5195669481864
"CRI","Costa Rica",2021,53.3407752471575
"CRI","Costa Rica",2022,53.661705500101
"CIV","Cote d'Ivoire",1995,40.3453562933257
"CIV","Cote d'Ivoire",1996,40.4160374165886
"CIV","Cote d'Ivoire",1997,40.1477404960948
"CIV","Cote d'Ivoire",1998,39.7712066717482
"CIV","Cote d'Ivoire",1999,38.8482924230019
"CIV","Cote d'Ivoire",2000,38.0646122921808
"CIV","Cote d'Ivoire",2001,37.8232609102008
"CIV","Cote d'Ivoire",2002,37.6104431407535
"CIV","Cote d'Ivoire",2003,37.33587644452
"CIV","Cote d'Ivoire",2004,36.6605716630026
"CIV","Cote d'Ivoire",2005,36.001529208082
"CIV","Cote d'Ivoire",2006,33.9980346919528
"CIV","Cote d'Ivoire",2007,34.7154832477317
"CIV","Cote d'Ivoire",2008,34.6267204910465
"CIV","Cote d'Ivoire",2009,34.9705420737607
"CIV","Cote d'Ivoire",2010,34.3247512258581
"CIV","Cote d'Ivoire",2011,34.1962578808273
"CIV","Cote d'Ivoire",2012,34.9348525528408
"CIV","Cote d'Ivoire",2013,36.1209936905137
"CIV","Cote d'Ivoire",2014,37.842805498009
"CIV","Cote d'Ivoire",2015,38.8291801369565
"CIV","Cote d'Ivoire",2016,39.8127736483596
"CIV","Cote d'Ivoire",2017,39.8996630852446
"CIV","Cote d'Ivoire",2018,40.4371372480618
"CIV","Cote d'Ivoire",2019,40.8070196690493
"CIV","Cote d'Ivoire",2020,40.9363980363884
"CIV","Cote d'Ivoire",2021,41.222805825005
"CIV","Cote d'Ivoire",2022,41.6495573851431
"HRV","Croatia",1995,50.2810207633541
"HRV","Croatia",1996,50.2934223726026
"HRV","Croatia",1997,50.5094103723207
"HRV","Croatia",1998,50.7525634842279
"HRV","Croatia",1999,51.3762118467449
"HRV","Croatia",2000,52.2456850465495
"HRV","Croatia",2001,53.0679101875225
"HRV","Croatia",2002,53.473589734071
"HRV","Croatia",2003,54.293629297109
"HRV","Croatia",2004,54.7222083269821
"HRV","Croatia",2005,54.1464699608943
"HRV","Croatia",2006,53.2766994600575
"HRV","Croatia",2007,53.7894591502464
"HRV","Croatia",2008,53.7637449241455
"HRV","Croatia",2009,53.58745079859
"HRV","Croatia",2010,54.2955854051857
"HRV","Croatia",2011,54.3116801556726
"HRV","Croatia",2012,54.4239123750982
"HRV","Croatia",2013,54.8303582680222
"HRV","Croatia",2014,55.1557356028649
"HRV","Croatia",2015,55.3278372221622
"HRV","Croatia",2016,55.6643291416333
"HRV","Croatia",2017,55.3771952441746
"HRV","Croatia",2018,55.524383430645
"HRV","Croatia",2019,55.7384429717841
"HRV","Croatia",2020,55.401394122297
"HRV","Croatia",2021,55.3256082462363
"HRV","Croatia",2022,55.4449467637838
"CUB","Cuba",1995,41.3593146380651
"CUB","Cuba",1996,41.2624244673668
"CUB","Cuba",1997,41.051807617324
"CUB","Cuba",1998,40.9201277499998
"CUB","Cuba",1999,41.6497120437978
"CUB","Cuba",2000,42.1211606283189
"CUB","Cuba",2001,42.233621271408
"CUB","Cuba",2002,42.2674230477986
"CUB","Cuba",2003,42.043949633602
"CUB","Cuba",2004,43.210304056839
"CUB","Cuba",2005,44.1259815306983
"CUB","Cuba",2006,45.9904336846915
"CUB","Cuba",2007,47.1294874731236
"CUB","Cuba",2008,47.670228423512
"CUB","Cuba",2009,47.2289477360734
"CUB","Cuba",2010,46.1061708539716
"CUB","Cuba",2011,45.2999640451684
"CUB","Cuba",2012,44.4802671894511
"CUB","Cuba",2013,43.6107943039916
"CUB","Cuba",2014,43.7565469597214
"CUB","Cuba",2015,43.9044508323943
"CUB","Cuba",2016,44.3413033932587
"CUB","Cuba",2017,45.1325034760441
"CUB","Cuba",2018,45.1139657839238
"CUB","Cuba",2019,45.3233708416278
"CUB","Cuba",2020,45.3640211310841
"CUB","Cuba",2021,45.4527002836149
"CUB","Cuba",2022,45.6085459859143
"CYP","Cyprus",1995,54.2615143496594
"CYP","Cyprus",1996,54.2603973982177
"CYP","Cyprus",1997,53.9716798609451
"CYP","Cyprus",1998,54.0979056393406
"CYP","Cyprus",1999,54.3629131300147
"CYP","Cyprus",2000,54.5224025037267
"CYP","Cyprus",2001,54.7791331821765
"CYP","Cyprus",2002,55.2010824416859
"CYP","Cyprus",2003,55.7414713939996
"CYP","Cyprus",2004,55.4330196783662
"CYP","Cyprus",2005,56.6851644924783
"CYP","Cyprus",2006,60.582406788177
"CYP","Cyprus",2007,60.6586924672136
"CYP","Cyprus",2008,61.6175419970306
"CYP","Cyprus",2009,57.0399302828928
"CYP","Cyprus",2010,56.9851977430788
"CYP","Cyprus",2011,56.6610268413397
"CYP","Cyprus",2012,56.9979728404935
"CYP","Cyprus",2013,57.094742141788
"CYP","Cyprus",2014,57.9255972793938
"CYP","Cyprus",2015,57.9773255621058
"CYP","Cyprus",2016,57.5868203687721
"CYP","Cyprus",2017,58.2402196381068
"CYP","Cyprus",2018,57.955431882058
"CYP","Cyprus",2019,58.2543637124735
"CYP","Cyprus",2020,57.9573095269018
"CYP","Cyprus",2021,58.0939982748
"CYP","Cyprus",2022,58.0631949836649
"CZE","Czech Republic",1995,59.7816861815413
"CZE","Czech Republic",1996,59.7903804616174
"CZE","Czech Republic",1997,59.59845704207
"CZE","Czech Republic",1998,59.5520679618287
"CZE","Czech Republic",1999,59.0937587094603
"CZE","Czech Republic",2000,58.7836999842081
"CZE","Czech Republic",2001,59.617379636094
"CZE","Czech Republic",2002,60.4026827508897
"CZE","Czech Republic",2003,60.8078128246236
"CZE","Czech Republic",2004,60.5372573251002
"CZE","Czech Republic",2005,60.9026961375593
"CZE","Czech Republic",2006,61.3583107250271
"CZE","Czech Republic",2007,61.8923202935468
"CZE","Czech Republic",2008,62.3054908565699
"CZE","Czech Republic",2009,62.243082842073
"CZE","Czech Republic",2010,63.058557543498
"CZE","Czech Republic",2011,63.4748186527646
"CZE","Czech Republic",2012,63.65941435703
"CZE","Czech Republic",2013,64.3821247609858
"CZE","Czech Republic",2014,65.1756075303205
"CZE","Czech Republic",2015,65.2961644645444
"CZE","Czech Republic",2016,64.8927857664957
"CZE","Czech Republic",2017,65.2697130785478
"CZE","Czech Republic",2018,65.0649398636176
"CZE","Czech Republic",2019,64.9332458454159
"CZE","Czech Republic",2020,64.5933823947448
"CZE","Czech Republic",2021,64.6661795561026
"CZE","Czech Republic",2022,64.651308043735
"DNK","Denmark",1995,65.3884092372315
"DNK","Denmark",1996,65.6288618138084
"DNK","Denmark",1997,65.8232687121511
"DNK","Denmark",1998,66.1423740876608
"DNK","Denmark",1999,66.5373927978996
"DNK","Denmark",2000,66.8273711562598
"DNK","Denmark",2001,67.0236082145937
"DNK","Denmark",2002,67.3922558504132
"DNK","Denmark",2003,67.5291390505353
"DNK","Denmark",2004,67.8330329137424
"DNK","Denmark",2005,68.110276167985
"DNK","Denmark",2006,71.1237773464622
"DNK","Denmark",2007,71.451855656948
"DNK","Denmark",2008,71.3510286214658
"DNK","Denmark",2009,71.1448699713348
"DNK","Denmark",2010,71.6207660509367
"DNK","Denmark",2011,72.1592806732062
"DNK","Denmark",2012,72.3759648977818
"DNK","Denmark",2013,72.4856083206116
"DNK","Denmark",2014,72.7310637650302
"DNK","Denmark",2015,72.7360024371574
"DNK","Denmark",2016,71.5715452244908
"DNK","Denmark",2017,71.6091572247035
"DNK","Denmark",2018,71.3540146934584
"DNK","Denmark",2019,70.9890671963154
"DNK","Denmark",2020,71.2459927866754
"DNK","Denmark",2021,71.1918609054503
"DNK","Denmark",2022,71.0953047206142
"DJI","Djibouti",1995,40.3452766876692
"DJI","Djibouti",1996,40.3445110903954
"DJI","Djibouti",1997,40.2731650282268
"DJI","Djibouti",1998,40.2205346700142
"DJI","Djibouti",1999,40.6278646577566
"DJI","Djibouti",2000,41.0310178278557
"DJI","Djibouti",2001,41.1480440928281
"DJI","Djibouti",2002,40.3309486214777
"DJI","Djibouti",2003,39.5750734788544
"DJI","Djibouti",2004,40.9233603879946
"DJI","Djibouti",2005,40.665690451338
"DJI","Djibouti",2006,38.5600465063576
"DJI","Djibouti",2007,39.0633148669941
"DJI","Djibouti",2008,40.4092699530308
"DJI","Djibouti",2009,40.8216314260937
"DJI","Djibouti",2010,40.2128334983683
"DJI","Djibouti",2011,40.1923778389013
"DJI","Djibouti",2012,39.5804496668327
"DJI","Djibouti",2013,39.7167948972572
"DJI","Djibouti",2014,40.1047992360907
"DJI","Djibouti",2015,39.7854737569815
"DJI","Djibouti",2016,39.7072759047012
"DJI","Djibouti",2017,40.839592734778
"DJI","Djibouti",2018,41.818799240197
"DJI","Djibouti",2019,42.0314704892461
"DJI","Djibouti",2020,41.7637699287272
"DJI","Djibouti",2021,41.1478939463211
"DJI","Djibouti",2022,41.1227566734789
"DMA","Dominica",1995,55.7328687479554
"DMA","Dominica",1996,55.5851579170117
"DMA","Dominica",1997,55.7484260038802
"DMA","Dominica",1998,55.8496519778882
"DMA","Dominica",1999,55.6890930730963
"DMA","Dominica",2000,55.5548537051159
"DMA","Dominica",2001,56.0493030474173
"DMA","Dominica",2002,55.4504694648712
"DMA","Dominica",2003,56.0154085576198
"DMA","Dominica",2004,56.0675436384783
"DMA","Dominica",2005,57.9125771841101
"DMA","Dominica",2006,54.9695880958519
"DMA","Dominica",2007,54.834784211602
"DMA","Dominica",2008,54.9320650338461
"DMA","Dominica",2009,54.6880192662018
"DMA","Dominica",2010,54.6836042148233
"DMA","Dominica",2011,54.5427784714586
"DMA","Dominica",2012,54.1602379614221
"DMA","Dominica",2013,54.8451483573442
"DMA","Dominica",2014,55.1430587412265
"DMA","Dominica",2015,55.230544617416
"DMA","Dominica",2016,54.781376481236
"DMA","Dominica",2017,54.9339609171512
"DMA","Dominica",2018,54.8300419068618
"DMA","Dominica",2019,54.2173743358906
"DMA","Dominica",2020,53.4586431990589
"DMA","Dominica",2021,52.9997459062418
"DMA","Dominica",2022,52.9778431456094
"DOM","Dominican Republic",1995,43.6719384491371
"DOM","Dominican Republic",1996,43.7076666603356
"DOM","Dominican Republic",1997,43.4716746321055
"DOM","Dominican Republic",1998,43.300003496574
"DOM","Dominican Republic",1999,43.6223510388774
"DOM","Dominican Republic",2000,43.7928480135099
"DOM","Dominican Republic",2001,44.0945806543659
"DOM","Dominican Republic",2002,43.9183999216739
"DOM","Dominican Republic",2003,43.2078751677719
"DOM","Dominican Republic",2004,43.7843736915244
"DOM","Dominican Republic",2005,43.5995344985286
"DOM","Dominican Republic",2006,43.9419947399962
"DOM","Dominican Republic",2007,44.5068349474364
"DOM","Dominican Republic",2008,45.1863745043718
"DOM","Dominican Republic",2009,46.0450555038388
"DOM","Dominican Republic",2010,45.7268906967661
"DOM","Dominican Republic",2011,45.4823277299684
"DOM","Dominican Republic",2012,45.9121520514243
"DOM","Dominican Republic",2013,45.9557103638707
"DOM","Dominican Republic",2014,46.3218179038723
"DOM","Dominican Republic",2015,46.259452994902
"DOM","Dominican Republic",2016,46.3214405049574
"DOM","Dominican Republic",2017,46.1936425383755
"DOM","Dominican Republic",2018,46.061902835258
"DOM","Dominican Republic",2019,46.158760882738
"DOM","Dominican Republic",2020,46.3424100364523
"DOM","Dominican Republic",2021,46.6210795614696
"DOM","Dominican Republic",2022,46.7333636313101
"ECU","Ecuador",1995,40.5404587243847
"ECU","Ecuador",1996,40.3724399474061
"ECU","Ecuador",1997,40.6651065848968
"ECU","Ecuador",1998,40.7619854985787
"ECU","Ecuador",1999,40.0108999641403
"ECU","Ecuador",2000,39.901683430454
"ECU","Ecuador",2001,39.8118711768656
"ECU","Ecuador",2002,39.5886505254829
"ECU","Ecuador",2003,39.9725812185725
"ECU","Ecuador",2004,40.4124451534464
"ECU","Ecuador",2005,40.3920409876282
"ECU","Ecuador",2006,40.2250073202527
"ECU","Ecuador",2007,40.5362726844177
"ECU","Ecuador",2008,40.9113794360366
"ECU","Ecuador",2009,40.8680404060976
"ECU","Ecuador",2010,40.8324065513982
"ECU","Ecuador",2011,41.2384592394575
"ECU","Ecuador",2012,41.5214895379439
"ECU","Ecuador",2013,41.8396478092928
"ECU","Ecuador",2014,42.413305374562
"ECU","Ecuador",2015,42.1580066713127
"ECU","Ecuador",2016,43.241034883243
"ECU","Ecuador",2017,43.7253803371008
"ECU","Ecuador",2018,44.008071657911
"ECU","Ecuador",2019,44.2070890297299
"ECU","Ecuador",2020,43.8507309258942
"ECU","Ecuador",2021,44.1388583451711
"ECU","Ecuador",2022,44.0762831128738
"EGY","Egypt",1995,45.5916323049754
"EGY","Egypt",1996,45.5782252948569
"EGY","Egypt",1997,45.6242013066509
"EGY","Egypt",1998,45.8742808147838
"EGY","Egypt",1999,45.8605977597447
"EGY","Egypt",2000,45.872740663701
"EGY","Egypt",2001,45.7258318181703
"EGY","Egypt",2002,45.673089157929
"EGY","Egypt",2003,45.32003286138
"EGY","Egypt",2004,45.3516485770355
"EGY","Egypt",2005,45.1046285820882
"EGY","Egypt",2006,43.2953103928741
"EGY","Egypt",2007,43.8988958457549
"EGY","Egypt",2008,45.385575381659
"EGY","Egypt",2009,46.0564890756119
"EGY","Egypt",2010,46.3796125710673
"EGY","Egypt",2011,45.9056371255058
"EGY","Egypt",2012,46.19326719078
"EGY","Egypt",2013,45.9425104519531
"EGY","Egypt",2014,46.1393424646184
"EGY","Egypt",2015,46.1891059849646
"EGY","Egypt",2016,45.8609421923925
"EGY","Egypt",2017,46.4521761634388
"EGY","Egypt",2018,46.8623261637227
"EGY","Egypt",2019,47.1345560159174
"EGY","Egypt",2020,47.3591369957734
"EGY","Egypt",2021,47.6186465279365
"EGY","Egypt",2022,47.5894206662017
"SLV","El Salvador",1995,42.0023630911999
"SLV","El Salvador",1996,41.9265425955522
"SLV","El Salvador",1997,42.0195547776142
"SLV","El Salvador",1998,42.0861151390292
"SLV","El Salvador",1999,42.3475804492048
"SLV","El Salvador",2000,42.5566557538978
"SLV","El Salvador",2001,42.581875384693
"SLV","El Salvador",2002,42.8191863948884
"SLV","El Salvador",2003,43.0343429704579
"SLV","El Salvador",2004,43.7321268926818
"SLV","El Salvador",2005,43.5212928654778
"SLV","El Salvador",2006,44.4395023558179
"SLV","El Salvador",2007,44.6995781011414
"SLV","El Salvador",2008,45.3824412520542
"SLV","El Salvador",2009,45.7181301712667
"SLV","El Salvador",2010,45.8239038813988
"SLV","El Salvador",2011,46.3644103657174
"SLV","El Salvador",2012,46.2102082431206
"SLV","El Salvador",2013,46.4822042948667
"SLV","El Salvador",2014,46.8695181259623
"SLV","El Salvador",2015,46.2057480229514
"SLV","El Salvador",2016,45.5248751095445
"SLV","El Salvador",2017,45.6325930206719
"SLV","El Salvador",2018,45.9350878602675
"SLV","El Salvador",2019,46.0543194374882
"SLV","El Salvador",2020,46.2453205884269
"SLV","El Salvador",2021,46.1530177065468
"SLV","El Salvador",2022,46.0818949003492
"GNQ","Equatorial Guinea",1995,42.1757576772365
"GNQ","Equatorial Guinea",1996,42.2783925080041
"GNQ","Equatorial Guinea",1997,42.2718488412501
"GNQ","Equatorial Guinea",1998,42.1124369850598
"GNQ","Equatorial Guinea",1999,42.0053626613007
"GNQ","Equatorial Guinea",2000,41.8995721578135
"GNQ","Equatorial Guinea",2001,41.1484165588194
"GNQ","Equatorial Guinea",2002,42.1606343479385
"GNQ","Equatorial Guinea",2003,42.8784935036693
"GNQ","Equatorial Guinea",2004,42.7487609552947
"GNQ","Equatorial Guinea",2005,43.5988202178119
"GNQ","Equatorial Guinea",2006,41.2995112621894
"GNQ","Equatorial Guinea",2007,41.689804770305
"GNQ","Equatorial Guinea",2008,41.8885557561241
"GNQ","Equatorial Guinea",2009,41.6906441902546
"GNQ","Equatorial Guinea",2010,41.7548933487336
"GNQ","Equatorial Guinea",2011,41.6517790864556
"GNQ","Equatorial Guinea",2012,41.8061167148787
"GNQ","Equatorial Guinea",2013,42.0036180377205
"GNQ","Equatorial Guinea",2014,41.8347967893733
"GNQ","Equatorial Guinea",2015,41.5315329499232
"GNQ","Equatorial Guinea",2016,41.70280055253
"GNQ","Equatorial Guinea",2017,41.2890396047523
"GNQ","Equatorial Guinea",2018,41.6442921827143
"GNQ","Equatorial Guinea",2019,41.8875201310181
"GNQ","Equatorial Guinea",2020,41.9559515770093
"GNQ","Equatorial Guinea",2021,42.0418929946953
"GNQ","Equatorial Guinea",2022,42.1893528348334
"ERI","Eritrea",1995,35.9948572696095
"ERI","Eritrea",1996,36.078225936266
"ERI","Eritrea",1997,36.3220081074331
"ERI","Eritrea",1998,36.4299745173392
"ERI","Eritrea",1999,36.4753393582287
"ERI","Eritrea",2000,36.5408320739129
"ERI","Eritrea",2001,35.8045122033694
"ERI","Eritrea",2002,35.3388555532179
"ERI","Eritrea",2003,33.5696586798848
"ERI","Eritrea",2004,33.3327027859848
"ERI","Eritrea",2005,31.6827134730537
"ERI","Eritrea",2006,30.1966101022498
"ERI","Eritrea",2007,29.9651213741789
"ERI","Eritrea",2008,30.2051761362698
"ERI","Eritrea",2009,29.9162457479047
"ERI","Eritrea",2010,29.5072713749848
"ERI","Eritrea",2011,29.5807086765721
"ERI","Eritrea",2012,29.6568166821472
"ERI","Eritrea",2013,29.4167550286414
"ERI","Eritrea",2014,29.7121666178867
"ERI","Eritrea",2015,29.3633369546394
"ERI","Eritrea",2016,30.882790398015
"ERI","Eritrea",2017,30.3916455732922
"ERI","Eritrea",2018,30.4170556565479
"ERI","Eritrea",2019,30.4225395197158
"ERI","Eritrea",2020,30.6878114487078
"ERI","Eritrea",2021,30.7711686182722
"ERI","Eritrea",2022,30.6462464528392
"EST","Estonia",1995,55.7168662106993
"EST","Estonia",1996,55.9899003849604
"EST","Estonia",1997,56.0892424947372
"EST","Estonia",1998,55.7787706153916
"EST","Estonia",1999,56.1883231082644
"EST","Estonia",2000,56.7952041627491
"EST","Estonia",2001,57.1054516960445
"EST","Estonia",2002,57.4982189879611
"EST","Estonia",2003,57.7418463669285
"EST","Estonia",2004,58.152291118528
"EST","Estonia",2005,58.8353272487926
"EST","Estonia",2006,62.1525003569851
"EST","Estonia",2007,62.6458800537468
"EST","Estonia",2008,63.2469081443429
"EST","Estonia",2009,63.2437462888124
"EST","Estonia",2010,63.7071099588693
"EST","Estonia",2011,63.574007336949
"EST","Estonia",2012,63.0124359958191
"EST","Estonia",2013,63.723884430882
"EST","Estonia",2014,65.2766222044063
"EST","Estonia",2015,65.0477967156321
"EST","Estonia",2016,63.9994498979755
"EST","Estonia",2017,64.0989923120853
"EST","Estonia",2018,64.031525253038
"EST","Estonia",2019,64.2563070563784
"EST","Estonia",2020,64.0276426307259
"EST","Estonia",2021,64.473626717757
"EST","Estonia",2022,64.5164233669762
"ETH","Ethiopia",1995,34.21959177936
"ETH","Ethiopia",1996,34.5004651524101
"ETH","Ethiopia",1997,34.9972000493721
"ETH","Ethiopia",1998,35.2431078306232
"ETH","Ethiopia",1999,35.1537768890671
"ETH","Ethiopia",2000,35.1060525708155
"ETH","Ethiopia",2001,35.0088586810459
"ETH","Ethiopia",2002,35.4835589073011
"ETH","Ethiopia",2003,35.2550129496876
"ETH","Ethiopia",2004,35.2471542246426
"ETH","Ethiopia",2005,34.8421303645323
"ETH","Ethiopia",2006,34.6156967515343
"ETH","Ethiopia",2007,34.8542416350779
"ETH","Ethiopia",2008,34.7088119619961
"ETH","Ethiopia",2009,34.8904002725102
"ETH","Ethiopia",2010,35.1335422825537
"ETH","Ethiopia",2011,35.2710009020206
"ETH","Ethiopia",2012,35.4016777291668
"ETH","Ethiopia",2013,35.9237404474441
"ETH","Ethiopia",2014,36.2239236882685
"ETH","Ethiopia",2015,36.8954573858358
"ETH","Ethiopia",2016,37.9974816777827
"ETH","Ethiopia",2017,37.7002621744928
"ETH","Ethiopia",2018,38.9629646681592
"ETH","Ethiopia",2019,39.5700317432266
"ETH","Ethiopia",2020,39.0026222871872
"ETH","Ethiopia",2021,38.4686688161388
"ETH","Ethiopia",2022,38.6948716459445
"FJI","Fiji",1995,43.2161219272038
"FJI","Fiji",1996,43.1718768066762
"FJI","Fiji",1997,43.2531428263449
"FJI","Fiji",1998,43.2618036877955
"FJI","Fiji",1999,42.6414838419041
"FJI","Fiji",2000,42.0407318278538
"FJI","Fiji",2001,42.4231661488205
"FJI","Fiji",2002,43.0964204188673
"FJI","Fiji",2003,42.8629773367043
"FJI","Fiji",2004,42.5831912840869
"FJI","Fiji",2005,43.326953793958
"FJI","Fiji",2006,45.3759432986848
"FJI","Fiji",2007,45.4782819756828
"FJI","Fiji",2008,45.1928222148429
"FJI","Fiji",2009,44.0343622653056
"FJI","Fiji",2010,44.7555518462802
"FJI","Fiji",2011,45.5320719187342
"FJI","Fiji",2012,45.5006265140837
"FJI","Fiji",2013,45.7120955488405
"FJI","Fiji",2014,47.1934574412063
"FJI","Fiji",2015,47.5466955218423
"FJI","Fiji",2016,48.1400285793741
"FJI","Fiji",2017,48.8627181231045
"FJI","Fiji",2018,49.1726793759836
"FJI","Fiji",2019,51.4813100154009
"FJI","Fiji",2020,51.1274816433967
"FJI","Fiji",2021,50.9162353133256
"FJI","Fiji",2022,50.8963409782399
"FIN","Finland",1995,67.986939165863
"FIN","Finland",1996,68.0386217494529
"FIN","Finland",1997,68.2406742033413
"FIN","Finland",1998,68.6598050593682
"FIN","Finland",1999,69.0312633298693
"FIN","Finland",2000,69.1640832188916
"FIN","Finland",2001,69.4108953774253
"FIN","Finland",2002,69.7503628775823
"FIN","Finland",2003,69.8500191373399
"FIN","Finland",2004,69.7272356261884
"FIN","Finland",2005,70.3857111494708
"FIN","Finland",2006,72.2234091163256
"FIN","Finland",2007,72.2682206308391
"FIN","Finland",2008,72.4617116821799
"FIN","Finland",2009,72.3129233860446
"FIN","Finland",2010,72.9056170948255
"FIN","Finland",2011,72.8900349824443
"FIN","Finland",2012,73.4287091535702
"FIN","Finland",2013,73.4870240705581
"FIN","Finland",2014,73.9135869096265
"FIN","Finland",2015,73.1260164372646
"FIN","Finland",2016,72.2460721367458
"FIN","Finland",2017,72.3085172354812
"FIN","Finland",2018,72.1239843927086
"FIN","Finland",2019,72.43211078894
"FIN","Finland",2020,72.7561335969683
"FIN","Finland",2021,73.0556392877596
"FIN","Finland",2022,72.9382595862857
"FRA","France",1995,63.8991883034281
"FRA","France",1996,64.0787224462856
"FRA","France",1997,64.0176829013566
"FRA","France",1998,63.8940219913677
"FRA","France",1999,64.0870000038346
"FRA","France",2000,64.1965619018003
"FRA","France",2001,64.3200556459903
"FRA","France",2002,64.2350716388454
"FRA","France",2003,64.2485680995137
"FRA","France",2004,64.6046689499479
"FRA","France",2005,64.7438265211306
"FRA","France",2006,65.6953095807801
"FRA","France",2007,66.6425843272759
"FRA","France",2008,66.8624240831374
"FRA","France",2009,67.0483259561626
"FRA","France",2010,67.8797502804357
"FRA","France",2011,67.7434127414611
"FRA","France",2012,67.7528137236056
"FRA","France",2013,67.601527786375
"FRA","France",2014,68.1537434089723
"FRA","France",2015,68.1059165259704
"FRA","France",2016,67.5364666507052
"FRA","France",2017,67.8062384066021
"FRA","France",2018,67.7258621382238
"FRA","France",2019,68.3441092970479
"FRA","France",2020,67.4949095807853
"FRA","France",2021,67.9252970258852
"FRA","France",2022,67.7259781902156
"GAB","Gabon",1995,45.3391396087664
"GAB","Gabon",1996,45.3911958290062
"GAB","Gabon",1997,45.7695489233796
"GAB","Gabon",1998,46.1889753043072
"GAB","Gabon",1999,46.3926188256172
"GAB","Gabon",2000,46.7872249188663
"GAB","Gabon",2001,46.8466133411407
"GAB","Gabon",2002,46.894267298321
"GAB","Gabon",2003,46.7824177922986
"GAB","Gabon",2004,46.2199191696084
"GAB","Gabon",2005,47.9612016112909
"GAB","Gabon",2006,43.3180342848809
"GAB","Gabon",2007,43.2367237034296
"GAB","Gabon",2008,42.9966402225263
"GAB","Gabon",2009,42.9625571318465
"GAB","Gabon",2010,42.9349084894427
"GAB","Gabon",2011,42.8678096066306
"GAB","Gabon",2012,43.3459131327622
"GAB","Gabon",2013,43.2062556388228
"GAB","Gabon",2014,43.7392854963913
"GAB","Gabon",2015,43.3742930315414
"GAB","Gabon",2016,43.3473627291737
"GAB","Gabon",2017,43.1155110273262
"GAB","Gabon",2018,42.9846449205885
"GAB","Gabon",2019,42.9208152080126
"GAB","Gabon",2020,42.5003763696735
"GAB","Gabon",2021,42.9990369146147
"GAB","Gabon",2022,42.9820683004914
"GMB","Gambia",1995,40.4522193684594
"GMB","Gambia",1996,40.4176184090996
"GMB","Gambia",1997,40.5087262469628
"GMB","Gambia",1998,40.52658780054
"GMB","Gambia",1999,40.7147910726269
"GMB","Gambia",2000,40.9300278685264
"GMB","Gambia",2001,40.8885355457634
"GMB","Gambia",2002,41.219227873187
"GMB","Gambia",2003,41.243100200097
"GMB","Gambia",2004,40.4121463157994
"GMB","Gambia",2005,41.2456476810321
"GMB","Gambia",2006,38.2603122059367
"GMB","Gambia",2007,38.5740782011025
"GMB","Gambia",2008,38.3747471295161
"GMB","Gambia",2009,38.3952053221432
"GMB","Gambia",2010,37.6872571928313
"GMB","Gambia",2011,38.1556856550507
"GMB","Gambia",2012,38.0321500837469
"GMB","Gambia",2013,37.8392069313578
"GMB","Gambia",2014,38.064696806774
"GMB","Gambia",2015,38.2445407998839
"GMB","Gambia",2016,37.7476894306092
"GMB","Gambia",2017,38.5707305919911
"GMB","Gambia",2018,38.5679992394755
"GMB","Gambia",2019,39.1177470593975
"GMB","Gambia",2020,40.965546029129
"GMB","Gambia",2021,39.5054272001101
"GMB","Gambia",2022,39.815618373724
"GEO","Georgia",1995,44.3327434254396
"GEO","Georgia",1996,44.41975122578
"GEO","Georgia",1997,44.6024924254855
"GEO","Georgia",1998,45.4328112580604
"GEO","Georgia",1999,45.8470178199795
"GEO","Georgia",2000,46.2554962501756
"GEO","Georgia",2001,46.3004325807984
"GEO","Georgia",2002,45.7431172462687
"GEO","Georgia",2003,46.6523206903963
"GEO","Georgia",2004,47.7239515529017
"GEO","Georgia",2005,48.0802906475595
"GEO","Georgia",2006,47.6811585184153
"GEO","Georgia",2007,50.5465009736964
"GEO","Georgia",2008,50.6302940847426
"GEO","Georgia",2009,51.2819437316454
"GEO","Georgia",2010,52.5452025775944
"GEO","Georgia",2011,52.8743764866489
"GEO","Georgia",2012,53.9168247653284
"GEO","Georgia",2013,54.90065055765
"GEO","Georgia",2014,56.6005635607752
"GEO","Georgia",2015,56.1378651271136
"GEO","Georgia",2016,56.2731660011368
"GEO","Georgia",2017,57.9288928737068
"GEO","Georgia",2018,58.4069580732762
"GEO","Georgia",2019,57.2412947265591
"GEO","Georgia",2020,58.310858822128
"GEO","Georgia",2021,58.6814277516676
"GEO","Georgia",2022,58.7153017726772
"DEU","Germany",1995,65.5808544492594
"DEU","Germany",1996,65.6394550715252
"DEU","Germany",1997,65.620555272914
"DEU","Germany",1998,65.6728154141289
"DEU","Germany",1999,65.9479502386132
"DEU","Germany",2000,66.3368286230958
"DEU","Germany",2001,66.3261278925942
"DEU","Germany",2002,66.5125063250361
"DEU","Germany",2003,66.2515573560051
"DEU","Germany",2004,66.3783031284106
"DEU","Germany",2005,66.8014957432871
"DEU","Germany",2006,68.9839689987943
"DEU","Germany",2007,69.3890188385594
"DEU","Germany",2008,69.2360663463844
"DEU","Germany",2009,68.9343475700844
"DEU","Germany",2010,69.8729831742317
"DEU","Germany",2011,69.8076039201091
"DEU","Germany",2012,69.9126384345726
"DEU","Germany",2013,70.2836827792909
"DEU","Germany",2014,71.3606186163316
"DEU","Germany",2015,70.7949528864607
"DEU","Germany",2016,69.9873265869737
"DEU","Germany",2017,69.8640057424058
"DEU","Germany",2018,69.8721110590901
"DEU","Germany",2019,69.6846299781139
"DEU","Germany",2020,69.5078949021276
"DEU","Germany",2021,69.732689071003
"DEU","Germany",2022,69.482489906852
"GHA","Ghana",1995,40.6742760089223
"GHA","Ghana",1996,40.5811691508107
"GHA","Ghana",1997,40.5873969219681
"GHA","Ghana",1998,40.339688560694
"GHA","Ghana",1999,40.553507582384
"GHA","Ghana",2000,40.8400886736108
"GHA","Ghana",2001,40.3302254708745
"GHA","Ghana",2002,40.1042921753257
"GHA","Ghana",2003,40.8290160475144
"GHA","Ghana",2004,40.5708336879552
"GHA","Ghana",2005,40.6249888594104
"GHA","Ghana",2006,40.8589164716272
"GHA","Ghana",2007,41.2449195623553
"GHA","Ghana",2008,41.7759173839428
"GHA","Ghana",2009,42.2163966314882
"GHA","Ghana",2010,42.4575729543283
"GHA","Ghana",2011,43.30978464363
"GHA","Ghana",2012,43.1802800691122
"GHA","Ghana",2013,43.5972078769125
"GHA","Ghana",2014,43.3188041761656
"GHA","Ghana",2015,43.0952169983094
"GHA","Ghana",2016,43.5445480701116
"GHA","Ghana",2017,43.8936603391064
"GHA","Ghana",2018,44.0705559485957
"GHA","Ghana",2019,45.0027168765348
"GHA","Ghana",2020,45.2127831432512
"GHA","Ghana",2021,45.1408648948952
"GHA","Ghana",2022,45.1804122705703
"GRC","Greece",1995,53.9416262138322
"GRC","Greece",1996,54.1768813256449
"GRC","Greece",1997,54.6413177806842
"GRC","Greece",1998,54.9345063063031
"GRC","Greece",1999,55.3130711539411
"GRC","Greece",2000,55.6612902312764
"GRC","Greece",2001,56.0160087424818
"GRC","Greece",2002,56.2273485549034
"GRC","Greece",2003,56.3463971346127
"GRC","Greece",2004,56.6237168404644
"GRC","Greece",2005,56.5256743259919
"GRC","Greece",2006,57.6776386997854
"GRC","Greece",2007,57.6564925792746
"GRC","Greece",2008,57.4072572512669
"GRC","Greece",2009,57.4727322265825
"GRC","Greece",2010,57.5060822212744
"GRC","Greece",2011,57.1005531375453
"GRC","Greece",2012,56.72809324354
"GRC","Greece",2013,57.7230202682978
"GRC","Greece",2014,58.3401077062219
"GRC","Greece",2015,58.3637954913094
"GRC","Greece",2016,57.9932417679181
"GRC","Greece",2017,57.9675847549857
"GRC","Greece",2018,58.4180342644795
"GRC","Greece",2019,58.7092214185138
"GRC","Greece",2020,59.1932739832798
"GRC","Greece",2021,59.6749564170588
"GRC","Greece",2022,59.5325799450569
"GRD","Grenada",1995,53.1955357011667
"GRD","Grenada",1996,53.2463762992289
"GRD","Grenada",1997,53.3823331262612
"GRD","Grenada",1998,53.5795112628588
"GRD","Grenada",1999,53.653679895842
"GRD","Grenada",2000,53.7569072522469
"GRD","Grenada",2001,53.7859053512535
"GRD","Grenada",2002,53.9794089649958
"GRD","Grenada",2003,54.4235793027475
"GRD","Grenada",2004,54.1255118183678
"GRD","Grenada",2005,55.2766285858494
"GRD","Grenada",2006,52.0877204321399
"GRD","Grenada",2007,51.9199343084612
"GRD","Grenada",2008,51.5435115594578
"GRD","Grenada",2009,51.731927042248
"GRD","Grenada",2010,52.8555503571738
"GRD","Grenada",2011,53.5322919192114
"GRD","Grenada",2012,54.0072758581648
"GRD","Grenada",2013,54.3358687637162
"GRD","Grenada",2014,55.4872011240827
"GRD","Grenada",2015,56.4304564523402
"GRD","Grenada",2016,56.7031901120555
"GRD","Grenada",2017,56.5933293303767
"GRD","Grenada",2018,56.5107565745562
"GRD","Grenada",2019,56.581382440304
"GRD","Grenada",2020,56.7195228781752
"GRD","Grenada",2021,57.2507714667824
"GRD","Grenada",2022,57.3745087666977
"GTM","Guatemala",1995,39.1253425661879
"GTM","Guatemala",1996,39.2269755246341
"GTM","Guatemala",1997,39.6422512180029
"GTM","Guatemala",1998,39.8600256420921
"GTM","Guatemala",1999,40.0627360654797
"GTM","Guatemala",2000,40.1096107221837
"GTM","Guatemala",2001,40.0262036745506
"GTM","Guatemala",2002,40.0570482350686
"GTM","Guatemala",2003,40.0275111412705
"GTM","Guatemala",2004,40.6696254362839
"GTM","Guatemala",2005,40.1702249027811
"GTM","Guatemala",2006,39.3490111345097
"GTM","Guatemala",2007,39.7713970977802
"GTM","Guatemala",2008,40.1664875628065
"GTM","Guatemala",2009,40.2369991747429
"GTM","Guatemala",2010,41.1733357158761
"GTM","Guatemala",2011,41.2934416848318
"GTM","Guatemala",2012,41.3101985532424
"GTM","Guatemala",2013,41.8109134343668
"GTM","Guatemala",2014,42.7704902732935
"GTM","Guatemala",2015,42.924047141029
"GTM","Guatemala",2016,43.2777006490556
"GTM","Guatemala",2017,43.6207425520086
"GTM","Guatemala",2018,43.6629354223783
"GTM","Guatemala",2019,43.5990653399472
"GTM","Guatemala",2020,43.2646105600706
"GTM","Guatemala",2021,43.2310595799289
"GTM","Guatemala",2022,43.6975640193155
"GIN","Guinea",1995,37.0037147058766
"GIN","Guinea",1996,37.1628541558582
"GIN","Guinea",1997,37.2482701875349
"GIN","Guinea",1998,37.3238059916532
"GIN","Guinea",1999,36.7130708630579
"GIN","Guinea",2000,36.3536057731885
"GIN","Guinea",2001,36.503152761175
"GIN","Guinea",2002,36.9211557495618
"GIN","Guinea",2003,37.494409294538
"GIN","Guinea",2004,37.5101311891151
"GIN","Guinea",2005,37.01698340504
"GIN","Guinea",2006,34.6776672108155
"GIN","Guinea",2007,34.5679799435891
"GIN","Guinea",2008,35.1771258731809
"GIN","Guinea",2009,35.1743281891539
"GIN","Guinea",2010,35.1051837200465
"GIN","Guinea",2011,35.0129897818898
"GIN","Guinea",2012,35.5635348185916
"GIN","Guinea",2013,36.2139092420596
"GIN","Guinea",2014,37.2064649364666
"GIN","Guinea",2015,37.7064673877046
"GIN","Guinea",2016,37.9888808376466
"GIN","Guinea",2017,38.9491835383275
"GIN","Guinea",2018,38.6961257514603
"GIN","Guinea",2019,39.1747611743382
"GIN","Guinea",2020,39.2154231508847
"GIN","Guinea",2021,38.5488882760111
"GIN","Guinea",2022,38.7591797159866
"GNB","Guinea-Bissau",1995,32.2235838535482
"GNB","Guinea-Bissau",1996,32.1488208178256
"GNB","Guinea-Bissau",1997,31.8441207430702
"GNB","Guinea-Bissau",1998,31.5380559615074
"GNB","Guinea-Bissau",1999,32.569927935393
"GNB","Guinea-Bissau",2000,33.6126712809474
"GNB","Guinea-Bissau",2001,33.3205910347365
"GNB","Guinea-Bissau",2002,33.2070973259792
"GNB","Guinea-Bissau",2003,33.5368094250516
"GNB","Guinea-Bissau",2004,33.7959072763237
"GNB","Guinea-Bissau",2005,34.4137004040726
"GNB","Guinea-Bissau",2006,30.948872629937
"GNB","Guinea-Bissau",2007,30.9611005159395
"GNB","Guinea-Bissau",2008,30.6449064951799
"GNB","Guinea-Bissau",2009,30.5953719307839
"GNB","Guinea-Bissau",2010,29.7567015577535
"GNB","Guinea-Bissau",2011,29.953300703668
"GNB","Guinea-Bissau",2012,30.5227252206513
"GNB","Guinea-Bissau",2013,30.667518721765
"GNB","Guinea-Bissau",2014,31.124537322463
"GNB","Guinea-Bissau",2015,31.231161118252
"GNB","Guinea-Bissau",2016,31.508155242555
"GNB","Guinea-Bissau",2017,32.0041468876513
"GNB","Guinea-Bissau",2018,32.0436754809067
"GNB","Guinea-Bissau",2019,32.4279029922853
"GNB","Guinea-Bissau",2020,32.030771892436
"GNB","Guinea-Bissau",2021,32.8006293023672
"GNB","Guinea-Bissau",2022,32.8960354590742
"GUY","Guyana",1995,43.5551511735206
"GUY","Guyana",1996,43.5901666169343
"GUY","Guyana",1997,43.79692634281
"GUY","Guyana",1998,43.7663751729151
"GUY","Guyana",1999,43.5087207302307
"GUY","Guyana",2000,43.2459094825007
"GUY","Guyana",2001,43.1881743657156
"GUY","Guyana",2002,43.1423796912421
"GUY","Guyana",2003,42.9273873608185
"GUY","Guyana",2004,42.9706115616853
"GUY","Guyana",2005,40.5660871857437
"GUY","Guyana",2006,40.2916684774228
"GUY","Guyana",2007,39.943339891494
"GUY","Guyana",2008,40.4019695531947
"GUY","Guyana",2009,40.0259245380156
"GUY","Guyana",2010,40.3028667168838
"GUY","Guyana",2011,40.4243648630552
"GUY","Guyana",2012,40.3584514284072
"GUY","Guyana",2013,40.791644235492
"GUY","Guyana",2014,41.5600825698469
"GUY","Guyana",2015,41.5900285670837
"GUY","Guyana",2016,42.0531592215792
"GUY","Guyana",2017,41.8540387948062
"GUY","Guyana",2018,42.300149838511
"GUY","Guyana",2019,42.9075150424896
"GUY","Guyana",2020,44.6199751674973
"GUY","Guyana",2021,45.1982235358815
"GUY","Guyana",2022,45.223702991737
"HTI","Haiti",1995,35.8414030687985
"HTI","Haiti",1996,35.8878815273226
"HTI","Haiti",1997,35.7735745158958
"HTI","Haiti",1998,35.7470950444383
"HTI","Haiti",1999,35.8483774320219
"HTI","Haiti",2000,35.9522959573484
"HTI","Haiti",2001,35.4166853532344
"HTI","Haiti",2002,34.889071566807
"HTI","Haiti",2003,34.7368050143451
"HTI","Haiti",2004,34.1998678155717
"HTI","Haiti",2005,33.9689939001832
"HTI","Haiti",2006,34.0413031154743
"HTI","Haiti",2007,34.4665745481413
"HTI","Haiti",2008,34.8396627829643
"HTI","Haiti",2009,35.1127350764458
"HTI","Haiti",2010,35.0337846917271
"HTI","Haiti",2011,34.9247208203778
"HTI","Haiti",2012,35.3853989893144
"HTI","Haiti",2013,35.7835667827934
"HTI","Haiti",2014,35.8563999163898
"HTI","Haiti",2015,35.6529136732282
"HTI","Haiti",2016,36.1708739687101
"HTI","Haiti",2017,36.3045677403583
"HTI","Haiti",2018,36.4146414838392
"HTI","Haiti",2019,36.1588302134902
"HTI","Haiti",2020,35.9983463462791
"HTI","Haiti",2021,35.6035604195346
"HTI","Haiti",2022,35.3433162814781
"HND","Honduras",1995,39.7284861983211
"HND","Honduras",1996,39.6136743265248
"HND","Honduras",1997,40.311112180565
"HND","Honduras",1998,40.3622005277474
"HND","Honduras",1999,40.2505875694281
"HND","Honduras",2000,40.2519826264971
"HND","Honduras",2001,40.1948781371019
"HND","Honduras",2002,39.6962685800721
"HND","Honduras",2003,39.5060734554867
"HND","Honduras",2004,39.7668960177112
"HND","Honduras",2005,39.3933945525098
"HND","Honduras",2006,39.4209143305602
"HND","Honduras",2007,40.2662950077922
"HND","Honduras",2008,40.5407219245876
"HND","Honduras",2009,41.1810614807655
"HND","Honduras",2010,40.9913457702552
"HND","Honduras",2011,40.5222556754576
"HND","Honduras",2012,40.0811832664889
"HND","Honduras",2013,40.4723070963423
"HND","Honduras",2014,40.8309309620973
"HND","Honduras",2015,41.1268020712877
"HND","Honduras",2016,40.7922630650601
"HND","Honduras",2017,40.7223789239159
"HND","Honduras",2018,41.0892266944125
"HND","Honduras",2019,40.7353872779438
"HND","Honduras",2020,40.6409728062221
"HND","Honduras",2021,40.5133558463577
"HND","Honduras",2022,40.8113189161742
"HUN","Hungary",1995,56.2958242948881
"HUN","Hungary",1996,55.8110626700246
"HUN","Hungary",1997,55.8761097155679
"HUN","Hungary",1998,56.0784952016465
"HUN","Hungary",1999,56.2239328380603
"HUN","Hungary",2000,56.5746559319345
"HUN","Hungary",2001,57.2604133132168
"HUN","Hungary",2002,57.5462062235585
"HUN","Hungary",2003,56.9955446414368
"HUN","Hungary",2004,57.225512802731
"HUN","Hungary",2005,57.187513581202
"HUN","Hungary",2006,58.257054959503
"HUN","Hungary",2007,58.1816688311042
"HUN","Hungary",2008,58.2626650285608
"HUN","Hungary",2009,58.4836300161117
"HUN","Hungary",2010,58.1184322580922
"HUN","Hungary",2011,58.6443500676306
"HUN","Hungary",2012,58.6390970134538
"HUN","Hungary",2013,58.5335012168558
"HUN","Hungary",2014,58.3075443925722
"HUN","Hungary",2015,58.158558104494
"HUN","Hungary",2016,57.6671029222064
"HUN","Hungary",2017,57.348303472059
"HUN","Hungary",2018,57.0533381487969
"HUN","Hungary",2019,57.0953268407099
"HUN","Hungary",2020,57.2558146049959
"HUN","Hungary",2021,57.5604773870338
"HUN","Hungary",2022,57.0648487908271
"ISL","Iceland",1995,59.5829374132897
"ISL","Iceland",1996,59.4832589671797
"ISL","Iceland",1997,60.3605474109213
"ISL","Iceland",1998,62.1539623001857
"ISL","Iceland",1999,62.372336966328
"ISL","Iceland",2000,64.1143659349225
"ISL","Iceland",2001,64.1147218693297
"ISL","Iceland",2002,65.4356351268094
"ISL","Iceland",2003,65.7458225059438
"ISL","Iceland",2004,66.1463123885896
"ISL","Iceland",2005,66.4856097502246
"ISL","Iceland",2006,67.7468632948584
"ISL","Iceland",2007,69.2247701097249
"ISL","Iceland",2008,68.5460021932507
"ISL","Iceland",2009,68.7951958194936
"ISL","Iceland",2010,68.966361225385
"ISL","Iceland",2011,68.9333037045572
"ISL","Iceland",2012,68.1080778559243
"ISL","Iceland",2013,68.1753030572085
"ISL","Iceland",2014,70.1885890831655
"ISL","Iceland",2015,69.0167425713427
"ISL","Iceland",2016,68.0253942804813
"ISL","Iceland",2017,68.0486566202859
"ISL","Iceland",2018,69.0388499454233
"ISL","Iceland",2019,68.5095322035031
"ISL","Iceland",2020,68.1660390244551
"ISL","Iceland",2021,68.0734493901267
"ISL","Iceland",2022,67.615587751063
"IND","India",1995,41.8808022019716
"IND","India",1996,41.9770424279313
"IND","India",1997,42.0871341652295
"IND","India",1998,42.179335383332
"IND","India",1999,42.3278498884619
"IND","India",2000,42.5787725569198
"IND","India",2001,42.3267907880235
"IND","India",2002,42.0303085008303
"IND","India",2003,42.2292702438259
"IND","India",2004,42.4815528976181
"IND","India",2005,44.1188187617224
"IND","India",2006,47.7416491877617
"IND","India",2007,47.7989761577507
"IND","India",2008,48.0870246296137
"IND","India",2009,48.0457480541818
"IND","India",2010,49.4537331561749
"IND","India",2011,49.6404391562389
"IND","India",2012,49.8003705357603
"IND","India",2013,50.1726031350722
"IND","India",2014,40.2456781721873
"IND","India",2015,40.2486195000674
"IND","India",2016,42.1819464876785
"IND","India",2017,43.4177637586218
"IND","India",2018,44.2114734997519
"IND","India",2019,45.1275367037228
"IND","India",2020,46.3626725757547
"IND","India",2021,46.6543045951004
"IND","India",2022,47.0643411663074
"IDN","Indonesia",1995,42.8651224566954
"IDN","Indonesia",1996,42.8223262689836
"IDN","Indonesia",1997,42.7338748826134
"IDN","Indonesia",1998,42.1323827942247
"IDN","Indonesia",1999,42.3175013808851
"IDN","Indonesia",2000,42.7895985900999
"IDN","Indonesia",2001,42.6217138738036
"IDN","Indonesia",2002,42.4769608259658
"IDN","Indonesia",2003,42.0788823452013
"IDN","Indonesia",2004,42.2364484758121
"IDN","Indonesia",2005,43.6681752380635
"IDN","Indonesia",2006,47.6349412731823
"IDN","Indonesia",2007,48.2673126354356
"IDN","Indonesia",2008,48.8100629944841
"IDN","Indonesia",2009,48.8750308550134
"IDN","Indonesia",2010,50.0894134112294
"IDN","Indonesia",2011,50.330903187798
"IDN","Indonesia",2012,50.8792672122737
"IDN","Indonesia",2013,51.3133684371098
"IDN","Indonesia",2014,44.2904807306569
"IDN","Indonesia",2015,44.3033460728636
"IDN","Indonesia",2016,44.5801914207447
"IDN","Indonesia",2017,45.7321037398511
"IDN","Indonesia",2018,46.383050089505
"IDN","Indonesia",2019,47.5022247252989
"IDN","Indonesia",2020,47.9665548451211
"IDN","Indonesia",2021,48.3467649009465
"IDN","Indonesia",2022,48.54543216591
"IRN","Iran, Islamic Republic of",1995,46.222310091972
"IRN","Iran, Islamic Republic of",1996,46.3012293193924
"IRN","Iran, Islamic Republic of",1997,46.3098786405874
"IRN","Iran, Islamic Republic of",1998,46.3473874123777
"IRN","Iran, Islamic Republic of",1999,46.4711655081725
"IRN","Iran, Islamic Republic of",2000,46.7248886932471
"IRN","Iran, Islamic Republic of",2001,47.3511579739517
"IRN","Iran, Islamic Republic of",2002,47.865465000651
"IRN","Iran, Islamic Republic of",2003,48.3583267188272
"IRN","Iran, Islamic Republic of",2004,48.9613138112841
"IRN","Iran, Islamic Republic of",2005,49.3589012589324
"IRN","Iran, Islamic Republic of",2006,48.4686709319792
"IRN","Iran, Islamic Republic of",2007,49.7514462436954
"IRN","Iran, Islamic Republic of",2008,51.0827624967427
"IRN","Iran, Islamic Republic of",2009,49.4704682542401
"IRN","Iran, Islamic Republic of",2010,49.2961159152765
"IRN","Iran, Islamic Republic of",2011,49.9438275596491
"IRN","Iran, Islamic Republic of",2012,49.9968239539814
"IRN","Iran, Islamic Republic of",2013,50.3242034186628
"IRN","Iran, Islamic Republic of",2014,52.0298195509906
"IRN","Iran, Islamic Republic of",2015,52.5966385046525
"IRN","Iran, Islamic Republic of",2016,53.9462647816442
"IRN","Iran, Islamic Republic of",2017,53.8875048331883
"IRN","Iran, Islamic Republic of",2018,51.8212652011367
"IRN","Iran, Islamic Republic of",2019,51.4313338249651
"IRN","Iran, Islamic Republic of",2020,51.0009883390523
"IRN","Iran, Islamic Republic of",2021,50.4659617418549
"IRN","Iran, Islamic Republic of",2022,50.5634959482335
"IRQ","Iraq",1995,41.7569344464094
"IRQ","Iraq",1996,41.7511167409626
"IRQ","Iraq",1997,41.9325827362248
"IRQ","Iraq",1998,42.0994448555901
"IRQ","Iraq",1999,42.0929426347606
"IRQ","Iraq",2000,42.1023252489765
"IRQ","Iraq",2001,42.3047235724119
"IRQ","Iraq",2002,42.4648558019605
"IRQ","Iraq",2003,42.383836495493
"IRQ","Iraq",2004,41.1334601739648
"IRQ","Iraq",2005,40.1645466958906
"IRQ","Iraq",2006,39.7128648750778
"IRQ","Iraq",2007,39.467449319931
"IRQ","Iraq",2008,40.361255308938
"IRQ","Iraq",2009,40.6126022891145
"IRQ","Iraq",2010,40.6139435041619
"IRQ","Iraq",2011,40.9152139656669
"IRQ","Iraq",2012,40.7918216357264
"IRQ","Iraq",2013,41.0825304240953
"IRQ","Iraq",2014,41.6183511702889
"IRQ","Iraq",2015,41.4033732334406
"IRQ","Iraq",2016,42.3838943673369
"IRQ","Iraq",2017,43.0204537926758
"IRQ","Iraq",2018,43.2512238544734
"IRQ","Iraq",2019,43.0397825224404
"IRQ","Iraq",2020,42.8984749567151
"IRQ","Iraq",2021,43.2873896421343
"IRQ","Iraq",2022,43.5843162838383
"IRL","Ireland",1995,58.9273080315183
"IRL","Ireland",1996,59.0804705159302
"IRL","Ireland",1997,59.4015772970173
"IRL","Ireland",1998,59.7596969457
"IRL","Ireland",1999,59.9058463543891
"IRL","Ireland",2000,60.1925066901767
"IRL","Ireland",2001,60.3024685789234
"IRL","Ireland",2002,60.4906423541148
"IRL","Ireland",2003,60.3666794830073
"IRL","Ireland",2004,60.2268121095968
"IRL","Ireland",2005,60.8851183213561
"IRL","Ireland",2006,63.7430265004373
"IRL","Ireland",2007,64.5436706591424
"IRL","Ireland",2008,64.45563819413
"IRL","Ireland",2009,64.2037506652455
"IRL","Ireland",2010,64.11979543116
"IRL","Ireland",2011,64.0030230346318
"IRL","Ireland",2012,63.3549801004544
"IRL","Ireland",2013,64.1956879709465
"IRL","Ireland",2014,65.5184957135468
"IRL","Ireland",2015,65.958182544316
"IRL","Ireland",2016,65.0107145971552
"IRL","Ireland",2017,64.8236316539681
"IRL","Ireland",2018,64.6810868876671
"IRL","Ireland",2019,64.119443315255
"IRL","Ireland",2020,64.3274359933393
"IRL","Ireland",2021,64.3945244136638
"IRL","Ireland",2022,64.4956207902955
"ISR","Israel",1995,59.4802527392452
"ISR","Israel",1996,59.6496598813981
"ISR","Israel",1997,59.4709652280511
"ISR","Israel",1998,59.4198452503336
"ISR","Israel",1999,59.6237630714819
"ISR","Israel",2000,59.8345031218105
"ISR","Israel",2001,59.4722520028947
"ISR","Israel",2002,59.3095002010709
"ISR","Israel",2003,59.42799137009
"ISR","Israel",2004,59.6139149154917
"ISR","Israel",2005,59.1413450551637
"ISR","Israel",2006,60.3426529681496
"ISR","Israel",2007,61.0654511825978
"ISR","Israel",2008,61.4500229152568
"ISR","Israel",2009,60.4481648333917
"ISR","Israel",2010,61.0073926471528
"ISR","Israel",2011,61.2761385696175
"ISR","Israel",2012,60.8982848130135
"ISR","Israel",2013,60.9062953649095
"ISR","Israel",2014,61.631396368673
"ISR","Israel",2015,61.8547105157698
"ISR","Israel",2016,61.4264310280736
"ISR","Israel",2017,61.0396657133341
"ISR","Israel",2018,61.0227729672035
"ISR","Israel",2019,60.7945765961231
"ISR","Israel",2020,61.787061987686
"ISR","Israel",2021,62.1456173163542
"ISR","Israel",2022,62.1323247860919
"ITA","Italy",1995,56.5674662849156
"ITA","Italy",1996,56.5048194634697
"ITA","Italy",1997,56.5437693206791
"ITA","Italy",1998,56.4512857232594
"ITA","Italy",1999,56.6927209199516
"ITA","Italy",2000,57.4420675227611
"ITA","Italy",2001,57.5611013079432
"ITA","Italy",2002,57.7572254055947
"ITA","Italy",2003,57.7202683564954
"ITA","Italy",2004,57.6956258482773
"ITA","Italy",2005,58.3514912571766
"ITA","Italy",2006,58.7075802707614
"ITA","Italy",2007,58.9061280255708
"ITA","Italy",2008,58.3573209161587
"ITA","Italy",2009,58.195057471362
"ITA","Italy",2010,58.2587888553314
"ITA","Italy",2011,58.0816571936121
"ITA","Italy",2012,57.5431279330064
"ITA","Italy",2013,57.5579191793051
"ITA","Italy",2014,58.3724945940661
"ITA","Italy",2015,58.5885926529014
"ITA","Italy",2016,58.2777769546147
"ITA","Italy",2017,58.0589585736213
"ITA","Italy",2018,58.7575047389843
"ITA","Italy",2019,58.8269123638734
"ITA","Italy",2020,58.9615927633149
"ITA","Italy",2021,59.357246740174
"ITA","Italy",2022,59.5776599732333
"JAM","Jamaica",1995,45.9801180908884
"JAM","Jamaica",1996,46.2308835646928
"JAM","Jamaica",1997,46.104854380799
"JAM","Jamaica",1998,46.1107891358646
"JAM","Jamaica",1999,46.0444751450438
"JAM","Jamaica",2000,45.2894371699905
"JAM","Jamaica",2001,44.189677206525
"JAM","Jamaica",2002,45.658412915082
"JAM","Jamaica",2003,45.6661536389928
"JAM","Jamaica",2004,45.8255848701437
"JAM","Jamaica",2005,45.3870249557426
"JAM","Jamaica",2006,44.8046872850968
"JAM","Jamaica",2007,45.0589570480269
"JAM","Jamaica",2008,45.2022995212358
"JAM","Jamaica",2009,45.0229116871106
"JAM","Jamaica",2010,44.7621102100192
"JAM","Jamaica",2011,45.4903604329493
"JAM","Jamaica",2012,45.6124292393947
"JAM","Jamaica",2013,46.4118769768517
"JAM","Jamaica",2014,46.9402006958263
"JAM","Jamaica",2015,46.5313497272055
"JAM","Jamaica",2016,47.5779900094438
"JAM","Jamaica",2017,47.8783448212223
"JAM","Jamaica",2018,48.3913748484246
"JAM","Jamaica",2019,48.2234596837973
"JAM","Jamaica",2020,48.7070866058329
"JAM","Jamaica",2021,48.9827493767691
"JAM","Jamaica",2022,49.5129643783828
"JPN","Japan",1995,60.8354495620191
"JPN","Japan",1996,60.9722805376815
"JPN","Japan",1997,61.0344532666571
"JPN","Japan",1998,61.0325889603283
"JPN","Japan",1999,61.3364890727962
"JPN","Japan",2000,61.6878033905301
"JPN","Japan",2001,61.5660079042065
"JPN","Japan",2002,61.3944121087269
"JPN","Japan",2003,62.1225863597711
"JPN","Japan",2004,62.5423716132893
"JPN","Japan",2005,63.8025991130504
"JPN","Japan",2006,67.6521584326287
"JPN","Japan",2007,67.5484484424303
"JPN","Japan",2008,67.597685428248
"JPN","Japan",2009,67.8505524873882
"JPN","Japan",2010,69.2108487151383
"JPN","Japan",2011,69.2159563090614
"JPN","Japan",2012,69.4171982821263
"JPN","Japan",2013,69.8044995623372
"JPN","Japan",2014,67.464616263049
"JPN","Japan",2015,67.0185400862842
"JPN","Japan",2016,66.2555321117502
"JPN","Japan",2017,66.6024619534597
"JPN","Japan",2018,66.4274005958466
"JPN","Japan",2019,66.3463867532623
"JPN","Japan",2020,66.2533795074628
"JPN","Japan",2021,66.3755829387338
"JPN","Japan",2022,66.5339671810725
"JOR","Jordan",1995,47.0637136287203
"JOR","Jordan",1996,47.0665245854807
"JOR","Jordan",1997,47.4639418629027
"JOR","Jordan",1998,47.7272795949099
"JOR","Jordan",1999,47.8032382537783
"JOR","Jordan",2000,47.9550797477022
"JOR","Jordan",2001,47.6352661022486
"JOR","Jordan",2002,47.1022859930826
"JOR","Jordan",2003,48.3260163869321
"JOR","Jordan",2004,47.92695267384
"JOR","Jordan",2005,48.8806791344311
"JOR","Jordan",2006,48.8277679591402
"JOR","Jordan",2007,49.7252489789933
"JOR","Jordan",2008,50.27962883642
"JOR","Jordan",2009,49.811305496458
"JOR","Jordan",2010,49.8691120288762
"JOR","Jordan",2011,50.0640137566066
"JOR","Jordan",2012,50.2935656939573
"JOR","Jordan",2013,50.3624983990272
"JOR","Jordan",2014,50.9285287121493
"JOR","Jordan",2015,51.2919132038315
"JOR","Jordan",2016,50.7069213567785
"JOR","Jordan",2017,50.7233102676039
"JOR","Jordan",2018,50.6789335836696
"JOR","Jordan",2019,51.7355076798318
"JOR","Jordan",2020,52.0654508294568
"JOR","Jordan",2021,51.8949485246806
"JOR","Jordan",2022,52.2765710898191
"KAZ","Kazakhstan",1995,50.7630343006835
"KAZ","Kazakhstan",1996,50.7343171464257
"KAZ","Kazakhstan",1997,51.1985773891122
"KAZ","Kazakhstan",1998,51.7820070690337
"KAZ","Kazakhstan",1999,51.8344627142242
"KAZ","Kazakhstan",2000,52.2404534282803
"KAZ","Kazakhstan",2001,52.6499295515275
"KAZ","Kazakhstan",2002,53.0444043419058
"KAZ","Kazakhstan",2003,53.8353974694847
"KAZ","Kazakhstan",2004,53.9034293883316
"KAZ","Kazakhstan",2005,54.5329165486756
"KAZ","Kazakhstan",2006,53.3443269543917
"KAZ","Kazakhstan",2007,54.1100379793702
"KAZ","Kazakhstan",2008,54.3005411253395
"KAZ","Kazakhstan",2009,55.316442387737
"KAZ","Kazakhstan",2010,55.4785761461584
"KAZ","Kazakhstan",2011,55.4189565811597
"KAZ","Kazakhstan",2012,56.053852937121
"KAZ","Kazakhstan",2013,56.7309119127171
"KAZ","Kazakhstan",2014,57.8767575959121
"KAZ","Kazakhstan",2015,57.6323409054434
"KAZ","Kazakhstan",2016,58.8095863243782
"KAZ","Kazakhstan",2017,59.7289883841585
"KAZ","Kazakhstan",2018,59.4058899667514
"KAZ","Kazakhstan",2019,59.6755444828023
"KAZ","Kazakhstan",2020,59.6215421473589
"KAZ","Kazakhstan",2021,59.8006325816599
"KAZ","Kazakhstan",2022,59.8827359428286
"KEN","Kenya",1995,37.931087546312
"KEN","Kenya",1996,37.9447725103293
"KEN","Kenya",1997,37.8220832851048
"KEN","Kenya",1998,37.8617733456848
"KEN","Kenya",1999,37.8730816866891
"KEN","Kenya",2000,37.813859368426
"KEN","Kenya",2001,38.1008118577988
"KEN","Kenya",2002,38.3505343984198
"KEN","Kenya",2003,38.2791768448255
"KEN","Kenya",2004,38.5351379467318
"KEN","Kenya",2005,38.1669010159149
"KEN","Kenya",2006,36.97086878398
"KEN","Kenya",2007,36.7524406773117
"KEN","Kenya",2008,36.8323718430264
"KEN","Kenya",2009,36.8405077045736
"KEN","Kenya",2010,36.5384205469803
"KEN","Kenya",2011,36.4334379728154
"KEN","Kenya",2012,36.3047292262031
"KEN","Kenya",2013,36.8877586509556
"KEN","Kenya",2014,37.6007636670903
"KEN","Kenya",2015,37.6438933172244
"KEN","Kenya",2016,38.8618154307736
"KEN","Kenya",2017,39.1138533859287
"KEN","Kenya",2018,39.6552611595674
"KEN","Kenya",2019,39.9317187307447
"KEN","Kenya",2020,40.2490424123689
"KEN","Kenya",2021,40.5793566636049
"KEN","Kenya",2022,40.8137717526099
"KIR","Kiribati",1995,44.4459778409296
"KIR","Kiribati",1996,44.3898098881681
"KIR","Kiribati",1997,44.7017070088441
"KIR","Kiribati",1998,44.4407539708821
"KIR","Kiribati",1999,44.5811557108915
"KIR","Kiribati",2000,44.6291325320187
"KIR","Kiribati",2001,44.7741061289063
"KIR","Kiribati",2002,44.9016000164538
"KIR","Kiribati",2003,45.1003163321588
"KIR","Kiribati",2004,45.0598163902866
"KIR","Kiribati",2005,44.1253775121775
"KIR","Kiribati",2006,43.4915718346789
"KIR","Kiribati",2007,43.3159456822553
"KIR","Kiribati",2008,42.030741628025
"KIR","Kiribati",2009,40.7623207282054
"KIR","Kiribati",2010,41.5840501509497
"KIR","Kiribati",2011,41.9803794635317
"KIR","Kiribati",2012,41.9366281255857
"KIR","Kiribati",2013,41.5469180858745
"KIR","Kiribati",2014,42.0713539867832
"KIR","Kiribati",2015,42.9710797687386
"KIR","Kiribati",2016,42.6717964568454
"KIR","Kiribati",2017,42.9052294288652
"KIR","Kiribati",2018,42.3171901103399
"KIR","Kiribati",2019,45.2433123792108
"KIR","Kiribati",2020,43.5978466683999
"KIR","Kiribati",2021,43.8248539183273
"KIR","Kiribati",2022,43.6206142155822
"PRK","Korea, Democratic People's Repub",1995,43.1279063406867
"PRK","Korea, Democratic People's Repub",1996,43.1200728285672
"PRK","Korea, Democratic People's Repub",1997,43.5910662664378
"PRK","Korea, Democratic People's Repub",1998,43.637400540217
"PRK","Korea, Democratic People's Repub",1999,44.3648076707448
"PRK","Korea, Democratic People's Repub",2000,44.9589648165562
"PRK","Korea, Democratic People's Repub",2001,45.4850574040977
"PRK","Korea, Democratic People's Repub",2002,45.5535891605735
"PRK","Korea, Democratic People's Repub",2003,44.9685388642202
"PRK","Korea, Democratic People's Repub",2004,44.8665218758468
"PRK","Korea, Democratic People's Repub",2005,44.9670610617152
"PRK","Korea, Democratic People's Repub",2006,44.519343844638
"PRK","Korea, Democratic People's Repub",2007,45.1047952065626
"PRK","Korea, Democratic People's Repub",2008,45.3293569623564
"PRK","Korea, Democratic People's Repub",2009,44.8288512328146
"PRK","Korea, Democratic People's Repub",2010,44.6329213624188
"PRK","Korea, Democratic People's Repub",2011,44.839354876231
"PRK","Korea, Democratic People's Repub",2012,45.0242134422533
"PRK","Korea, Democratic People's Repub",2013,44.5121835755956
"PRK","Korea, Democratic People's Repub",2014,43.7367270443339
"PRK","Korea, Democratic People's Repub",2015,43.5759745614726
"PRK","Korea, Democratic People's Repub",2016,44.0598680801797
"PRK","Korea, Democratic People's Repub",2017,44.2313292857246
"PRK","Korea, Democratic People's Repub",2018,44.5564583782875
"PRK","Korea, Democratic People's Repub",2019,44.199964642947
"PRK","Korea, Democratic People's Repub",2020,44.0822751188268
"PRK","Korea, Democratic People's Repub",2021,44.0449719762725
"PRK","Korea, Democratic People's Repub",2022,44.071771774892
"KOR","Korea, Republic of",1995,58.0025631922308
"KOR","Korea, Republic of",1996,58.2559515912929
"KOR","Korea, Republic of",1997,59.0015826626114
"KOR","Korea, Republic of",1998,59.0335312031102
"KOR","Korea, Republic of",1999,59.8058815761763
"KOR","Korea, Republic of",2000,60.5984445867618
"KOR","Korea, Republic of",2001,61.3099295737048
"KOR","Korea, Republic of",2002,61.7614155701882
"KOR","Korea, Republic of",2003,61.9420425596067
"KOR","Korea, Republic of",2004,62.3868606864091
"KOR","Korea, Republic of",2005,63.101967710704
"KOR","Korea, Republic of",2006,64.4169447838618
"KOR","Korea, Republic of",2007,65.5007454390458
"KOR","Korea, Republic of",2008,65.3446805905335
"KOR","Korea, Republic of",2009,65.6549376837174
"KOR","Korea, Republic of",2010,67.177991675079
"KOR","Korea, Republic of",2011,67.4098982640044
"KOR","Korea, Republic of",2012,67.4415588434775
"KOR","Korea, Republic of",2013,68.0670339351459
"KOR","Korea, Republic of",2014,68.8485775712912
"KOR","Korea, Republic of",2015,68.5364773477523
"KOR","Korea, Republic of",2016,67.773056622217
"KOR","Korea, Republic of",2017,67.9927169240705
"KOR","Korea, Republic of",2018,68.2546285100166
"KOR","Korea, Republic of",2019,68.2488534330741
"KOR","Korea, Republic of",2020,68.3681707571911
"KOR","Korea, Republic of",2021,68.6037794858746
"KOR","Korea, Republic of",2022,68.8375078545123
"KWT","Kuwait",1995,49.2026535736536
"KWT","Kuwait",1996,49.2360220375032
"KWT","Kuwait",1997,49.2367703091326
"KWT","Kuwait",1998,49.2638518848335
"KWT","Kuwait",1999,49.3489938940865
"KWT","Kuwait",2000,49.5768976236899
"KWT","Kuwait",2001,49.8033967359362
"KWT","Kuwait",2002,50.0745849423544
"KWT","Kuwait",2003,50.3936532811768
"KWT","Kuwait",2004,50.5733503397473
"KWT","Kuwait",2005,50.1180321788756
"KWT","Kuwait",2006,50.3368818254803
"KWT","Kuwait",2007,50.9229943165152
"KWT","Kuwait",2008,51.0123707194184
"KWT","Kuwait",2009,51.2553326708943
"KWT","Kuwait",2010,52.0080961950676
"KWT","Kuwait",2011,51.7266695549171
"KWT","Kuwait",2012,51.5332258376798
"KWT","Kuwait",2013,52.0794464083629
"KWT","Kuwait",2014,52.3883674070684
"KWT","Kuwait",2015,51.7271769574856
"KWT","Kuwait",2016,52.1235267907346
"KWT","Kuwait",2017,51.8902469003861
"KWT","Kuwait",2018,52.3743490112519
"KWT","Kuwait",2019,52.8626109423099
"KWT","Kuwait",2020,54.5886245082549
"KWT","Kuwait",2021,54.876485638742
"KWT","Kuwait",2022,55.197775760394
"KGZ","Kyrgyzstan",1995,48.8071830320966
"KGZ","Kyrgyzstan",1996,48.7091800804399
"KGZ","Kyrgyzstan",1997,49.1262534436062
"KGZ","Kyrgyzstan",1998,48.8474974797915
"KGZ","Kyrgyzstan",1999,49.1783182394902
"KGZ","Kyrgyzstan",2000,49.6973718125275
"KGZ","Kyrgyzstan",2001,50.0178986952751
"KGZ","Kyrgyzstan",2002,49.8573815321382
"KGZ","Kyrgyzstan",2003,49.5867901487893
"KGZ","Kyrgyzstan",2004,48.8106771950823
"KGZ","Kyrgyzstan",2005,48.1136763746901
"KGZ","Kyrgyzstan",2006,45.4167642559431
"KGZ","Kyrgyzstan",2007,46.6519458332668
"KGZ","Kyrgyzstan",2008,46.8817052075589
"KGZ","Kyrgyzstan",2009,47.5415258375576
"KGZ","Kyrgyzstan",2010,47.7701073521007
"KGZ","Kyrgyzstan",2011,49.1398447902066
"KGZ","Kyrgyzstan",2012,48.5831862211048
"KGZ","Kyrgyzstan",2013,49.2251804640415
"KGZ","Kyrgyzstan",2014,50.2678789242271
"KGZ","Kyrgyzstan",2015,49.5534796678692
"KGZ","Kyrgyzstan",2016,51.8614957411056
"KGZ","Kyrgyzstan",2017,52.6310154887497
"KGZ","Kyrgyzstan",2018,53.0737515263133
"KGZ","Kyrgyzstan",2019,53.5442765501347
"KGZ","Kyrgyzstan",2020,53.1986843144786
"KGZ","Kyrgyzstan",2021,53.3604541170501
"KGZ","Kyrgyzstan",2022,53.514942852472
"LAO","Lao People's Democratic Republic",1995,37.7725475768741
"LAO","Lao People's Democratic Republic",1996,37.928138754797
"LAO","Lao People's Democratic Republic",1997,37.8140685702003
"LAO","Lao People's Democratic Republic",1998,37.6898687189057
"LAO","Lao People's Democratic Republic",1999,37.5658176360611
"LAO","Lao People's Democratic Republic",2000,37.4259005868855
"LAO","Lao People's Democratic Republic",2001,37.3552991099665
"LAO","Lao People's Democratic Republic",2002,38.0172294430825
"LAO","Lao People's Democratic Republic",2003,37.0305461829964
"LAO","Lao People's Democratic Republic",2004,37.2464195950232
"LAO","Lao People's Democratic Republic",2005,37.2560312127814
"LAO","Lao People's Democratic Republic",2006,36.84524293599
"LAO","Lao People's Democratic Republic",2007,37.4415556071559
"LAO","Lao People's Democratic Republic",2008,38.3305112396321
"LAO","Lao People's Democratic Republic",2009,38.3535426509719
"LAO","Lao People's Democratic Republic",2010,38.2277308145173
"LAO","Lao People's Democratic Republic",2011,38.4436664416637
"LAO","Lao People's Democratic Republic",2012,39.3935278640207
"LAO","Lao People's Democratic Republic",2013,40.0517477586311
"LAO","Lao People's Democratic Republic",2014,40.5393481009434
"LAO","Lao People's Democratic Republic",2015,40.3863853056306
"LAO","Lao People's Democratic Republic",2016,40.9912177166093
"LAO","Lao People's Democratic Republic",2017,41.6308766383691
"LAO","Lao People's Democratic Republic",2018,42.4703656642412
"LAO","Lao People's Democratic Republic",2019,42.1412536849812
"LAO","Lao People's Democratic Republic",2020,42.4881989769787
"LAO","Lao People's Democratic Republic",2021,42.2762572112455
"LAO","Lao People's Democratic Republic",2022,42.2543344032624
"LVA","Latvia",1995,53.4344222588828
"LVA","Latvia",1996,53.2970521339838
"LVA","Latvia",1997,53.4616513924552
"LVA","Latvia",1998,54.0126774303952
"LVA","Latvia",1999,53.4825993567195
"LVA","Latvia",2000,53.6661025321336
"LVA","Latvia",2001,54.4701743960828
"LVA","Latvia",2002,55.4908769673711
"LVA","Latvia",2003,55.7473829823312
"LVA","Latvia",2004,55.7137264010027
"LVA","Latvia",2005,56.1213233873036
"LVA","Latvia",2006,56.907439101907
"LVA","Latvia",2007,57.8613007031008
"LVA","Latvia",2008,58.5179723983557
"LVA","Latvia",2009,58.6577063577013
"LVA","Latvia",2010,58.1948771830615
"LVA","Latvia",2011,57.9574508350621
"LVA","Latvia",2012,59.3190675479575
"LVA","Latvia",2013,60.1268874556512
"LVA","Latvia",2014,60.6712753819822
"LVA","Latvia",2015,60.7042531715898
"LVA","Latvia",2016,60.2281842015691
"LVA","Latvia",2017,60.5161475458377
"LVA","Latvia",2018,60.126809169756
"LVA","Latvia",2019,60.3052483015427
"LVA","Latvia",2020,60.5039011617389
"LVA","Latvia",2021,61.0481768620659
"LVA","Latvia",2022,60.8317238350657
"LBN","Lebanon",1995,42.7787406099202
"LBN","Lebanon",1996,42.8242694136089
"LBN","Lebanon",1997,43.005405030705
"LBN","Lebanon",1998,43.0467247523168
"LBN","Lebanon",1999,43.6448914878103
"LBN","Lebanon",2000,44.0042074895574
"LBN","Lebanon",2001,44.2432643405778
"LBN","Lebanon",2002,44.3229908370169
"LBN","Lebanon",2003,44.2732649697587
"LBN","Lebanon",2004,44.4384854730847
"LBN","Lebanon",2005,44.0111508546856
"LBN","Lebanon",2006,42.3559216794521
"LBN","Lebanon",2007,42.4944961777646
"LBN","Lebanon",2008,43.1607576925573
"LBN","Lebanon",2009,44.4658698227876
"LBN","Lebanon",2010,45.4011475741447
"LBN","Lebanon",2011,45.7508780085998
"LBN","Lebanon",2012,45.9207115149522
"LBN","Lebanon",2013,46.253341694932
"LBN","Lebanon",2014,46.1403087382812
"LBN","Lebanon",2015,45.6690730622676
"LBN","Lebanon",2016,45.4587399306636
"LBN","Lebanon",2017,44.7291910744529
"LBN","Lebanon",2018,45.2124446934182
"LBN","Lebanon",2019,45.4114076431635
"LBN","Lebanon",2020,44.6298849971379
"LBN","Lebanon",2021,44.6313093229133
"LBN","Lebanon",2022,44.7067280111838
"LSO","Lesotho",1995,40.8043318140441
"LSO","Lesotho",1996,40.7380912311187
"LSO","Lesotho",1997,40.576513241768
"LSO","Lesotho",1998,40.4310234672827
"LSO","Lesotho",1999,40.5444516139196
"LSO","Lesotho",2000,40.6475618591726
"LSO","Lesotho",2001,40.1564969605021
"LSO","Lesotho",2002,40.1475222990685
"LSO","Lesotho",2003,40.3714674182775
"LSO","Lesotho",2004,40.5218037871939
"LSO","Lesotho",2005,39.597737945936
"LSO","Lesotho",2006,38.7446479169327
"LSO","Lesotho",2007,38.6762926149019
"LSO","Lesotho",2008,38.6838189338455
"LSO","Lesotho",2009,38.9527071371194
"LSO","Lesotho",2010,39.3773488499452
"LSO","Lesotho",2011,39.1866418442087
"LSO","Lesotho",2012,39.3079960504974
"LSO","Lesotho",2013,40.6071369860097
"LSO","Lesotho",2014,41.1958396030259
"LSO","Lesotho",2015,41.2158535772872
"LSO","Lesotho",2016,41.7670225963
"LSO","Lesotho",2017,41.6928719003405
"LSO","Lesotho",2018,41.4797704374789
"LSO","Lesotho",2019,41.1400474710005
"LSO","Lesotho",2020,41.3419484655597
"LSO","Lesotho",2021,41.248618703602
"LSO","Lesotho",2022,41.301288879025
"LBR","Liberia",1995,36.0110390642825
"LBR","Liberia",1996,36.0299728135101
"LBR","Liberia",1997,36.3347485669927
"LBR","Liberia",1998,36.6380110278789
"LBR","Liberia",1999,36.7487335230415
"LBR","Liberia",2000,37.2463858734891
"LBR","Liberia",2001,36.7479926367145
"LBR","Liberia",2002,36.6737685690871
"LBR","Liberia",2003,36.2174281551581
"LBR","Liberia",2004,36.6412764841621
"LBR","Liberia",2005,37.784853255073
"LBR","Liberia",2006,42.1231786827695
"LBR","Liberia",2007,33.5680425812088
"LBR","Liberia",2008,32.7741844412877
"LBR","Liberia",2009,33.9155278504012
"LBR","Liberia",2010,34.1945179432231
"LBR","Liberia",2011,34.2063827775226
"LBR","Liberia",2012,34.8491680040343
"LBR","Liberia",2013,35.3675062624854
"LBR","Liberia",2014,35.8916813652528
"LBR","Liberia",2015,35.7086423198242
"LBR","Liberia",2016,35.9327948401846
"LBR","Liberia",2017,36.168999183486
"LBR","Liberia",2018,36.0449164708028
"LBR","Liberia",2019,35.8514910093123
"LBR","Liberia",2020,36.6515108079183
"LBR","Liberia",2021,36.7847971172375
"LBR","Liberia",2022,36.9018259187558
"LBY","Libyan Arab Jamahiriya",1995,44.509008617871
"LBY","Libyan Arab Jamahiriya",1996,44.5448407150319
"LBY","Libyan Arab Jamahiriya",1997,44.5545137891703
"LBY","Libyan Arab Jamahiriya",1998,44.5771505353679
"LBY","Libyan Arab Jamahiriya",1999,44.9055402958042
"LBY","Libyan Arab Jamahiriya",2000,45.0809544411961
"LBY","Libyan Arab Jamahiriya",2001,45.2091732971486
"LBY","Libyan Arab Jamahiriya",2002,45.3930510790159
"LBY","Libyan Arab Jamahiriya",2003,45.9276353955782
"LBY","Libyan Arab Jamahiriya",2004,46.2894568324261
"LBY","Libyan Arab Jamahiriya",2005,47.3007719874281
"LBY","Libyan Arab Jamahiriya",2006,50.6332411392271
"LBY","Libyan Arab Jamahiriya",2007,51.4301725087079
"LBY","Libyan Arab Jamahiriya",2008,51.8208077801594
"LBY","Libyan Arab Jamahiriya",2009,51.6542678247815
"LBY","Libyan Arab Jamahiriya",2010,52.0281030133085
"LBY","Libyan Arab Jamahiriya",2011,50.6418778772654
"LBY","Libyan Arab Jamahiriya",2012,50.066603955862
"LBY","Libyan Arab Jamahiriya",2013,43.8823880344177
"LBY","Libyan Arab Jamahiriya",2014,43.5450170463811
"LBY","Libyan Arab Jamahiriya",2015,43.0792740069826
"LBY","Libyan Arab Jamahiriya",2016,42.9493229273798
"LBY","Libyan Arab Jamahiriya",2017,42.9678681818824
"LBY","Libyan Arab Jamahiriya",2018,42.9114093943797
"LBY","Libyan Arab Jamahiriya",2019,42.7808481451288
"LBY","Libyan Arab Jamahiriya",2020,42.6961741568692
"LBY","Libyan Arab Jamahiriya",2021,43.073057218561
"LBY","Libyan Arab Jamahiriya",2022,43.0304743071163
"LIE","Liechtenstein",1995,NA
"LIE","Liechtenstein",1996,NA
"LIE","Liechtenstein",1997,NA
"LIE","Liechtenstein",1998,NA
"LIE","Liechtenstein",1999,NA
"LIE","Liechtenstein",2000,NA
"LIE","Liechtenstein",2001,NA
"LIE","Liechtenstein",2002,NA
"LIE","Liechtenstein",2003,NA
"LIE","Liechtenstein",2004,NA
"LIE","Liechtenstein",2005,NA
"LIE","Liechtenstein",2006,NA
"LIE","Liechtenstein",2007,NA
"LIE","Liechtenstein",2008,NA
"LIE","Liechtenstein",2009,NA
"LIE","Liechtenstein",2010,NA
"LIE","Liechtenstein",2011,NA
"LIE","Liechtenstein",2012,NA
"LIE","Liechtenstein",2013,NA
"LIE","Liechtenstein",2014,NA
"LIE","Liechtenstein",2015,NA
"LIE","Liechtenstein",2016,NA
"LIE","Liechtenstein",2017,NA
"LIE","Liechtenstein",2018,NA
"LIE","Liechtenstein",2019,NA
"LIE","Liechtenstein",2020,NA
"LIE","Liechtenstein",2021,NA
"LIE","Liechtenstein",2022,NA
"LTU","Lithuania",1995,52.5004286706061
"LTU","Lithuania",1996,52.763170895345
"LTU","Lithuania",1997,52.9504616788562
"LTU","Lithuania",1998,53.2191667826496
"LTU","Lithuania",1999,52.8763097140527
"LTU","Lithuania",2000,52.8400672974733
"LTU","Lithuania",2001,53.6407815759079
"LTU","Lithuania",2002,54.5265920551509
"LTU","Lithuania",2003,54.8701330470501
"LTU","Lithuania",2004,55.0729132602266
"LTU","Lithuania",2005,56.0984923773345
"LTU","Lithuania",2006,58.1020296977861
"LTU","Lithuania",2007,58.6099967997608
"LTU","Lithuania",2008,59.0726077613197
"LTU","Lithuania",2009,59.2740886574198
"LTU","Lithuania",2010,59.1940862318148
"LTU","Lithuania",2011,59.0779891940005
"LTU","Lithuania",2012,59.6903034274156
"LTU","Lithuania",2013,60.18855719263
"LTU","Lithuania",2014,61.530662057996
"LTU","Lithuania",2015,61.1933659585326
"LTU","Lithuania",2016,60.725833133368
"LTU","Lithuania",2017,60.4442449444163
"LTU","Lithuania",2018,60.6028058644659
"LTU","Lithuania",2019,60.9088007895085
"LTU","Lithuania",2020,61.1503482218843
"LTU","Lithuania",2021,61.6774220047315
"LTU","Lithuania",2022,61.6631560029608
"LUX","Luxembourg",1995,60.4589778629942
"LUX","Luxembourg",1996,61.6625817049708
"LUX","Luxembourg",1997,61.3453496081539
"LUX","Luxembourg",1998,61.1278805828776
"LUX","Luxembourg",1999,60.3879083271196
"LUX","Luxembourg",2000,64.4856911634085
"LUX","Luxembourg",2001,62.6655647556877
"LUX","Luxembourg",2002,62.2136727181708
"LUX","Luxembourg",2003,60.44695367318
"LUX","Luxembourg",2004,61.3246350812648
"LUX","Luxembourg",2005,62.31329818553
"LUX","Luxembourg",2006,66.2015300055562
"LUX","Luxembourg",2007,63.0250436497454
"LUX","Luxembourg",2008,65.0071120484418
"LUX","Luxembourg",2009,65.6380374612697
"LUX","Luxembourg",2010,67.0522865468061
"LUX","Luxembourg",2011,67.4181032868284
"LUX","Luxembourg",2012,68.3539864663571
"LUX","Luxembourg",2013,68.6984287665304
"LUX","Luxembourg",2014,69.3616599213935
"LUX","Luxembourg",2015,69.7941616278947
"LUX","Luxembourg",2016,69.2866698156972
"LUX","Luxembourg",2017,68.8504135903405
"LUX","Luxembourg",2018,68.7616536058484
"LUX","Luxembourg",2019,67.960783534509
"LUX","Luxembourg",2020,68.2125597293405
"LUX","Luxembourg",2021,67.3817602916438
"LUX","Luxembourg",2022,67.3450884406281
"MKD","Macedonia",1995,49.1118341748383
"MKD","Macedonia",1996,48.6397032340431
"MKD","Macedonia",1997,48.7195954976765
"MKD","Macedonia",1998,48.9302670189646
"MKD","Macedonia",1999,48.6469356179045
"MKD","Macedonia",2000,48.3153756648037
"MKD","Macedonia",2001,48.1499015039034
"MKD","Macedonia",2002,47.6587257730028
"MKD","Macedonia",2003,48.4619677343712
"MKD","Macedonia",2004,49.0969687725147
"MKD","Macedonia",2005,48.3869085250464
"MKD","Macedonia",2006,48.601957893243
"MKD","Macedonia",2007,50.2012039752389
"MKD","Macedonia",2008,50.2891622073138
"MKD","Macedonia",2009,50.9596621439499
"MKD","Macedonia",2010,51.3669308693556
"MKD","Macedonia",2011,51.6070211439551
"MKD","Macedonia",2012,52.6689813998022
"MKD","Macedonia",2013,53.2741652465254
"MKD","Macedonia",2014,54.9925616445382
"MKD","Macedonia",2015,54.7226139480324
"MKD","Macedonia",2016,54.3723548881606
"MKD","Macedonia",2017,54.3707684806111
"MKD","Macedonia",2018,54.0336148668947
"MKD","Macedonia",2019,54.218289156246
"MKD","Macedonia",2020,54.3180277037953
"MKD","Macedonia",2021,54.2305771539075
"MKD","Macedonia",2022,54.5264010002424
"MDG","Madagascar",1995,37.1763635490286
"MDG","Madagascar",1996,37.2720602309667
"MDG","Madagascar",1997,37.1295221337158
"MDG","Madagascar",1998,37.0506337971177
"MDG","Madagascar",1999,37.2782365068753
"MDG","Madagascar",2000,37.3935183831869
"MDG","Madagascar",2001,37.0425014917509
"MDG","Madagascar",2002,36.7875941461279
"MDG","Madagascar",2003,37.8232126326395
"MDG","Madagascar",2004,36.9895745810113
"MDG","Madagascar",2005,36.7144090946155
"MDG","Madagascar",2006,35.6160910729687
"MDG","Madagascar",2007,36.4428940765761
"MDG","Madagascar",2008,36.4757014470206
"MDG","Madagascar",2009,35.6099107154415
"MDG","Madagascar",2010,34.7094452360656
"MDG","Madagascar",2011,34.2472915255648
"MDG","Madagascar",2012,34.9331914320799
"MDG","Madagascar",2013,34.6219621759319
"MDG","Madagascar",2014,34.9622710714601
"MDG","Madagascar",2015,34.8178664931262
"MDG","Madagascar",2016,35.0022235875262
"MDG","Madagascar",2017,35.0752831862358
"MDG","Madagascar",2018,35.3357855156454
"MDG","Madagascar",2019,35.1496290710773
"MDG","Madagascar",2020,35.142644141882
"MDG","Madagascar",2021,35.1616304492326
"MDG","Madagascar",2022,35.1935230970426
"MWI","Malawi",1995,34.9953050731202
"MWI","Malawi",1996,35.0138871144855
"MWI","Malawi",1997,35.2305510129737
"MWI","Malawi",1998,35.5664972461491
"MWI","Malawi",1999,35.5972671055513
"MWI","Malawi",2000,35.6863152419773
"MWI","Malawi",2001,35.4284316454432
"MWI","Malawi",2002,35.0204994695744
"MWI","Malawi",2003,35.9082063861791
"MWI","Malawi",2004,36.1153626321469
"MWI","Malawi",2005,36.2328610244766
"MWI","Malawi",2006,35.8297397615328
"MWI","Malawi",2007,36.0173888475611
"MWI","Malawi",2008,35.9260463552037
"MWI","Malawi",2009,36.1718896057321
"MWI","Malawi",2010,35.214872765649
"MWI","Malawi",2011,35.4604318736976
"MWI","Malawi",2012,35.6176767356877
"MWI","Malawi",2013,35.2823362607496
"MWI","Malawi",2014,35.0479095455022
"MWI","Malawi",2015,34.9635516403056
"MWI","Malawi",2016,35.773182672465
"MWI","Malawi",2017,35.9127150243028
"MWI","Malawi",2018,35.8449460652383
"MWI","Malawi",2019,36.0568448528544
"MWI","Malawi",2020,36.6764374558443
"MWI","Malawi",2021,37.0429346169175
"MWI","Malawi",2022,36.9304513644785
"MYS","Malaysia",1995,49.7048595719277
"MYS","Malaysia",1996,49.8771092796573
"MYS","Malaysia",1997,49.6663860684604
"MYS","Malaysia",1998,49.5635097407988
"MYS","Malaysia",1999,49.715890446137
"MYS","Malaysia",2000,49.9767104289224
"MYS","Malaysia",2001,50.4815882371719
"MYS","Malaysia",2002,51.034314965917
"MYS","Malaysia",2003,51.5100013546275
"MYS","Malaysia",2004,51.656884975118
"MYS","Malaysia",2005,51.2335561274434
"MYS","Malaysia",2006,51.7173272220956
"MYS","Malaysia",2007,51.4006922299589
"MYS","Malaysia",2008,51.3346188605988
"MYS","Malaysia",2009,52.0696045783815
"MYS","Malaysia",2010,53.496837013363
"MYS","Malaysia",2011,53.5705881459992
"MYS","Malaysia",2012,55.0703477326512
"MYS","Malaysia",2013,55.9236602547125
"MYS","Malaysia",2014,57.4905781986103
"MYS","Malaysia",2015,57.563234316608
"MYS","Malaysia",2016,56.1633419480737
"MYS","Malaysia",2017,55.5714015986686
"MYS","Malaysia",2018,55.9559678752027
"MYS","Malaysia",2019,56.7224866169601
"MYS","Malaysia",2020,56.9807728159769
"MYS","Malaysia",2021,56.9736170368198
"MYS","Malaysia",2022,57.0719030949718
"MDV","Maldives",1995,37.8418006448038
"MDV","Maldives",1996,37.7448759994931
"MDV","Maldives",1997,38.1408437173556
"MDV","Maldives",1998,38.3455850656215
"MDV","Maldives",1999,39.1579515236757
"MDV","Maldives",2000,39.8294392385164
"MDV","Maldives",2001,40.3747326183053
"MDV","Maldives",2002,40.4752756458302
"MDV","Maldives",2003,41.1729808332754
"MDV","Maldives",2004,40.4518250449989
"MDV","Maldives",2005,42.1867733609805
"MDV","Maldives",2006,43.7946354240415
"MDV","Maldives",2007,43.3503493883591
"MDV","Maldives",2008,42.8483680229749
"MDV","Maldives",2009,43.0111579830138
"MDV","Maldives",2010,42.573906275039
"MDV","Maldives",2011,42.348067919048
"MDV","Maldives",2012,42.560693841055
"MDV","Maldives",2013,42.0230578797215
"MDV","Maldives",2014,43.1651256418213
"MDV","Maldives",2015,43.1662436197397
"MDV","Maldives",2016,43.6413793283064
"MDV","Maldives",2017,43.6795154516528
"MDV","Maldives",2018,44.136508960876
"MDV","Maldives",2019,44.4175402054045
"MDV","Maldives",2020,44.4809633258077
"MDV","Maldives",2021,44.0424387793757
"MDV","Maldives",2022,44.3446605713328
"MLI","Mali",1995,34.3323612674423
"MLI","Mali",1996,34.3066329747472
"MLI","Mali",1997,34.5581141648549
"MLI","Mali",1998,34.661360103775
"MLI","Mali",1999,34.8575150882799
"MLI","Mali",2000,35.0962236278615
"MLI","Mali",2001,35.3922284641258
"MLI","Mali",2002,35.1230470893091
"MLI","Mali",2003,35.7804056240047
"MLI","Mali",2004,36.0187674594577
"MLI","Mali",2005,35.7477449190675
"MLI","Mali",2006,33.9005102019503
"MLI","Mali",2007,34.6553640303328
"MLI","Mali",2008,34.9105603522531
"MLI","Mali",2009,34.6556163747332
"MLI","Mali",2010,34.977000158366
"MLI","Mali",2011,34.769520331373
"MLI","Mali",2012,33.4728275149341
"MLI","Mali",2013,33.6469098074876
"MLI","Mali",2014,33.9879911037712
"MLI","Mali",2015,33.9943997503748
"MLI","Mali",2016,35.0318079744045
"MLI","Mali",2017,35.0660330496795
"MLI","Mali",2018,35.1143633488385
"MLI","Mali",2019,35.3620620108591
"MLI","Mali",2020,36.0080784505006
"MLI","Mali",2021,34.4896536517455
"MLI","Mali",2022,34.242134800253
"MLT","Malta",1995,55.3074160788132
"MLT","Malta",1996,54.8246630514564
"MLT","Malta",1997,56.2715941725263
"MLT","Malta",1998,55.8589361763913
"MLT","Malta",1999,56.0782615242969
"MLT","Malta",2000,57.5787251797432
"MLT","Malta",2001,57.9296708058441
"MLT","Malta",2002,57.9581819191624
"MLT","Malta",2003,58.2428962823748
"MLT","Malta",2004,57.7178592189596
"MLT","Malta",2005,59.1046048811937
"MLT","Malta",2006,62.6953149842421
"MLT","Malta",2007,63.0758659421887
"MLT","Malta",2008,63.4231256473033
"MLT","Malta",2009,63.1400083259228
"MLT","Malta",2010,64.6373736341317
"MLT","Malta",2011,64.2780502412275
"MLT","Malta",2012,59.2989066570609
"MLT","Malta",2013,59.4362635206502
"MLT","Malta",2014,59.3063113796339
"MLT","Malta",2015,59.6505777206
"MLT","Malta",2016,57.9576254821318
"MLT","Malta",2017,58.561955740178
"MLT","Malta",2018,58.4939538147523
"MLT","Malta",2019,57.8215307350319
"MLT","Malta",2020,58.9696384657939
"MLT","Malta",2021,58.9187832059807
"MLT","Malta",2022,59.1689676249509
"MHL","Marshall Islands",1995,37.774803611483
"MHL","Marshall Islands",1996,37.8333299667381
"MHL","Marshall Islands",1997,37.911139096589
"MHL","Marshall Islands",1998,37.9876086795004
"MHL","Marshall Islands",1999,38.4611094635356
"MHL","Marshall Islands",2000,38.9586351181223
"MHL","Marshall Islands",2001,39.0882235408755
"MHL","Marshall Islands",2002,39.220146216905
"MHL","Marshall Islands",2003,39.3913260407388
"MHL","Marshall Islands",2004,39.5508037224802
"MHL","Marshall Islands",2005,39.5458327079679
"MHL","Marshall Islands",2006,40.2126759259359
"MHL","Marshall Islands",2007,40.3240393120111
"MHL","Marshall Islands",2008,40.3831958119357
"MHL","Marshall Islands",2009,40.4134872749739
"MHL","Marshall Islands",2010,40.1671701942281
"MHL","Marshall Islands",2011,40.8447373197091
"MHL","Marshall Islands",2012,40.8005154855112
"MHL","Marshall Islands",2013,41.2335908830358
"MHL","Marshall Islands",2014,41.4648872293369
"MHL","Marshall Islands",2015,42.2347840527458
"MHL","Marshall Islands",2016,42.2084178987752
"MHL","Marshall Islands",2017,42.8118376527702
"MHL","Marshall Islands",2018,42.574322738696
"MHL","Marshall Islands",2019,40.6365190133749
"MHL","Marshall Islands",2020,40.8231953459843
"MHL","Marshall Islands",2021,41.1493290251498
"MHL","Marshall Islands",2022,41.5706166126377
"MRT","Mauritania",1995,38.6094289839671
"MRT","Mauritania",1996,38.5922384945764
"MRT","Mauritania",1997,38.5345353840391
"MRT","Mauritania",1998,38.4526233940083
"MRT","Mauritania",1999,38.4219988641493
"MRT","Mauritania",2000,38.3870214860168
"MRT","Mauritania",2001,38.9210443490006
"MRT","Mauritania",2002,39.244706171208
"MRT","Mauritania",2003,38.4307645384425
"MRT","Mauritania",2004,38.4179052949065
"MRT","Mauritania",2005,37.9896199900526
"MRT","Mauritania",2006,37.5732748205773
"MRT","Mauritania",2007,37.7065529742491
"MRT","Mauritania",2008,36.9679878046357
"MRT","Mauritania",2009,36.8679789985489
"MRT","Mauritania",2010,36.3948176349482
"MRT","Mauritania",2011,35.9411278283206
"MRT","Mauritania",2012,37.0097437937178
"MRT","Mauritania",2013,37.012265478769
"MRT","Mauritania",2014,37.5878607434085
"MRT","Mauritania",2015,37.4668581006303
"MRT","Mauritania",2016,39.3120623918489
"MRT","Mauritania",2017,39.320925711455
"MRT","Mauritania",2018,39.6293701544532
"MRT","Mauritania",2019,39.6601033952529
"MRT","Mauritania",2020,39.803869121844
"MRT","Mauritania",2021,38.660629144457
"MRT","Mauritania",2022,38.628868936958
"MUS","Mauritius",1995,49.2533431616974
"MUS","Mauritius",1996,49.225268855423
"MUS","Mauritius",1997,49.5546116140702
"MUS","Mauritius",1998,49.571778108779
"MUS","Mauritius",1999,49.5469314883649
"MUS","Mauritius",2000,49.6400462904757
"MUS","Mauritius",2001,49.9482680138105
"MUS","Mauritius",2002,50.350947413835
"MUS","Mauritius",2003,50.4674182782236
"MUS","Mauritius",2004,50.5051525730541
"MUS","Mauritius",2005,49.4865570073836
"MUS","Mauritius",2006,50.6561444842893
"MUS","Mauritius",2007,50.8314862332981
"MUS","Mauritius",2008,51.727597068685
"MUS","Mauritius",2009,51.9527844395786
"MUS","Mauritius",2010,52.6941791133544
"MUS","Mauritius",2011,53.358316003937
"MUS","Mauritius",2012,53.8429944868617
"MUS","Mauritius",2013,54.1307215018972
"MUS","Mauritius",2014,54.9679783382327
"MUS","Mauritius",2015,54.7344742170029
"MUS","Mauritius",2016,54.2431080175641
"MUS","Mauritius",2017,54.2071157070386
"MUS","Mauritius",2018,55.47187344233
"MUS","Mauritius",2019,55.6279262089128
"MUS","Mauritius",2020,57.7870822088542
"MUS","Mauritius",2021,57.7462148209787
"MUS","Mauritius",2022,57.7709503441975
"MEX","Mexico",1995,48.3369154993596
"MEX","Mexico",1996,48.3342718268998
"MEX","Mexico",1997,48.6751326716885
"MEX","Mexico",1998,49.104928451632
"MEX","Mexico",1999,49.4685935759994
"MEX","Mexico",2000,49.9494114164012
"MEX","Mexico",2001,50.143186220517
"MEX","Mexico",2002,50.3656313022433
"MEX","Mexico",2003,50.3368634469396
"MEX","Mexico",2004,50.3525016021622
"MEX","Mexico",2005,51.0209955317874
"MEX","Mexico",2006,54.909886408854
"MEX","Mexico",2007,55.0661368796249
"MEX","Mexico",2008,55.1253186470378
"MEX","Mexico",2009,55.4247471910781
"MEX","Mexico",2010,56.7260223002028
"MEX","Mexico",2011,56.942477734727
"MEX","Mexico",2012,57.4056839729736
"MEX","Mexico",2013,57.5158838927933
"MEX","Mexico",2014,50.5241419341054
"MEX","Mexico",2015,50.4403336840267
"MEX","Mexico",2016,50.2869038958008
"MEX","Mexico",2017,50.2450423081925
"MEX","Mexico",2018,50.2427885595884
"MEX","Mexico",2019,49.9541799531517
"MEX","Mexico",2020,50.026097251039
"MEX","Mexico",2021,49.7229352135743
"MEX","Mexico",2022,49.6296296045913
"FSM","Micronesia, Federated States of",1995,34.8932603017021
"FSM","Micronesia, Federated States of",1996,34.9418150039571
"FSM","Micronesia, Federated States of",1997,35.0096037636469
"FSM","Micronesia, Federated States of",1998,35.1002005675952
"FSM","Micronesia, Federated States of",1999,35.1465329221963
"FSM","Micronesia, Federated States of",2000,35.1961086707883
"FSM","Micronesia, Federated States of",2001,35.3176877964459
"FSM","Micronesia, Federated States of",2002,35.4094906746416
"FSM","Micronesia, Federated States of",2003,35.3610140716912
"FSM","Micronesia, Federated States of",2004,35.9682929487081
"FSM","Micronesia, Federated States of",2005,35.8299414062307
"FSM","Micronesia, Federated States of",2006,36.3754621929839
"FSM","Micronesia, Federated States of",2007,36.2739346221301
"FSM","Micronesia, Federated States of",2008,35.5713746980578
"FSM","Micronesia, Federated States of",2009,35.4683290698565
"FSM","Micronesia, Federated States of",2010,35.3640426705166
"FSM","Micronesia, Federated States of",2011,35.1110737356633
"FSM","Micronesia, Federated States of",2012,35.4880682503143
"FSM","Micronesia, Federated States of",2013,35.7671159662788
"FSM","Micronesia, Federated States of",2014,36.1676692294974
"FSM","Micronesia, Federated States of",2015,36.3294445976029
"FSM","Micronesia, Federated States of",2016,36.6750494419027
"FSM","Micronesia, Federated States of",2017,36.7536337369381
"FSM","Micronesia, Federated States of",2018,37.339422157394
"FSM","Micronesia, Federated States of",2019,37.1557387111649
"FSM","Micronesia, Federated States of",2020,37.185333936291
"FSM","Micronesia, Federated States of",2021,36.9594751672132
"FSM","Micronesia, Federated States of",2022,37.2103257577991
"MDA","Moldova, Republic of",1995,48.4076666172269
"MDA","Moldova, Republic of",1996,48.2729472772323
"MDA","Moldova, Republic of",1997,48.6044480454922
"MDA","Moldova, Republic of",1998,48.6920020706791
"MDA","Moldova, Republic of",1999,48.0991381315888
"MDA","Moldova, Republic of",2000,47.081939049423
"MDA","Moldova, Republic of",2001,48.957572189507
"MDA","Moldova, Republic of",2002,47.6407507911868
"MDA","Moldova, Republic of",2003,48.6342559194188
"MDA","Moldova, Republic of",2004,49.0456880301068
"MDA","Moldova, Republic of",2005,50.2443886257411
"MDA","Moldova, Republic of",2006,48.5950560699277
"MDA","Moldova, Republic of",2007,49.510658987645
"MDA","Moldova, Republic of",2008,49.3762347492843
"MDA","Moldova, Republic of",2009,47.7970091554179
"MDA","Moldova, Republic of",2010,48.6752761735675
"MDA","Moldova, Republic of",2011,49.4128900430721
"MDA","Moldova, Republic of",2012,49.5985994982653
"MDA","Moldova, Republic of",2013,49.6410255965559
"MDA","Moldova, Republic of",2014,50.2287582961493
"MDA","Moldova, Republic of",2015,49.9287004103304
"MDA","Moldova, Republic of",2016,50.9134088551818
"MDA","Moldova, Republic of",2017,51.3179674985447
"MDA","Moldova, Republic of",2018,51.6213626737882
"MDA","Moldova, Republic of",2019,51.6886660825151
"MDA","Moldova, Republic of",2020,51.7464672119239
"MDA","Moldova, Republic of",2021,52.1642105260719
"MDA","Moldova, Republic of",2022,52.1651073947452
"MCO","Monaco",1995,NA
"MCO","Monaco",1996,NA
"MCO","Monaco",1997,NA
"MCO","Monaco",1998,NA
"MCO","Monaco",1999,NA
"MCO","Monaco",2000,NA
"MCO","Monaco",2001,NA
"MCO","Monaco",2002,NA
"MCO","Monaco",2003,NA
"MCO","Monaco",2004,NA
"MCO","Monaco",2005,NA
"MCO","Monaco",2006,NA
"MCO","Monaco",2007,NA
"MCO","Monaco",2008,NA
"MCO","Monaco",2009,NA
"MCO","Monaco",2010,NA
"MCO","Monaco",2011,NA
"MCO","Monaco",2012,NA
"MCO","Monaco",2013,NA
"MCO","Monaco",2014,NA
"MCO","Monaco",2015,NA
"MCO","Monaco",2016,NA
"MCO","Monaco",2017,NA
"MCO","Monaco",2018,NA
"MCO","Monaco",2019,NA
"MCO","Monaco",2020,NA
"MCO","Monaco",2021,NA
"MCO","Monaco",2022,NA
"MNG","Mongolia",1995,48.213697692039
"MNG","Mongolia",1996,48.215837744815
"MNG","Mongolia",1997,48.7312250488583
"MNG","Mongolia",1998,48.4154181970035
"MNG","Mongolia",1999,48.4857587460208
"MNG","Mongolia",2000,48.1139096784093
"MNG","Mongolia",2001,48.596898120434
"MNG","Mongolia",2002,49.4054877825083
"MNG","Mongolia",2003,49.5287342396245
"MNG","Mongolia",2004,49.3114334150155
"MNG","Mongolia",2005,49.8523094154744
"MNG","Mongolia",2006,48.8485801586001
"MNG","Mongolia",2007,49.0126307658542
"MNG","Mongolia",2008,48.8552074422194
"MNG","Mongolia",2009,49.1921157911884
"MNG","Mongolia",2010,48.9392898146199
"MNG","Mongolia",2011,49.0507723371371
"MNG","Mongolia",2012,49.6407229030857
"MNG","Mongolia",2013,50.5537168758341
"MNG","Mongolia",2014,52.1189680099462
"MNG","Mongolia",2015,51.83226360784
"MNG","Mongolia",2016,52.874163095277
"MNG","Mongolia",2017,54.3166715371261
"MNG","Mongolia",2018,54.666408661951
"MNG","Mongolia",2019,55.4340731102146
"MNG","Mongolia",2020,55.4850869831905
"MNG","Mongolia",2021,55.9737631353311
"MNG","Mongolia",2022,55.9717750063921
"MNE","Montenegro",1995,50.2550993434036
"MNE","Montenegro",1996,50.2572413344868
"MNE","Montenegro",1997,50.2613447719249
"MNE","Montenegro",1998,50.2667038609848
"MNE","Montenegro",1999,50.403471522606
"MNE","Montenegro",2000,50.5252956137039
"MNE","Montenegro",2001,50.520520296438
"MNE","Montenegro",2002,50.4938790196504
"MNE","Montenegro",2003,49.90847578118
"MNE","Montenegro",2004,49.9072232160797
"MNE","Montenegro",2005,51.217861279967
"MNE","Montenegro",2006,54.3861042911796
"MNE","Montenegro",2007,49.3150768781418
"MNE","Montenegro",2008,50.6346914739067
"MNE","Montenegro",2009,51.1498656828021
"MNE","Montenegro",2010,51.386776509227
"MNE","Montenegro",2011,51.396063243128
"MNE","Montenegro",2012,52.6204764060783
"MNE","Montenegro",2013,53.1264022385942
"MNE","Montenegro",2014,53.9048930476314
"MNE","Montenegro",2015,54.0263904756079
"MNE","Montenegro",2016,53.3367341504464
"MNE","Montenegro",2017,53.3901069791856
"MNE","Montenegro",2018,54.1496658218291
"MNE","Montenegro",2019,54.6574061376258
"MNE","Montenegro",2020,54.3951909875772
"MNE","Montenegro",2021,54.2765671605677
"MNE","Montenegro",2022,54.3347526916316
"MAR","Morocco",1995,45.9902879327191
"MAR","Morocco",1996,46.2043731741001
"MAR","Morocco",1997,46.5476720076705
"MAR","Morocco",1998,46.8030448220428
"MAR","Morocco",1999,46.5603592828555
"MAR","Morocco",2000,46.2083008213712
"MAR","Morocco",2001,46.0320011070969
"MAR","Morocco",2002,45.9983638679473
"MAR","Morocco",2003,45.6910810700685
"MAR","Morocco",2004,46.3702356766156
"MAR","Morocco",2005,46.0793426353675
"MAR","Morocco",2006,47.1573411057397
"MAR","Morocco",2007,47.1192856550386
"MAR","Morocco",2008,47.6234372553002
"MAR","Morocco",2009,48.3091565753739
"MAR","Morocco",2010,48.7777931976706
"MAR","Morocco",2011,48.409863758893
"MAR","Morocco",2012,48.9406950133386
"MAR","Morocco",2013,49.4163884578707
"MAR","Morocco",2014,50.9339576969661
"MAR","Morocco",2015,51.2360267206209
"MAR","Morocco",2016,51.1533685703215
"MAR","Morocco",2017,51.3092846792702
"MAR","Morocco",2018,52.2000125231452
"MAR","Morocco",2019,52.7381151617468
"MAR","Morocco",2020,53.1580870140631
"MAR","Morocco",2021,53.1332050711012
"MAR","Morocco",2022,53.375441508663
"MOZ","Mozambique",1995,38.8764959787727
"MOZ","Mozambique",1996,38.9020088004825
"MOZ","Mozambique",1997,39.0213967079858
"MOZ","Mozambique",1998,39.3074632975806
"MOZ","Mozambique",1999,39.4473138863551
"MOZ","Mozambique",2000,39.5693343809795
"MOZ","Mozambique",2001,38.8274424950937
"MOZ","Mozambique",2002,39.0297739865566
"MOZ","Mozambique",2003,38.8944745140811
"MOZ","Mozambique",2004,39.1272777986092
"MOZ","Mozambique",2005,38.7218324898549
"MOZ","Mozambique",2006,38.743594154461
"MOZ","Mozambique",2007,38.6095530054538
"MOZ","Mozambique",2008,38.8785534751412
"MOZ","Mozambique",2009,38.9565835053873
"MOZ","Mozambique",2010,39.2427725983992
"MOZ","Mozambique",2011,39.2423375403779
"MOZ","Mozambique",2012,38.7910887670287
"MOZ","Mozambique",2013,38.3940344292516
"MOZ","Mozambique",2014,39.3063738006368
"MOZ","Mozambique",2015,39.2288743008003
"MOZ","Mozambique",2016,38.7769261496608
"MOZ","Mozambique",2017,38.5793562901451
"MOZ","Mozambique",2018,39.1624606387956
"MOZ","Mozambique",2019,39.2975115025372
"MOZ","Mozambique",2020,38.9624290777031
"MOZ","Mozambique",2021,38.924905789157
"MOZ","Mozambique",2022,39.172992377748
"MMR","Myanmar",1995,35.0713385222081
"MMR","Myanmar",1996,35.1413980437775
"MMR","Myanmar",1997,35.1307896484185
"MMR","Myanmar",1998,35.2239078232082
"MMR","Myanmar",1999,35.1995108505583
"MMR","Myanmar",2000,35.2421537010274
"MMR","Myanmar",2001,35.3446702794496
"MMR","Myanmar",2002,35.4334479359828
"MMR","Myanmar",2003,35.4042941130736
"MMR","Myanmar",2004,35.0558140730516
"MMR","Myanmar",2005,36.6882078171882
"MMR","Myanmar",2006,40.2066413580089
"MMR","Myanmar",2007,40.4353236158013
"MMR","Myanmar",2008,40.6120986299269
"MMR","Myanmar",2009,40.5766232239169
"MMR","Myanmar",2010,41.8815894335236
"MMR","Myanmar",2011,42.4537233811163
"MMR","Myanmar",2012,43.7000970510909
"MMR","Myanmar",2013,34.2606490200944
"MMR","Myanmar",2014,35.4084801383511
"MMR","Myanmar",2015,36.6613809835463
"MMR","Myanmar",2016,38.4759190797882
"MMR","Myanmar",2017,39.1889662618332
"MMR","Myanmar",2018,38.9246125929035
"MMR","Myanmar",2019,38.7541880121553
"MMR","Myanmar",2020,39.1674180716535
"MMR","Myanmar",2021,37.2542753468037
"MMR","Myanmar",2022,37.0799738667147
"NAM","Namibia",1995,43.7218096257803
"NAM","Namibia",1996,43.7226007503601
"NAM","Namibia",1997,43.628474782846
"NAM","Namibia",1998,43.6181267273366
"NAM","Namibia",1999,43.3504926315098
"NAM","Namibia",2000,43.1709323058452
"NAM","Namibia",2001,43.2167504755871
"NAM","Namibia",2002,43.3140012967657
"NAM","Namibia",2003,43.3072906343412
"NAM","Namibia",2004,42.6986747960679
"NAM","Namibia",2005,42.0242641456215
"NAM","Namibia",2006,42.3872348106711
"NAM","Namibia",2007,42.9725877391279
"NAM","Namibia",2008,43.7504389542492
"NAM","Namibia",2009,42.9847464412335
"NAM","Namibia",2010,43.1429857093762
"NAM","Namibia",2011,43.4807973889621
"NAM","Namibia",2012,44.1806995719642
"NAM","Namibia",2013,44.3018117062324
"NAM","Namibia",2014,44.520922779516
"NAM","Namibia",2015,44.6444634207339
"NAM","Namibia",2016,45.5821569525847
"NAM","Namibia",2017,45.9398885136408
"NAM","Namibia",2018,45.7110702763116
"NAM","Namibia",2019,45.6267158056931
"NAM","Namibia",2020,45.813223107539
"NAM","Namibia",2021,45.8739991071643
"NAM","Namibia",2022,46.0655777498373
"NRU","Nauru",1995,51.3775081804275
"NRU","Nauru",1996,51.1229280361267
"NRU","Nauru",1997,51.0387873896575
"NRU","Nauru",1998,51.1496238654208
"NRU","Nauru",1999,51.4555621110119
"NRU","Nauru",2000,51.6381619593946
"NRU","Nauru",2001,50.8727175702875
"NRU","Nauru",2002,50.0733779988347
"NRU","Nauru",2003,50.7040741974935
"NRU","Nauru",2004,49.836708276363
"NRU","Nauru",2005,50.8962232911428
"NRU","Nauru",2006,50.904479014931
"NRU","Nauru",2007,47.6983064435124
"NRU","Nauru",2008,46.7034345014135
"NRU","Nauru",2009,47.2187559886566
"NRU","Nauru",2010,48.3521311491726
"NRU","Nauru",2011,47.5042915298623
"NRU","Nauru",2012,47.7125416069962
"NRU","Nauru",2013,45.5063535066724
"NRU","Nauru",2014,43.0103181649289
"NRU","Nauru",2015,47.6431068730042
"NRU","Nauru",2016,51.1196051720665
"NRU","Nauru",2017,49.1773417440554
"NRU","Nauru",2018,52.7779929049203
"NRU","Nauru",2019,52.6058426022479
"NRU","Nauru",2020,51.8369552462302
"NRU","Nauru",2021,52.944349662312
"NRU","Nauru",2022,53.3210310074043
"NPL","Nepal",1995,39.8687040420825
"NPL","Nepal",1996,39.422659359593
"NPL","Nepal",1997,39.2501176741777
"NPL","Nepal",1998,39.1756041537475
"NPL","Nepal",1999,38.5643855431431
"NPL","Nepal",2000,38.2754436259315
"NPL","Nepal",2001,37.7066447374122
"NPL","Nepal",2002,37.9971492951667
"NPL","Nepal",2003,37.8323298062826
"NPL","Nepal",2004,37.1712593486727
"NPL","Nepal",2005,38.0231510912207
"NPL","Nepal",2006,38.2578889679406
"NPL","Nepal",2007,38.9941813406642
"NPL","Nepal",2008,39.0423736541814
"NPL","Nepal",2009,39.191363897184
"NPL","Nepal",2010,39.531202176694
"NPL","Nepal",2011,39.5641434563379
"NPL","Nepal",2012,39.9106010810661
"NPL","Nepal",2013,40.6027283362165
"NPL","Nepal",2014,41.7330963103038
"NPL","Nepal",2015,41.7145462775995
"NPL","Nepal",2016,42.6669095003124
"NPL","Nepal",2017,42.4052652993869
"NPL","Nepal",2018,43.3090698453059
"NPL","Nepal",2019,43.6072480520737
"NPL","Nepal",2020,43.5011657224847
"NPL","Nepal",2021,43.4275499878991
"NPL","Nepal",2022,43.2675468302649
"NLD","Netherlands",1995,63.8387894257828
"NLD","Netherlands",1996,64.2097513876932
"NLD","Netherlands",1997,64.1641364496813
"NLD","Netherlands",1998,64.4263994479255
"NLD","Netherlands",1999,64.7936175847929
"NLD","Netherlands",2000,64.929910179926
"NLD","Netherlands",2001,64.076321565474
"NLD","Netherlands",2002,64.2429752054996
"NLD","Netherlands",2003,64.0804511022179
"NLD","Netherlands",2004,64.1405395990189
"NLD","Netherlands",2005,64.5195827676456
"NLD","Netherlands",2006,65.8180987708834
"NLD","Netherlands",2007,66.4110643535852
"NLD","Netherlands",2008,67.2088635811392
"NLD","Netherlands",2009,66.7230112605722
"NLD","Netherlands",2010,66.9672960579151
"NLD","Netherlands",2011,67.6472583078374
"NLD","Netherlands",2012,67.4265641984304
"NLD","Netherlands",2013,67.7683644891256
"NLD","Netherlands",2014,68.7899489495645
"NLD","Netherlands",2015,68.2483373153513
"NLD","Netherlands",2016,67.6746859949627
"NLD","Netherlands",2017,67.4836853702891
"NLD","Netherlands",2018,67.1448254679698
"NLD","Netherlands",2019,66.8288622480573
"NLD","Netherlands",2020,66.6670120876603
"NLD","Netherlands",2021,66.7672188056959
"NLD","Netherlands",2022,66.0351076522062
"NZL","New Zealand",1995,65.3527867353242
"NZL","New Zealand",1996,65.4586222170341
"NZL","New Zealand",1997,65.6079041248762
"NZL","New Zealand",1998,65.9367469966988
"NZL","New Zealand",1999,66.1708857939344
"NZL","New Zealand",2000,66.7420652976686
"NZL","New Zealand",2001,67.0856918380296
"NZL","New Zealand",2002,66.720745880684
"NZL","New Zealand",2003,66.9265466227143
"NZL","New Zealand",2004,67.4504862335544
"NZL","New Zealand",2005,68.0513430944765
"NZL","New Zealand",2006,70.7486746071289
"NZL","New Zealand",2007,71.349817455323
"NZL","New Zealand",2008,71.7574390504076
"NZL","New Zealand",2009,72.0104290317203
"NZL","New Zealand",2010,72.4248845126558
"NZL","New Zealand",2011,72.7109427770203
"NZL","New Zealand",2012,72.7757658553847
"NZL","New Zealand",2013,72.9246447454979
"NZL","New Zealand",2014,73.9843686997445
"NZL","New Zealand",2015,73.996971363467
"NZL","New Zealand",2016,73.2943229292648
"NZL","New Zealand",2017,73.4375244251608
"NZL","New Zealand",2018,73.0844691375787
"NZL","New Zealand",2019,68.9015275246278
"NZL","New Zealand",2020,68.8883877329197
"NZL","New Zealand",2021,68.887122992084
"NZL","New Zealand",2022,68.7893737238817
"NIC","Nicaragua",1995,41.1301676996464
"NIC","Nicaragua",1996,41.2456831569843
"NIC","Nicaragua",1997,41.3699713184487
"NIC","Nicaragua",1998,41.259716469931
"NIC","Nicaragua",1999,41.5299512128588
"NIC","Nicaragua",2000,41.832599700332
"NIC","Nicaragua",2001,41.7094625296447
"NIC","Nicaragua",2002,42.3774894809679
"NIC","Nicaragua",2003,42.0319159992016
"NIC","Nicaragua",2004,42.0502485007128
"NIC","Nicaragua",2005,41.7008577678245
"NIC","Nicaragua",2006,40.6141150801026
"NIC","Nicaragua",2007,40.7387423500998
"NIC","Nicaragua",2008,40.6391649640464
"NIC","Nicaragua",2009,40.5038719465957
"NIC","Nicaragua",2010,39.8305886877287
"NIC","Nicaragua",2011,39.9945157094962
"NIC","Nicaragua",2012,40.9641947194019
"NIC","Nicaragua",2013,41.4093886036555
"NIC","Nicaragua",2014,41.6345618432866
"NIC","Nicaragua",2015,42.053625420276
"NIC","Nicaragua",2016,42.164731351185
"NIC","Nicaragua",2017,42.1357934255038
"NIC","Nicaragua",2018,40.9830324681134
"NIC","Nicaragua",2019,40.6506688627786
"NIC","Nicaragua",2020,40.7276362072585
"NIC","Nicaragua",2021,40.5698619305816
"NIC","Nicaragua",2022,40.5913937850675
"NER","Niger",1995,31.8306328695082
"NER","Niger",1996,31.5630151369098
"NER","Niger",1997,31.5262797504149
"NER","Niger",1998,31.3786070420665
"NER","Niger",1999,31.8537209650935
"NER","Niger",2000,31.9602950158363
"NER","Niger",2001,31.9074132218917
"NER","Niger",2002,32.0997149958541
"NER","Niger",2003,32.6243230225225
"NER","Niger",2004,32.298015580361
"NER","Niger",2005,32.4643313522226
"NER","Niger",2006,31.1930059472083
"NER","Niger",2007,31.946870901413
"NER","Niger",2008,32.0391984547971
"NER","Niger",2009,32.2382302742642
"NER","Niger",2010,31.5838124702221
"NER","Niger",2011,32.2316741437757
"NER","Niger",2012,31.5421306537457
"NER","Niger",2013,32.2633581526077
"NER","Niger",2014,32.3898355076672
"NER","Niger",2015,32.0079138406305
"NER","Niger",2016,33.5663510067438
"NER","Niger",2017,33.7848237424359
"NER","Niger",2018,34.8846192151459
"NER","Niger",2019,35.3079073928675
"NER","Niger",2020,34.8476477643368
"NER","Niger",2021,35.1571688353655
"NER","Niger",2022,35.4803885644176
"NGA","Nigeria",1995,38.6483076337165
"NGA","Nigeria",1996,38.6838149257736
"NGA","Nigeria",1997,38.9789186376391
"NGA","Nigeria",1998,39.2650664818264
"NGA","Nigeria",1999,38.864591730693
"NGA","Nigeria",2000,38.7077251743876
"NGA","Nigeria",2001,38.9578379023727
"NGA","Nigeria",2002,38.7940891484408
"NGA","Nigeria",2003,39.3222268907393
"NGA","Nigeria",2004,39.3545705059657
"NGA","Nigeria",2005,41.3686718788425
"NGA","Nigeria",2006,44.7980072482217
"NGA","Nigeria",2007,45.0736475280357
"NGA","Nigeria",2008,45.8734846953964
"NGA","Nigeria",2009,45.6413755817793
"NGA","Nigeria",2010,46.808928275017
"NGA","Nigeria",2011,46.5305791895779
"NGA","Nigeria",2012,46.7802388697227
"NGA","Nigeria",2013,47.020711873822
"NGA","Nigeria",2014,36.2090767798151
"NGA","Nigeria",2015,36.7623241547519
"NGA","Nigeria",2016,37.7620813464035
"NGA","Nigeria",2017,37.9036699385942
"NGA","Nigeria",2018,38.3760828005388
"NGA","Nigeria",2019,38.5222874118561
"NGA","Nigeria",2020,39.1828438844884
"NGA","Nigeria",2021,39.5376627547033
"NGA","Nigeria",2022,39.4143857001307
"NOR","Norway",1995,68.5348910299202
"NOR","Norway",1996,68.8402622260908
"NOR","Norway",1997,69.1484164529644
"NOR","Norway",1998,69.2287604368739
"NOR","Norway",1999,69.4439867722268
"NOR","Norway",2000,69.5070717147662
"NOR","Norway",2001,69.7119973254613
"NOR","Norway",2002,69.9497658125736
"NOR","Norway",2003,69.9155337308354
"NOR","Norway",2004,70.1160434015457
"NOR","Norway",2005,71.1530764022895
"NOR","Norway",2006,73.4903720200349
"NOR","Norway",2007,73.7117964620197
"NOR","Norway",2008,73.8892043655952
"NOR","Norway",2009,73.7883432794134
"NOR","Norway",2010,74.6300624564624
"NOR","Norway",2011,74.545419633556
"NOR","Norway",2012,74.5450696817389
"NOR","Norway",2013,75.7511521914763
"NOR","Norway",2014,76.482234918946
"NOR","Norway",2015,76.4475341289347
"NOR","Norway",2016,75.9444482868456
"NOR","Norway",2017,76.0113109478116
"NOR","Norway",2018,75.6151835172731
"NOR","Norway",2019,75.0573500804962
"NOR","Norway",2020,74.6714263799303
"NOR","Norway",2021,75.0297716019064
"NOR","Norway",2022,74.6782622936826
"OMN","Oman",1995,46.1474264792879
"OMN","Oman",1996,46.3373707522546
"OMN","Oman",1997,46.4250565121254
"OMN","Oman",1998,46.5521579225881
"OMN","Oman",1999,46.7200412791523
"OMN","Oman",2000,47.0604065825358
"OMN","Oman",2001,47.4716655845885
"OMN","Oman",2002,47.9002568898431
"OMN","Oman",2003,48.2356462752307
"OMN","Oman",2004,48.3573179395617
"OMN","Oman",2005,48.293833582937
"OMN","Oman",2006,50.0180607901665
"OMN","Oman",2007,50.5234862603139
"OMN","Oman",2008,51.0032172490952
"OMN","Oman",2009,51.0888089405241
"OMN","Oman",2010,51.8371760612403
"OMN","Oman",2011,51.6430902785861
"OMN","Oman",2012,52.3097734650813
"OMN","Oman",2013,52.8080924412828
"OMN","Oman",2014,54.2713318590216
"OMN","Oman",2015,54.1747972741205
"OMN","Oman",2016,53.7567141869647
"OMN","Oman",2017,53.6930503724096
"OMN","Oman",2018,53.6837066302525
"OMN","Oman",2019,54.1073331520097
"OMN","Oman",2020,54.042849913127
"OMN","Oman",2021,53.6207775538285
"OMN","Oman",2022,53.9256328427169
"PAK","Pakistan",1995,39.797634851999
"PAK","Pakistan",1996,39.8207653879056
"PAK","Pakistan",1997,39.4963387463716
"PAK","Pakistan",1998,39.3439922094826
"PAK","Pakistan",1999,39.5067188558051
"PAK","Pakistan",2000,39.6810978895436
"PAK","Pakistan",2001,39.681129373215
"PAK","Pakistan",2002,39.4084941970586
"PAK","Pakistan",2003,39.7221854169048
"PAK","Pakistan",2004,39.4798427000529
"PAK","Pakistan",2005,41.0016508093881
"PAK","Pakistan",2006,44.9157739695914
"PAK","Pakistan",2007,44.891222806841
"PAK","Pakistan",2008,44.5052361571271
"PAK","Pakistan",2009,44.685333129551
"PAK","Pakistan",2010,45.9619182748389
"PAK","Pakistan",2011,45.7438525971188
"PAK","Pakistan",2012,46.4452589447521
"PAK","Pakistan",2013,46.8719922076524
"PAK","Pakistan",2014,38.4224672039896
"PAK","Pakistan",2015,38.5365086064385
"PAK","Pakistan",2016,38.329901368659
"PAK","Pakistan",2017,38.5129560258287
"PAK","Pakistan",2018,38.5898055023953
"PAK","Pakistan",2019,39.2314694564838
"PAK","Pakistan",2020,40.4171825526561
"PAK","Pakistan",2021,40.4802990716838
"PAK","Pakistan",2022,40.2681588810863
"PLW","Palau",1995,42.541045234571
"PLW","Palau",1996,42.6332821781564
"PLW","Palau",1997,42.7645697024337
"PLW","Palau",1998,42.8979622112869
"PLW","Palau",1999,42.9873956716306
"PLW","Palau",2000,43.0729943906158
"PLW","Palau",2001,42.4755418557443
"PLW","Palau",2002,42.34073340145
"PLW","Palau",2003,42.6382291419019
"PLW","Palau",2004,42.9151631819201
"PLW","Palau",2005,43.70953084876
"PLW","Palau",2006,44.2120026048649
"PLW","Palau",2007,44.2432890960329
"PLW","Palau",2008,44.4267960032101
"PLW","Palau",2009,44.1378952055348
"PLW","Palau",2010,44.2058115596721
"PLW","Palau",2011,44.7387216007534
"PLW","Palau",2012,45.1050778596201
"PLW","Palau",2013,45.6715823487218
"PLW","Palau",2014,46.0973794071445
"PLW","Palau",2015,48.2514023170934
"PLW","Palau",2016,48.8649546734242
"PLW","Palau",2017,48.8547348939785
"PLW","Palau",2018,49.1656700747806
"PLW","Palau",2019,49.1521459171265
"PLW","Palau",2020,48.6264496791923
"PLW","Palau",2021,48.5462467494744
"PLW","Palau",2022,48.5745710352563
"PAN","Panama",1995,44.5430809947518
"PAN","Panama",1996,44.8269678403788
"PAN","Panama",1997,45.1532057271845
"PAN","Panama",1998,45.4574589768518
"PAN","Panama",1999,45.5299965229423
"PAN","Panama",2000,45.3935565178601
"PAN","Panama",2001,45.6103992642672
"PAN","Panama",2002,45.8019104248213
"PAN","Panama",2003,45.5928606380186
"PAN","Panama",2004,45.8018614089652
"PAN","Panama",2005,45.4533223908237
"PAN","Panama",2006,46.0158236238165
"PAN","Panama",2007,46.4205978279874
"PAN","Panama",2008,47.0371352845514
"PAN","Panama",2009,47.0247436452974
"PAN","Panama",2010,47.5015514653902
"PAN","Panama",2011,47.9637751211151
"PAN","Panama",2012,47.5837273242787
"PAN","Panama",2013,47.9901886024766
"PAN","Panama",2014,49.2566386252377
"PAN","Panama",2015,49.3459960982257
"PAN","Panama",2016,48.8522272877353
"PAN","Panama",2017,48.5533502396172
"PAN","Panama",2018,48.6699683125141
"PAN","Panama",2019,48.1408101683134
"PAN","Panama",2020,47.7908469923032
"PAN","Panama",2021,47.8773496784897
"PAN","Panama",2022,47.8029925053581
"PNG","Papua New Guinea",1995,37.0518209055011
"PNG","Papua New Guinea",1996,36.9111521118792
"PNG","Papua New Guinea",1997,36.8852051506667
"PNG","Papua New Guinea",1998,37.0578057405872
"PNG","Papua New Guinea",1999,36.9715092187613
"PNG","Papua New Guinea",2000,36.9960470273757
"PNG","Papua New Guinea",2001,35.8723297114482
"PNG","Papua New Guinea",2002,34.9286980739354
"PNG","Papua New Guinea",2003,34.7999860708145
"PNG","Papua New Guinea",2004,34.892752338132
"PNG","Papua New Guinea",2005,34.1218872907197
"PNG","Papua New Guinea",2006,34.0643363311113
"PNG","Papua New Guinea",2007,34.3513086511478
"PNG","Papua New Guinea",2008,34.3953721265998
"PNG","Papua New Guinea",2009,34.0239638041165
"PNG","Papua New Guinea",2010,34.3658881969984
"PNG","Papua New Guinea",2011,34.6668721691027
"PNG","Papua New Guinea",2012,34.9113953949769
"PNG","Papua New Guinea",2013,34.6078409847104
"PNG","Papua New Guinea",2014,35.3637316563743
"PNG","Papua New Guinea",2015,36.0540118688044
"PNG","Papua New Guinea",2016,36.0103816508243
"PNG","Papua New Guinea",2017,37.6888566864346
"PNG","Papua New Guinea",2018,37.3967683321216
"PNG","Papua New Guinea",2019,36.5179147747463
"PNG","Papua New Guinea",2020,37.3128278841035
"PNG","Papua New Guinea",2021,36.5922150766633
"PNG","Papua New Guinea",2022,36.8849963421293
"PRY","Paraguay",1995,42.0857929367761
"PRY","Paraguay",1996,42.2117355368736
"PRY","Paraguay",1997,42.0838896929869
"PRY","Paraguay",1998,42.1406792306109
"PRY","Paraguay",1999,42.1569261867696
"PRY","Paraguay",2000,42.1036188968567
"PRY","Paraguay",2001,42.3369604288335
"PRY","Paraguay",2002,42.6249099164454
"PRY","Paraguay",2003,43.0420609049604
"PRY","Paraguay",2004,43.5703990399114
"PRY","Paraguay",2005,43.8220478328561
"PRY","Paraguay",2006,43.1080020066433
"PRY","Paraguay",2007,43.5881925847101
"PRY","Paraguay",2008,44.9686327936608
"PRY","Paraguay",2009,45.1026353207355
"PRY","Paraguay",2010,45.2252504017636
"PRY","Paraguay",2011,45.6740792867657
"PRY","Paraguay",2012,45.7926684788836
"PRY","Paraguay",2013,45.9994496691799
"PRY","Paraguay",2014,47.2905292301038
"PRY","Paraguay",2015,47.5995549936434
"PRY","Paraguay",2016,48.5854620689889
"PRY","Paraguay",2017,48.5787743828943
"PRY","Paraguay",2018,48.702084947253
"PRY","Paraguay",2019,48.5398169117394
"PRY","Paraguay",2020,48.7276183949987
"PRY","Paraguay",2021,48.3980201227966
"PRY","Paraguay",2022,48.3996362507429
"PER","Peru",1995,44.870637055622
"PER","Peru",1996,44.8073224859983
"PER","Peru",1997,45.0181941632838
"PER","Peru",1998,43.9423518397153
"PER","Peru",1999,43.9896456679664
"PER","Peru",2000,43.811678611392
"PER","Peru",2001,43.7694010760705
"PER","Peru",2002,43.7878868525804
"PER","Peru",2003,43.9729110832424
"PER","Peru",2004,44.3248942594313
"PER","Peru",2005,44.2596134096925
"PER","Peru",2006,45.2755196578081
"PER","Peru",2007,45.6357734881325
"PER","Peru",2008,46.2251554754386
"PER","Peru",2009,45.7913917234201
"PER","Peru",2010,46.8269212513798
"PER","Peru",2011,47.5362668483906
"PER","Peru",2012,47.7442395806621
"PER","Peru",2013,48.1957101329325
"PER","Peru",2014,48.8637459433598
"PER","Peru",2015,49.0076802320728
"PER","Peru",2016,49.3268190264164
"PER","Peru",2017,48.9531020826102
"PER","Peru",2018,49.0581815868699
"PER","Peru",2019,49.5291208208058
"PER","Peru",2020,49.6314312858106
"PER","Peru",2021,49.1012699667328
"PER","Peru",2022,49.111461947878
"PHL","Philippines",1995,41.5169663423882
"PHL","Philippines",1996,41.5818624481335
"PHL","Philippines",1997,41.7014708224858
"PHL","Philippines",1998,41.865263529541
"PHL","Philippines",1999,41.2560672129261
"PHL","Philippines",2000,40.6532687760952
"PHL","Philippines",2001,40.8356095201712
"PHL","Philippines",2002,41.2835772649284
"PHL","Philippines",2003,40.7010559007337
"PHL","Philippines",2004,40.4559636028878
"PHL","Philippines",2005,41.0276560708434
"PHL","Philippines",2006,40.4063713518582
"PHL","Philippines",2007,40.6257816188001
"PHL","Philippines",2008,40.3639486671384
"PHL","Philippines",2009,40.4624983213133
"PHL","Philippines",2010,40.8340111951625
"PHL","Philippines",2011,41.5956678373439
"PHL","Philippines",2012,42.385898879053
"PHL","Philippines",2013,42.913239581897
"PHL","Philippines",2014,43.8678839981462
"PHL","Philippines",2015,43.553020316364
"PHL","Philippines",2016,42.9807841905201
"PHL","Philippines",2017,43.1002113594494
"PHL","Philippines",2018,42.9254317587998
"PHL","Philippines",2019,43.5347693069953
"PHL","Philippines",2020,44.1940046593717
"PHL","Philippines",2021,44.3347817226103
"PHL","Philippines",2022,44.8405689671952
"POL","Poland",1995,56.9475745106472
"POL","Poland",1996,56.9520784249079
"POL","Poland",1997,57.1497048736334
"POL","Poland",1998,57.2110555364595
"POL","Poland",1999,57.0470518117106
"POL","Poland",2000,57.0777559034132
"POL","Poland",2001,57.2126439266105
"POL","Poland",2002,57.5394074010122
"POL","Poland",2003,57.3704084807059
"POL","Poland",2004,56.9898068292
"POL","Poland",2005,57.2530589912155
"POL","Poland",2006,57.1426109404698
"POL","Poland",2007,57.76107727818
"POL","Poland",2008,58.544485952283
"POL","Poland",2009,58.9623396860095
"POL","Poland",2010,59.5458947401497
"POL","Poland",2011,60.2633421541369
"POL","Poland",2012,60.8362433475241
"POL","Poland",2013,61.8430240894468
"POL","Poland",2014,63.1614093298796
"POL","Poland",2015,63.508571532475
"POL","Poland",2016,62.83336413402
"POL","Poland",2017,62.5312124899607
"POL","Poland",2018,62.5754610071816
"POL","Poland",2019,61.979860585567
"POL","Poland",2020,62.0322838992525
"POL","Poland",2021,61.6676458408455
"POL","Poland",2022,61.5947894345944
"PRT","Portugal",1995,54.1142147391095
"PRT","Portugal",1996,54.4458056783316
"PRT","Portugal",1997,54.5107694038646
"PRT","Portugal",1998,54.8661132826372
"PRT","Portugal",1999,54.901874081144
"PRT","Portugal",2000,54.9607357746837
"PRT","Portugal",2001,55.3495654822772
"PRT","Portugal",2002,55.8576439781962
"PRT","Portugal",2003,55.8143212610382
"PRT","Portugal",2004,55.7653207626209
"PRT","Portugal",2005,55.7093271752749
"PRT","Portugal",2006,56.1940635550057
"PRT","Portugal",2007,57.2905422809775
"PRT","Portugal",2008,58.1621810714823
"PRT","Portugal",2009,58.4479896718271
"PRT","Portugal",2010,58.7607730484944
"PRT","Portugal",2011,59.2623612535055
"PRT","Portugal",2012,60.4005383750493
"PRT","Portugal",2013,60.9748667105494
"PRT","Portugal",2014,62.2430179501905
"PRT","Portugal",2015,62.7196007938299
"PRT","Portugal",2016,62.0860698827468
"PRT","Portugal",2017,62.7634494898859
"PRT","Portugal",2018,62.7931802521136
"PRT","Portugal",2019,62.8404664138447
"PRT","Portugal",2020,62.8428927584076
"PRT","Portugal",2021,62.9626826907295
"PRT","Portugal",2022,63.0171022169349
"QAT","Qatar",1995,50.0424233384883
"QAT","Qatar",1996,50.1586210835769
"QAT","Qatar",1997,50.8354684497512
"QAT","Qatar",1998,51.3592124521647
"QAT","Qatar",1999,51.3841288356095
"QAT","Qatar",2000,51.6598728619021
"QAT","Qatar",2001,51.8832256937517
"QAT","Qatar",2002,52.0566646753426
"QAT","Qatar",2003,52.2425223697007
"QAT","Qatar",2004,52.2827464351109
"QAT","Qatar",2005,53.8493021090479
"QAT","Qatar",2006,57.6795084134219
"QAT","Qatar",2007,57.783898993872
"QAT","Qatar",2008,55.0703385110428
"QAT","Qatar",2009,56.0057246732209
"QAT","Qatar",2010,56.4541382726095
"QAT","Qatar",2011,55.7648065691836
"QAT","Qatar",2012,56.4317762047745
"QAT","Qatar",2013,57.1058551916449
"QAT","Qatar",2014,56.9591064674786
"QAT","Qatar",2015,56.8476749769322
"QAT","Qatar",2016,56.9726237408155
"QAT","Qatar",2017,56.7860160561915
"QAT","Qatar",2018,57.0758040381047
"QAT","Qatar",2019,57.44657911184
"QAT","Qatar",2020,58.8836478745715
"QAT","Qatar",2021,59.0692282167969
"QAT","Qatar",2022,59.6445134850436
"ROU","Romania",1995,47.1356893064632
"ROU","Romania",1996,47.4441445719959
"ROU","Romania",1997,47.3971233909991
"ROU","Romania",1998,46.9251172474405
"ROU","Romania",1999,46.7889761433654
"ROU","Romania",2000,46.7609106695507
"ROU","Romania",2001,47.1597318629798
"ROU","Romania",2002,48.0054333793249
"ROU","Romania",2003,47.6252488733229
"ROU","Romania",2004,48.0089527683285
"ROU","Romania",2005,48.5920227861289
"ROU","Romania",2006,48.1485147275951
"ROU","Romania",2007,49.8821570507925
"ROU","Romania",2008,51.0961313962203
"ROU","Romania",2009,51.7328242952533
"ROU","Romania",2010,50.558403371576
"ROU","Romania",2011,49.9608586021713
"ROU","Romania",2012,48.7306860056964
"ROU","Romania",2013,49.3869986889597
"ROU","Romania",2014,50.464660352019
"ROU","Romania",2015,51.1969332743602
"ROU","Romania",2016,50.8457939475445
"ROU","Romania",2017,51.1173711400726
"ROU","Romania",2018,51.464800051386
"ROU","Romania",2019,50.5833797333445
"ROU","Romania",2020,51.2332850338292
"ROU","Romania",2021,51.2224691732699
"ROU","Romania",2022,51.2588527573721
"RUS","Russian Federation",1995,51.9375693037712
"RUS","Russian Federation",1996,52.0798793731595
"RUS","Russian Federation",1997,51.9446459889667
"RUS","Russian Federation",1998,52.3083518762298
"RUS","Russian Federation",1999,53.0036717258563
"RUS","Russian Federation",2000,53.3630590031128
"RUS","Russian Federation",2001,54.3150729230146
"RUS","Russian Federation",2002,55.1134898762986
"RUS","Russian Federation",2003,55.5099817074791
"RUS","Russian Federation",2004,55.2795920606468
"RUS","Russian Federation",2005,56.9157368290054
"RUS","Russian Federation",2006,60.9919932884606
"RUS","Russian Federation",2007,61.4160472586706
"RUS","Russian Federation",2008,62.1794944910574
"RUS","Russian Federation",2009,61.5405369425874
"RUS","Russian Federation",2010,63.4221776407278
"RUS","Russian Federation",2011,63.2761875736846
"RUS","Russian Federation",2012,63.8076912527655
"RUS","Russian Federation",2013,64.1723086457897
"RUS","Russian Federation",2014,57.9111855715826
"RUS","Russian Federation",2015,59.1569809065691
"RUS","Russian Federation",2016,60.2035153708297
"RUS","Russian Federation",2017,60.175053149993
"RUS","Russian Federation",2018,60.766995779075
"RUS","Russian Federation",2019,61.1473879529086
"RUS","Russian Federation",2020,60.3495875663539
"RUS","Russian Federation",2021,59.6775322313139
"RUS","Russian Federation",2022,58.8494849642904
"RWA","Rwanda",1995,31.6863795325327
"RWA","Rwanda",1996,31.6723879779911
"RWA","Rwanda",1997,31.6491115812507
"RWA","Rwanda",1998,31.4704095413333
"RWA","Rwanda",1999,31.7781126199243
"RWA","Rwanda",2000,31.969853721472
"RWA","Rwanda",2001,32.3982576324368
"RWA","Rwanda",2002,32.992813964963
"RWA","Rwanda",2003,33.9450529771708
"RWA","Rwanda",2004,34.334063610807
"RWA","Rwanda",2005,33.5860404112957
"RWA","Rwanda",2006,33.4888868779524
"RWA","Rwanda",2007,34.0614273353339
"RWA","Rwanda",2008,34.9580748989077
"RWA","Rwanda",2009,35.9896933328146
"RWA","Rwanda",2010,37.7683030783665
"RWA","Rwanda",2011,38.2677667099348
"RWA","Rwanda",2012,38.4253151677197
"RWA","Rwanda",2013,38.7876948730732
"RWA","Rwanda",2014,40.520581986617
"RWA","Rwanda",2015,40.6166923217406
"RWA","Rwanda",2016,41.4580136899598
"RWA","Rwanda",2017,41.7175476364777
"RWA","Rwanda",2018,42.0868592786222
"RWA","Rwanda",2019,42.1481100049045
"RWA","Rwanda",2020,42.8115394205668
"RWA","Rwanda",2021,42.993530881515
"RWA","Rwanda",2022,42.9810393512794
"KNA","Saint Kitts and Nevis",1995,NA
"KNA","Saint Kitts and Nevis",1996,NA
"KNA","Saint Kitts and Nevis",1997,NA
"KNA","Saint Kitts and Nevis",1998,NA
"KNA","Saint Kitts and Nevis",1999,NA
"KNA","Saint Kitts and Nevis",2000,NA
"KNA","Saint Kitts and Nevis",2001,NA
"KNA","Saint Kitts and Nevis",2002,NA
"KNA","Saint Kitts and Nevis",2003,NA
"KNA","Saint Kitts and Nevis",2004,NA
"KNA","Saint Kitts and Nevis",2005,NA
"KNA","Saint Kitts and Nevis",2006,NA
"KNA","Saint Kitts and Nevis",2007,NA
"KNA","Saint Kitts and Nevis",2008,NA
"KNA","Saint Kitts and Nevis",2009,NA
"KNA","Saint Kitts and Nevis",2010,NA
"KNA","Saint Kitts and Nevis",2011,NA
"KNA","Saint Kitts and Nevis",2012,NA
"KNA","Saint Kitts and Nevis",2013,NA
"KNA","Saint Kitts and Nevis",2014,NA
"KNA","Saint Kitts and Nevis",2015,NA
"KNA","Saint Kitts and Nevis",2016,NA
"KNA","Saint Kitts and Nevis",2017,NA
"KNA","Saint Kitts and Nevis",2018,NA
"KNA","Saint Kitts and Nevis",2019,NA
"KNA","Saint Kitts and Nevis",2020,NA
"KNA","Saint Kitts and Nevis",2021,NA
"KNA","Saint Kitts and Nevis",2022,NA
"LCA","Saint Lucia",1995,52.9959812638396
"LCA","Saint Lucia",1996,53.10978602402
"LCA","Saint Lucia",1997,52.9093462000641
"LCA","Saint Lucia",1998,53.1608413456665
"LCA","Saint Lucia",1999,53.5032749945638
"LCA","Saint Lucia",2000,53.959224848931
"LCA","Saint Lucia",2001,53.6124228746366
"LCA","Saint Lucia",2002,53.2271254185163
"LCA","Saint Lucia",2003,54.4231713850273
"LCA","Saint Lucia",2004,54.1796858916528
"LCA","Saint Lucia",2005,56.8667473037742
"LCA","Saint Lucia",2006,54.5636423748413
"LCA","Saint Lucia",2007,54.0576607424645
"LCA","Saint Lucia",2008,54.3503391596627
"LCA","Saint Lucia",2009,54.5920516867251
"LCA","Saint Lucia",2010,54.945355819134
"LCA","Saint Lucia",2011,55.0683933477034
"LCA","Saint Lucia",2012,54.9328929669036
"LCA","Saint Lucia",2013,55.4641715848919
"LCA","Saint Lucia",2014,55.2847589277782
"LCA","Saint Lucia",2015,55.4846174995463
"LCA","Saint Lucia",2016,55.4425337320341
"LCA","Saint Lucia",2017,55.1446409725379
"LCA","Saint Lucia",2018,54.9893947106321
"LCA","Saint Lucia",2019,54.5854921954553
"LCA","Saint Lucia",2020,53.5899077291148
"LCA","Saint Lucia",2021,53.5840824144196
"LCA","Saint Lucia",2022,53.774801842574
"VCT","Saint Vincent and the Grenadines",1995,48.1586203017498
"VCT","Saint Vincent and the Grenadines",1996,48.2177365193476
"VCT","Saint Vincent and the Grenadines",1997,48.3903727410705
"VCT","Saint Vincent and the Grenadines",1998,48.5820794489092
"VCT","Saint Vincent and the Grenadines",1999,48.9145996095227
"VCT","Saint Vincent and the Grenadines",2000,49.1581409966629
"VCT","Saint Vincent and the Grenadines",2001,49.2463665333446
"VCT","Saint Vincent and the Grenadines",2002,48.6474590154243
"VCT","Saint Vincent and the Grenadines",2003,49.4433554606513
"VCT","Saint Vincent and the Grenadines",2004,49.8642894380522
"VCT","Saint Vincent and the Grenadines",2005,52.7877305538196
"VCT","Saint Vincent and the Grenadines",2006,51.571081126281
"VCT","Saint Vincent and the Grenadines",2007,50.9709300154562
"VCT","Saint Vincent and the Grenadines",2008,51.5358291966121
"VCT","Saint Vincent and the Grenadines",2009,51.811943655013
"VCT","Saint Vincent and the Grenadines",2010,51.9132082565146
"VCT","Saint Vincent and the Grenadines",2011,51.8983227474156
"VCT","Saint Vincent and the Grenadines",2012,52.4439658887956
"VCT","Saint Vincent and the Grenadines",2013,52.6912242158006
"VCT","Saint Vincent and the Grenadines",2014,52.9742177433968
"VCT","Saint Vincent and the Grenadines",2015,53.0827382118586
"VCT","Saint Vincent and the Grenadines",2016,52.5636142800097
"VCT","Saint Vincent and the Grenadines",2017,51.931526838782
"VCT","Saint Vincent and the Grenadines",2018,52.3509539489834
"VCT","Saint Vincent and the Grenadines",2019,52.3767506048901
"VCT","Saint Vincent and the Grenadines",2020,52.5851901141794
"VCT","Saint Vincent and the Grenadines",2021,52.5590213971245
"VCT","Saint Vincent and the Grenadines",2022,52.7524001465054
"WSM","Samoa",1995,43.1010258958574
"WSM","Samoa",1996,43.1426409998757
"WSM","Samoa",1997,43.1951472081863
"WSM","Samoa",1998,43.2416517557479
"WSM","Samoa",1999,43.3264884456394
"WSM","Samoa",2000,43.1570094893786
"WSM","Samoa",2001,43.2798857728621
"WSM","Samoa",2002,42.9091912132701
"WSM","Samoa",2003,42.5999738942216
"WSM","Samoa",2004,42.2216018755204
"WSM","Samoa",2005,42.9292830644456
"WSM","Samoa",2006,44.1937943686299
"WSM","Samoa",2007,43.9468754654198
"WSM","Samoa",2008,44.384945003461
"WSM","Samoa",2009,43.7632825235756
"WSM","Samoa",2010,44.5478886186327
"WSM","Samoa",2011,44.6880548077005
"WSM","Samoa",2012,45.6118867648404
"WSM","Samoa",2013,44.9782691248048
"WSM","Samoa",2014,46.3667194550112
"WSM","Samoa",2015,46.2608316236123
"WSM","Samoa",2016,45.8896850622003
"WSM","Samoa",2017,46.8688166439711
"WSM","Samoa",2018,47.2757337600442
"WSM","Samoa",2019,47.4943336248712
"WSM","Samoa",2020,47.4103711890618
"WSM","Samoa",2021,47.0998692932829
"WSM","Samoa",2022,45.785698166968
"SMR","San Marino",1995,NA
"SMR","San Marino",1996,NA
"SMR","San Marino",1997,NA
"SMR","San Marino",1998,NA
"SMR","San Marino",1999,NA
"SMR","San Marino",2000,NA
"SMR","San Marino",2001,NA
"SMR","San Marino",2002,NA
"SMR","San Marino",2003,NA
"SMR","San Marino",2004,NA
"SMR","San Marino",2005,NA
"SMR","San Marino",2006,NA
"SMR","San Marino",2007,NA
"SMR","San Marino",2008,NA
"SMR","San Marino",2009,NA
"SMR","San Marino",2010,NA
"SMR","San Marino",2011,NA
"SMR","San Marino",2012,NA
"SMR","San Marino",2013,NA
"SMR","San Marino",2014,NA
"SMR","San Marino",2015,NA
"SMR","San Marino",2016,NA
"SMR","San Marino",2017,NA
"SMR","San Marino",2018,NA
"SMR","San Marino",2019,NA
"SMR","San Marino",2020,NA
"SMR","San Marino",2021,NA
"SMR","San Marino",2022,NA
"STP","Sao Tome and Principe",1995,41.6298781705284
"STP","Sao Tome and Principe",1996,41.671090097872
"STP","Sao Tome and Principe",1997,41.7034218132186
"STP","Sao Tome and Principe",1998,41.885572095646
"STP","Sao Tome and Principe",1999,41.9155203577301
"STP","Sao Tome and Principe",2000,41.6085481605391
"STP","Sao Tome and Principe",2001,41.389285913383
"STP","Sao Tome and Principe",2002,41.119158804771
"STP","Sao Tome and Principe",2003,40.8343163987253
"STP","Sao Tome and Principe",2004,40.4934825678799
"STP","Sao Tome and Principe",2005,37.6257498459218
"STP","Sao Tome and Principe",2006,36.8337208432418
"STP","Sao Tome and Principe",2007,36.9524559815569
"STP","Sao Tome and Principe",2008,37.20083608691
"STP","Sao Tome and Principe",2009,37.0927219369501
"STP","Sao Tome and Principe",2010,37.6033720840582
"STP","Sao Tome and Principe",2011,37.594092276949
"STP","Sao Tome and Principe",2012,39.1988256817171
"STP","Sao Tome and Principe",2013,39.3569692316756
"STP","Sao Tome and Principe",2014,40.0655336832981
"STP","Sao Tome and Principe",2015,40.2075765587456
"STP","Sao Tome and Principe",2016,40.2346308644232
"STP","Sao Tome and Principe",2017,40.4928971719842
"STP","Sao Tome and Principe",2018,40.7336947582282
"STP","Sao Tome and Principe",2019,40.6040173712948
"STP","Sao Tome and Principe",2020,40.5783152437061
"STP","Sao Tome and Principe",2021,40.9700312031957
"STP","Sao Tome and Principe",2022,41.455245173354
"SAU","Saudi Arabia",1995,42.8311287655437
"SAU","Saudi Arabia",1996,42.8920699044691
"SAU","Saudi Arabia",1997,43.0612540146557
"SAU","Saudi Arabia",1998,43.1719804953315
"SAU","Saudi Arabia",1999,43.3881002683251
"SAU","Saudi Arabia",2000,43.485333104799
"SAU","Saudi Arabia",2001,43.8218796174325
"SAU","Saudi Arabia",2002,44.1432255494233
"SAU","Saudi Arabia",2003,44.3836393751844
"SAU","Saudi Arabia",2004,43.8308606364719
"SAU","Saudi Arabia",2005,45.2918611389436
"SAU","Saudi Arabia",2006,46.3847174603137
"SAU","Saudi Arabia",2007,47.0433238846705
"SAU","Saudi Arabia",2008,48.7622951400837
"SAU","Saudi Arabia",2009,49.0127858941582
"SAU","Saudi Arabia",2010,49.9809096540597
"SAU","Saudi Arabia",2011,49.4941933632344
"SAU","Saudi Arabia",2012,50.2571462628
"SAU","Saudi Arabia",2013,51.3991553747884
"SAU","Saudi Arabia",2014,52.5557245785351
"SAU","Saudi Arabia",2015,52.7265329266413
"SAU","Saudi Arabia",2016,54.0667465662573
"SAU","Saudi Arabia",2017,54.0720596866825
"SAU","Saudi Arabia",2018,54.3597475663286
"SAU","Saudi Arabia",2019,55.9111039208167
"SAU","Saudi Arabia",2020,57.8053385125453
"SAU","Saudi Arabia",2021,57.0248505066416
"SAU","Saudi Arabia",2022,57.5608283433596
"SEN","Senegal",1995,39.1138924223638
"SEN","Senegal",1996,39.0682602966401
"SEN","Senegal",1997,39.0270380904043
"SEN","Senegal",1998,38.8428850075501
"SEN","Senegal",1999,39.0324141033634
"SEN","Senegal",2000,39.2760096698737
"SEN","Senegal",2001,39.5753995225973
"SEN","Senegal",2002,39.990663382978
"SEN","Senegal",2003,39.5393392495332
"SEN","Senegal",2004,40.1142161817045
"SEN","Senegal",2005,39.2806044684637
"SEN","Senegal",2006,37.4797984230075
"SEN","Senegal",2007,37.5490150594651
"SEN","Senegal",2008,37.6423548053347
"SEN","Senegal",2009,39.2945081747696
"SEN","Senegal",2010,37.9871879829936
"SEN","Senegal",2011,38.1246354433908
"SEN","Senegal",2012,38.67891685827
"SEN","Senegal",2013,38.8035847905038
"SEN","Senegal",2014,38.866894290659
"SEN","Senegal",2015,38.9390044788653
"SEN","Senegal",2016,39.699562948024
"SEN","Senegal",2017,39.4905351094756
"SEN","Senegal",2018,40.0833340998527
"SEN","Senegal",2019,40.4162754787468
"SEN","Senegal",2020,40.5229377498959
"SEN","Senegal",2021,40.6502705228968
"SEN","Senegal",2022,40.8594801736331
"SRB","Serbia",1995,45.5683415086873
"SRB","Serbia",1996,45.3202814283484
"SRB","Serbia",1997,44.8122305164671
"SRB","Serbia",1998,44.4369043884178
"SRB","Serbia",1999,44.8168538481529
"SRB","Serbia",2000,45.0151663484839
"SRB","Serbia",2001,45.5300606146711
"SRB","Serbia",2002,46.2211648505782
"SRB","Serbia",2003,46.6123166267266
"SRB","Serbia",2004,46.9199838667699
"SRB","Serbia",2005,45.8570329921484
"SRB","Serbia",2006,46.6301587395618
"SRB","Serbia",2007,47.3058600916471
"SRB","Serbia",2008,47.4503288049513
"SRB","Serbia",2009,47.5306572277092
"SRB","Serbia",2010,47.8149245462451
"SRB","Serbia",2011,47.9656578636305
"SRB","Serbia",2012,48.2719258610188
"SRB","Serbia",2013,49.4367007999972
"SRB","Serbia",2014,50.8021522114992
"SRB","Serbia",2015,50.3730495094361
"SRB","Serbia",2016,50.5970793854029
"SRB","Serbia",2017,52.0252557546785
"SRB","Serbia",2018,51.1043557179314
"SRB","Serbia",2019,51.149158481318
"SRB","Serbia",2020,51.0892323942823
"SRB","Serbia",2021,51.2313515681328
"SRB","Serbia",2022,51.1330236257625
"SYC","Seychelles",1995,47.6211802780027
"SYC","Seychelles",1996,48.1806579750956
"SYC","Seychelles",1997,48.1999593185459
"SYC","Seychelles",1998,48.4479690211462
"SYC","Seychelles",1999,48.8141040789396
"SYC","Seychelles",2000,49.4110744450419
"SYC","Seychelles",2001,49.0063075118425
"SYC","Seychelles",2002,48.7090399294589
"SYC","Seychelles",2003,48.877442818519
"SYC","Seychelles",2004,47.7152509951902
"SYC","Seychelles",2005,49.4597315954283
"SYC","Seychelles",2006,48.012229905371
"SYC","Seychelles",2007,48.2383598773468
"SYC","Seychelles",2008,48.3775866308288
"SYC","Seychelles",2009,48.4311450533525
"SYC","Seychelles",2010,47.8650386783888
"SYC","Seychelles",2011,47.5855762259165
"SYC","Seychelles",2012,47.8007989048131
"SYC","Seychelles",2013,48.0046274059209
"SYC","Seychelles",2014,48.6135547809916
"SYC","Seychelles",2015,49.8808614983031
"SYC","Seychelles",2016,49.4415745325306
"SYC","Seychelles",2017,50.6067269061419
"SYC","Seychelles",2018,50.5026330065019
"SYC","Seychelles",2019,50.9650079616331
"SYC","Seychelles",2020,51.2048993719071
"SYC","Seychelles",2021,51.5235115146053
"SYC","Seychelles",2022,52.0780758547574
"SLE","Sierra Leone",1995,33.2323972822593
"SLE","Sierra Leone",1996,33.2019364946285
"SLE","Sierra Leone",1997,33.0733955280287
"SLE","Sierra Leone",1998,32.9387150388377
"SLE","Sierra Leone",1999,33.001050328245
"SLE","Sierra Leone",2000,33.0706345635791
"SLE","Sierra Leone",2001,33.4154064412107
"SLE","Sierra Leone",2002,33.5372481703571
"SLE","Sierra Leone",2003,33.972786311869
"SLE","Sierra Leone",2004,34.3826660986028
"SLE","Sierra Leone",2005,33.2999114196627
"SLE","Sierra Leone",2006,31.5583179553399
"SLE","Sierra Leone",2007,32.2628777065883
"SLE","Sierra Leone",2008,32.020696846729
"SLE","Sierra Leone",2009,32.802840697714
"SLE","Sierra Leone",2010,31.6542368498659
"SLE","Sierra Leone",2011,32.4877181667255
"SLE","Sierra Leone",2012,33.6045389938826
"SLE","Sierra Leone",2013,33.719118547916
"SLE","Sierra Leone",2014,34.3401035201092
"SLE","Sierra Leone",2015,34.2727046911655
"SLE","Sierra Leone",2016,34.6673755774743
"SLE","Sierra Leone",2017,35.079051236908
"SLE","Sierra Leone",2018,35.0735834763796
"SLE","Sierra Leone",2019,35.1360067584277
"SLE","Sierra Leone",2020,34.9463625441154
"SLE","Sierra Leone",2021,35.1224718848237
"SLE","Sierra Leone",2022,35.0065932378839
"SGP","Singapore",1995,58.6246353058397
"SGP","Singapore",1996,59.263721174775
"SGP","Singapore",1997,59.7501833341268
"SGP","Singapore",1998,59.8905973002848
"SGP","Singapore",1999,60.3794838609963
"SGP","Singapore",2000,61.5141567723647
"SGP","Singapore",2001,61.4789823201784
"SGP","Singapore",2002,62.088537517323
"SGP","Singapore",2003,62.0808514090756
"SGP","Singapore",2004,62.7040894774203
"SGP","Singapore",2005,62.7240817510637
"SGP","Singapore",2006,65.5876689084447
"SGP","Singapore",2007,66.4168495463076
"SGP","Singapore",2008,66.8788996305301
"SGP","Singapore",2009,66.1814261656055
"SGP","Singapore",2010,67.6939999379565
"SGP","Singapore",2011,68.3454781249215
"SGP","Singapore",2012,68.7970498465305
"SGP","Singapore",2013,69.6287186327038
"SGP","Singapore",2014,70.9376472764722
"SGP","Singapore",2015,71.0923819760182
"SGP","Singapore",2016,70.0276148065977
"SGP","Singapore",2017,70.3346384618495
"SGP","Singapore",2018,70.5066067101409
"SGP","Singapore",2019,70.5077878966608
"SGP","Singapore",2020,70.7045550811611
"SGP","Singapore",2021,70.9610935932417
"SGP","Singapore",2022,71.0853551261261
"SVK","Slovakia",1995,53.2314986948724
"SVK","Slovakia",1996,52.8890211380486
"SVK","Slovakia",1997,53.0796115292829
"SVK","Slovakia",1998,53.2542529502828
"SVK","Slovakia",1999,53.4310129857878
"SVK","Slovakia",2000,53.7023182097755
"SVK","Slovakia",2001,54.1006341534244
"SVK","Slovakia",2002,54.6838904153483
"SVK","Slovakia",2003,55.029373548401
"SVK","Slovakia",2004,55.2664415935695
"SVK","Slovakia",2005,56.0176488053424
"SVK","Slovakia",2006,57.2967407135051
"SVK","Slovakia",2007,57.8948302081886
"SVK","Slovakia",2008,57.9728944184736
"SVK","Slovakia",2009,58.1306806923342
"SVK","Slovakia",2010,58.0166949646601
"SVK","Slovakia",2011,57.9904165023227
"SVK","Slovakia",2012,57.7130660549993
"SVK","Slovakia",2013,58.0189059770468
"SVK","Slovakia",2014,58.3368442447785
"SVK","Slovakia",2015,57.7807540374895
"SVK","Slovakia",2016,57.8811679552132
"SVK","Slovakia",2017,57.6364988988453
"SVK","Slovakia",2018,57.9635086605769
"SVK","Slovakia",2019,57.8363786871975
"SVK","Slovakia",2020,58.2591687170266
"SVK","Slovakia",2021,58.2227014086151
"SVK","Slovakia",2022,57.8633921934517
"SVN","Slovenia",1995,59.5474588322054
"SVN","Slovenia",1996,59.3587130833786
"SVN","Slovenia",1997,59.4737973695046
"SVN","Slovenia",1998,60.3608964191606
"SVN","Slovenia",1999,59.858694151684
"SVN","Slovenia",2000,60.1787705995552
"SVN","Slovenia",2001,60.6271035929635
"SVN","Slovenia",2002,60.8952546958976
"SVN","Slovenia",2003,61.0316143957106
"SVN","Slovenia",2004,61.8394419620391
"SVN","Slovenia",2005,62.1994035033355
"SVN","Slovenia",2006,62.0917621315733
"SVN","Slovenia",2007,62.6152666553517
"SVN","Slovenia",2008,62.2369917810983
"SVN","Slovenia",2009,63.4680856189996
"SVN","Slovenia",2010,64.6576818385757
"SVN","Slovenia",2011,65.1907998221981
"SVN","Slovenia",2012,65.2997204132074
"SVN","Slovenia",2013,65.3039753176835
"SVN","Slovenia",2014,65.9247204170308
"SVN","Slovenia",2015,65.4148411203936
"SVN","Slovenia",2016,65.2434446474509
"SVN","Slovenia",2017,64.7596316167524
"SVN","Slovenia",2018,64.5157184053721
"SVN","Slovenia",2019,64.5046909604661
"SVN","Slovenia",2020,64.1807922931371
"SVN","Slovenia",2021,64.1010283562539
"SVN","Slovenia",2022,63.9207667787044
"SLB","Solomon Islands",1995,41.471631545934
"SLB","Solomon Islands",1996,41.4677115708651
"SLB","Solomon Islands",1997,41.5605671163443
"SLB","Solomon Islands",1998,41.6112583108116
"SLB","Solomon Islands",1999,40.4091120293927
"SLB","Solomon Islands",2000,38.8995659198516
"SLB","Solomon Islands",2001,38.7278190099082
"SLB","Solomon Islands",2002,36.5628651697004
"SLB","Solomon Islands",2003,38.407178428169
"SLB","Solomon Islands",2004,36.0303452214536
"SLB","Solomon Islands",2005,35.1588672129635
"SLB","Solomon Islands",2006,35.0854836243225
"SLB","Solomon Islands",2007,34.7948563547411
"SLB","Solomon Islands",2008,35.1698665606566
"SLB","Solomon Islands",2009,34.9257308565452
"SLB","Solomon Islands",2010,34.9162336434237
"SLB","Solomon Islands",2011,35.3500852387102
"SLB","Solomon Islands",2012,35.229500741743
"SLB","Solomon Islands",2013,36.2358769309876
"SLB","Solomon Islands",2014,36.9436708211943
"SLB","Solomon Islands",2015,38.7787709301723
"SLB","Solomon Islands",2016,38.57793812123
"SLB","Solomon Islands",2017,39.3372014867467
"SLB","Solomon Islands",2018,39.9265001561911
"SLB","Solomon Islands",2019,38.5855083337728
"SLB","Solomon Islands",2020,40.6762846282502
"SLB","Solomon Islands",2021,39.4270348777839
"SLB","Solomon Islands",2022,38.148322785857
"SOM","Somalia",1995,31.4589947795772
"SOM","Somalia",1996,31.4057488439014
"SOM","Somalia",1997,31.7349776198586
"SOM","Somalia",1998,32.0694782029068
"SOM","Somalia",1999,32.1229482673908
"SOM","Somalia",2000,32.2380702906339
"SOM","Somalia",2001,32.4316709610906
"SOM","Somalia",2002,32.62215658414
"SOM","Somalia",2003,31.8000700947204
"SOM","Somalia",2004,30.4989184316565
"SOM","Somalia",2005,32.712765658715
"SOM","Somalia",2006,37.3384322115334
"SOM","Somalia",2007,37.0460445325423
"SOM","Somalia",2008,36.6545098341292
"SOM","Somalia",2009,37.1739658830359
"SOM","Somalia",2010,39.9153169318762
"SOM","Somalia",2011,40.0411043199357
"SOM","Somalia",2012,40.6230702385522
"SOM","Somalia",2013,41.040617924787
"SOM","Somalia",2014,42.1182653636229
"SOM","Somalia",2015,42.3483016806529
"SOM","Somalia",2016,37.3224430490421
"SOM","Somalia",2017,37.503770487645
"SOM","Somalia",2018,37.4607925267713
"SOM","Somalia",2019,37.1787255422493
"SOM","Somalia",2020,37.3529871993825
"SOM","Somalia",2021,37.2365613543457
"SOM","Somalia",2022,37.4262208313531
"ZAF","South Africa",1995,48.0525479229336
"ZAF","South Africa",1996,47.9925283792044
"ZAF","South Africa",1997,48.0218429853432
"ZAF","South Africa",1998,47.8874113074307
"ZAF","South Africa",1999,48.1007103815019
"ZAF","South Africa",2000,48.5941348134531
"ZAF","South Africa",2001,48.5499239394963
"ZAF","South Africa",2002,48.6264160671348
"ZAF","South Africa",2003,48.4508728124787
"ZAF","South Africa",2004,48.7072842170248
"ZAF","South Africa",2005,48.3006363578003
"ZAF","South Africa",2006,48.6008979041286
"ZAF","South Africa",2007,48.355805188133
"ZAF","South Africa",2008,48.2497118611196
"ZAF","South Africa",2009,48.2689747982764
"ZAF","South Africa",2010,47.7979041011704
"ZAF","South Africa",2011,47.8837755256271
"ZAF","South Africa",2012,48.0385062512675
"ZAF","South Africa",2013,48.6634441062276
"ZAF","South Africa",2014,49.1523232928272
"ZAF","South Africa",2015,48.7990029202642
"ZAF","South Africa",2016,49.8229257299639
"ZAF","South Africa",2017,48.9889050305956
"ZAF","South Africa",2018,48.6470247595064
"ZAF","South Africa",2019,48.6683579884858
"ZAF","South Africa",2020,48.5609466165802
"ZAF","South Africa",2021,48.8499888062594
"ZAF","South Africa",2022,48.5679363420066
"ESP","Spain",1995,58.8567975794499
"ESP","Spain",1996,59.0787458695746
"ESP","Spain",1997,59.3258321117468
"ESP","Spain",1998,59.5428971423179
"ESP","Spain",1999,60.0840253630875
"ESP","Spain",2000,60.7541235216508
"ESP","Spain",2001,60.7727309726734
"ESP","Spain",2002,60.8658010544071
"ESP","Spain",2003,60.9393236559637
"ESP","Spain",2004,60.9177974630889
"ESP","Spain",2005,61.2409001754761
"ESP","Spain",2006,61.7045968091199
"ESP","Spain",2007,61.8762174156937
"ESP","Spain",2008,61.8795414120013
"ESP","Spain",2009,61.4260383195945
"ESP","Spain",2010,61.235525709801
"ESP","Spain",2011,61.616922572609
"ESP","Spain",2012,61.8099542473629
"ESP","Spain",2013,61.8849239540033
"ESP","Spain",2014,62.2259449508225
"ESP","Spain",2015,62.398006311665
"ESP","Spain",2016,62.3709601950565
"ESP","Spain",2017,62.6483646741481
"ESP","Spain",2018,62.416484752347
"ESP","Spain",2019,62.2929675879414
"ESP","Spain",2020,62.1538356866688
"ESP","Spain",2021,62.3265932393994
"ESP","Spain",2022,61.9447169488168
"LKA","Sri Lanka",1995,43.6263344057241
"LKA","Sri Lanka",1996,43.589703847497
"LKA","Sri Lanka",1997,43.7458404584281
"LKA","Sri Lanka",1998,43.8726085966307
"LKA","Sri Lanka",1999,43.8520366491454
"LKA","Sri Lanka",2000,43.6460160530901
"LKA","Sri Lanka",2001,44.0509335483206
"LKA","Sri Lanka",2002,44.8503601844462
"LKA","Sri Lanka",2003,44.4064203585795
"LKA","Sri Lanka",2004,44.3755682722633
"LKA","Sri Lanka",2005,43.3169463464951
"LKA","Sri Lanka",2006,43.0384393194852
"LKA","Sri Lanka",2007,42.9316317979773
"LKA","Sri Lanka",2008,42.9871054194265
"LKA","Sri Lanka",2009,42.7713442441803
"LKA","Sri Lanka",2010,42.1408460404979
"LKA","Sri Lanka",2011,42.2643850794196
"LKA","Sri Lanka",2012,42.3381522641652
"LKA","Sri Lanka",2013,43.0769732417748
"LKA","Sri Lanka",2014,44.1327883015348
"LKA","Sri Lanka",2015,44.972214481204
"LKA","Sri Lanka",2016,44.9840363126988
"LKA","Sri Lanka",2017,44.8986003706896
"LKA","Sri Lanka",2018,45.5067054674026
"LKA","Sri Lanka",2019,46.5587719394523
"LKA","Sri Lanka",2020,46.9472922647529
"LKA","Sri Lanka",2021,46.2516181683348
"LKA","Sri Lanka",2022,45.6356188070449
"SDN","Sudan",1995,32.7481645471406
"SDN","Sudan",1996,32.9716010605093
"SDN","Sudan",1997,33.204542479865
"SDN","Sudan",1998,33.4238518404338
"SDN","Sudan",1999,33.565044731878
"SDN","Sudan",2000,33.4209261125902
"SDN","Sudan",2001,33.9602217172207
"SDN","Sudan",2002,34.3264826838918
"SDN","Sudan",2003,33.8589213386428
"SDN","Sudan",2004,34.4250306518213
"SDN","Sudan",2005,32.6325211561555
"SDN","Sudan",2006,31.7585949535586
"SDN","Sudan",2007,31.9337235695789
"SDN","Sudan",2008,31.6207055782494
"SDN","Sudan",2009,32.0456284428508
"SDN","Sudan",2010,31.4113859421722
"SDN","Sudan",2011,31.4693826053313
"SDN","Sudan",2012,31.5006336399693
"SDN","Sudan",2013,31.9089293092442
"SDN","Sudan",2014,32.005679016089
"SDN","Sudan",2015,32.1819246270837
"SDN","Sudan",2016,32.7371041549397
"SDN","Sudan",2017,32.9827837640369
"SDN","Sudan",2018,32.8896327360797
"SDN","Sudan",2019,33.3234501571522
"SDN","Sudan",2020,33.3086265236694
"SDN","Sudan",2021,32.9223635962539
"SDN","Sudan",2022,32.7187522109853
"SUR","Suriname",1995,46.4443223133531
"SUR","Suriname",1996,46.4464278667509
"SUR","Suriname",1997,46.6573501532678
"SUR","Suriname",1998,46.8640787595119
"SUR","Suriname",1999,46.80854697196
"SUR","Suriname",2000,46.7483462467224
"SUR","Suriname",2001,47.4653859804505
"SUR","Suriname",2002,47.207638243595
"SUR","Suriname",2003,47.4941456146245
"SUR","Suriname",2004,47.4759158988129
"SUR","Suriname",2005,48.7381017086819
"SUR","Suriname",2006,44.4332051528825
"SUR","Suriname",2007,44.8211572583252
"SUR","Suriname",2008,45.0227293406598
"SUR","Suriname",2009,44.6886792737896
"SUR","Suriname",2010,44.0145769325251
"SUR","Suriname",2011,44.3146777411671
"SUR","Suriname",2012,44.5132180443751
"SUR","Suriname",2013,44.644766762105
"SUR","Suriname",2014,44.5739971608037
"SUR","Suriname",2015,45.1461066805001
"SUR","Suriname",2016,44.7129427880754
"SUR","Suriname",2017,45.5141417536255
"SUR","Suriname",2018,45.4991278762809
"SUR","Suriname",2019,45.097245589731
"SUR","Suriname",2020,45.1117527595717
"SUR","Suriname",2021,45.2419222642108
"SUR","Suriname",2022,45.2488541898453
"SWZ","Swaziland",1995,42.8647371520565
"SWZ","Swaziland",1996,42.9036654556067
"SWZ","Swaziland",1997,43.0514839693608
"SWZ","Swaziland",1998,43.0205405753681
"SWZ","Swaziland",1999,43.0649694215801
"SWZ","Swaziland",2000,43.0080664816234
"SWZ","Swaziland",2001,42.6269177352216
"SWZ","Swaziland",2002,42.7110471384432
"SWZ","Swaziland",2003,42.9324042380435
"SWZ","Swaziland",2004,42.7435952216502
"SWZ","Swaziland",2005,43.7283344849281
"SWZ","Swaziland",2006,40.9520465169623
"SWZ","Swaziland",2007,41.1419923791236
"SWZ","Swaziland",2008,41.4612530524672
"SWZ","Swaziland",2009,41.4282009754325
"SWZ","Swaziland",2010,40.7491303541701
"SWZ","Swaziland",2011,40.414974744663
"SWZ","Swaziland",2012,40.5274761577879
"SWZ","Swaziland",2013,41.0770735477559
"SWZ","Swaziland",2014,41.504147162895
"SWZ","Swaziland",2015,41.5141698823959
"SWZ","Swaziland",2016,42.2602024725251
"SWZ","Swaziland",2017,43.3434133313657
"SWZ","Swaziland",2018,42.5631030763534
"SWZ","Swaziland",2019,42.6216012669997
"SWZ","Swaziland",2020,42.9848161448461
"SWZ","Swaziland",2021,42.2194951670516
"SWZ","Swaziland",2022,42.5584933517936
"SWE","Sweden",1995,64.5656325033972
"SWE","Sweden",1996,64.6788071823446
"SWE","Sweden",1997,64.8798972895159
"SWE","Sweden",1998,65.0396379231279
"SWE","Sweden",1999,65.6479948523602
"SWE","Sweden",2000,65.880034906601
"SWE","Sweden",2001,66.2655507424648
"SWE","Sweden",2002,66.8145625913538
"SWE","Sweden",2003,66.9785884138693
"SWE","Sweden",2004,67.2973166952639
"SWE","Sweden",2005,67.7014995024271
"SWE","Sweden",2006,69.8046128831279
"SWE","Sweden",2007,70.0169136343405
"SWE","Sweden",2008,69.8740498636118
"SWE","Sweden",2009,69.7606070735507
"SWE","Sweden",2010,70.6506403000128
"SWE","Sweden",2011,71.0202434507366
"SWE","Sweden",2012,71.0255162528176
"SWE","Sweden",2013,70.9749198182658
"SWE","Sweden",2014,71.2977242921285
"SWE","Sweden",2015,71.4660524557228
"SWE","Sweden",2016,70.7109467172545
"SWE","Sweden",2017,70.5993075390471
"SWE","Sweden",2018,70.1426277779739
"SWE","Sweden",2019,69.9454434763635
"SWE","Sweden",2020,69.7961436045635
"SWE","Sweden",2021,70.1402782651065
"SWE","Sweden",2022,69.8566003079161
"CHE","Switzerland",1995,65.8964487522185
"CHE","Switzerland",1996,65.9196412734399
"CHE","Switzerland",1997,66.1585202033528
"CHE","Switzerland",1998,66.4004466098605
"CHE","Switzerland",1999,66.8412915381229
"CHE","Switzerland",2000,67.2119711107186
"CHE","Switzerland",2001,67.338603075274
"CHE","Switzerland",2002,67.4959975624459
"CHE","Switzerland",2003,67.4012041836648
"CHE","Switzerland",2004,67.4368011538731
"CHE","Switzerland",2005,67.9915716052937
"CHE","Switzerland",2006,70.2164731984953
"CHE","Switzerland",2007,70.939709015467
"CHE","Switzerland",2008,70.9273501785116
"CHE","Switzerland",2009,70.6474770566302
"CHE","Switzerland",2010,71.4140053171847
"CHE","Switzerland",2011,71.2443374104098
"CHE","Switzerland",2012,71.3217620559389
"CHE","Switzerland",2013,71.7681348388887
"CHE","Switzerland",2014,72.4291433864261
"CHE","Switzerland",2015,72.2862443635226
"CHE","Switzerland",2016,71.5678824389867
"CHE","Switzerland",2017,72.288109744687
"CHE","Switzerland",2018,72.173929667183
"CHE","Switzerland",2019,72.1591993838705
"CHE","Switzerland",2020,71.9696577066592
"CHE","Switzerland",2021,71.9830319190052
"CHE","Switzerland",2022,72.1233021696052
"SYR","Syrian Arab Republic",1995,43.2992928620214
"SYR","Syrian Arab Republic",1996,43.4044651821334
"SYR","Syrian Arab Republic",1997,43.5735311456719
"SYR","Syrian Arab Republic",1998,43.6766224788389
"SYR","Syrian Arab Republic",1999,43.7702224354229
"SYR","Syrian Arab Republic",2000,44.0108254345549
"SYR","Syrian Arab Republic",2001,44.3413909320016
"SYR","Syrian Arab Republic",2002,44.6953781956752
"SYR","Syrian Arab Republic",2003,44.3314515549066
"SYR","Syrian Arab Republic",2004,44.1741809180442
"SYR","Syrian Arab Republic",2005,43.8589349017003
"SYR","Syrian Arab Republic",2006,43.0980238705462
"SYR","Syrian Arab Republic",2007,43.3043426947561
"SYR","Syrian Arab Republic",2008,43.1333705746378
"SYR","Syrian Arab Republic",2009,44.0547480148118
"SYR","Syrian Arab Republic",2010,43.8004676966925
"SYR","Syrian Arab Republic",2011,42.5964154543316
"SYR","Syrian Arab Republic",2012,41.1484099398302
"SYR","Syrian Arab Republic",2013,40.3458001562016
"SYR","Syrian Arab Republic",2014,39.6802877219644
"SYR","Syrian Arab Republic",2015,39.1004012590291
"SYR","Syrian Arab Republic",2016,38.9950794543469
"SYR","Syrian Arab Republic",2017,38.3174744757135
"SYR","Syrian Arab Republic",2018,38.3927815607507
"SYR","Syrian Arab Republic",2019,38.4379885034418
"SYR","Syrian Arab Republic",2020,38.4012953952841
"SYR","Syrian Arab Republic",2021,38.6484553781936
"SYR","Syrian Arab Republic",2022,38.4847019998233
"TJK","Tajikistan",1995,42.4545814016229
"TJK","Tajikistan",1996,42.46613470756
"TJK","Tajikistan",1997,42.512246133925
"TJK","Tajikistan",1998,42.6855419215904
"TJK","Tajikistan",1999,42.9423029332358
"TJK","Tajikistan",2000,43.2948026386275
"TJK","Tajikistan",2001,43.0959448341262
"TJK","Tajikistan",2002,44.3360942743926
"TJK","Tajikistan",2003,44.3435323548434
"TJK","Tajikistan",2004,43.9634344235721
"TJK","Tajikistan",2005,44.9544069692365
"TJK","Tajikistan",2006,41.5040236212554
"TJK","Tajikistan",2007,42.0030869133484
"TJK","Tajikistan",2008,42.3860977311441
"TJK","Tajikistan",2009,42.4135724134457
"TJK","Tajikistan",2010,41.912493763176
"TJK","Tajikistan",2011,42.0085405134442
"TJK","Tajikistan",2012,42.0569687785699
"TJK","Tajikistan",2013,42.3855597095045
"TJK","Tajikistan",2014,43.5852122196869
"TJK","Tajikistan",2015,43.9210656901145
"TJK","Tajikistan",2016,45.8513070742743
"TJK","Tajikistan",2017,46.8763200601415
"TJK","Tajikistan",2018,48.1612584003012
"TJK","Tajikistan",2019,48.4399925115335
"TJK","Tajikistan",2020,48.0162978231137
"TJK","Tajikistan",2021,47.7495130508942
"TJK","Tajikistan",2022,47.6465532879409
"TZA","Tanzania, United Republic of",1995,38.6696817139148
"TZA","Tanzania, United Republic of",1996,38.6290520500251
"TZA","Tanzania, United Republic of",1997,38.6790918736291
"TZA","Tanzania, United Republic of",1998,38.7501498853705
"TZA","Tanzania, United Republic of",1999,38.7285727859108
"TZA","Tanzania, United Republic of",2000,38.5821305506196
"TZA","Tanzania, United Republic of",2001,38.7078801303858
"TZA","Tanzania, United Republic of",2002,38.9383222806996
"TZA","Tanzania, United Republic of",2003,38.7924507206002
"TZA","Tanzania, United Republic of",2004,39.1312141887354
"TZA","Tanzania, United Republic of",2005,38.744229550682
"TZA","Tanzania, United Republic of",2006,38.0909396431457
"TZA","Tanzania, United Republic of",2007,38.112471375971
"TZA","Tanzania, United Republic of",2008,38.3528293014452
"TZA","Tanzania, United Republic of",2009,38.4542015706427
"TZA","Tanzania, United Republic of",2010,37.7657146982851
"TZA","Tanzania, United Republic of",2011,37.9451555827502
"TZA","Tanzania, United Republic of",2012,38.2321722544134
"TZA","Tanzania, United Republic of",2013,38.3251585153582
"TZA","Tanzania, United Republic of",2014,38.6135185170576
"TZA","Tanzania, United Republic of",2015,38.8407052329966
"TZA","Tanzania, United Republic of",2016,39.6613635293159
"TZA","Tanzania, United Republic of",2017,39.478376523068
"TZA","Tanzania, United Republic of",2018,39.4933945006346
"TZA","Tanzania, United Republic of",2019,39.8002257614764
"TZA","Tanzania, United Republic of",2020,39.8006336624298
"TZA","Tanzania, United Republic of",2021,40.0037705161456
"TZA","Tanzania, United Republic of",2022,40.3861963797354
"THA","Thailand",1995,48.4292361690411
"THA","Thailand",1996,48.4349871596765
"THA","Thailand",1997,48.7623811027388
"THA","Thailand",1998,49.2102708079017
"THA","Thailand",1999,49.4693774233715
"THA","Thailand",2000,49.5677537376416
"THA","Thailand",2001,49.6132501061736
"THA","Thailand",2002,49.6798054237103
"THA","Thailand",2003,49.5658998326913
"THA","Thailand",2004,49.1099956419674
"THA","Thailand",2005,49.5738630036014
"THA","Thailand",2006,49.2380750270005
"THA","Thailand",2007,49.2748836646366
"THA","Thailand",2008,49.4970114463059
"THA","Thailand",2009,50.190184907046
"THA","Thailand",2010,50.4522370203833
"THA","Thailand",2011,50.5282919618341
"THA","Thailand",2012,50.7969222505863
"THA","Thailand",2013,51.2314633955729
"THA","Thailand",2014,52.1250374233871
"THA","Thailand",2015,51.934376757346
"THA","Thailand",2016,51.5795103232516
"THA","Thailand",2017,51.7126734488251
"THA","Thailand",2018,52.1833362846342
"THA","Thailand",2019,52.7807389591817
"THA","Thailand",2020,53.4725000529007
"THA","Thailand",2021,53.660575301002
"THA","Thailand",2022,53.9278986659618
"TLS","Timor-Leste",1995,41.0500469513753
"TLS","Timor-Leste",1996,41.0400570152267
"TLS","Timor-Leste",1997,41.0328029004959
"TLS","Timor-Leste",1998,41.0279707271591
"TLS","Timor-Leste",1999,41.0254052250958
"TLS","Timor-Leste",2000,41.0228223140249
"TLS","Timor-Leste",2001,41.0178955842238
"TLS","Timor-Leste",2002,41.011242436405
"TLS","Timor-Leste",2003,41.0216306662538
"TLS","Timor-Leste",2004,40.070543457745
"TLS","Timor-Leste",2005,36.875349072347
"TLS","Timor-Leste",2006,35.5095281013269
"TLS","Timor-Leste",2007,35.4620735752823
"TLS","Timor-Leste",2008,36.2615027013482
"TLS","Timor-Leste",2009,37.3779720298212
"TLS","Timor-Leste",2010,39.6113103792872
"TLS","Timor-Leste",2011,40.3357673055081
"TLS","Timor-Leste",2012,40.6768412842009
"TLS","Timor-Leste",2013,41.0511842075036
"TLS","Timor-Leste",2014,41.6024926713145
"TLS","Timor-Leste",2015,42.327427249721
"TLS","Timor-Leste",2016,42.0393021615463
"TLS","Timor-Leste",2017,41.8590117909215
"TLS","Timor-Leste",2018,41.3765448029143
"TLS","Timor-Leste",2019,41.5869186498358
"TLS","Timor-Leste",2020,40.9503966441867
"TLS","Timor-Leste",2021,41.0885581105103
"TLS","Timor-Leste",2022,41.2796598644044
"TGO","Togo",1995,38.4807680654772
"TGO","Togo",1996,38.5148164251559
"TGO","Togo",1997,38.4343923279487
"TGO","Togo",1998,38.402578328052
"TGO","Togo",1999,38.5549279652663
"TGO","Togo",2000,38.8193695136323
"TGO","Togo",2001,38.9453954314217
"TGO","Togo",2002,39.1089164670876
"TGO","Togo",2003,38.9382073454866
"TGO","Togo",2004,38.6029233424703
"TGO","Togo",2005,37.4721895312258
"TGO","Togo",2006,36.7437547611791
"TGO","Togo",2007,37.2104374065495
"TGO","Togo",2008,37.2959237356402
"TGO","Togo",2009,36.9471606647522
"TGO","Togo",2010,37.2876832821069
"TGO","Togo",2011,37.4135267378621
"TGO","Togo",2012,37.4302144841263
"TGO","Togo",2013,37.4338988935565
"TGO","Togo",2014,38.430580273078
"TGO","Togo",2015,39.088920607809
"TGO","Togo",2016,40.1740589072092
"TGO","Togo",2017,39.9085017004432
"TGO","Togo",2018,40.4400091224686
"TGO","Togo",2019,41.3142047479465
"TGO","Togo",2020,42.4209642949303
"TGO","Togo",2021,42.7543916549027
"TGO","Togo",2022,42.9550039904941
"TON","Tonga",1995,38.042753013533
"TON","Tonga",1996,38.1781742461632
"TON","Tonga",1997,38.2283110243382
"TON","Tonga",1998,38.3915635531735
"TON","Tonga",1999,38.4229028144403
"TON","Tonga",2000,38.5619946144187
"TON","Tonga",2001,37.8257543929935
"TON","Tonga",2002,38.0842469403524
"TON","Tonga",2003,37.3082834116202
"TON","Tonga",2004,36.5301703526088
"TON","Tonga",2005,35.7722232232588
"TON","Tonga",2006,36.3188807219169
"TON","Tonga",2007,37.3634636295196
"TON","Tonga",2008,36.8957520813832
"TON","Tonga",2009,38.7259401933685
"TON","Tonga",2010,38.5767192580947
"TON","Tonga",2011,39.7965332669075
"TON","Tonga",2012,38.7566598117592
"TON","Tonga",2013,39.9472485249838
"TON","Tonga",2014,39.6701667684861
"TON","Tonga",2015,39.6889784940017
"TON","Tonga",2016,39.5319639429468
"TON","Tonga",2017,39.8790558197195
"TON","Tonga",2018,40.6176200673511
"TON","Tonga",2019,40.3746811603881
"TON","Tonga",2020,40.9681820353897
"TON","Tonga",2021,41.1288040802757
"TON","Tonga",2022,41.2499996687599
"TTO","Trinidad and Tobago",1995,50.3325973462452
"TTO","Trinidad and Tobago",1996,50.0814226811905
"TTO","Trinidad and Tobago",1997,50.4104741267769
"TTO","Trinidad and Tobago",1998,50.4901428374098
"TTO","Trinidad and Tobago",1999,50.2353870590105
"TTO","Trinidad and Tobago",2000,50.0493661976309
"TTO","Trinidad and Tobago",2001,49.8768282617505
"TTO","Trinidad and Tobago",2002,49.9487473377787
"TTO","Trinidad and Tobago",2003,49.7656226465579
"TTO","Trinidad and Tobago",2004,49.9424010450187
"TTO","Trinidad and Tobago",2005,50.9457002871862
"TTO","Trinidad and Tobago",2006,46.9336552242603
"TTO","Trinidad and Tobago",2007,47.2612789133763
"TTO","Trinidad and Tobago",2008,47.2298139277528
"TTO","Trinidad and Tobago",2009,47.0573387959423
"TTO","Trinidad and Tobago",2010,47.5303286179609
"TTO","Trinidad and Tobago",2011,47.9100321865804
"TTO","Trinidad and Tobago",2012,48.2373484990512
"TTO","Trinidad and Tobago",2013,48.5888923709183
"TTO","Trinidad and Tobago",2014,49.0589101024962
"TTO","Trinidad and Tobago",2015,49.2288331392978
"TTO","Trinidad and Tobago",2016,48.9263791932371
"TTO","Trinidad and Tobago",2017,49.0093928706737
"TTO","Trinidad and Tobago",2018,48.7820382752609
"TTO","Trinidad and Tobago",2019,48.146419688565
"TTO","Trinidad and Tobago",2020,48.075218592052
"TTO","Trinidad and Tobago",2021,48.1418249496427
"TTO","Trinidad and Tobago",2022,48.1836262851863
"TUN","Tunisia",1995,49.6315498960216
"TUN","Tunisia",1996,49.8578268849641
"TUN","Tunisia",1997,49.9633634889836
"TUN","Tunisia",1998,49.9897383975847
"TUN","Tunisia",1999,50.2128819875833
"TUN","Tunisia",2000,50.4611554749899
"TUN","Tunisia",2001,50.6077387956007
"TUN","Tunisia",2002,51.0325281513888
"TUN","Tunisia",2003,51.2651221408156
"TUN","Tunisia",2004,51.5573534103184
"TUN","Tunisia",2005,51.7609154949479
"TUN","Tunisia",2006,52.931785920771
"TUN","Tunisia",2007,53.0169696505519
"TUN","Tunisia",2008,53.1097152707849
"TUN","Tunisia",2009,53.5272514393821
"TUN","Tunisia",2010,53.3736666799263
"TUN","Tunisia",2011,53.4052882083433
"TUN","Tunisia",2012,53.1330734021515
"TUN","Tunisia",2013,52.8418763634371
"TUN","Tunisia",2014,53.4446749777891
"TUN","Tunisia",2015,53.0233476129656
"TUN","Tunisia",2016,52.404860554138
"TUN","Tunisia",2017,52.439818343213
"TUN","Tunisia",2018,52.2520319322926
"TUN","Tunisia",2019,52.6554917563491
"TUN","Tunisia",2020,53.1907602053168
"TUN","Tunisia",2021,52.8918258416499
"TUN","Tunisia",2022,53.0326039450373
"TUR","Turkey",1995,46.8034106722892
"TUR","Turkey",1996,46.9279254450318
"TUR","Turkey",1997,47.1125165735555
"TUR","Turkey",1998,47.2307107576939
"TUR","Turkey",1999,47.5900976590366
"TUR","Turkey",2000,47.8826783363775
"TUR","Turkey",2001,47.8650994332386
"TUR","Turkey",2002,47.858065269744
"TUR","Turkey",2003,48.5445165912926
"TUR","Turkey",2004,48.7930983250246
"TUR","Turkey",2005,50.1245165911328
"TUR","Turkey",2006,50.3370032443143
"TUR","Turkey",2007,50.9916339734042
"TUR","Turkey",2008,51.6428392063501
"TUR","Turkey",2009,51.8334206008078
"TUR","Turkey",2010,52.4225431125509
"TUR","Turkey",2011,52.7280553496402
"TUR","Turkey",2012,53.1747933196299
"TUR","Turkey",2013,53.8980624711217
"TUR","Turkey",2014,54.7795723212565
"TUR","Turkey",2015,54.7500251029158
"TUR","Turkey",2016,53.8764505388888
"TUR","Turkey",2017,54.676194944029
"TUR","Turkey",2018,54.8470653545356
"TUR","Turkey",2019,55.6829752128763
"TUR","Turkey",2020,56.2758399194168
"TUR","Turkey",2021,56.5216502933813
"TUR","Turkey",2022,56.4518855089762
"TKM","Turkmenistan",1995,43.072825829083
"TKM","Turkmenistan",1996,43.1220430525804
"TKM","Turkmenistan",1997,42.6890272466437
"TKM","Turkmenistan",1998,42.6010212664658
"TKM","Turkmenistan",1999,42.3565538278676
"TKM","Turkmenistan",2000,42.4113514697442
"TKM","Turkmenistan",2001,42.5425724862744
"TKM","Turkmenistan",2002,42.5985544662715
"TKM","Turkmenistan",2003,42.7412565918158
"TKM","Turkmenistan",2004,41.6688360060885
"TKM","Turkmenistan",2005,41.8940057268945
"TKM","Turkmenistan",2006,41.1332504812377
"TKM","Turkmenistan",2007,41.9540218094011
"TKM","Turkmenistan",2008,42.6148809626757
"TKM","Turkmenistan",2009,42.7103808266561
"TKM","Turkmenistan",2010,42.6309751172181
"TKM","Turkmenistan",2011,42.6118790171234
"TKM","Turkmenistan",2012,43.0689134003906
"TKM","Turkmenistan",2013,42.9798347389886
"TKM","Turkmenistan",2014,43.0666767829039
"TKM","Turkmenistan",2015,42.9185617195862
"TKM","Turkmenistan",2016,42.6021675817353
"TKM","Turkmenistan",2017,42.9746259765824
"TKM","Turkmenistan",2018,43.136297629284
"TKM","Turkmenistan",2019,43.1060099134287
"TKM","Turkmenistan",2020,43.0431626314718
"TKM","Turkmenistan",2021,42.9759238032359
"TKM","Turkmenistan",2022,43.3296711612162
"TUV","Tuvalu",1995,52.6918227348324
"TUV","Tuvalu",1996,52.7002819061228
"TUV","Tuvalu",1997,52.8057517654101
"TUV","Tuvalu",1998,53.1134797924534
"TUV","Tuvalu",1999,52.9557644788308
"TUV","Tuvalu",2000,53.0384608378827
"TUV","Tuvalu",2001,52.825779923632
"TUV","Tuvalu",2002,52.7310681637308
"TUV","Tuvalu",2003,52.6682635997204
"TUV","Tuvalu",2004,53.0354609554919
"TUV","Tuvalu",2005,51.1527704761448
"TUV","Tuvalu",2006,48.9628517362367
"TUV","Tuvalu",2007,49.1572344690174
"TUV","Tuvalu",2008,48.9894567565649
"TUV","Tuvalu",2009,48.4005900285253
"TUV","Tuvalu",2010,48.0885432873913
"TUV","Tuvalu",2011,47.8208730020642
"TUV","Tuvalu",2012,46.6137249916339
"TUV","Tuvalu",2013,44.749786983496
"TUV","Tuvalu",2014,47.7372563462713
"TUV","Tuvalu",2015,47.3749919604857
"TUV","Tuvalu",2016,48.7629166777821
"TUV","Tuvalu",2017,48.051306809249
"TUV","Tuvalu",2018,49.5026686980422
"TUV","Tuvalu",2019,49.7026047935869
"TUV","Tuvalu",2020,50.963774888728
"TUV","Tuvalu",2021,51.1674039365033
"TUV","Tuvalu",2022,52.1412067876694
"UGA","Uganda",1995,36.4906712708284
"UGA","Uganda",1996,36.436560481923
"UGA","Uganda",1997,36.2382012592766
"UGA","Uganda",1998,36.2574597627715
"UGA","Uganda",1999,35.9578659986218
"UGA","Uganda",2000,35.7046329681408
"UGA","Uganda",2001,35.7941826703011
"UGA","Uganda",2002,36.0092694638798
"UGA","Uganda",2003,36.4408720470379
"UGA","Uganda",2004,36.2782592018383
"UGA","Uganda",2005,35.7825075398737
"UGA","Uganda",2006,35.1556300731657
"UGA","Uganda",2007,35.7267703918527
"UGA","Uganda",2008,35.9938401235969
"UGA","Uganda",2009,35.8088781471265
"UGA","Uganda",2010,35.5338564303869
"UGA","Uganda",2011,36.0300079744503
"UGA","Uganda",2012,35.8437298272028
"UGA","Uganda",2013,35.7718931454327
"UGA","Uganda",2014,36.3435785914598
"UGA","Uganda",2015,36.5294366801513
"UGA","Uganda",2016,38.0814908789726
"UGA","Uganda",2017,38.5046062383255
"UGA","Uganda",2018,38.6289255958858
"UGA","Uganda",2019,38.4324074296459
"UGA","Uganda",2020,38.0680999383237
"UGA","Uganda",2021,37.9435454239419
"UGA","Uganda",2022,37.8932649244703
"UKR","Ukraine",1995,47.111645592858
"UKR","Ukraine",1996,46.8721946694191
"UKR","Ukraine",1997,47.4261380493004
"UKR","Ukraine",1998,47.7617240178806
"UKR","Ukraine",1999,48.1953106895177
"UKR","Ukraine",2000,48.4736901071716
"UKR","Ukraine",2001,49.4021084557633
"UKR","Ukraine",2002,47.4327116108641
"UKR","Ukraine",2003,47.8224612681971
"UKR","Ukraine",2004,49.282475540925
"UKR","Ukraine",2005,49.0793930896523
"UKR","Ukraine",2006,46.726988162762
"UKR","Ukraine",2007,47.3972417957336
"UKR","Ukraine",2008,47.3827979422607
"UKR","Ukraine",2009,46.9222315471107
"UKR","Ukraine",2010,47.0245899150169
"UKR","Ukraine",2011,47.32803165498
"UKR","Ukraine",2012,47.69172794073
"UKR","Ukraine",2013,48.3705898963818
"UKR","Ukraine",2014,50.1709747938114
"UKR","Ukraine",2015,50.5327253109904
"UKR","Ukraine",2016,52.4222866996806
"UKR","Ukraine",2017,52.5458983905605
"UKR","Ukraine",2018,52.8433283835964
"UKR","Ukraine",2019,53.4046799015129
"UKR","Ukraine",2020,53.3592873524707
"UKR","Ukraine",2021,53.2520522014151
"UKR","Ukraine",2022,52.3395711016426
"ARE","United Arab Emirates",1995,49.3005658708167
"ARE","United Arab Emirates",1996,49.3364214123888
"ARE","United Arab Emirates",1997,49.3967336582566
"ARE","United Arab Emirates",1998,49.5301180400754
"ARE","United Arab Emirates",1999,49.7794334580475
"ARE","United Arab Emirates",2000,50.118683157599
"ARE","United Arab Emirates",2001,50.9827572842843
"ARE","United Arab Emirates",2002,51.7884666832081
"ARE","United Arab Emirates",2003,51.1373831378722
"ARE","United Arab Emirates",2004,51.2548053054659
"ARE","United Arab Emirates",2005,51.8117090101913
"ARE","United Arab Emirates",2006,53.778536055873
"ARE","United Arab Emirates",2007,54.1845399075374
"ARE","United Arab Emirates",2008,54.2516990358212
"ARE","United Arab Emirates",2009,53.9789815915327
"ARE","United Arab Emirates",2010,55.2869924770583
"ARE","United Arab Emirates",2011,55.9649132219692
"ARE","United Arab Emirates",2012,56.4221371203735
"ARE","United Arab Emirates",2013,57.7283717796687
"ARE","United Arab Emirates",2014,58.9787424812743
"ARE","United Arab Emirates",2015,59.065011553257
"ARE","United Arab Emirates",2016,58.3962341390979
"ARE","United Arab Emirates",2017,58.7499919626093
"ARE","United Arab Emirates",2018,58.8224689130535
"ARE","United Arab Emirates",2019,58.9929070334848
"ARE","United Arab Emirates",2020,59.9671605119507
"ARE","United Arab Emirates",2021,60.1621657654257
"ARE","United Arab Emirates",2022,60.2745889075043
"GBR","United Kingdom",1995,67.1310187573081
"GBR","United Kingdom",1996,67.2537987770684
"GBR","United Kingdom",1997,67.4374389033852
"GBR","United Kingdom",1998,67.5924191220542
"GBR","United Kingdom",1999,67.8549376621128
"GBR","United Kingdom",2000,67.9062117179843
"GBR","United Kingdom",2001,67.8246917220459
"GBR","United Kingdom",2002,67.9998910874301
"GBR","United Kingdom",2003,67.8482635022441
"GBR","United Kingdom",2004,67.7218185527723
"GBR","United Kingdom",2005,67.4275316451165
"GBR","United Kingdom",2006,69.5414519846884
"GBR","United Kingdom",2007,69.5803598088514
"GBR","United Kingdom",2008,69.3542039939012
"GBR","United Kingdom",2009,68.8302214371096
"GBR","United Kingdom",2010,70.0428616859252
"GBR","United Kingdom",2011,69.7577519523645
"GBR","United Kingdom",2012,69.8252476749132
"GBR","United Kingdom",2013,70.1360332108772
"GBR","United Kingdom",2014,71.4899257838751
"GBR","United Kingdom",2015,71.9095028062726
"GBR","United Kingdom",2016,71.1493166684707
"GBR","United Kingdom",2017,70.8177265124676
"GBR","United Kingdom",2018,70.3834972584624
"GBR","United Kingdom",2019,70.5520511684023
"GBR","United Kingdom",2020,70.1736548922192
"GBR","United Kingdom",2021,70.038392953616
"GBR","United Kingdom",2022,70.2999246661636
"USA","United States",1995,65.547028634615
"USA","United States",1996,65.6169898545466
"USA","United States",1997,65.5471264287262
"USA","United States",1998,65.5563053811284
"USA","United States",1999,65.8499652812462
"USA","United States",2000,66.2308729464475
"USA","United States",2001,66.1162041150241
"USA","United States",2002,66.0880153984779
"USA","United States",2003,65.9298025933682
"USA","United States",2004,65.793059993954
"USA","United States",2005,66.9234236887653
"USA","United States",2006,70.6970087033369
"USA","United States",2007,70.7803877927687
"USA","United States",2008,71.2707716567454
"USA","United States",2009,70.9290527692646
"USA","United States",2010,72.3909473658541
"USA","United States",2011,72.5307402000559
"USA","United States",2012,72.8157838959342
"USA","United States",2013,72.8320627778667
"USA","United States",2014,69.5992768599283
"USA","United States",2015,69.5129886161136
"USA","United States",2016,68.8914332118757
"USA","United States",2017,68.9948901115879
"USA","United States",2018,68.7069644379889
"USA","United States",2019,67.9711445920381
"USA","United States",2020,67.5985641575252
"USA","United States",2021,67.7811686872732
"USA","United States",2022,67.6557305259631
"URY","Uruguay",1995,48.6097714470892
"URY","Uruguay",1996,48.6426657161094
"URY","Uruguay",1997,48.9143264001216
"URY","Uruguay",1998,49.0858680357351
"URY","Uruguay",1999,48.8002159776998
"URY","Uruguay",2000,48.9168812721319
"URY","Uruguay",2001,49.0173289231117
"URY","Uruguay",2002,48.9008591159222
"URY","Uruguay",2003,48.9235199830666
"URY","Uruguay",2004,48.1859356314498
"URY","Uruguay",2005,48.3895905711179
"URY","Uruguay",2006,48.224665479949
"URY","Uruguay",2007,49.1514607544444
"URY","Uruguay",2008,49.3435970096562
"URY","Uruguay",2009,49.9631417004937
"URY","Uruguay",2010,50.7928041462698
"URY","Uruguay",2011,50.8915609274122
"URY","Uruguay",2012,51.866765439444
"URY","Uruguay",2013,52.8502561688753
"URY","Uruguay",2014,53.8692847168235
"URY","Uruguay",2015,53.6512776025134
"URY","Uruguay",2016,53.5174673790925
"URY","Uruguay",2017,53.5917002661481
"URY","Uruguay",2018,54.1789147391427
"URY","Uruguay",2019,54.4458558589506
"URY","Uruguay",2020,54.9283776177911
"URY","Uruguay",2021,55.9850534418073
"URY","Uruguay",2022,56.1659997257248
"UZB","Uzbekistan",1995,46.5602566508924
"UZB","Uzbekistan",1996,46.491653506163
"UZB","Uzbekistan",1997,46.2857445915671
"UZB","Uzbekistan",1998,46.1005217089652
"UZB","Uzbekistan",1999,46.2542325503667
"UZB","Uzbekistan",2000,46.361414929805
"UZB","Uzbekistan",2001,47.0528484324185
"UZB","Uzbekistan",2002,47.65595429185
"UZB","Uzbekistan",2003,47.4901893511013
"UZB","Uzbekistan",2004,46.500456454524
"UZB","Uzbekistan",2005,45.1957904652554
"UZB","Uzbekistan",2006,43.5271796833683
"UZB","Uzbekistan",2007,44.3005499616259
"UZB","Uzbekistan",2008,44.945598512937
"UZB","Uzbekistan",2009,44.8786992277026
"UZB","Uzbekistan",2010,44.3630945237896
"UZB","Uzbekistan",2011,44.2675974656757
"UZB","Uzbekistan",2012,44.7623229899257
"UZB","Uzbekistan",2013,45.42686218252
"UZB","Uzbekistan",2014,46.7005372948554
"UZB","Uzbekistan",2015,47.1280277739565
"UZB","Uzbekistan",2016,49.1114888730018
"UZB","Uzbekistan",2017,49.5898341298068
"UZB","Uzbekistan",2018,51.4381269866596
"UZB","Uzbekistan",2019,51.8543729671309
"UZB","Uzbekistan",2020,51.8445247882738
"UZB","Uzbekistan",2021,52.9714302612047
"UZB","Uzbekistan",2022,53.4716551518818
"VUT","Vanuatu",1995,37.3219049675837
"VUT","Vanuatu",1996,37.3696456437658
"VUT","Vanuatu",1997,37.470527452525
"VUT","Vanuatu",1998,37.5791568302026
"VUT","Vanuatu",1999,37.8995497134239
"VUT","Vanuatu",2000,38.3058697224693
"VUT","Vanuatu",2001,38.5062175190031
"VUT","Vanuatu",2002,37.9877320279138
"VUT","Vanuatu",2003,38.6648065465922
"VUT","Vanuatu",2004,37.4945347341229
"VUT","Vanuatu",2005,38.4920872763597
"VUT","Vanuatu",2006,38.6769395659151
"VUT","Vanuatu",2007,39.1849808569919
"VUT","Vanuatu",2008,39.1456352131172
"VUT","Vanuatu",2009,38.5898410930462
"VUT","Vanuatu",2010,38.0125602744199
"VUT","Vanuatu",2011,38.3679301466799
"VUT","Vanuatu",2012,37.8122136763851
"VUT","Vanuatu",2013,37.6363920943923
"VUT","Vanuatu",2014,38.562308404489
"VUT","Vanuatu",2015,37.7657141602753
"VUT","Vanuatu",2016,39.0191487496694
"VUT","Vanuatu",2017,39.4958853633421
"VUT","Vanuatu",2018,39.443495032233
"VUT","Vanuatu",2019,39.5182393693446
"VUT","Vanuatu",2020,41.0128082208897
"VUT","Vanuatu",2021,41.2779094716171
"VUT","Vanuatu",2022,41.246683635024
"VEN","Venezuela, Bolivarian Republic o",1995,45.7535570839787
"VEN","Venezuela, Bolivarian Republic o",1996,45.6886479265168
"VEN","Venezuela, Bolivarian Republic o",1997,45.7897798084355
"VEN","Venezuela, Bolivarian Republic o",1998,45.7385774074422
"VEN","Venezuela, Bolivarian Republic o",1999,45.8044640250433
"VEN","Venezuela, Bolivarian Republic o",2000,45.8798836735307
"VEN","Venezuela, Bolivarian Republic o",2001,45.4545783592064
"VEN","Venezuela, Bolivarian Republic o",2002,44.6878189395059
"VEN","Venezuela, Bolivarian Republic o",2003,44.1858235370702
"VEN","Venezuela, Bolivarian Republic o",2004,44.4319318922048
"VEN","Venezuela, Bolivarian Republic o",2005,44.7129499180341
"VEN","Venezuela, Bolivarian Republic o",2006,43.4686590372716
"VEN","Venezuela, Bolivarian Republic o",2007,43.359856141528
"VEN","Venezuela, Bolivarian Republic o",2008,43.4394984787218
"VEN","Venezuela, Bolivarian Republic o",2009,43.0036048477234
"VEN","Venezuela, Bolivarian Republic o",2010,42.3586821005608
"VEN","Venezuela, Bolivarian Republic o",2011,42.4510359964416
"VEN","Venezuela, Bolivarian Republic o",2012,42.3437579449854
"VEN","Venezuela, Bolivarian Republic o",2013,42.2373298005721
"VEN","Venezuela, Bolivarian Republic o",2014,41.8258833680016
"VEN","Venezuela, Bolivarian Republic o",2015,41.5103762039493
"VEN","Venezuela, Bolivarian Republic o",2016,41.9602248599226
"VEN","Venezuela, Bolivarian Republic o",2017,41.5217374371229
"VEN","Venezuela, Bolivarian Republic o",2018,40.8440948579747
"VEN","Venezuela, Bolivarian Republic o",2019,40.8871840574235
"VEN","Venezuela, Bolivarian Republic o",2020,40.5712970522933
"VEN","Venezuela, Bolivarian Republic o",2021,40.6537603155718
"VEN","Venezuela, Bolivarian Republic o",2022,41.0392065474911
"VNM","Viet Nam",1995,41.8931962702867
"VNM","Viet Nam",1996,42.0069362295003
"VNM","Viet Nam",1997,42.0466232814964
"VNM","Viet Nam",1998,42.1392604786419
"VNM","Viet Nam",1999,42.2308497122597
"VNM","Viet Nam",2000,42.5420913914209
"VNM","Viet Nam",2001,42.4142022711253
"VNM","Viet Nam",2002,42.2724991320097
"VNM","Viet Nam",2003,42.3561385254521
"VNM","Viet Nam",2004,42.4558052244998
"VNM","Viet Nam",2005,43.6625463840835
"VNM","Viet Nam",2006,44.1543394994252
"VNM","Viet Nam",2007,44.5270711001132
"VNM","Viet Nam",2008,44.6322126320906
"VNM","Viet Nam",2009,44.6146972530741
"VNM","Viet Nam",2010,43.9409975383631
"VNM","Viet Nam",2011,44.6207180431383
"VNM","Viet Nam",2012,44.7656243602518
"VNM","Viet Nam",2013,45.3970000045018
"VNM","Viet Nam",2014,46.0885767049502
"VNM","Viet Nam",2015,46.177946960676
"VNM","Viet Nam",2016,47.0612907406175
"VNM","Viet Nam",2017,47.1551394753778
"VNM","Viet Nam",2018,47.5845124371788
"VNM","Viet Nam",2019,47.8101690597412
"VNM","Viet Nam",2020,48.0560601741341
"VNM","Viet Nam",2021,48.4627447504661
"VNM","Viet Nam",2022,48.7044326889911
"YEM","Yemen",1995,37.2290123202676
"YEM","Yemen",1996,37.2989963619972
"YEM","Yemen",1997,37.2176298388914
"YEM","Yemen",1998,37.2828869362449
"YEM","Yemen",1999,37.4127349359494
"YEM","Yemen",2000,37.4645494177796
"YEM","Yemen",2001,37.4136121671737
"YEM","Yemen",2002,37.480373678381
"YEM","Yemen",2003,37.6839697959827
"YEM","Yemen",2004,37.5105307218971
"YEM","Yemen",2005,38.0643045688414
"YEM","Yemen",2006,38.1262241400891
"YEM","Yemen",2007,38.4571517633171
"YEM","Yemen",2008,38.2473221254716
"YEM","Yemen",2009,38.9810424905504
"YEM","Yemen",2010,39.1213287049489
"YEM","Yemen",2011,38.665116236086
"YEM","Yemen",2012,38.9838765186237
"YEM","Yemen",2013,38.3005848149765
"YEM","Yemen",2014,37.539423177556
"YEM","Yemen",2015,36.8067483149469
"YEM","Yemen",2016,35.6947884262079
"YEM","Yemen",2017,36.498680339882
"YEM","Yemen",2018,35.9648154385183
"YEM","Yemen",2019,36.1718916162957
"YEM","Yemen",2020,36.1511355526213
"YEM","Yemen",2021,36.0397338755127
"YEM","Yemen",2022,36.1681690879114
"ZMB","Zambia",1995,40.6349590000077
"ZMB","Zambia",1996,40.6161417518697
"ZMB","Zambia",1997,40.764331624455
"ZMB","Zambia",1998,40.7354131551773
"ZMB","Zambia",1999,40.7892684198238
"ZMB","Zambia",2000,40.8092572060706
"ZMB","Zambia",2001,40.8155116082608
"ZMB","Zambia",2002,39.8892767533962
"ZMB","Zambia",2003,40.7171365114441
"ZMB","Zambia",2004,40.1638870676497
"ZMB","Zambia",2005,39.8488661629642
"ZMB","Zambia",2006,39.678421503211
"ZMB","Zambia",2007,39.9642523015512
"ZMB","Zambia",2008,40.3865592730387
"ZMB","Zambia",2009,40.2640994431689
"ZMB","Zambia",2010,39.9073329300199
"ZMB","Zambia",2011,40.4023185555783
"ZMB","Zambia",2012,40.7712668628485
"ZMB","Zambia",2013,40.8979381049905
"ZMB","Zambia",2014,41.5733820146697
"ZMB","Zambia",2015,41.0066139714332
"ZMB","Zambia",2016,41.7673456861477
"ZMB","Zambia",2017,41.7821049282091
"ZMB","Zambia",2018,41.8305960825109
"ZMB","Zambia",2019,41.7180348836542
"ZMB","Zambia",2020,41.4434304259272
"ZMB","Zambia",2021,41.6937293657666
"ZMB","Zambia",2022,42.1193426929933
"ZWE","Zimbabwe",1995,38.4387001638578
"ZWE","Zimbabwe",1996,38.2250034448279
"ZWE","Zimbabwe",1997,38.0564832710152
"ZWE","Zimbabwe",1998,37.8035786630788
"ZWE","Zimbabwe",1999,36.7937361622064
"ZWE","Zimbabwe",2000,35.681114903515
"ZWE","Zimbabwe",2001,35.2772325523784
"ZWE","Zimbabwe",2002,34.6203213046636
"ZWE","Zimbabwe",2003,34.6955735122499
"ZWE","Zimbabwe",2004,34.341652609755
"ZWE","Zimbabwe",2005,33.9299408054863
"ZWE","Zimbabwe",2006,33.6312879180743
"ZWE","Zimbabwe",2007,33.6440239592992
"ZWE","Zimbabwe",2008,32.9157352942724
"ZWE","Zimbabwe",2009,32.8132650991175
"ZWE","Zimbabwe",2010,32.1518799537904
"ZWE","Zimbabwe",2011,32.5559960009652
"ZWE","Zimbabwe",2012,33.3106417614659
"ZWE","Zimbabwe",2013,33.356616791639
"ZWE","Zimbabwe",2014,33.6119950070579
"ZWE","Zimbabwe",2015,33.9285028919679
"ZWE","Zimbabwe",2016,34.5462283912415
"ZWE","Zimbabwe",2017,34.7683478062724
"ZWE","Zimbabwe",2018,35.1966490061646
"ZWE","Zimbabwe",2019,35.5047822889323
"ZWE","Zimbabwe",2020,35.5579826489133
"ZWE","Zimbabwe",2021,35.8767703196555
"ZWE","Zimbabwe",2022,36.214471512462
