"ISO3","Name","Year","Value: heal_05_score"
"AFG","Afghanistan",1995,0.977272727272727
"AFG","Afghanistan",1996,0.977272727272727
"AFG","Afghanistan",1997,0.977272727272727
"AFG","Afghanistan",1998,0.977272727272727
"AFG","Afghanistan",1999,0.977272727272727
"AFG","Afghanistan",2000,0.977272727272727
"AFG","Afghanistan",2001,0.973835578002245
"AFG","Afghanistan",2002,0.973835578002245
"AFG","Afghanistan",2003,0.973835578002245
"AFG","Afghanistan",2004,0.973835578002245
"AFG","Afghanistan",2005,0.973835578002245
"AFG","Afghanistan",2006,0.98074494949495
"AFG","Afghanistan",2007,0.978009259259259
"AFG","Afghanistan",2008,0.97790404040404
"AFG","Afghanistan",2009,0.972783389450056
"AFG","Afghanistan",2010,0.971906565656566
"AFG","Afghanistan",2011,0.971415544332211
"AFG","Afghanistan",2012,0.971836419753087
"AFG","Afghanistan",2013,0.9834455667789
"AFG","Afghanistan",2014,0.986637205387205
"AFG","Afghanistan",2015,0.987724466891134
"AFG","Afghanistan",2016,0.987338664421998
"AFG","Afghanistan",2017,0.987724466891134
"AFG","Afghanistan",2018,0.97608024691358
"AFG","Afghanistan",2019,0.979236812570146
"AFG","Afghanistan",2020,0.977833894500561
"AFG","Afghanistan",2021,0.977833894500561
"AFG","Afghanistan",2022,0.977833894500561
"AGO","Angola",1995,0.968399270482604
"AGO","Angola",1996,0.968399270482604
"AGO","Angola",1997,0.968399270482604
"AGO","Angola",1998,0.968399270482604
"AGO","Angola",1999,0.968399270482604
"AGO","Angola",2000,0.968399270482604
"AGO","Angola",2001,0.968399270482604
"AGO","Angola",2002,0.968399270482604
"AGO","Angola",2003,0.968399270482604
"AGO","Angola",2004,0.965874017957351
"AGO","Angola",2005,0.965874017957351
"AGO","Angola",2006,0.965874017957351
"AGO","Angola",2007,0.965874017957351
"AGO","Angola",2008,0.965874017957351
"AGO","Angola",2009,0.951879910213244
"AGO","Angola",2010,0.951879910213244
"AGO","Angola",2011,0.951879910213244
"AGO","Angola",2012,0.951879910213244
"AGO","Angola",2013,0.951879910213244
"AGO","Angola",2014,0.951879910213244
"AGO","Angola",2015,0.951879910213244
"AGO","Angola",2016,0.951879910213244
"AGO","Angola",2017,0.949039001122335
"AGO","Angola",2018,0.981130751964085
"AGO","Angola",2019,0.981130751964085
"AGO","Angola",2020,0.981130751964085
"AGO","Angola",2021,0.981130751964085
"AGO","Angola",2022,0.981130751964085
"ALB","Albania",1995,0.804398148148148
"ALB","Albania",1996,0.803556397306397
"ALB","Albania",1997,0.802223625140292
"ALB","Albania",1998,0.817515432098765
"ALB","Albania",1999,0.816498316498317
"ALB","Albania",2000,0.816393097643098
"ALB","Albania",2001,0.823618125701459
"ALB","Albania",2002,0.8327721661055
"ALB","Albania",2003,0.833228114478115
"ALB","Albania",2004,0.83270202020202
"ALB","Albania",2005,0.831439393939394
"ALB","Albania",2006,0.811412738496072
"ALB","Albania",2007,0.809659090909091
"ALB","Albania",2008,0.809659090909091
"ALB","Albania",2009,0.80976430976431
"ALB","Albania",2010,0.81618265993266
"ALB","Albania",2011,0.811447811447812
"ALB","Albania",2012,0.801592312008979
"ALB","Albania",2013,0.806221941638608
"ALB","Albania",2014,0.806221941638608
"ALB","Albania",2015,0.806221941638608
"ALB","Albania",2016,0.831614758698092
"ALB","Albania",2017,0.831614758698092
"ALB","Albania",2018,0.798505892255892
"ALB","Albania",2019,0.765817901234568
"ALB","Albania",2020,0.732042648709315
"ALB","Albania",2021,0.732042648709315
"ALB","Albania",2022,0.732042648709315
"AND","Andorra",1995,0.835332491582492
"AND","Andorra",1996,0.835332491582492
"AND","Andorra",1997,0.82263608305275
"AND","Andorra",1998,0.814849887766554
"AND","Andorra",1999,0.806537598204265
"AND","Andorra",2000,0.798295454545455
"AND","Andorra",2001,0.801381874298541
"AND","Andorra",2002,0.793560606060606
"AND","Andorra",2003,0.784757295173962
"AND","Andorra",2004,0.792333052749719
"AND","Andorra",2005,0.773604096520763
"AND","Andorra",2006,0.782652918069585
"AND","Andorra",2007,0.765326879910213
"AND","Andorra",2008,0.765326879910213
"AND","Andorra",2009,0.728745791245791
"AND","Andorra",2010,0.728745791245791
"AND","Andorra",2011,0.728745791245791
"AND","Andorra",2012,0.728745791245791
"AND","Andorra",2013,0.728745791245791
"AND","Andorra",2014,0.728745791245791
"AND","Andorra",2015,0.722327441077441
"AND","Andorra",2016,0.722327441077441
"AND","Andorra",2017,0.722327441077441
"AND","Andorra",2018,0.722327441077441
"AND","Andorra",2019,0.722327441077441
"AND","Andorra",2020,0.722327441077441
"AND","Andorra",2021,0.722327441077441
"AND","Andorra",2022,0.722327441077441
"ARE","United Arab Emirates",1995,0.817515432098765
"ARE","United Arab Emirates",1996,0.818742985409652
"ARE","United Arab Emirates",1997,0.820987654320988
"ARE","United Arab Emirates",1998,0.794577721661055
"ARE","United Arab Emirates",1999,0.81986531986532
"ARE","United Arab Emirates",2000,0.828002244668911
"ARE","United Arab Emirates",2001,0.811412738496072
"ARE","United Arab Emirates",2002,0.807835297418631
"ARE","United Arab Emirates",2003,0.796682098765432
"ARE","United Arab Emirates",2004,0.814288720538721
"ARE","United Arab Emirates",2005,0.83273709315376
"ARE","United Arab Emirates",2006,0.845889450056117
"ARE","United Arab Emirates",2007,0.84101430976431
"ARE","United Arab Emirates",2008,0.843960437710438
"ARE","United Arab Emirates",2009,0.848274410774411
"ARE","United Arab Emirates",2010,0.858620931537598
"ARE","United Arab Emirates",2011,0.845503647586981
"ARE","United Arab Emirates",2012,0.836595117845118
"ARE","United Arab Emirates",2013,0.81527076318743
"ARE","United Arab Emirates",2014,0.784827441077441
"ARE","United Arab Emirates",2015,0.740495230078563
"ARE","United Arab Emirates",2016,0.71412037037037
"ARE","United Arab Emirates",2017,0.704720819304153
"ARE","United Arab Emirates",2018,0.697495791245791
"ARE","United Arab Emirates",2019,0.69205948372615
"ARE","United Arab Emirates",2020,0.678661616161616
"ARE","United Arab Emirates",2021,0.678661616161616
"ARE","United Arab Emirates",2022,0.678661616161616
"ARG","Argentina",1995,0.869212962962963
"ARG","Argentina",1996,0.869212962962963
"ARG","Argentina",1997,0.869212962962963
"ARG","Argentina",1998,0.869212962962963
"ARG","Argentina",1999,0.869212962962963
"ARG","Argentina",2000,0.869212962962963
"ARG","Argentina",2001,0.873056958473625
"ARG","Argentina",2002,0.873056958473625
"ARG","Argentina",2003,0.873056958473625
"ARG","Argentina",2004,0.873839085297419
"ARG","Argentina",2005,0.873839085297419
"ARG","Argentina",2006,0.873839085297419
"ARG","Argentina",2007,0.873839085297419
"ARG","Argentina",2008,0.873839085297419
"ARG","Argentina",2009,0.873839085297419
"ARG","Argentina",2010,0.873839085297419
"ARG","Argentina",2011,0.873839085297419
"ARG","Argentina",2012,0.873839085297419
"ARG","Argentina",2013,0.715530303030303
"ARG","Argentina",2014,0.715530303030303
"ARG","Argentina",2015,0.714320286195286
"ARG","Argentina",2016,0.772516835016835
"ARG","Argentina",2017,0.77209595959596
"ARG","Argentina",2018,0.77209595959596
"ARG","Argentina",2019,0.768956930415264
"ARG","Argentina",2020,0.674943883277217
"ARG","Argentina",2021,0.674943883277217
"ARG","Argentina",2022,0.674943883277217
"ARM","Armenia",1995,0.710051907968575
"ARM","Armenia",1996,0.710051907968575
"ARM","Armenia",1997,0.710051907968575
"ARM","Armenia",1998,0.710051907968575
"ARM","Armenia",1999,0.710051907968575
"ARM","Armenia",2000,0.710051907968575
"ARM","Armenia",2001,0.726957070707071
"ARM","Armenia",2002,0.73895202020202
"ARM","Armenia",2003,0.748807519640853
"ARM","Armenia",2004,0.751262626262626
"ARM","Armenia",2005,0.743406285072952
"ARM","Armenia",2006,0.738566217732884
"ARM","Armenia",2007,0.735058922558923
"ARM","Armenia",2008,0.731130751964085
"ARM","Armenia",2009,0.730990460157127
"ARM","Armenia",2010,0.725799663299663
"ARM","Armenia",2011,0.721310325476992
"ARM","Armenia",2012,0.718469416386083
"ARM","Armenia",2013,0.71875
"ARM","Armenia",2014,0.718153759820427
"ARM","Armenia",2015,0.722152076318743
"ARM","Armenia",2016,0.722152076318743
"ARM","Armenia",2017,0.666596520763188
"ARM","Armenia",2018,0.666596520763188
"ARM","Armenia",2019,0.666596520763188
"ARM","Armenia",2020,0.666596520763188
"ARM","Armenia",2021,0.666596520763188
"ARM","Armenia",2022,0.666596520763188
"ATG","Antigua and Barbuda",1995,0.865214646464646
"ATG","Antigua and Barbuda",1996,0.851851851851852
"ATG","Antigua and Barbuda",1997,0.851851851851852
"ATG","Antigua and Barbuda",1998,0.851851851851852
"ATG","Antigua and Barbuda",1999,0.886153198653199
"ATG","Antigua and Barbuda",2000,0.886153198653199
"ATG","Antigua and Barbuda",2001,0.886153198653199
"ATG","Antigua and Barbuda",2002,0.886153198653199
"ATG","Antigua and Barbuda",2003,0.886153198653199
"ATG","Antigua and Barbuda",2004,0.886153198653199
"ATG","Antigua and Barbuda",2005,0.886153198653199
"ATG","Antigua and Barbuda",2006,0.886153198653199
"ATG","Antigua and Barbuda",2007,0.822530864197531
"ATG","Antigua and Barbuda",2008,0.865179573512907
"ATG","Antigua and Barbuda",2009,0.865179573512907
"ATG","Antigua and Barbuda",2010,0.865179573512907
"ATG","Antigua and Barbuda",2011,0.865179573512907
"ATG","Antigua and Barbuda",2012,0.865179573512907
"ATG","Antigua and Barbuda",2013,0.816813973063973
"ATG","Antigua and Barbuda",2014,0.812991021324355
"ATG","Antigua and Barbuda",2015,0.819023569023569
"ATG","Antigua and Barbuda",2016,0.819514590347924
"ATG","Antigua and Barbuda",2017,0.735795454545455
"ATG","Antigua and Barbuda",2018,0.73439253647587
"ATG","Antigua and Barbuda",2019,0.565060325476992
"ATG","Antigua and Barbuda",2020,0.565060325476992
"ATG","Antigua and Barbuda",2021,0.565060325476992
"ATG","Antigua and Barbuda",2022,0.565060325476992
"AUS","Australia",1995,0.10662177328844
"AUS","Australia",1996,0.517080527497194
"AUS","Australia",1997,0.552925084175084
"AUS","Australia",1998,0.557098765432099
"AUS","Australia",1999,0.55972923681257
"AUS","Australia",2000,0.562044051627385
"AUS","Australia",2001,0.541877104377104
"AUS","Australia",2002,0.563622334455668
"AUS","Australia",2003,0.561377665544332
"AUS","Australia",2004,0.549523007856341
"AUS","Australia",2005,0.562570145903479
"AUS","Australia",2006,0.560395622895623
"AUS","Australia",2007,0.539351851851852
"AUS","Australia",2008,0.535493827160494
"AUS","Australia",2009,0.5146955667789
"AUS","Australia",2010,0.517396184062851
"AUS","Australia",2011,0.504068462401796
"AUS","Australia",2012,0.528023288439955
"AUS","Australia",2013,0.463033108866442
"AUS","Australia",2014,0.454405162738496
"AUS","Australia",2015,0.449670314253648
"AUS","Australia",2016,0.440831930415264
"AUS","Australia",2017,0.310711279461279
"AUS","Australia",2018,0.30054012345679
"AUS","Australia",2019,0.261609147025814
"AUS","Australia",2020,0.283529741863075
"AUS","Australia",2021,0.338945005611672
"AUS","Australia",2022,0.338945005611672
"AUT","Austria",1995,0.699530022446689
"AUT","Austria",1996,0.692655723905724
"AUT","Austria",1997,0.685465768799102
"AUT","Austria",1998,0.677995230078563
"AUT","Austria",1999,0.672944725028058
"AUT","Austria",2000,0.66540404040404
"AUT","Austria",2001,0.659827441077441
"AUT","Austria",2002,0.653829966329966
"AUT","Austria",2003,0.650638327721661
"AUT","Austria",2004,0.639134399551066
"AUT","Austria",2005,0.632610830527497
"AUT","Austria",2006,0.622650112233446
"AUT","Austria",2007,0.617143658810325
"AUT","Austria",2008,0.609532828282828
"AUT","Austria",2009,0.60206228956229
"AUT","Austria",2010,0.596170033670034
"AUT","Austria",2011,0.591084455667789
"AUT","Austria",2012,0.588173400673401
"AUT","Austria",2013,0.583298260381594
"AUT","Austria",2014,0.577721661054994
"AUT","Austria",2015,0.575827721661055
"AUT","Austria",2016,0.576213524130191
"AUT","Austria",2017,0.571513748597082
"AUT","Austria",2018,0.568707912457912
"AUT","Austria",2019,0.442550505050505
"AUT","Austria",2020,0.437149270482604
"AUT","Austria",2021,0.433396464646465
"AUT","Austria",2022,0.433396464646465
"AZE","Azerbaijan",1995,0.521640011223345
"AZE","Azerbaijan",1996,0.531811167227834
"AZE","Azerbaijan",1997,0.548961840628507
"AZE","Azerbaijan",1998,0.565411054994388
"AZE","Azerbaijan",1999,0.569654882154882
"AZE","Azerbaijan",2000,0.576985129068462
"AZE","Azerbaijan",2001,0.582596801346801
"AZE","Azerbaijan",2002,0.589471099887767
"AZE","Azerbaijan",2003,0.592206790123457
"AZE","Azerbaijan",2004,0.595714085297419
"AZE","Azerbaijan",2005,0.593539562289562
"AZE","Azerbaijan",2006,0.594241021324355
"AZE","Azerbaijan",2007,0.590874017957351
"AZE","Azerbaijan",2008,0.595328282828283
"AZE","Azerbaijan",2009,0.598204264870931
"AZE","Azerbaijan",2010,0.624859708193042
"AZE","Azerbaijan",2011,0.646254208754209
"AZE","Azerbaijan",2012,0.650077160493827
"AZE","Azerbaijan",2013,0.656881313131313
"AZE","Azerbaijan",2014,0.66449214365881
"AZE","Azerbaijan",2015,0.666982323232323
"AZE","Azerbaijan",2016,0.669226992143659
"AZE","Azerbaijan",2017,0.671436588103255
"AZE","Azerbaijan",2018,0.670173961840628
"AZE","Azerbaijan",2019,0.673295454545455
"AZE","Azerbaijan",2020,0.673295454545455
"AZE","Azerbaijan",2021,0.673295454545455
"AZE","Azerbaijan",2022,0.673295454545455
"BDI","Burundi",1995,0.994037598204265
"BDI","Burundi",1996,0.994037598204265
"BDI","Burundi",1997,0.994037598204265
"BDI","Burundi",1998,0.994037598204265
"BDI","Burundi",1999,0.994037598204265
"BDI","Burundi",2000,0.994142817059484
"BDI","Burundi",2001,0.994142817059484
"BDI","Burundi",2002,0.994142817059484
"BDI","Burundi",2003,0.994142817059484
"BDI","Burundi",2004,0.994984567901235
"BDI","Burundi",2005,0.994984567901235
"BDI","Burundi",2006,0.994984567901235
"BDI","Burundi",2007,0.994984567901235
"BDI","Burundi",2008,0.994984567901235
"BDI","Burundi",2009,0.994984567901235
"BDI","Burundi",2010,0.978009259259259
"BDI","Burundi",2011,0.979096520763187
"BDI","Burundi",2012,0.977518237934905
"BDI","Burundi",2013,0.977833894500561
"BDI","Burundi",2014,0.977693602693603
"BDI","Burundi",2015,0.97881593714927
"BDI","Burundi",2016,0.97881593714927
"BDI","Burundi",2017,0.970152918069585
"BDI","Burundi",2018,0.971345398428732
"BDI","Burundi",2019,0.976711560044893
"BDI","Burundi",2020,0.978009259259259
"BDI","Burundi",2021,0.973730359147026
"BDI","Burundi",2022,0.973730359147026
"BEL","Belgium",1995,0.673365600448934
"BEL","Belgium",1996,0.671191077441078
"BEL","Belgium",1997,0.668806116722783
"BEL","Belgium",1998,0.666982323232323
"BEL","Belgium",1999,0.699915824915825
"BEL","Belgium",2000,0.699074074074074
"BEL","Belgium",2001,0.698477833894501
"BEL","Belgium",2002,0.698127104377104
"BEL","Belgium",2003,0.698197250280584
"BEL","Belgium",2004,0.579580527497194
"BEL","Belgium",2005,0.571513748597082
"BEL","Belgium",2006,0.566252805836139
"BEL","Belgium",2007,0.561026936026936
"BEL","Belgium",2008,0.556502525252525
"BEL","Belgium",2009,0.551592312008979
"BEL","Belgium",2010,0.544016554433221
"BEL","Belgium",2011,0.533038720538721
"BEL","Belgium",2012,0.524410774410774
"BEL","Belgium",2013,0.513959034792368
"BEL","Belgium",2014,0.5037177328844
"BEL","Belgium",2015,0.480885241301908
"BEL","Belgium",2016,0.473063973063973
"BEL","Belgium",2017,0.477202581369248
"BEL","Belgium",2018,0.480218855218855
"BEL","Belgium",2019,0.21320847362514
"BEL","Belgium",2020,0.184062850729517
"BEL","Belgium",2021,0.0630962401795735
"BEL","Belgium",2022,0.0630962401795735
"BEN","Benin",1995,0.974852693602694
"BEN","Benin",1996,0.974852693602694
"BEN","Benin",1997,0.974852693602694
"BEN","Benin",1998,0.974852693602694
"BEN","Benin",1999,0.974852693602694
"BEN","Benin",2000,0.974852693602694
"BEN","Benin",2001,0.974852693602694
"BEN","Benin",2002,0.974852693602694
"BEN","Benin",2003,0.974852693602694
"BEN","Benin",2004,0.975519079685746
"BEN","Benin",2005,0.975519079685746
"BEN","Benin",2006,0.975519079685746
"BEN","Benin",2007,0.975519079685746
"BEN","Benin",2008,0.97239758698092
"BEN","Benin",2009,0.97239758698092
"BEN","Benin",2010,0.98526936026936
"BEN","Benin",2011,0.986146184062851
"BEN","Benin",2012,0.977448092031425
"BEN","Benin",2013,0.980815095398429
"BEN","Benin",2014,0.980815095398429
"BEN","Benin",2015,0.980815095398429
"BEN","Benin",2016,0.975273569023569
"BEN","Benin",2017,0.975273569023569
"BEN","Benin",2018,0.986812570145904
"BEN","Benin",2019,0.990214646464647
"BEN","Benin",2020,0.990214646464647
"BEN","Benin",2021,0.990214646464647
"BEN","Benin",2022,0.990214646464647
"BFA","Burkina Faso",1995,0.984287317620651
"BFA","Burkina Faso",1996,0.984252244668911
"BFA","Burkina Faso",1997,0.984147025813693
"BFA","Burkina Faso",1998,0.984147025813693
"BFA","Burkina Faso",1999,0.984147025813693
"BFA","Burkina Faso",2000,0.984147025813693
"BFA","Burkina Faso",2001,0.984076879910213
"BFA","Burkina Faso",2002,0.984076879910213
"BFA","Burkina Faso",2003,0.984076879910213
"BFA","Burkina Faso",2004,0.983620931537598
"BFA","Burkina Faso",2005,0.983620931537598
"BFA","Burkina Faso",2006,0.983620931537598
"BFA","Burkina Faso",2007,0.983620931537598
"BFA","Burkina Faso",2008,0.98895202020202
"BFA","Burkina Faso",2009,0.987373737373737
"BFA","Burkina Faso",2010,0.982253086419753
"BFA","Burkina Faso",2011,0.985795454545455
"BFA","Burkina Faso",2012,0.979552469135803
"BFA","Burkina Faso",2013,0.985479797979798
"BFA","Burkina Faso",2014,0.9853044332211
"BFA","Burkina Faso",2015,0.977623456790124
"BFA","Burkina Faso",2016,0.978079405162739
"BFA","Burkina Faso",2017,0.969767115600449
"BFA","Burkina Faso",2018,0.969732042648709
"BFA","Burkina Faso",2019,0.96787317620651
"BFA","Burkina Faso",2020,0.96787317620651
"BFA","Burkina Faso",2021,0.96787317620651
"BFA","Burkina Faso",2022,0.96787317620651
"BGD","Bangladesh",1995,0.986005892255892
"BGD","Bangladesh",1996,0.986005892255892
"BGD","Bangladesh",1997,0.986040965207632
"BGD","Bangladesh",1998,0.986040965207632
"BGD","Bangladesh",1999,0.986040965207632
"BGD","Bangladesh",2000,0.986040965207632
"BGD","Bangladesh",2001,0.98439253647587
"BGD","Bangladesh",2002,0.98439253647587
"BGD","Bangladesh",2003,0.983656004489338
"BGD","Bangladesh",2004,0.983340347923681
"BGD","Bangladesh",2005,0.982112794612795
"BGD","Bangladesh",2006,0.981762065095398
"BGD","Bangladesh",2007,0.985514870931538
"BGD","Bangladesh",2008,0.985058922558923
"BGD","Bangladesh",2009,0.984217171717172
"BGD","Bangladesh",2010,0.983515712682379
"BGD","Bangladesh",2011,0.982463524130191
"BGD","Bangladesh",2012,0.981481481481482
"BGD","Bangladesh",2013,0.980639730639731
"BGD","Bangladesh",2014,0.976711560044893
"BGD","Bangladesh",2015,0.976185465768799
"BGD","Bangladesh",2016,0.976185465768799
"BGD","Bangladesh",2017,0.972853535353535
"BGD","Bangladesh",2018,0.96878507295174
"BGD","Bangladesh",2019,0.967066498316498
"BGD","Bangladesh",2020,0.962717452300786
"BGD","Bangladesh",2021,0.957596801346801
"BGD","Bangladesh",2022,0.957596801346801
"BGR","Bulgaria",1995,0.643658810325477
"BGR","Bulgaria",1996,0.638292648709315
"BGR","Bulgaria",1997,0.656811167227834
"BGR","Bulgaria",1998,0.654847081930415
"BGR","Bulgaria",1999,0.663264590347924
"BGR","Bulgaria",2000,0.729131593714927
"BGR","Bulgaria",2001,0.738601290684624
"BGR","Bulgaria",2002,0.740354938271605
"BGR","Bulgaria",2003,0.731341189674523
"BGR","Bulgaria",2004,0.732428451178451
"BGR","Bulgaria",2005,0.720468574635241
"BGR","Bulgaria",2006,0.717557519640853
"BGR","Bulgaria",2007,0.713945005611672
"BGR","Bulgaria",2008,0.714225589225589
"BGR","Bulgaria",2009,0.712261503928171
"BGR","Bulgaria",2010,0.711595117845118
"BGR","Bulgaria",2011,0.708438552188552
"BGR","Bulgaria",2012,0.703072390572391
"BGR","Bulgaria",2013,0.69760101010101
"BGR","Bulgaria",2014,0.698197250280584
"BGR","Bulgaria",2015,0.696899551066218
"BGR","Bulgaria",2016,0.713313692480359
"BGR","Bulgaria",2017,0.712086139169472
"BGR","Bulgaria",2018,0.690130471380471
"BGR","Bulgaria",2019,0.690130471380471
"BGR","Bulgaria",2020,0.690130471380471
"BGR","Bulgaria",2021,0.690130471380471
"BGR","Bulgaria",2022,0.690130471380471
"BHR","Bahrain",1995,0.869844276094276
"BHR","Bahrain",1996,0.869844276094276
"BHR","Bahrain",1997,0.869844276094276
"BHR","Bahrain",1998,0.869844276094276
"BHR","Bahrain",1999,0.869844276094276
"BHR","Bahrain",2000,0.871492704826038
"BHR","Bahrain",2001,0.862934904601571
"BHR","Bahrain",2002,0.866547418630752
"BHR","Bahrain",2003,0.86668771043771
"BHR","Bahrain",2004,0.869668911335578
"BHR","Bahrain",2005,0.873597081930415
"BHR","Bahrain",2006,0.873386644219978
"BHR","Bahrain",2007,0.873035914702581
"BHR","Bahrain",2008,0.877560325476992
"BHR","Bahrain",2009,0.879524410774411
"BHR","Bahrain",2010,0.880331088664422
"BHR","Bahrain",2011,0.875280583613917
"BHR","Bahrain",2012,0.874649270482604
"BHR","Bahrain",2013,0.876192480359147
"BHR","Bahrain",2014,0.879278900112234
"BHR","Bahrain",2015,0.881804152637486
"BHR","Bahrain",2016,0.890782828282828
"BHR","Bahrain",2017,0.890782828282828
"BHR","Bahrain",2018,0.890782828282828
"BHR","Bahrain",2019,0.890782828282828
"BHR","Bahrain",2020,0.890782828282828
"BHR","Bahrain",2021,0.890782828282828
"BHR","Bahrain",2022,0.890782828282828
"BHS","Bahamas",1995,0.803205667789001
"BHS","Bahamas",1996,0.802223625140292
"BHS","Bahamas",1997,0.802223625140292
"BHS","Bahamas",1998,0.82077721661055
"BHS","Bahamas",1999,0.82077721661055
"BHS","Bahamas",2000,0.82077721661055
"BHS","Bahamas",2001,0.82077721661055
"BHS","Bahamas",2002,0.82077721661055
"BHS","Bahamas",2003,0.82077721661055
"BHS","Bahamas",2004,0.82077721661055
"BHS","Bahamas",2005,0.82077721661055
"BHS","Bahamas",2006,0.82077721661055
"BHS","Bahamas",2007,0.82077721661055
"BHS","Bahamas",2008,0.776585297418631
"BHS","Bahamas",2009,0.776585297418631
"BHS","Bahamas",2010,0.776585297418631
"BHS","Bahamas",2011,0.790298821548822
"BHS","Bahamas",2012,0.790298821548822
"BHS","Bahamas",2013,0.790298821548822
"BHS","Bahamas",2014,0.790298821548822
"BHS","Bahamas",2015,0.790298821548822
"BHS","Bahamas",2016,0.790298821548822
"BHS","Bahamas",2017,0.802258698092031
"BHS","Bahamas",2018,0.783845398428732
"BHS","Bahamas",2019,0.783845398428732
"BHS","Bahamas",2020,0.783845398428732
"BHS","Bahamas",2021,0.783845398428732
"BHS","Bahamas",2022,0.783845398428732
"BIH","Bosnia and Herzegovina",1995,0.814078282828283
"BIH","Bosnia and Herzegovina",1996,0.814078282828283
"BIH","Bosnia and Herzegovina",1997,0.814078282828283
"BIH","Bosnia and Herzegovina",1998,0.814078282828283
"BIH","Bosnia and Herzegovina",1999,0.814078282828283
"BIH","Bosnia and Herzegovina",2000,0.816112514029181
"BIH","Bosnia and Herzegovina",2001,0.819023569023569
"BIH","Bosnia and Herzegovina",2002,0.816884118967452
"BIH","Bosnia and Herzegovina",2003,0.803521324354658
"BIH","Bosnia and Herzegovina",2004,0.801241582491583
"BIH","Bosnia and Herzegovina",2005,0.796120931537598
"BIH","Bosnia and Herzegovina",2006,0.790579405162739
"BIH","Bosnia and Herzegovina",2007,0.7831088664422
"BIH","Bosnia and Herzegovina",2008,0.773498877665544
"BIH","Bosnia and Herzegovina",2009,0.764485129068462
"BIH","Bosnia and Herzegovina",2010,0.754138608305275
"BIH","Bosnia and Herzegovina",2011,0.745721099887767
"BIH","Bosnia and Herzegovina",2012,0.732779180695847
"BIH","Bosnia and Herzegovina",2013,0.730043490460157
"BIH","Bosnia and Herzegovina",2014,0.719942480359147
"BIH","Bosnia and Herzegovina",2015,0.717943322109989
"BIH","Bosnia and Herzegovina",2016,0.742108585858586
"BIH","Bosnia and Herzegovina",2017,0.738671436588103
"BIH","Bosnia and Herzegovina",2018,0.732253086419753
"BIH","Bosnia and Herzegovina",2019,0.732253086419753
"BIH","Bosnia and Herzegovina",2020,0.732253086419753
"BIH","Bosnia and Herzegovina",2021,0.732253086419753
"BIH","Bosnia and Herzegovina",2022,0.732253086419753
"BLR","Belarus",1995,0.629398148148148
"BLR","Belarus",1996,0.624807098765432
"BLR","Belarus",1997,0.62037037037037
"BLR","Belarus",1998,0.571338383838384
"BLR","Belarus",1999,0.561332070707071
"BLR","Belarus",2000,0.560613075196408
"BLR","Belarus",2001,0.557035634118968
"BLR","Belarus",2002,0.55314253647587
"BLR","Belarus",2003,0.556860269360269
"BLR","Belarus",2004,0.551950056116723
"BLR","Belarus",2005,0.547881593714927
"BLR","Belarus",2006,0.545882435465769
"BLR","Belarus",2007,0.545040684624018
"BLR","Belarus",2008,0.535781425364759
"BLR","Belarus",2009,0.530871212121212
"BLR","Belarus",2010,0.526311728395062
"BLR","Belarus",2011,0.479727833894501
"BLR","Belarus",2012,0.466084455667789
"BLR","Belarus",2013,0.467066498316498
"BLR","Belarus",2014,0.456614758698092
"BLR","Belarus",2015,0.449810606060606
"BLR","Belarus",2016,0.476957070707071
"BLR","Belarus",2017,0.475098204264871
"BLR","Belarus",2018,0.473134118967452
"BLR","Belarus",2019,0.471450617283951
"BLR","Belarus",2020,0.471450617283951
"BLR","Belarus",2021,0.471450617283951
"BLR","Belarus",2022,0.471450617283951
"BLZ","Belize",1995,0.937359708193042
"BLZ","Belize",1996,0.939183501683502
"BLZ","Belize",1997,0.939183501683502
"BLZ","Belize",1998,0.939183501683502
"BLZ","Belize",1999,0.939183501683502
"BLZ","Belize",2000,0.921787317620651
"BLZ","Belize",2001,0.921787317620651
"BLZ","Belize",2002,0.921787317620651
"BLZ","Belize",2003,0.921787317620651
"BLZ","Belize",2004,0.921787317620651
"BLZ","Belize",2005,0.921787317620651
"BLZ","Belize",2006,0.921787317620651
"BLZ","Belize",2007,0.921787317620651
"BLZ","Belize",2008,0.921787317620651
"BLZ","Belize",2009,0.912072109988777
"BLZ","Belize",2010,0.912072109988777
"BLZ","Belize",2011,0.912072109988777
"BLZ","Belize",2012,0.923505892255892
"BLZ","Belize",2013,0.893553591470258
"BLZ","Belize",2014,0.891133557800225
"BLZ","Belize",2015,0.888643378226712
"BLZ","Belize",2016,0.886889730639731
"BLZ","Belize",2017,0.878963243546577
"BLZ","Belize",2018,0.88233024691358
"BLZ","Belize",2019,0.88233024691358
"BLZ","Belize",2020,0.88233024691358
"BLZ","Belize",2021,0.88233024691358
"BLZ","Belize",2022,0.88233024691358
"BOL","Bolivia, Plurinational State of",1995,0.918104657687991
"BOL","Bolivia, Plurinational State of",1996,0.918104657687991
"BOL","Bolivia, Plurinational State of",1997,0.918104657687991
"BOL","Bolivia, Plurinational State of",1998,0.918104657687991
"BOL","Bolivia, Plurinational State of",1999,0.918104657687991
"BOL","Bolivia, Plurinational State of",2000,0.918104657687991
"BOL","Bolivia, Plurinational State of",2001,0.888608305274972
"BOL","Bolivia, Plurinational State of",2002,0.888608305274972
"BOL","Bolivia, Plurinational State of",2003,0.888608305274972
"BOL","Bolivia, Plurinational State of",2004,0.888608305274972
"BOL","Bolivia, Plurinational State of",2005,0.888608305274972
"BOL","Bolivia, Plurinational State of",2006,0.888608305274972
"BOL","Bolivia, Plurinational State of",2007,0.970152918069585
"BOL","Bolivia, Plurinational State of",2008,0.970152918069585
"BOL","Bolivia, Plurinational State of",2009,0.970152918069585
"BOL","Bolivia, Plurinational State of",2010,0.958789281705948
"BOL","Bolivia, Plurinational State of",2011,0.952300785634119
"BOL","Bolivia, Plurinational State of",2012,0.952300785634119
"BOL","Bolivia, Plurinational State of",2013,0.952300785634119
"BOL","Bolivia, Plurinational State of",2014,0.952300785634119
"BOL","Bolivia, Plurinational State of",2015,0.945531705948373
"BOL","Bolivia, Plurinational State of",2016,0.909546857463524
"BOL","Bolivia, Plurinational State of",2017,0.913720538720539
"BOL","Bolivia, Plurinational State of",2018,0.913720538720539
"BOL","Bolivia, Plurinational State of",2019,0.913720538720539
"BOL","Bolivia, Plurinational State of",2020,0.913720538720539
"BOL","Bolivia, Plurinational State of",2021,0.913720538720539
"BOL","Bolivia, Plurinational State of",2022,0.913720538720539
"BRA","Brazil",1995,0.905232884399551
"BRA","Brazil",1996,0.894781144781145
"BRA","Brazil",1997,0.886153198653199
"BRA","Brazil",1998,0.878963243546577
"BRA","Brazil",1999,0.866196689113356
"BRA","Brazil",2000,0.823302469135802
"BRA","Brazil",2001,0.850484006734007
"BRA","Brazil",2002,0.836945847362514
"BRA","Brazil",2003,0.826985129068463
"BRA","Brazil",2004,0.82449494949495
"BRA","Brazil",2005,0.82449494949495
"BRA","Brazil",2006,0.82449494949495
"BRA","Brazil",2007,0.82449494949495
"BRA","Brazil",2008,0.82449494949495
"BRA","Brazil",2009,0.82449494949495
"BRA","Brazil",2010,0.82449494949495
"BRA","Brazil",2011,0.807695005611672
"BRA","Brazil",2012,0.807695005611672
"BRA","Brazil",2013,0.672418630751964
"BRA","Brazil",2014,0.62962962962963
"BRA","Brazil",2015,0.618476430976431
"BRA","Brazil",2016,0.609918630751964
"BRA","Brazil",2017,0.586489898989899
"BRA","Brazil",2018,0.573021885521886
"BRA","Brazil",2019,0.663159371492705
"BRA","Brazil",2020,0.663159371492705
"BRA","Brazil",2021,0.734111952861953
"BRA","Brazil",2022,0.734111952861953
"BRB","Barbados",1995,0.772867564534231
"BRB","Barbados",1996,0.772867564534231
"BRB","Barbados",1997,0.772867564534231
"BRB","Barbados",1998,0.772867564534231
"BRB","Barbados",1999,0.772867564534231
"BRB","Barbados",2000,0.744598765432099
"BRB","Barbados",2001,0.738285634118967
"BRB","Barbados",2002,0.738285634118967
"BRB","Barbados",2003,0.738285634118967
"BRB","Barbados",2004,0.738285634118967
"BRB","Barbados",2005,0.768308080808081
"BRB","Barbados",2006,0.768308080808081
"BRB","Barbados",2007,0.768308080808081
"BRB","Barbados",2008,0.768308080808081
"BRB","Barbados",2009,0.768308080808081
"BRB","Barbados",2010,0.768308080808081
"BRB","Barbados",2011,0.768308080808081
"BRB","Barbados",2012,0.768308080808081
"BRB","Barbados",2013,0.768308080808081
"BRB","Barbados",2014,0.768308080808081
"BRB","Barbados",2015,0.768308080808081
"BRB","Barbados",2016,0.768308080808081
"BRB","Barbados",2017,0.742529461279461
"BRB","Barbados",2018,0.803170594837261
"BRB","Barbados",2019,0.803170594837261
"BRB","Barbados",2020,0.803170594837261
"BRB","Barbados",2021,0.803170594837261
"BRB","Barbados",2022,0.803170594837261
"BRN","Brunei Darussalam",1995,0.836735409652076
"BRN","Brunei Darussalam",1996,0.836735409652076
"BRN","Brunei Darussalam",1997,0.836735409652076
"BRN","Brunei Darussalam",1998,0.836735409652076
"BRN","Brunei Darussalam",1999,0.836735409652076
"BRN","Brunei Darussalam",2000,0.831193883277217
"BRN","Brunei Darussalam",2001,0.831193883277217
"BRN","Brunei Darussalam",2002,0.748246352413019
"BRN","Brunei Darussalam",2003,0.748246352413019
"BRN","Brunei Darussalam",2004,0.7702721661055
"BRN","Brunei Darussalam",2005,0.773428731762065
"BRN","Brunei Darussalam",2006,0.779741863075196
"BRN","Brunei Darussalam",2007,0.788825757575758
"BRN","Brunei Darussalam",2008,0.774130190796858
"BRN","Brunei Darussalam",2009,0.785949775533109
"BRN","Brunei Darussalam",2010,0.695356341189675
"BRN","Brunei Darussalam",2011,0.675364758698092
"BRN","Brunei Darussalam",2012,0.66540404040404
"BRN","Brunei Darussalam",2013,0.687219416386083
"BRN","Brunei Darussalam",2014,0.733305274971942
"BRN","Brunei Darussalam",2015,0.711700336700337
"BRN","Brunei Darussalam",2016,0.717382154882155
"BRN","Brunei Darussalam",2017,0.735900673400673
"BRN","Brunei Darussalam",2018,0.74259960718294
"BRN","Brunei Darussalam",2019,0.74259960718294
"BRN","Brunei Darussalam",2020,0.74259960718294
"BRN","Brunei Darussalam",2021,0.700126262626263
"BRN","Brunei Darussalam",2022,0.700126262626263
"BTN","Bhutan",1995,0.969205948372615
"BTN","Bhutan",1996,0.969205948372615
"BTN","Bhutan",1997,0.969205948372615
"BTN","Bhutan",1998,0.969205948372615
"BTN","Bhutan",1999,0.973028900112234
"BTN","Bhutan",2000,0.973028900112234
"BTN","Bhutan",2001,0.973028900112234
"BTN","Bhutan",2002,0.973028900112234
"BTN","Bhutan",2003,0.973028900112234
"BTN","Bhutan",2004,0.968434343434343
"BTN","Bhutan",2005,0.968434343434343
"BTN","Bhutan",2006,0.968434343434343
"BTN","Bhutan",2007,0.967136644219978
"BTN","Bhutan",2008,0.960016835016835
"BTN","Bhutan",2009,0.960016835016835
"BTN","Bhutan",2010,0.960016835016835
"BTN","Bhutan",2011,0.960016835016835
"BTN","Bhutan",2012,0.957351290684624
"BTN","Bhutan",2013,0.954370089786757
"BTN","Bhutan",2014,0.945391414141414
"BTN","Bhutan",2015,0.94023569023569
"BTN","Bhutan",2016,0.935781425364759
"BTN","Bhutan",2017,0.935185185185185
"BTN","Bhutan",2018,0.923576038159372
"BTN","Bhutan",2019,0.927048260381594
"BTN","Bhutan",2020,0.912843714927048
"BTN","Bhutan",2021,0.905443322109989
"BTN","Bhutan",2022,0.905443322109989
"BWA","Botswana",1995,0.903268799102132
"BWA","Botswana",1996,0.903268799102132
"BWA","Botswana",1997,0.903268799102132
"BWA","Botswana",1998,0.903268799102132
"BWA","Botswana",1999,0.888573232323232
"BWA","Botswana",2000,0.904741863075196
"BWA","Botswana",2001,0.912913860830528
"BWA","Botswana",2002,0.911090067340067
"BWA","Botswana",2003,0.907056677890011
"BWA","Botswana",2004,0.899410774410774
"BWA","Botswana",2005,0.911160213243547
"BWA","Botswana",2006,0.900813692480359
"BWA","Botswana",2007,0.887170314253648
"BWA","Botswana",2008,0.891940235690236
"BWA","Botswana",2009,0.891168630751964
"BWA","Botswana",2010,0.891308922558923
"BWA","Botswana",2011,0.893553591470258
"BWA","Botswana",2012,0.895587822671156
"BWA","Botswana",2013,0.895587822671156
"BWA","Botswana",2014,0.895587822671156
"BWA","Botswana",2015,0.895587822671156
"BWA","Botswana",2016,0.857709034792368
"BWA","Botswana",2017,0.857709034792368
"BWA","Botswana",2018,0.81439393939394
"BWA","Botswana",2019,0.81439393939394
"BWA","Botswana",2020,0.81439393939394
"BWA","Botswana",2021,0.81439393939394
"BWA","Botswana",2022,0.81439393939394
"CAF","Central African Republic",1995,0.987619248035915
"CAF","Central African Republic",1996,0.987619248035915
"CAF","Central African Republic",1997,0.987619248035915
"CAF","Central African Republic",1998,0.987619248035915
"CAF","Central African Republic",1999,0.987619248035915
"CAF","Central African Republic",2000,0.987619248035915
"CAF","Central African Republic",2001,0.987619248035915
"CAF","Central African Republic",2002,0.987619248035915
"CAF","Central African Republic",2003,0.987619248035915
"CAF","Central African Republic",2004,0.986040965207632
"CAF","Central African Republic",2005,0.986040965207632
"CAF","Central African Republic",2006,0.986040965207632
"CAF","Central African Republic",2007,0.986040965207632
"CAF","Central African Republic",2008,0.994616301907969
"CAF","Central African Republic",2009,0.992599607182941
"CAF","Central African Republic",2010,0.992599607182941
"CAF","Central African Republic",2011,0.992599607182941
"CAF","Central African Republic",2012,0.992599607182941
"CAF","Central African Republic",2013,0.992599607182941
"CAF","Central African Republic",2014,0.992599607182941
"CAF","Central African Republic",2015,0.993511503928171
"CAF","Central African Republic",2016,0.993511503928171
"CAF","Central African Republic",2017,0.993511503928171
"CAF","Central African Republic",2018,0.992038439955107
"CAF","Central African Republic",2019,0.992038439955107
"CAF","Central African Republic",2020,0.992038439955107
"CAF","Central African Republic",2021,0.992038439955107
"CAF","Central African Republic",2022,0.992038439955107
"CAN","Canada",1995,0.571738215488216
"CAN","Canada",1996,0.571738215488216
"CAN","Canada",1997,0.571738215488216
"CAN","Canada",1998,0.58011714365881
"CAN","Canada",1999,0.571738215488216
"CAN","Canada",2000,0.571738215488216
"CAN","Canada",2001,0.585276374859708
"CAN","Canada",2002,0.603900112233446
"CAN","Canada",2003,0.603900112233446
"CAN","Canada",2004,0.588601290684624
"CAN","Canada",2005,0.587198372615039
"CAN","Canada",2006,0.584097923681257
"CAN","Canada",2007,0.580688832772166
"CAN","Canada",2008,0.573021885521886
"CAN","Canada",2009,0.570030162738496
"CAN","Canada",2010,0.604107042648709
"CAN","Canada",2011,0.607140852974186
"CAN","Canada",2012,0.590716189674523
"CAN","Canada",2013,0.581968995510662
"CAN","Canada",2014,0.570668490460157
"CAN","Canada",2015,0.566329966329966
"CAN","Canada",2016,0.571075336700337
"CAN","Canada",2017,0.560388608305275
"CAN","Canada",2018,0.566778900112233
"CAN","Canada",2019,0.519465488215488
"CAN","Canada",2020,0.528654601571268
"CAN","Canada",2021,0.555976430976431
"CAN","Canada",2022,0.555976430976431
"CHE","Switzerland",1995,0.474922839506173
"CHE","Switzerland",1996,0.473239337822671
"CHE","Switzerland",1997,0.471380471380471
"CHE","Switzerland",1998,0.469100729517396
"CHE","Switzerland",1999,0.467943322109989
"CHE","Switzerland",2000,0.462787598204265
"CHE","Switzerland",2001,0.461595117845118
"CHE","Switzerland",2002,0.445566778900112
"CHE","Switzerland",2003,0.423225308641975
"CHE","Switzerland",2004,0.426101290684624
"CHE","Switzerland",2005,0.417894219977553
"CHE","Switzerland",2006,0.401374859708193
"CHE","Switzerland",2007,0.392361111111111
"CHE","Switzerland",2008,0.38138327721661
"CHE","Switzerland",2009,0.371036756453423
"CHE","Switzerland",2010,0.345328282828283
"CHE","Switzerland",2011,0.325897867564534
"CHE","Switzerland",2012,0.308291245791246
"CHE","Switzerland",2013,0.291982323232323
"CHE","Switzerland",2014,0.280583613916947
"CHE","Switzerland",2015,0.263012065095398
"CHE","Switzerland",2016,0.245335297418631
"CHE","Switzerland",2017,0.236672278338945
"CHE","Switzerland",2018,0.221906565656566
"CHE","Switzerland",2019,0.208543771043771
"CHE","Switzerland",2020,0.192445286195286
"CHE","Switzerland",2021,0.190551346801347
"CHE","Switzerland",2022,0.190551346801347
"CHL","Chile",1995,0.926732603815937
"CHL","Chile",1996,0.926732603815937
"CHL","Chile",1997,0.926732603815937
"CHL","Chile",1998,0.926732603815937
"CHL","Chile",1999,0.926732603815937
"CHL","Chile",2000,0.926732603815937
"CHL","Chile",2001,0.926732603815937
"CHL","Chile",2002,0.926732603815937
"CHL","Chile",2003,0.924838664421998
"CHL","Chile",2004,0.923505892255892
"CHL","Chile",2005,0.923611111111111
"CHL","Chile",2006,0.921471661054994
"CHL","Chile",2007,0.921576879910213
"CHL","Chile",2008,0.921471661054994
"CHL","Chile",2009,0.921787317620651
"CHL","Chile",2010,0.907582772166106
"CHL","Chile",2011,0.892676767676768
"CHL","Chile",2012,0.876052188552189
"CHL","Chile",2013,0.860164141414141
"CHL","Chile",2014,0.606130751964085
"CHL","Chile",2015,0.539667508417508
"CHL","Chile",2016,0.524551066217733
"CHL","Chile",2017,0.488601290684624
"CHL","Chile",2018,0.443707912457912
"CHL","Chile",2019,0.783214085297419
"CHL","Chile",2020,0.753086419753086
"CHL","Chile",2021,0.736952861952862
"CHL","Chile",2022,0.736952861952862
"CHN","China",1995,0.92831088664422
"CHN","China",1996,0.927258698092031
"CHN","China",1997,0.925996071829405
"CHN","China",1998,0.925715488215488
"CHN","China",1999,0.924172278338945
"CHN","China",2000,0.922979797979798
"CHN","China",2001,0.921997755331089
"CHN","China",2002,0.928381032547699
"CHN","China",2003,0.926416947250281
"CHN","China",2004,0.924417789001122
"CHN","China",2005,0.922699214365881
"CHN","China",2006,0.919682940516274
"CHN","China",2007,0.915684624017957
"CHN","China",2008,0.911090067340067
"CHN","China",2009,0.904110549943883
"CHN","China",2010,0.89800785634119
"CHN","China",2011,0.892361111111111
"CHN","China",2012,0.883627946127946
"CHN","China",2013,0.873386644219978
"CHN","China",2014,0.866372053872054
"CHN","China",2015,0.857884399551066
"CHN","China",2016,0.848519921436588
"CHN","China",2017,0.837647306397306
"CHN","China",2018,0.826669472502806
"CHN","China",2019,0.813762626262626
"CHN","China",2020,0.802960157126824
"CHN","China",2021,0.802960157126824
"CHN","China",2022,0.802960157126824
"CIV","Cote d'Ivoire",1995,0.980183782267116
"CIV","Cote d'Ivoire",1996,0.980183782267116
"CIV","Cote d'Ivoire",1997,0.980183782267116
"CIV","Cote d'Ivoire",1998,0.980183782267116
"CIV","Cote d'Ivoire",1999,0.980183782267116
"CIV","Cote d'Ivoire",2000,0.980183782267116
"CIV","Cote d'Ivoire",2001,0.980183782267116
"CIV","Cote d'Ivoire",2002,0.980183782267116
"CIV","Cote d'Ivoire",2003,0.980183782267116
"CIV","Cote d'Ivoire",2004,0.979412177328844
"CIV","Cote d'Ivoire",2005,0.982814253647587
"CIV","Cote d'Ivoire",2006,0.982814253647587
"CIV","Cote d'Ivoire",2007,0.982814253647587
"CIV","Cote d'Ivoire",2008,0.981832210998878
"CIV","Cote d'Ivoire",2009,0.981832210998878
"CIV","Cote d'Ivoire",2010,0.981832210998878
"CIV","Cote d'Ivoire",2011,0.981551627384961
"CIV","Cote d'Ivoire",2012,0.981551627384961
"CIV","Cote d'Ivoire",2013,0.977658529741863
"CIV","Cote d'Ivoire",2014,0.972993827160494
"CIV","Cote d'Ivoire",2015,0.978395061728395
"CIV","Cote d'Ivoire",2016,0.97702721661055
"CIV","Cote d'Ivoire",2017,0.975413860830528
"CIV","Cote d'Ivoire",2018,0.974010942760943
"CIV","Cote d'Ivoire",2019,0.974361672278339
"CIV","Cote d'Ivoire",2020,0.974361672278339
"CIV","Cote d'Ivoire",2021,0.974361672278339
"CIV","Cote d'Ivoire",2022,0.974361672278339
"CMR","Cameroon",1995,0.945671997755331
"CMR","Cameroon",1996,0.945671997755331
"CMR","Cameroon",1997,0.945671997755331
"CMR","Cameroon",1998,0.945671997755331
"CMR","Cameroon",1999,0.945671997755331
"CMR","Cameroon",2000,0.945671997755331
"CMR","Cameroon",2001,0.945671997755331
"CMR","Cameroon",2002,0.945671997755331
"CMR","Cameroon",2003,0.945671997755331
"CMR","Cameroon",2004,0.941743827160494
"CMR","Cameroon",2005,0.986847643097643
"CMR","Cameroon",2006,0.986847643097643
"CMR","Cameroon",2007,0.984252244668911
"CMR","Cameroon",2008,0.984252244668911
"CMR","Cameroon",2009,0.986286475869809
"CMR","Cameroon",2010,0.98067480359147
"CMR","Cameroon",2011,0.966575476992144
"CMR","Cameroon",2012,0.966575476992144
"CMR","Cameroon",2013,0.966575476992144
"CMR","Cameroon",2014,0.966575476992144
"CMR","Cameroon",2015,0.966575476992144
"CMR","Cameroon",2016,0.966575476992144
"CMR","Cameroon",2017,0.966575476992144
"CMR","Cameroon",2018,0.985234287317621
"CMR","Cameroon",2019,0.985234287317621
"CMR","Cameroon",2020,0.982323232323232
"CMR","Cameroon",2021,0.991477272727273
"CMR","Cameroon",2022,0.991477272727273
"COD","Congo, the Democratic Republic o",1995,0.98162177328844
"COD","Congo, the Democratic Republic o",1996,0.98162177328844
"COD","Congo, the Democratic Republic o",1997,0.98162177328844
"COD","Congo, the Democratic Republic o",1998,0.98162177328844
"COD","Congo, the Democratic Republic o",1999,0.98162177328844
"COD","Congo, the Democratic Republic o",2000,0.98162177328844
"COD","Congo, the Democratic Republic o",2001,0.98162177328844
"COD","Congo, the Democratic Republic o",2002,0.98162177328844
"COD","Congo, the Democratic Republic o",2003,0.98162177328844
"COD","Congo, the Democratic Republic o",2004,0.980289001122335
"COD","Congo, the Democratic Republic o",2005,0.980289001122335
"COD","Congo, the Democratic Republic o",2006,0.980289001122335
"COD","Congo, the Democratic Republic o",2007,0.980289001122335
"COD","Congo, the Democratic Republic o",2008,0.980289001122335
"COD","Congo, the Democratic Republic o",2009,0.985444725028058
"COD","Congo, the Democratic Republic o",2010,0.985444725028058
"COD","Congo, the Democratic Republic o",2011,0.985444725028058
"COD","Congo, the Democratic Republic o",2012,0.985444725028058
"COD","Congo, the Democratic Republic o",2013,0.970258136924804
"COD","Congo, the Democratic Republic o",2014,0.970258136924804
"COD","Congo, the Democratic Republic o",2015,0.967312008978676
"COD","Congo, the Democratic Republic o",2016,0.979447250280584
"COD","Congo, the Democratic Republic o",2017,0.969135802469136
"COD","Congo, the Democratic Republic o",2018,0.952300785634119
"COD","Congo, the Democratic Republic o",2019,0.952300785634119
"COD","Congo, the Democratic Republic o",2020,0.952300785634119
"COD","Congo, the Democratic Republic o",2021,0.952300785634119
"COD","Congo, the Democratic Republic o",2022,0.952300785634119
"COG","Congo",1995,0.957456509539843
"COG","Congo",1996,0.957456509539843
"COG","Congo",1997,0.957456509539843
"COG","Congo",1998,0.940516273849607
"COG","Congo",1999,0.940516273849607
"COG","Congo",2000,0.940516273849607
"COG","Congo",2001,0.940516273849607
"COG","Congo",2002,0.940516273849607
"COG","Congo",2003,0.940516273849607
"COG","Congo",2004,0.958789281705948
"COG","Congo",2005,0.958789281705948
"COG","Congo",2006,0.947109988776655
"COG","Congo",2007,0.968083613916947
"COG","Congo",2008,0.968083613916947
"COG","Congo",2009,0.968083613916947
"COG","Congo",2010,0.983936588103255
"COG","Congo",2011,0.936868686868687
"COG","Congo",2012,0.936868686868687
"COG","Congo",2013,0.963839786756453
"COG","Congo",2014,0.972537878787879
"COG","Congo",2015,0.970363355780023
"COG","Congo",2016,0.967662738496072
"COG","Congo",2017,0.967662738496072
"COG","Congo",2018,0.966329966329966
"COG","Congo",2019,0.966329966329966
"COG","Congo",2020,0.966329966329966
"COG","Congo",2021,0.966329966329966
"COG","Congo",2022,0.966329966329966
"COL","Colombia",1995,0.951634399551066
"COL","Colombia",1996,0.949670314253648
"COL","Colombia",1997,0.947776374859708
"COL","Colombia",1998,0.945216049382716
"COL","Colombia",1999,0.943216891133558
"COL","Colombia",2000,0.940796857463524
"COL","Colombia",2001,0.938727553310887
"COL","Colombia",2002,0.93655303030303
"COL","Colombia",2003,0.934518799102133
"COL","Colombia",2004,0.931923400673401
"COL","Colombia",2005,0.929082491582492
"COL","Colombia",2006,0.926416947250281
"COL","Colombia",2007,0.92375140291807
"COL","Colombia",2008,0.920314253647587
"COL","Colombia",2009,0.916736812570146
"COL","Colombia",2010,0.913545173961841
"COL","Colombia",2011,0.909371492704826
"COL","Colombia",2012,0.905127665544332
"COL","Colombia",2013,0.90070847362514
"COL","Colombia",2014,0.895763187429854
"COL","Colombia",2015,0.8915544332211
"COL","Colombia",2016,0.887100168350168
"COL","Colombia",2017,0.882751122334456
"COL","Colombia",2018,0.880260942760943
"COL","Colombia",2019,0.874403759820427
"COL","Colombia",2020,0.870019640852974
"COL","Colombia",2021,0.868932379349046
"COL","Colombia",2022,0.868932379349046
"COM","Comoros",1995,0.964506172839506
"COM","Comoros",1996,0.964506172839506
"COM","Comoros",1997,0.964506172839506
"COM","Comoros",1998,0.964506172839506
"COM","Comoros",1999,0.964506172839506
"COM","Comoros",2000,0.964506172839506
"COM","Comoros",2001,0.964506172839506
"COM","Comoros",2002,0.964506172839506
"COM","Comoros",2003,0.964506172839506
"COM","Comoros",2004,0.960157126823794
"COM","Comoros",2005,0.975378787878788
"COM","Comoros",2006,0.975378787878788
"COM","Comoros",2007,0.975378787878788
"COM","Comoros",2008,0.975378787878788
"COM","Comoros",2009,0.969802188552189
"COM","Comoros",2010,0.969802188552189
"COM","Comoros",2011,0.969802188552189
"COM","Comoros",2012,0.970468574635241
"COM","Comoros",2013,0.970468574635241
"COM","Comoros",2014,0.970468574635241
"COM","Comoros",2015,0.970468574635241
"COM","Comoros",2016,0.966610549943883
"COM","Comoros",2017,0.966610549943883
"COM","Comoros",2018,0.936903759820427
"COM","Comoros",2019,0.936903759820427
"COM","Comoros",2020,0.936903759820427
"COM","Comoros",2021,0.936903759820427
"COM","Comoros",2022,0.936903759820427
"CPV","Cape Verde",1995,0.96594416386083
"CPV","Cape Verde",1996,0.96594416386083
"CPV","Cape Verde",1997,0.96594416386083
"CPV","Cape Verde",1998,0.96594416386083
"CPV","Cape Verde",1999,0.96594416386083
"CPV","Cape Verde",2000,0.96594416386083
"CPV","Cape Verde",2001,0.96594416386083
"CPV","Cape Verde",2002,0.96594416386083
"CPV","Cape Verde",2003,0.96594416386083
"CPV","Cape Verde",2004,0.954650673400673
"CPV","Cape Verde",2005,0.954650673400673
"CPV","Cape Verde",2006,0.954650673400673
"CPV","Cape Verde",2007,0.954650673400673
"CPV","Cape Verde",2008,0.954650673400673
"CPV","Cape Verde",2009,0.951774691358025
"CPV","Cape Verde",2010,0.946408529741863
"CPV","Cape Verde",2011,0.947074915824916
"CPV","Cape Verde",2012,0.949319584736252
"CPV","Cape Verde",2013,0.956404320987654
"CPV","Cape Verde",2014,0.951985129068462
"CPV","Cape Verde",2015,0.94490039281706
"CPV","Cape Verde",2016,0.938517115600449
"CPV","Cape Verde",2017,0.934238215488216
"CPV","Cape Verde",2018,0.931502525252525
"CPV","Cape Verde",2019,0.931502525252525
"CPV","Cape Verde",2020,0.931502525252525
"CPV","Cape Verde",2021,0.931502525252525
"CPV","Cape Verde",2022,0.931502525252525
"CRI","Costa Rica",1995,0.941077441077441
"CRI","Costa Rica",1996,0.939709595959596
"CRI","Costa Rica",1997,0.93837682379349
"CRI","Costa Rica",1998,0.93479938271605
"CRI","Costa Rica",1999,0.904776936026936
"CRI","Costa Rica",2000,0.915649551066218
"CRI","Costa Rica",2001,0.912528058361392
"CRI","Costa Rica",2002,0.911616161616162
"CRI","Costa Rica",2003,0.908845398428732
"CRI","Costa Rica",2004,0.906951459034792
"CRI","Costa Rica",2005,0.906074635241302
"CRI","Costa Rica",2006,0.878752805836139
"CRI","Costa Rica",2007,0.874894781144781
"CRI","Costa Rica",2008,0.869774130190797
"CRI","Costa Rica",2009,0.864267676767677
"CRI","Costa Rica",2010,0.857814253647587
"CRI","Costa Rica",2011,0.853465207631874
"CRI","Costa Rica",2012,0.846731200897868
"CRI","Costa Rica",2013,0.83915544332211
"CRI","Costa Rica",2014,0.827686588103255
"CRI","Costa Rica",2015,0.815411054994388
"CRI","Costa Rica",2016,0.797138047138047
"CRI","Costa Rica",2017,0.786861672278339
"CRI","Costa Rica",2018,0.783179012345679
"CRI","Costa Rica",2019,0.771324354657688
"CRI","Costa Rica",2020,0.790824915824916
"CRI","Costa Rica",2021,0.798014870931538
"CRI","Costa Rica",2022,0.798014870931538
"CUB","Cuba",1995,0.556783108866442
"CUB","Cuba",1996,0.54685746352413
"CUB","Cuba",1997,0.53952721661055
"CUB","Cuba",1998,0.537422839506173
"CUB","Cuba",1999,0.533740179573513
"CUB","Cuba",2000,0.530794051627385
"CUB","Cuba",2001,0.530408249158249
"CUB","Cuba",2002,0.528619528619529
"CUB","Cuba",2003,0.526234567901235
"CUB","Cuba",2004,0.521429573512907
"CUB","Cuba",2005,0.519079685746352
"CUB","Cuba",2006,0.5165544332211
"CUB","Cuba",2007,0.472853535353535
"CUB","Cuba",2008,0.466365039281706
"CUB","Cuba",2009,0.465488215488216
"CUB","Cuba",2010,0.444935465768799
"CUB","Cuba",2011,0.438517115600449
"CUB","Cuba",2012,0.462366722783389
"CUB","Cuba",2013,0.460262345679012
"CUB","Cuba",2014,0.45679012345679
"CUB","Cuba",2015,0.452090347923681
"CUB","Cuba",2016,0.448372615039282
"CUB","Cuba",2017,0.440446127946128
"CUB","Cuba",2018,0.441603535353535
"CUB","Cuba",2019,0.441603535353535
"CUB","Cuba",2020,0.441603535353535
"CUB","Cuba",2021,0.441603535353535
"CUB","Cuba",2022,0.441603535353535
"CYP","Cyprus",1995,0.822530864197531
"CYP","Cyprus",1996,0.823477833894501
"CYP","Cyprus",1997,0.823407687991021
"CYP","Cyprus",1998,0.823968855218855
"CYP","Cyprus",1999,0.825512065095399
"CYP","Cyprus",2000,0.827616442199776
"CYP","Cyprus",2001,0.828037317620651
"CYP","Cyprus",2002,0.830176767676768
"CYP","Cyprus",2003,0.830141694725028
"CYP","Cyprus",2004,0.824284511784512
"CYP","Cyprus",2005,0.832000561167228
"CYP","Cyprus",2006,0.823197250280584
"CYP","Cyprus",2007,0.815340909090909
"CYP","Cyprus",2008,0.816813973063973
"CYP","Cyprus",2009,0.809448653198653
"CYP","Cyprus",2010,0.805590628507295
"CYP","Cyprus",2011,0.798085016835017
"CYP","Cyprus",2012,0.799067059483726
"CYP","Cyprus",2013,0.786966891133558
"CYP","Cyprus",2014,0.782407407407407
"CYP","Cyprus",2015,0.774235409652076
"CYP","Cyprus",2016,0.755822109988777
"CYP","Cyprus",2017,0.726185465768799
"CYP","Cyprus",2018,0.720679012345679
"CYP","Cyprus",2019,0.715137485970819
"CYP","Cyprus",2020,0.715137485970819
"CYP","Cyprus",2021,0.651760662177329
"CYP","Cyprus",2022,0.651760662177329
"CZE","Czech Republic",1995,0.619914421997755
"CZE","Czech Republic",1996,0.621983726150393
"CZE","Czech Republic",1997,0.61854657687991
"CZE","Czech Republic",1998,0.621913580246914
"CZE","Czech Republic",1999,0.618757014590348
"CZE","Czech Republic",2000,0.600554152637486
"CZE","Czech Republic",2001,0.59006734006734
"CZE","Czech Republic",2002,0.583999719416386
"CZE","Czech Republic",2003,0.584666105499439
"CZE","Czech Republic",2004,0.582210998877666
"CZE","Czech Republic",2005,0.581123737373737
"CZE","Czech Republic",2006,0.582316217732884
"CZE","Czech Republic",2007,0.582561728395062
"CZE","Czech Republic",2008,0.58361391694725
"CZE","Czech Republic",2009,0.577791806958474
"CZE","Czech Republic",2010,0.577300785634119
"CZE","Czech Republic",2011,0.578282828282828
"CZE","Czech Republic",2012,0.576178451178451
"CZE","Czech Republic",2013,0.578282828282828
"CZE","Czech Republic",2014,0.571846941638608
"CZE","Czech Republic",2015,0.568230920314254
"CZE","Czech Republic",2016,0.569430415263749
"CZE","Czech Republic",2017,0.546801346801347
"CZE","Czech Republic",2018,0.544437429854096
"CZE","Czech Republic",2019,0.540263748597082
"CZE","Czech Republic",2020,0.533915544332211
"CZE","Czech Republic",2021,0.48800505050505
"CZE","Czech Republic",2022,0.48800505050505
"DEU","Germany",1995,0.584245230078563
"DEU","Germany",1996,0.582526655443322
"DEU","Germany",1997,0.582000561167228
"DEU","Germany",1998,0.580492424242424
"DEU","Germany",1999,0.579264870931538
"DEU","Germany",2000,0.577335858585859
"DEU","Germany",2001,0.571794332210999
"DEU","Germany",2002,0.565937149270483
"DEU","Germany",2003,0.557344276094276
"DEU","Germany",2004,0.553135521885522
"DEU","Germany",2005,0.546541806958474
"DEU","Germany",2006,0.541982323232323
"DEU","Germany",2007,0.535669191919192
"DEU","Germany",2008,0.528549382716049
"DEU","Germany",2009,0.519360269360269
"DEU","Germany",2010,0.514590347923681
"DEU","Germany",2011,0.508347362514029
"DEU","Germany",2012,0.503787878787879
"DEU","Germany",2013,0.488285634118967
"DEU","Germany",2014,0.478465207631874
"DEU","Germany",2015,0.474046015712682
"DEU","Germany",2016,0.464681537598204
"DEU","Germany",2017,0.454370089786756
"DEU","Germany",2018,0.437184343434343
"DEU","Germany",2019,0.424558080808081
"DEU","Germany",2020,0.413054152637486
"DEU","Germany",2021,0.410984848484849
"DEU","Germany",2022,0.410984848484849
"DJI","Djibouti",1995,0.971871492704826
"DJI","Djibouti",1996,0.973660213243547
"DJI","Djibouti",1997,0.973660213243547
"DJI","Djibouti",1998,0.973660213243547
"DJI","Djibouti",1999,0.974046015712682
"DJI","Djibouti",2000,0.974046015712682
"DJI","Djibouti",2001,0.974046015712682
"DJI","Djibouti",2002,0.973625140291807
"DJI","Djibouti",2003,0.973625140291807
"DJI","Djibouti",2004,0.98435746352413
"DJI","Djibouti",2005,0.977658529741863
"DJI","Djibouti",2006,0.975939955106622
"DJI","Djibouti",2007,0.975939955106622
"DJI","Djibouti",2008,0.975939955106622
"DJI","Djibouti",2009,0.975939955106622
"DJI","Djibouti",2010,0.975939955106622
"DJI","Djibouti",2011,0.975939955106622
"DJI","Djibouti",2012,0.975939955106622
"DJI","Djibouti",2013,0.975939955106622
"DJI","Djibouti",2014,0.972257295173962
"DJI","Djibouti",2015,0.972257295173962
"DJI","Djibouti",2016,0.972257295173962
"DJI","Djibouti",2017,0.972257295173962
"DJI","Djibouti",2018,0.972257295173962
"DJI","Djibouti",2019,0.972257295173962
"DJI","Djibouti",2020,0.972257295173962
"DJI","Djibouti",2021,0.972257295173962
"DJI","Djibouti",2022,0.972257295173962
"DMA","Dominica",1995,0.825196408529742
"DMA","Dominica",1996,0.824389730639731
"DMA","Dominica",1997,0.822390572390572
"DMA","Dominica",1998,0.822390572390572
"DMA","Dominica",1999,0.822390572390572
"DMA","Dominica",2000,0.822390572390572
"DMA","Dominica",2001,0.713594276094276
"DMA","Dominica",2002,0.713594276094276
"DMA","Dominica",2003,0.713594276094276
"DMA","Dominica",2004,0.713594276094276
"DMA","Dominica",2005,0.713594276094276
"DMA","Dominica",2006,0.713594276094276
"DMA","Dominica",2007,0.713594276094276
"DMA","Dominica",2008,0.713594276094276
"DMA","Dominica",2009,0.713594276094276
"DMA","Dominica",2010,0.713594276094276
"DMA","Dominica",2011,0.713594276094276
"DMA","Dominica",2012,0.713594276094276
"DMA","Dominica",2013,0.699740460157127
"DMA","Dominica",2014,0.69574214365881
"DMA","Dominica",2015,0.699845679012346
"DMA","Dominica",2016,0.700161335578002
"DMA","Dominica",2017,0.745545735129069
"DMA","Dominica",2018,0.735093995510662
"DMA","Dominica",2019,0.735093995510662
"DMA","Dominica",2020,0.735093995510662
"DMA","Dominica",2021,0.735093995510662
"DMA","Dominica",2022,0.735093995510662
"DNK","Denmark",1995,0.594767115600449
"DNK","Denmark",1996,0.590698653198653
"DNK","Denmark",1997,0.579194725028058
"DNK","Denmark",1998,0.57256593714927
"DNK","Denmark",1999,0.573127104377104
"DNK","Denmark",2000,0.565831930415264
"DNK","Denmark",2001,0.564008136924804
"DNK","Denmark",2002,0.556537598204265
"DNK","Denmark",2003,0.560816498316498
"DNK","Denmark",2004,0.550645342312009
"DNK","Denmark",2005,0.542227833894501
"DNK","Denmark",2006,0.54043911335578
"DNK","Denmark",2007,0.547664141414141
"DNK","Denmark",2008,0.533284231200898
"DNK","Denmark",2009,0.521464646464647
"DNK","Denmark",2010,0.517396184062851
"DNK","Denmark",2011,0.513503086419753
"DNK","Denmark",2012,0.508733164983165
"DNK","Denmark",2013,0.507996632996633
"DNK","Denmark",2014,0.507295173961841
"DNK","Denmark",2015,0.504769921436588
"DNK","Denmark",2016,0.499544051627385
"DNK","Denmark",2017,0.491968294051627
"DNK","Denmark",2018,0.486146184062851
"DNK","Denmark",2019,0.483375420875421
"DNK","Denmark",2020,0.483375420875421
"DNK","Denmark",2021,0.483375420875421
"DNK","Denmark",2022,0.483375420875421
"DOM","Dominican Republic",1995,0.88692480359147
"DOM","Dominican Republic",1996,0.88692480359147
"DOM","Dominican Republic",1997,0.863916947250281
"DOM","Dominican Republic",1998,0.863916947250281
"DOM","Dominican Republic",1999,0.863916947250281
"DOM","Dominican Republic",2000,0.875175364758698
"DOM","Dominican Republic",2001,0.875175364758698
"DOM","Dominican Republic",2002,0.875175364758698
"DOM","Dominican Republic",2003,0.875175364758698
"DOM","Dominican Republic",2004,0.875175364758698
"DOM","Dominican Republic",2005,0.875175364758698
"DOM","Dominican Republic",2006,0.875175364758698
"DOM","Dominican Republic",2007,0.875175364758698
"DOM","Dominican Republic",2008,0.901269640852974
"DOM","Dominican Republic",2009,0.91820987654321
"DOM","Dominican Republic",2010,0.91820987654321
"DOM","Dominican Republic",2011,0.902181537598204
"DOM","Dominican Republic",2012,0.902181537598204
"DOM","Dominican Republic",2013,0.906039562289562
"DOM","Dominican Republic",2014,0.905723905723906
"DOM","Dominican Republic",2015,0.905758978675645
"DOM","Dominican Republic",2016,0.91080948372615
"DOM","Dominican Republic",2017,0.910072951739619
"DOM","Dominican Republic",2018,0.906460437710438
"DOM","Dominican Republic",2019,0.901830808080808
"DOM","Dominican Republic",2020,0.901830808080808
"DOM","Dominican Republic",2021,0.901830808080808
"DOM","Dominican Republic",2022,0.901830808080808
"DZA","Algeria",1995,0.895552749719416
"DZA","Algeria",1996,0.895552749719416
"DZA","Algeria",1997,0.895552749719416
"DZA","Algeria",1998,0.890151515151515
"DZA","Algeria",1999,0.890151515151515
"DZA","Algeria",2000,0.890151515151515
"DZA","Algeria",2001,0.890151515151515
"DZA","Algeria",2002,0.88601290684624
"DZA","Algeria",2003,0.88601290684624
"DZA","Algeria",2004,0.88601290684624
"DZA","Algeria",2005,0.889099326599327
"DZA","Algeria",2006,0.889099326599327
"DZA","Algeria",2007,0.892396184062851
"DZA","Algeria",2008,0.892396184062851
"DZA","Algeria",2009,0.892396184062851
"DZA","Algeria",2010,0.892396184062851
"DZA","Algeria",2011,0.892396184062851
"DZA","Algeria",2012,0.892396184062851
"DZA","Algeria",2013,0.892396184062851
"DZA","Algeria",2014,0.892396184062851
"DZA","Algeria",2015,0.892396184062851
"DZA","Algeria",2016,0.858901515151515
"DZA","Algeria",2017,0.859532828282828
"DZA","Algeria",2018,0.887170314253648
"DZA","Algeria",2019,0.887170314253648
"DZA","Algeria",2020,0.887170314253648
"DZA","Algeria",2021,0.887170314253648
"DZA","Algeria",2022,0.887170314253648
"ECU","Ecuador",1995,0.903584455667789
"ECU","Ecuador",1996,0.897516835016835
"ECU","Ecuador",1997,0.896464646464647
"ECU","Ecuador",1998,0.899270482603816
"ECU","Ecuador",1999,0.896219135802469
"ECU","Ecuador",2000,0.894500561167228
"ECU","Ecuador",2001,0.892326038159372
"ECU","Ecuador",2002,0.889976150392817
"ECU","Ecuador",2003,0.896078843995511
"ECU","Ecuador",2004,0.896078843995511
"ECU","Ecuador",2005,0.896078843995511
"ECU","Ecuador",2006,0.896078843995511
"ECU","Ecuador",2007,0.896078843995511
"ECU","Ecuador",2008,0.896078843995511
"ECU","Ecuador",2009,0.880366161616162
"ECU","Ecuador",2010,0.870159932659933
"ECU","Ecuador",2011,0.871597923681257
"ECU","Ecuador",2012,0.871597923681257
"ECU","Ecuador",2013,0.876227553310887
"ECU","Ecuador",2014,0.867529461279461
"ECU","Ecuador",2015,0.8418911335578
"ECU","Ecuador",2016,0.830527497194164
"ECU","Ecuador",2017,0.824635241301908
"ECU","Ecuador",2018,0.836069023569024
"ECU","Ecuador",2019,0.836069023569024
"ECU","Ecuador",2020,0.836069023569024
"ECU","Ecuador",2021,0.836069023569024
"ECU","Ecuador",2022,0.836069023569024
"EGY","Egypt",1995,0.865354938271605
"EGY","Egypt",1996,0.865354938271605
"EGY","Egypt",1997,0.880085578002245
"EGY","Egypt",1998,0.880085578002245
"EGY","Egypt",1999,0.880085578002245
"EGY","Egypt",2000,0.861917789001122
"EGY","Egypt",2001,0.861917789001122
"EGY","Egypt",2002,0.861917789001122
"EGY","Egypt",2003,0.918420314253648
"EGY","Egypt",2004,0.918420314253648
"EGY","Egypt",2005,0.918420314253648
"EGY","Egypt",2006,0.906705948372615
"EGY","Egypt",2007,0.906705948372615
"EGY","Egypt",2008,0.906705948372615
"EGY","Egypt",2009,0.906705948372615
"EGY","Egypt",2010,0.906705948372615
"EGY","Egypt",2011,0.906705948372615
"EGY","Egypt",2012,0.906705948372615
"EGY","Egypt",2013,0.919262065095398
"EGY","Egypt",2014,0.911616161616162
"EGY","Egypt",2015,0.910949775533109
"EGY","Egypt",2016,0.911405723905724
"EGY","Egypt",2017,0.912001964085298
"EGY","Egypt",2018,0.912913860830528
"EGY","Egypt",2019,0.91365039281706
"EGY","Egypt",2020,0.91365039281706
"EGY","Egypt",2021,0.91365039281706
"EGY","Egypt",2022,0.91365039281706
"ERI","Eritrea",1995,0.969732042648709
"ERI","Eritrea",1996,0.969732042648709
"ERI","Eritrea",1997,0.969732042648709
"ERI","Eritrea",1998,0.969732042648709
"ERI","Eritrea",1999,0.969732042648709
"ERI","Eritrea",2000,0.969311167227834
"ERI","Eritrea",2001,0.969416386083053
"ERI","Eritrea",2002,0.968960437710438
"ERI","Eritrea",2003,0.969416386083053
"ERI","Eritrea",2004,0.968995510662177
"ERI","Eritrea",2005,0.969276094276094
"ERI","Eritrea",2006,0.969135802469136
"ERI","Eritrea",2007,0.969311167227834
"ERI","Eritrea",2008,0.969311167227834
"ERI","Eritrea",2009,0.969311167227834
"ERI","Eritrea",2010,0.969346240179574
"ERI","Eritrea",2011,0.969311167227834
"ERI","Eritrea",2012,0.969135802469136
"ERI","Eritrea",2013,0.955422278338945
"ERI","Eritrea",2014,0.95686026936027
"ERI","Eritrea",2015,0.958754208754209
"ERI","Eritrea",2016,0.949600168350168
"ERI","Eritrea",2017,0.953528338945006
"ERI","Eritrea",2018,0.949144219977553
"ERI","Eritrea",2019,0.94949494949495
"ERI","Eritrea",2020,0.949109147025814
"ERI","Eritrea",2021,0.949109147025814
"ERI","Eritrea",2022,0.949109147025814
"ESP","Spain",1995,0.70770202020202
"ESP","Spain",1996,0.786966891133558
"ESP","Spain",1997,0.780092592592593
"ESP","Spain",1998,0.778759820426487
"ESP","Spain",1999,0.772622053872054
"ESP","Spain",2000,0.763959034792368
"ESP","Spain",2001,0.7518588664422
"ESP","Spain",2002,0.744668911335578
"ESP","Spain",2003,0.733866442199776
"ESP","Spain",2004,0.725729517396184
"ESP","Spain",2005,0.720012626262626
"ESP","Spain",2006,0.713874859708193
"ESP","Spain",2007,0.710858585858586
"ESP","Spain",2008,0.703703703703704
"ESP","Spain",2009,0.697109988776655
"ESP","Spain",2010,0.684448653198653
"ESP","Spain",2011,0.679152637485971
"ESP","Spain",2012,0.678486251402918
"ESP","Spain",2013,0.682203984287318
"ESP","Spain",2014,0.682168911335578
"ESP","Spain",2015,0.675750561167228
"ESP","Spain",2016,0.668385241301908
"ESP","Spain",2017,0.658564814814815
"ESP","Spain",2018,0.648779461279461
"ESP","Spain",2019,0.634399551066218
"ESP","Spain",2020,0.620896464646465
"ESP","Spain",2021,0.620896464646465
"ESP","Spain",2022,0.620896464646465
"EST","Estonia",1995,0.651725589225589
"EST","Estonia",1996,0.660984848484848
"EST","Estonia",1997,0.663650392817059
"EST","Estonia",1998,0.674172278338945
"EST","Estonia",1999,0.67554012345679
"EST","Estonia",2000,0.68199354657688
"EST","Estonia",2001,0.690130471380471
"EST","Estonia",2002,0.676943041526375
"EST","Estonia",2003,0.671962682379349
"EST","Estonia",2004,0.667052469135803
"EST","Estonia",2005,0.661581088664422
"EST","Estonia",2006,0.65902076318743
"EST","Estonia",2007,0.653198653198653
"EST","Estonia",2008,0.64979657687991
"EST","Estonia",2009,0.661405723905724
"EST","Estonia",2010,0.664281705948373
"EST","Estonia",2011,0.65814393939394
"EST","Estonia",2012,0.66087962962963
"EST","Estonia",2013,0.67648709315376
"EST","Estonia",2014,0.671436588103255
"EST","Estonia",2015,0.659862514029181
"EST","Estonia",2016,0.655653759820427
"EST","Estonia",2017,0.65169051627385
"EST","Estonia",2018,0.647692199775533
"EST","Estonia",2019,0.649410774410774
"EST","Estonia",2020,0.601395903479237
"EST","Estonia",2021,0.474992985409652
"EST","Estonia",2022,0.474992985409652
"ETH","Ethiopia",1995,0.994283108866442
"ETH","Ethiopia",1996,0.994283108866442
"ETH","Ethiopia",1997,0.994353254769922
"ETH","Ethiopia",1998,0.994423400673401
"ETH","Ethiopia",1999,0.99445847362514
"ETH","Ethiopia",2000,0.994423400673401
"ETH","Ethiopia",2001,0.994177890011223
"ETH","Ethiopia",2002,0.994142817059484
"ETH","Ethiopia",2003,0.994212962962963
"ETH","Ethiopia",2004,0.994423400673401
"ETH","Ethiopia",2005,0.992950336700337
"ETH","Ethiopia",2006,0.993792087542088
"ETH","Ethiopia",2007,0.994072671156005
"ETH","Ethiopia",2008,0.994739057239057
"ETH","Ethiopia",2009,0.993020482603816
"ETH","Ethiopia",2010,0.993020482603816
"ETH","Ethiopia",2011,0.993020482603816
"ETH","Ethiopia",2012,0.993020482603816
"ETH","Ethiopia",2013,0.993020482603816
"ETH","Ethiopia",2014,0.993020482603816
"ETH","Ethiopia",2015,0.993020482603816
"ETH","Ethiopia",2016,0.993020482603816
"ETH","Ethiopia",2017,0.973134118967452
"ETH","Ethiopia",2018,0.975343714927048
"ETH","Ethiopia",2019,0.975343714927048
"ETH","Ethiopia",2020,0.971941638608305
"ETH","Ethiopia",2021,0.971941638608305
"ETH","Ethiopia",2022,0.971941638608305
"FIN","Finland",1995,0.439990179573513
"FIN","Finland",1996,0.413019079685746
"FIN","Finland",1997,0.387941919191919
"FIN","Finland",1998,0.363566217732884
"FIN","Finland",1999,0.340382996632997
"FIN","Finland",2000,0.320110830527497
"FIN","Finland",2001,0.307449494949495
"FIN","Finland",2002,0.293876262626263
"FIN","Finland",2003,0.284511784511784
"FIN","Finland",2004,0.494283108866442
"FIN","Finland",2005,0.481271043771044
"FIN","Finland",2006,0.467382154882155
"FIN","Finland",2007,0.458298260381594
"FIN","Finland",2008,0.443462401795735
"FIN","Finland",2009,0.435290404040404
"FIN","Finland",2010,0.448092031425365
"FIN","Finland",2011,0.436763468013468
"FIN","Finland",2012,0.42648709315376
"FIN","Finland",2013,0.426802749719416
"FIN","Finland",2014,0.416596520763187
"FIN","Finland",2015,0.414386924803591
"FIN","Finland",2016,0.413369809203142
"FIN","Finland",2017,0.401059203142536
"FIN","Finland",2018,0.389870931537598
"FIN","Finland",2019,0.0806677890011222
"FIN","Finland",2020,0.0680765993265993
"FIN","Finland",2021,0.0680765993265993
"FIN","Finland",2022,0.0680765993265993
"FJI","Fiji",1995,0.918771043771044
"FJI","Fiji",1996,0.918771043771044
"FJI","Fiji",1997,0.918771043771044
"FJI","Fiji",1998,0.922944725028058
"FJI","Fiji",1999,0.923926767676768
"FJI","Fiji",2000,0.923926767676768
"FJI","Fiji",2001,0.923926767676768
"FJI","Fiji",2002,0.923926767676768
"FJI","Fiji",2003,0.919226992143659
"FJI","Fiji",2004,0.919226992143659
"FJI","Fiji",2005,0.919226992143659
"FJI","Fiji",2006,0.919226992143659
"FJI","Fiji",2007,0.919226992143659
"FJI","Fiji",2008,0.919612794612795
"FJI","Fiji",2009,0.911966891133558
"FJI","Fiji",2010,0.911966891133558
"FJI","Fiji",2011,0.911966891133558
"FJI","Fiji",2012,0.911966891133558
"FJI","Fiji",2013,0.878998316498317
"FJI","Fiji",2014,0.878998316498317
"FJI","Fiji",2015,0.873807519640853
"FJI","Fiji",2016,0.873807519640853
"FJI","Fiji",2017,0.873807519640853
"FJI","Fiji",2018,0.860234287317621
"FJI","Fiji",2019,0.839471099887767
"FJI","Fiji",2020,0.839471099887767
"FJI","Fiji",2021,0.839471099887767
"FJI","Fiji",2022,0.839471099887767
"FRA","France",1995,0.652391975308642
"FRA","France",1996,0.651725589225589
"FRA","France",1997,0.651129349046016
"FRA","France",1998,0.65070847362514
"FRA","France",1999,0.641835016835017
"FRA","France",2000,0.63324214365881
"FRA","France",2001,0.62496492704826
"FRA","France",2002,0.617564534231201
"FRA","France",2003,0.609638047138047
"FRA","France",2004,0.601466049382716
"FRA","France",2005,0.593083613916947
"FRA","France",2006,0.586314534231201
"FRA","France",2007,0.592031425364759
"FRA","France",2008,0.582281144781145
"FRA","France",2009,0.573793490460157
"FRA","France",2010,0.565165544332211
"FRA","France",2011,0.563341750841751
"FRA","France",2012,0.548295454545455
"FRA","France",2013,0.536861672278339
"FRA","France",2014,0.525427890011223
"FRA","France",2015,0.513678451178451
"FRA","France",2016,0.502630471380471
"FRA","France",2017,0.492108585858586
"FRA","France",2018,0.480850168350168
"FRA","France",2019,0.468399270482604
"FRA","France",2020,0.457421436588103
"FRA","France",2021,0.457421436588103
"FRA","France",2022,0.457421436588103
"FSM","Micronesia, Federated States of",1995,0.846320847362514
"FSM","Micronesia, Federated States of",1996,0.846320847362514
"FSM","Micronesia, Federated States of",1997,0.846320847362514
"FSM","Micronesia, Federated States of",1998,0.846320847362514
"FSM","Micronesia, Federated States of",1999,0.846320847362514
"FSM","Micronesia, Federated States of",2000,0.846320847362514
"FSM","Micronesia, Federated States of",2001,0.846320847362514
"FSM","Micronesia, Federated States of",2002,0.846320847362514
"FSM","Micronesia, Federated States of",2003,0.901662457912458
"FSM","Micronesia, Federated States of",2004,0.901662457912458
"FSM","Micronesia, Federated States of",2005,0.900757575757576
"FSM","Micronesia, Federated States of",2006,0.900757575757576
"FSM","Micronesia, Federated States of",2007,0.900757575757576
"FSM","Micronesia, Federated States of",2008,0.887962962962963
"FSM","Micronesia, Federated States of",2009,0.869318181818182
"FSM","Micronesia, Federated States of",2010,0.879377104377104
"FSM","Micronesia, Federated States of",2011,0.879377104377104
"FSM","Micronesia, Federated States of",2012,0.862864758698092
"FSM","Micronesia, Federated States of",2013,0.862864758698092
"FSM","Micronesia, Federated States of",2014,0.862864758698092
"FSM","Micronesia, Federated States of",2015,0.862864758698092
"FSM","Micronesia, Federated States of",2016,0.862864758698092
"FSM","Micronesia, Federated States of",2017,0.862864758698092
"FSM","Micronesia, Federated States of",2018,0.906530583613917
"FSM","Micronesia, Federated States of",2019,0.902146464646465
"FSM","Micronesia, Federated States of",2020,0.891694725028058
"FSM","Micronesia, Federated States of",2021,0.891694725028058
"FSM","Micronesia, Federated States of",2022,0.891694725028058
"GAB","Gabon",1995,0.824810606060606
"GAB","Gabon",1996,0.824810606060606
"GAB","Gabon",1997,0.824810606060606
"GAB","Gabon",1998,0.824810606060606
"GAB","Gabon",1999,0.824810606060606
"GAB","Gabon",2000,0.824810606060606
"GAB","Gabon",2001,0.824810606060606
"GAB","Gabon",2002,0.824810606060606
"GAB","Gabon",2003,0.824810606060606
"GAB","Gabon",2004,0.825056116722783
"GAB","Gabon",2005,0.825056116722783
"GAB","Gabon",2006,0.825056116722783
"GAB","Gabon",2007,0.825056116722783
"GAB","Gabon",2008,0.831446408529742
"GAB","Gabon",2009,0.831446408529742
"GAB","Gabon",2010,0.831446408529742
"GAB","Gabon",2011,0.831446408529742
"GAB","Gabon",2012,0.831446408529742
"GAB","Gabon",2013,0.831446408529742
"GAB","Gabon",2014,0.831446408529742
"GAB","Gabon",2015,0.831446408529742
"GAB","Gabon",2016,0.904671717171717
"GAB","Gabon",2017,0.879840067340067
"GAB","Gabon",2018,0.883347362514029
"GAB","Gabon",2019,0.898042929292929
"GAB","Gabon",2020,0.887766554433221
"GAB","Gabon",2021,0.887766554433221
"GAB","Gabon",2022,0.887766554433221
"GBR","United Kingdom",1995,0.639099326599327
"GBR","United Kingdom",1996,0.637661335578002
"GBR","United Kingdom",1997,0.635662177328844
"GBR","United Kingdom",1998,0.634118967452301
"GBR","United Kingdom",1999,0.633627946127946
"GBR","United Kingdom",2000,0.630787037037037
"GBR","United Kingdom",2001,0.621668069584736
"GBR","United Kingdom",2002,0.608550785634119
"GBR","United Kingdom",2003,0.597081930415264
"GBR","United Kingdom",2004,0.587261503928171
"GBR","United Kingdom",2005,0.580246913580247
"GBR","United Kingdom",2006,0.583754208754209
"GBR","United Kingdom",2007,0.594416386083053
"GBR","United Kingdom",2008,0.59097923681257
"GBR","United Kingdom",2009,0.594065656565657
"GBR","United Kingdom",2010,0.597537878787879
"GBR","United Kingdom",2011,0.603710718294052
"GBR","United Kingdom",2012,0.612864758698092
"GBR","United Kingdom",2013,0.612829685746352
"GBR","United Kingdom",2014,0.611602132435466
"GBR","United Kingdom",2015,0.611426767676768
"GBR","United Kingdom",2016,0.611917789001122
"GBR","United Kingdom",2017,0.612549102132435
"GBR","United Kingdom",2018,0.603745791245791
"GBR","United Kingdom",2019,0.59469696969697
"GBR","United Kingdom",2020,0.581614758698092
"GBR","United Kingdom",2021,0.56986531986532
"GBR","United Kingdom",2022,0.56986531986532
"GEO","Georgia",1995,0.668490460157127
"GEO","Georgia",1996,0.727167508417508
"GEO","Georgia",1997,0.699565095398429
"GEO","Georgia",1998,0.692550505050505
"GEO","Georgia",1999,0.687008978675645
"GEO","Georgia",2000,0.696338383838384
"GEO","Georgia",2001,0.710858585858586
"GEO","Georgia",2002,0.705773007856341
"GEO","Georgia",2003,0.704370089786757
"GEO","Georgia",2004,0.706614758698092
"GEO","Georgia",2005,0.705948372615039
"GEO","Georgia",2006,0.708894500561167
"GEO","Georgia",2007,0.71043771043771
"GEO","Georgia",2008,0.705352132435466
"GEO","Georgia",2009,0.698372615039282
"GEO","Georgia",2010,0.687955948372615
"GEO","Georgia",2011,0.68662317620651
"GEO","Georgia",2012,0.695040684624018
"GEO","Georgia",2013,0.691358024691358
"GEO","Georgia",2014,0.680239898989899
"GEO","Georgia",2015,0.664913019079686
"GEO","Georgia",2016,0.629208754208754
"GEO","Georgia",2017,0.593083613916947
"GEO","Georgia",2018,0.56162317620651
"GEO","Georgia",2019,0.545524691358025
"GEO","Georgia",2020,0.622615039281706
"GEO","Georgia",2021,0.606972502805836
"GEO","Georgia",2022,0.606972502805836
"GHA","Ghana",1995,0.968855218855219
"GHA","Ghana",1996,0.968855218855219
"GHA","Ghana",1997,0.968855218855219
"GHA","Ghana",1998,0.968855218855219
"GHA","Ghana",1999,0.968855218855219
"GHA","Ghana",2000,0.968855218855219
"GHA","Ghana",2001,0.968855218855219
"GHA","Ghana",2002,0.96787317620651
"GHA","Ghana",2003,0.96787317620651
"GHA","Ghana",2004,0.965838945005612
"GHA","Ghana",2005,0.965838945005612
"GHA","Ghana",2006,0.965838945005612
"GHA","Ghana",2007,0.968574635241302
"GHA","Ghana",2008,0.966996352413019
"GHA","Ghana",2009,0.959210157126824
"GHA","Ghana",2010,0.963348765432099
"GHA","Ghana",2011,0.96320847362514
"GHA","Ghana",2012,0.96327861952862
"GHA","Ghana",2013,0.963068181818182
"GHA","Ghana",2014,0.952300785634119
"GHA","Ghana",2015,0.930906285072952
"GHA","Ghana",2016,0.926802749719416
"GHA","Ghana",2017,0.920384399551066
"GHA","Ghana",2018,0.843609708193041
"GHA","Ghana",2019,0.907232042648709
"GHA","Ghana",2020,0.874228395061728
"GHA","Ghana",2021,0.874228395061728
"GHA","Ghana",2022,0.874228395061728
"GIN","Guinea",1995,0.982042648709315
"GIN","Guinea",1996,0.982042648709315
"GIN","Guinea",1997,0.982042648709315
"GIN","Guinea",1998,0.982042648709315
"GIN","Guinea",1999,0.982042648709315
"GIN","Guinea",2000,0.983375420875421
"GIN","Guinea",2001,0.983375420875421
"GIN","Guinea",2002,0.983375420875421
"GIN","Guinea",2003,0.983375420875421
"GIN","Guinea",2004,0.981481481481482
"GIN","Guinea",2005,0.981726992143659
"GIN","Guinea",2006,0.981726992143659
"GIN","Guinea",2007,0.981726992143659
"GIN","Guinea",2008,0.981726992143659
"GIN","Guinea",2009,0.981726992143659
"GIN","Guinea",2010,0.981726992143659
"GIN","Guinea",2011,0.981726992143659
"GIN","Guinea",2012,0.981726992143659
"GIN","Guinea",2013,0.981726992143659
"GIN","Guinea",2014,0.977413019079686
"GIN","Guinea",2015,0.98526936026936
"GIN","Guinea",2016,0.99544051627385
"GIN","Guinea",2017,0.99544051627385
"GIN","Guinea",2018,0.974712401795735
"GIN","Guinea",2019,0.974712401795735
"GIN","Guinea",2020,0.974712401795735
"GIN","Guinea",2021,0.974712401795735
"GIN","Guinea",2022,0.974712401795735
"GMB","Gambia",1995,0.959245230078563
"GMB","Gambia",1996,0.959245230078563
"GMB","Gambia",1997,0.959245230078563
"GMB","Gambia",1998,0.959245230078563
"GMB","Gambia",1999,0.959245230078563
"GMB","Gambia",2000,0.959245230078563
"GMB","Gambia",2001,0.959245230078563
"GMB","Gambia",2002,0.959245230078563
"GMB","Gambia",2003,0.956965488215488
"GMB","Gambia",2004,0.983866442199776
"GMB","Gambia",2005,0.983620931537598
"GMB","Gambia",2006,0.983585858585859
"GMB","Gambia",2007,0.974326599326599
"GMB","Gambia",2008,0.972046857463524
"GMB","Gambia",2009,0.972046857463524
"GMB","Gambia",2010,0.972046857463524
"GMB","Gambia",2011,0.972046857463524
"GMB","Gambia",2012,0.95861391694725
"GMB","Gambia",2013,0.95861391694725
"GMB","Gambia",2014,0.95861391694725
"GMB","Gambia",2015,0.949109147025814
"GMB","Gambia",2016,0.949109147025814
"GMB","Gambia",2017,0.976360830527497
"GMB","Gambia",2018,0.976816778900112
"GMB","Gambia",2019,0.979201739618406
"GMB","Gambia",2020,0.96875
"GMB","Gambia",2021,0.96875
"GMB","Gambia",2022,0.96875
"GNB","Guinea-Bissau",1995,0.968855218855219
"GNB","Guinea-Bissau",1996,0.968855218855219
"GNB","Guinea-Bissau",1997,0.968855218855219
"GNB","Guinea-Bissau",1998,0.968855218855219
"GNB","Guinea-Bissau",1999,0.968855218855219
"GNB","Guinea-Bissau",2000,0.968855218855219
"GNB","Guinea-Bissau",2001,0.968855218855219
"GNB","Guinea-Bissau",2002,0.968855218855219
"GNB","Guinea-Bissau",2003,0.968855218855219
"GNB","Guinea-Bissau",2004,0.969767115600449
"GNB","Guinea-Bissau",2005,0.969767115600449
"GNB","Guinea-Bissau",2006,0.969767115600449
"GNB","Guinea-Bissau",2007,0.969767115600449
"GNB","Guinea-Bissau",2008,0.978324915824916
"GNB","Guinea-Bissau",2009,0.975834736251403
"GNB","Guinea-Bissau",2010,0.975834736251403
"GNB","Guinea-Bissau",2011,0.981271043771044
"GNB","Guinea-Bissau",2012,0.981271043771044
"GNB","Guinea-Bissau",2013,0.982253086419753
"GNB","Guinea-Bissau",2014,0.982603815937149
"GNB","Guinea-Bissau",2015,0.976746632996633
"GNB","Guinea-Bissau",2016,0.979131593714927
"GNB","Guinea-Bissau",2017,0.979131593714927
"GNB","Guinea-Bissau",2018,0.973414702581369
"GNB","Guinea-Bissau",2019,0.973414702581369
"GNB","Guinea-Bissau",2020,0.968820145903479
"GNB","Guinea-Bissau",2021,0.957947530864198
"GNB","Guinea-Bissau",2022,0.957947530864198
"GNQ","Equatorial Guinea",1995,0.983796296296296
"GNQ","Equatorial Guinea",1996,0.982463524130191
"GNQ","Equatorial Guinea",1997,0.982463524130191
"GNQ","Equatorial Guinea",1998,0.982463524130191
"GNQ","Equatorial Guinea",1999,0.982463524130191
"GNQ","Equatorial Guinea",2000,0.982463524130191
"GNQ","Equatorial Guinea",2001,0.982463524130191
"GNQ","Equatorial Guinea",2002,0.982463524130191
"GNQ","Equatorial Guinea",2003,0.982463524130191
"GNQ","Equatorial Guinea",2004,0.984602974186307
"GNQ","Equatorial Guinea",2005,0.984602974186307
"GNQ","Equatorial Guinea",2006,0.984602974186307
"GNQ","Equatorial Guinea",2007,0.984602974186307
"GNQ","Equatorial Guinea",2008,0.984602974186307
"GNQ","Equatorial Guinea",2009,0.984602974186307
"GNQ","Equatorial Guinea",2010,0.984602974186307
"GNQ","Equatorial Guinea",2011,0.984602974186307
"GNQ","Equatorial Guinea",2012,0.984602974186307
"GNQ","Equatorial Guinea",2013,0.984602974186307
"GNQ","Equatorial Guinea",2014,0.984602974186307
"GNQ","Equatorial Guinea",2015,0.984602974186307
"GNQ","Equatorial Guinea",2016,0.984602974186307
"GNQ","Equatorial Guinea",2017,0.974992985409652
"GNQ","Equatorial Guinea",2018,0.980850168350168
"GNQ","Equatorial Guinea",2019,0.980850168350168
"GNQ","Equatorial Guinea",2020,0.980850168350168
"GNQ","Equatorial Guinea",2021,0.980850168350168
"GNQ","Equatorial Guinea",2022,0.980850168350168
"GRC","Greece",1995,0.770096801346801
"GRC","Greece",1996,0.770061728395062
"GRC","Greece",1997,0.766028338945006
"GRC","Greece",1998,0.761328563411897
"GRC","Greece",1999,0.757680976430976
"GRC","Greece",2000,0.753893097643098
"GRC","Greece",2001,0.746387485970819
"GRC","Greece",2002,0.734076879910213
"GRC","Greece",2003,0.733235129068462
"GRC","Greece",2004,0.73348063973064
"GRC","Greece",2005,0.703633557800224
"GRC","Greece",2006,0.693462401795735
"GRC","Greece",2007,0.684974747474748
"GRC","Greece",2008,0.679468294051627
"GRC","Greece",2009,0.671822390572391
"GRC","Greece",2010,0.668806116722783
"GRC","Greece",2011,0.666947250280584
"GRC","Greece",2012,0.671822390572391
"GRC","Greece",2013,0.673155162738496
"GRC","Greece",2014,0.674067059483726
"GRC","Greece",2015,0.674207351290685
"GRC","Greece",2016,0.664281705948373
"GRC","Greece",2017,0.662633277216611
"GRC","Greece",2018,0.658038720538721
"GRC","Greece",2019,0.653794893378227
"GRC","Greece",2020,0.651725589225589
"GRC","Greece",2021,0.651725589225589
"GRC","Greece",2022,0.651725589225589
"GRD","Grenada",1995,0.850413860830528
"GRD","Grenada",1996,0.850413860830528
"GRD","Grenada",1997,0.859567901234568
"GRD","Grenada",1998,0.859567901234568
"GRD","Grenada",1999,0.85385101010101
"GRD","Grenada",2000,0.864127384960718
"GRD","Grenada",2001,0.864758698092031
"GRD","Grenada",2002,0.865144500561167
"GRD","Grenada",2003,0.86577581369248
"GRD","Grenada",2004,0.86577581369248
"GRD","Grenada",2005,0.86577581369248
"GRD","Grenada",2006,0.855008417508418
"GRD","Grenada",2007,0.855008417508418
"GRD","Grenada",2008,0.855008417508418
"GRD","Grenada",2009,0.855008417508418
"GRD","Grenada",2010,0.855008417508418
"GRD","Grenada",2011,0.855008417508418
"GRD","Grenada",2012,0.855008417508418
"GRD","Grenada",2013,0.855008417508418
"GRD","Grenada",2014,0.855008417508418
"GRD","Grenada",2015,0.855008417508418
"GRD","Grenada",2016,0.855008417508418
"GRD","Grenada",2017,0.859006734006734
"GRD","Grenada",2018,0.754945286195286
"GRD","Grenada",2019,0.754945286195286
"GRD","Grenada",2020,0.754945286195286
"GRD","Grenada",2021,0.754945286195286
"GRD","Grenada",2022,0.754945286195286
"GTM","Guatemala",1995,0.933396464646465
"GTM","Guatemala",1996,0.933396464646465
"GTM","Guatemala",1997,0.939253647586981
"GTM","Guatemala",1998,0.939253647586981
"GTM","Guatemala",1999,0.941498316498317
"GTM","Guatemala",2000,0.941498316498317
"GTM","Guatemala",2001,0.941498316498317
"GTM","Guatemala",2002,0.941498316498317
"GTM","Guatemala",2003,0.941498316498317
"GTM","Guatemala",2004,0.941498316498317
"GTM","Guatemala",2005,0.941498316498317
"GTM","Guatemala",2006,0.941498316498317
"GTM","Guatemala",2007,0.941498316498317
"GTM","Guatemala",2008,0.941498316498317
"GTM","Guatemala",2009,0.940130471380471
"GTM","Guatemala",2010,0.940130471380471
"GTM","Guatemala",2011,0.940130471380471
"GTM","Guatemala",2012,0.940130471380471
"GTM","Guatemala",2013,0.940130471380471
"GTM","Guatemala",2014,0.937219416386083
"GTM","Guatemala",2015,0.936377665544332
"GTM","Guatemala",2016,0.934904601571268
"GTM","Guatemala",2017,0.949530022446689
"GTM","Guatemala",2018,0.943813131313131
"GTM","Guatemala",2019,0.943813131313131
"GTM","Guatemala",2020,0.876753647586981
"GTM","Guatemala",2021,0.876753647586981
"GTM","Guatemala",2022,0.876753647586981
"GUY","Guyana",1995,0.910704264870932
"GUY","Guyana",1996,0.910704264870932
"GUY","Guyana",1997,0.915930134680135
"GUY","Guyana",1998,0.915930134680135
"GUY","Guyana",1999,0.915930134680135
"GUY","Guyana",2000,0.90537317620651
"GUY","Guyana",2001,0.90537317620651
"GUY","Guyana",2002,0.90537317620651
"GUY","Guyana",2003,0.90537317620651
"GUY","Guyana",2004,0.90537317620651
"GUY","Guyana",2005,0.90537317620651
"GUY","Guyana",2006,0.90537317620651
"GUY","Guyana",2007,0.90537317620651
"GUY","Guyana",2008,0.90537317620651
"GUY","Guyana",2009,0.948933782267116
"GUY","Guyana",2010,0.943076599326599
"GUY","Guyana",2011,0.943076599326599
"GUY","Guyana",2012,0.943076599326599
"GUY","Guyana",2013,0.952897025813693
"GUY","Guyana",2014,0.956053591470258
"GUY","Guyana",2015,0.953563411896745
"GUY","Guyana",2016,0.952335858585859
"GUY","Guyana",2017,0.95040684624018
"GUY","Guyana",2018,0.903163580246914
"GUY","Guyana",2019,0.846134960718294
"GUY","Guyana",2020,0.831158810325477
"GUY","Guyana",2021,0.831158810325477
"GUY","Guyana",2022,0.831158810325477
"HND","Honduras",1995,0.934869528619529
"HND","Honduras",1996,0.934869528619529
"HND","Honduras",1997,0.928486251402918
"HND","Honduras",1998,0.928486251402918
"HND","Honduras",1999,0.928486251402918
"HND","Honduras",2000,0.938306677890011
"HND","Honduras",2001,0.938306677890011
"HND","Honduras",2002,0.938306677890011
"HND","Honduras",2003,0.938306677890011
"HND","Honduras",2004,0.938306677890011
"HND","Honduras",2005,0.95401936026936
"HND","Honduras",2006,0.95401936026936
"HND","Honduras",2007,0.95401936026936
"HND","Honduras",2008,0.95401936026936
"HND","Honduras",2009,0.95401936026936
"HND","Honduras",2010,0.962752525252525
"HND","Honduras",2011,0.962752525252525
"HND","Honduras",2012,0.962752525252525
"HND","Honduras",2013,0.968364197530864
"HND","Honduras",2014,0.969135802469136
"HND","Honduras",2015,0.96962682379349
"HND","Honduras",2016,0.95686026936027
"HND","Honduras",2017,0.966856060606061
"HND","Honduras",2018,0.96696127946128
"HND","Honduras",2019,0.96696127946128
"HND","Honduras",2020,0.96043771043771
"HND","Honduras",2021,0.96043771043771
"HND","Honduras",2022,0.96043771043771
"HRV","Croatia",1995,0.770377384960718
"HRV","Croatia",1996,0.764204545454545
"HRV","Croatia",1997,0.754875140291807
"HRV","Croatia",1998,0.754138608305275
"HRV","Croatia",1999,0.752384960718294
"HRV","Croatia",2000,0.751262626262626
"HRV","Croatia",2001,0.747825476992144
"HRV","Croatia",2002,0.74537037037037
"HRV","Croatia",2003,0.741652637485971
"HRV","Croatia",2004,0.735058922558923
"HRV","Croatia",2005,0.732814253647587
"HRV","Croatia",2006,0.727833894500561
"HRV","Croatia",2007,0.71878507295174
"HRV","Croatia",2008,0.710963804713805
"HRV","Croatia",2009,0.714330808080808
"HRV","Croatia",2010,0.70310746352413
"HRV","Croatia",2011,0.696548821548822
"HRV","Croatia",2012,0.689709595959596
"HRV","Croatia",2013,0.682554713804714
"HRV","Croatia",2014,0.679713804713805
"HRV","Croatia",2015,0.675855780022447
"HRV","Croatia",2016,0.60662177328844
"HRV","Croatia",2017,0.602588383838384
"HRV","Croatia",2018,0.600098204264871
"HRV","Croatia",2019,0.597187149270483
"HRV","Croatia",2020,0.597187149270483
"HRV","Croatia",2021,0.597187149270483
"HRV","Croatia",2022,0.597187149270483
"HTI","Haiti",1995,0.993336139169473
"HTI","Haiti",1996,0.993336139169473
"HTI","Haiti",1997,0.993336139169473
"HTI","Haiti",1998,0.990460157126824
"HTI","Haiti",1999,0.990460157126824
"HTI","Haiti",2000,0.990460157126824
"HTI","Haiti",2001,0.990460157126824
"HTI","Haiti",2002,0.990460157126824
"HTI","Haiti",2003,0.990460157126824
"HTI","Haiti",2004,0.990460157126824
"HTI","Haiti",2005,0.990460157126824
"HTI","Haiti",2006,0.990460157126824
"HTI","Haiti",2007,0.990460157126824
"HTI","Haiti",2008,0.990460157126824
"HTI","Haiti",2009,0.990460157126824
"HTI","Haiti",2010,0.990460157126824
"HTI","Haiti",2011,0.955457351290685
"HTI","Haiti",2012,0.955457351290685
"HTI","Haiti",2013,0.9521955667789
"HTI","Haiti",2014,0.9521955667789
"HTI","Haiti",2015,0.989548260381594
"HTI","Haiti",2016,0.989548260381594
"HTI","Haiti",2017,0.989548260381594
"HTI","Haiti",2018,0.980183782267116
"HTI","Haiti",2019,0.980183782267116
"HTI","Haiti",2020,0.980183782267116
"HTI","Haiti",2021,0.980183782267116
"HTI","Haiti",2022,0.980183782267116
"HUN","Hungary",1995,0.701459034792368
"HUN","Hungary",1996,0.697776374859708
"HUN","Hungary",1997,0.699775533108866
"HUN","Hungary",1998,0.694795173961841
"HUN","Hungary",1999,0.697390572390572
"HUN","Hungary",2000,0.71594416386083
"HUN","Hungary",2001,0.7003367003367
"HUN","Hungary",2002,0.6837822671156
"HUN","Hungary",2003,0.678907126823794
"HUN","Hungary",2004,0.675680415263749
"HUN","Hungary",2005,0.689078282828283
"HUN","Hungary",2006,0.671436588103255
"HUN","Hungary",2007,0.689569304152638
"HUN","Hungary",2008,0.672067901234568
"HUN","Hungary",2009,0.672278338945006
"HUN","Hungary",2010,0.677679573512907
"HUN","Hungary",2011,0.674312570145904
"HUN","Hungary",2012,0.666456228956229
"HUN","Hungary",2013,0.658705106621773
"HUN","Hungary",2014,0.655162738496072
"HUN","Hungary",2015,0.661090067340067
"HUN","Hungary",2016,0.658459595959596
"HUN","Hungary",2017,0.648779461279461
"HUN","Hungary",2018,0.643062570145904
"HUN","Hungary",2019,0.639555274971942
"HUN","Hungary",2020,0.653374017957351
"HUN","Hungary",2021,0.655548540965208
"HUN","Hungary",2022,0.655548540965208
"IDN","Indonesia",1995,0.96966189674523
"IDN","Indonesia",1996,0.96966189674523
"IDN","Indonesia",1997,0.96966189674523
"IDN","Indonesia",1998,0.96966189674523
"IDN","Indonesia",1999,0.96966189674523
"IDN","Indonesia",2000,0.96966189674523
"IDN","Indonesia",2001,0.96966189674523
"IDN","Indonesia",2002,0.96966189674523
"IDN","Indonesia",2003,0.96966189674523
"IDN","Indonesia",2004,0.96966189674523
"IDN","Indonesia",2005,0.96966189674523
"IDN","Indonesia",2006,0.96966189674523
"IDN","Indonesia",2007,0.96966189674523
"IDN","Indonesia",2008,0.96966189674523
"IDN","Indonesia",2009,0.969276094276094
"IDN","Indonesia",2010,0.969451459034792
"IDN","Indonesia",2011,0.969451459034792
"IDN","Indonesia",2012,0.967312008978676
"IDN","Indonesia",2013,0.967312008978676
"IDN","Indonesia",2014,0.967312008978676
"IDN","Indonesia",2015,0.947565937149271
"IDN","Indonesia",2016,0.947565937149271
"IDN","Indonesia",2017,0.917333052749719
"IDN","Indonesia",2018,0.878191638608305
"IDN","Indonesia",2019,0.852167508417508
"IDN","Indonesia",2020,0.841084455667789
"IDN","Indonesia",2021,0.838699494949495
"IDN","Indonesia",2022,0.838699494949495
"IND","India",1995,0.938061167227834
"IND","India",1996,0.938061167227834
"IND","India",1997,0.938061167227834
"IND","India",1998,0.938061167227834
"IND","India",1999,0.938061167227834
"IND","India",2000,0.938061167227834
"IND","India",2001,0.93753507295174
"IND","India",2002,0.93753507295174
"IND","India",2003,0.935395622895623
"IND","India",2004,0.934904601571268
"IND","India",2005,0.93381734006734
"IND","India",2006,0.93381734006734
"IND","India",2007,0.93381734006734
"IND","India",2008,0.93381734006734
"IND","India",2009,0.93381734006734
"IND","India",2010,0.93381734006734
"IND","India",2011,0.93381734006734
"IND","India",2012,0.93381734006734
"IND","India",2013,0.93381734006734
"IND","India",2014,0.93381734006734
"IND","India",2015,0.93381734006734
"IND","India",2016,0.93381734006734
"IND","India",2017,0.905723905723906
"IND","India",2018,0.918946408529742
"IND","India",2019,0.918946408529742
"IND","India",2020,0.916491301907969
"IND","India",2021,0.916491301907969
"IND","India",2022,0.916491301907969
"IRL","Ireland",1995,0.507610830527497
"IRL","Ireland",1996,0.492529461279461
"IRL","Ireland",1997,0.473239337822671
"IRL","Ireland",1998,0.462051066217733
"IRL","Ireland",1999,0.442585578002245
"IRL","Ireland",2000,0.430239898989899
"IRL","Ireland",2001,0.396043771043771
"IRL","Ireland",2002,0.376367845117845
"IRL","Ireland",2003,0.389029180695847
"IRL","Ireland",2004,0.469030583613917
"IRL","Ireland",2005,0.445286195286195
"IRL","Ireland",2006,0.430204826038159
"IRL","Ireland",2007,0.384364478114478
"IRL","Ireland",2008,0.383522727272727
"IRL","Ireland",2009,0.404110549943883
"IRL","Ireland",2010,0.38145342312009
"IRL","Ireland",2011,0.384048821548822
"IRL","Ireland",2012,0.404250841750842
"IRL","Ireland",2013,0.420103815937149
"IRL","Ireland",2014,0.465803872053872
"IRL","Ireland",2015,0.456053591470258
"IRL","Ireland",2016,0.48074494949495
"IRL","Ireland",2017,0.37962962962963
"IRL","Ireland",2018,0.431888327721661
"IRL","Ireland",2019,0.33820847362514
"IRL","Ireland",2020,0.234006734006734
"IRL","Ireland",2021,0.337542087542088
"IRL","Ireland",2022,0.337542087542088
"IRN","Iran, Islamic Republic of",1995,0.923891694725028
"IRN","Iran, Islamic Republic of",1996,0.923891694725028
"IRN","Iran, Islamic Republic of",1997,0.923891694725028
"IRN","Iran, Islamic Republic of",1998,0.916912177328844
"IRN","Iran, Islamic Republic of",1999,0.916912177328844
"IRN","Iran, Islamic Republic of",2000,0.916912177328844
"IRN","Iran, Islamic Republic of",2001,0.916912177328844
"IRN","Iran, Islamic Republic of",2002,0.916912177328844
"IRN","Iran, Islamic Republic of",2003,0.916912177328844
"IRN","Iran, Islamic Republic of",2004,0.92283950617284
"IRN","Iran, Islamic Republic of",2005,0.922664141414141
"IRN","Iran, Islamic Republic of",2006,0.925329685746352
"IRN","Iran, Islamic Republic of",2007,0.925329685746352
"IRN","Iran, Islamic Republic of",2008,0.925329685746352
"IRN","Iran, Islamic Republic of",2009,0.925329685746352
"IRN","Iran, Islamic Republic of",2010,0.925329685746352
"IRN","Iran, Islamic Republic of",2011,0.91547418630752
"IRN","Iran, Islamic Republic of",2012,0.91547418630752
"IRN","Iran, Islamic Republic of",2013,0.91547418630752
"IRN","Iran, Islamic Republic of",2014,0.898358585858586
"IRN","Iran, Islamic Republic of",2015,0.900182379349046
"IRN","Iran, Islamic Republic of",2016,0.900182379349046
"IRN","Iran, Islamic Republic of",2017,0.876753647586981
"IRN","Iran, Islamic Republic of",2018,0.879910213243547
"IRN","Iran, Islamic Republic of",2019,0.879910213243547
"IRN","Iran, Islamic Republic of",2020,0.879910213243547
"IRN","Iran, Islamic Republic of",2021,0.879910213243547
"IRN","Iran, Islamic Republic of",2022,0.879910213243547
"IRQ","Iraq",1995,0.937008978675645
"IRQ","Iraq",1996,0.937008978675645
"IRQ","Iraq",1997,0.937008978675645
"IRQ","Iraq",1998,0.937008978675645
"IRQ","Iraq",1999,0.937008978675645
"IRQ","Iraq",2000,0.937008978675645
"IRQ","Iraq",2001,0.937254489337823
"IRQ","Iraq",2002,0.937254489337823
"IRQ","Iraq",2003,0.937254489337823
"IRQ","Iraq",2004,0.933221099887767
"IRQ","Iraq",2005,0.933150953984287
"IRQ","Iraq",2006,0.933150953984287
"IRQ","Iraq",2007,0.947285353535354
"IRQ","Iraq",2008,0.947285353535354
"IRQ","Iraq",2009,0.947285353535354
"IRQ","Iraq",2010,0.943672839506173
"IRQ","Iraq",2011,0.943672839506173
"IRQ","Iraq",2012,0.943672839506173
"IRQ","Iraq",2013,0.912142255892256
"IRQ","Iraq",2014,0.906881313131313
"IRQ","Iraq",2015,0.914036195286195
"IRQ","Iraq",2016,0.917333052749719
"IRQ","Iraq",2017,0.91449214365881
"IRQ","Iraq",2018,0.911195286195286
"IRQ","Iraq",2019,0.911195286195286
"IRQ","Iraq",2020,0.891449214365881
"IRQ","Iraq",2021,0.891449214365881
"IRQ","Iraq",2022,0.891449214365881
"ISL","Iceland",1995,0.4375
"ISL","Iceland",1996,0.434132996632997
"ISL","Iceland",1997,0.402953142536476
"ISL","Iceland",1998,0.386574074074074
"ISL","Iceland",1999,0.388152356902357
"ISL","Iceland",2000,0.391659652076319
"ISL","Iceland",2001,0.39334315375982
"ISL","Iceland",2002,0.386889730639731
"ISL","Iceland",2003,0.371878507295174
"ISL","Iceland",2004,0.36945847362514
"ISL","Iceland",2005,0.359041806958474
"ISL","Iceland",2006,0.368090628507295
"ISL","Iceland",2007,0.357954545454545
"ISL","Iceland",2008,0.325722502805836
"ISL","Iceland",2009,0.311482884399551
"ISL","Iceland",2010,0.339436026936027
"ISL","Iceland",2011,0.329861111111111
"ISL","Iceland",2012,0.318392255892256
"ISL","Iceland",2013,0.305871212121212
"ISL","Iceland",2014,0.3087822671156
"ISL","Iceland",2015,0.2996632996633
"ISL","Iceland",2016,0.341505331088664
"ISL","Iceland",2017,0.330562570145903
"ISL","Iceland",2018,0.32354797979798
"ISL","Iceland",2019,0.299698372615039
"ISL","Iceland",2020,0.293385241301908
"ISL","Iceland",2021,0.293385241301908
"ISL","Iceland",2022,0.293385241301908
"ISR","Israel",1995,0.597818462401796
"ISR","Israel",1996,0.687640291806959
"ISR","Israel",1997,0.686658249158249
"ISR","Israel",1998,0.68009960718294
"ISR","Israel",1999,0.678240740740741
"ISR","Israel",2000,0.669016554433221
"ISR","Israel",2001,0.665719696969697
"ISR","Israel",2002,0.667964365881033
"ISR","Israel",2003,0.6728044332211
"ISR","Israel",2004,0.678942199775533
"ISR","Israel",2005,0.678100448933782
"ISR","Israel",2006,0.679783950617284
"ISR","Israel",2007,0.685115039281706
"ISR","Israel",2008,0.694374298540965
"ISR","Israel",2009,0.698653198653199
"ISR","Israel",2010,0.699705387205387
"ISR","Israel",2011,0.695601851851852
"ISR","Israel",2012,0.695286195286195
"ISR","Israel",2013,0.694374298540965
"ISR","Israel",2014,0.694935465768799
"ISR","Israel",2015,0.693813131313131
"ISR","Israel",2016,0.689920033670034
"ISR","Israel",2017,0.685921717171717
"ISR","Israel",2018,0.685781425364759
"ISR","Israel",2019,0.684378507295174
"ISR","Israel",2020,0.677784792368126
"ISR","Israel",2021,0.676907968574635
"ISR","Israel",2022,0.676907968574635
"ITA","Italy",1995,0.66817480359147
"ITA","Italy",1996,0.664702581369248
"ITA","Italy",1997,0.661265432098765
"ITA","Italy",1998,0.658634960718294
"ITA","Italy",1999,0.657021604938272
"ITA","Italy",2000,0.680625701459035
"ITA","Italy",2001,0.676662457912458
"ITA","Italy",2002,0.672488776655443
"ITA","Italy",2003,0.683150953984287
"ITA","Italy",2004,0.685430695847363
"ITA","Italy",2005,0.689569304152638
"ITA","Italy",2006,0.68385241301908
"ITA","Italy",2007,0.677153479236813
"ITA","Italy",2008,0.677749719416386
"ITA","Italy",2009,0.677890011223345
"ITA","Italy",2010,0.678030303030303
"ITA","Italy",2011,0.67645202020202
"ITA","Italy",2012,0.680380190796858
"ITA","Italy",2013,0.679292929292929
"ITA","Italy",2014,0.669893378226712
"ITA","Italy",2015,0.665263748597082
"ITA","Italy",2016,0.65625
"ITA","Italy",2017,0.646499719416386
"ITA","Italy",2018,0.648779461279461
"ITA","Italy",2019,0.634469696969697
"ITA","Italy",2020,0.63233024691358
"ITA","Italy",2021,0.628051346801347
"ITA","Italy",2022,0.628051346801347
"JAM","Jamaica",1995,0.924733445566779
"JAM","Jamaica",1996,0.924733445566779
"JAM","Jamaica",1997,0.924733445566779
"JAM","Jamaica",1998,0.924733445566779
"JAM","Jamaica",1999,0.924733445566779
"JAM","Jamaica",2000,0.924733445566779
"JAM","Jamaica",2001,0.924733445566779
"JAM","Jamaica",2002,0.924733445566779
"JAM","Jamaica",2003,0.914913019079686
"JAM","Jamaica",2004,0.914913019079686
"JAM","Jamaica",2005,0.914913019079686
"JAM","Jamaica",2006,0.914913019079686
"JAM","Jamaica",2007,0.914913019079686
"JAM","Jamaica",2008,0.95040684624018
"JAM","Jamaica",2009,0.95040684624018
"JAM","Jamaica",2010,0.95040684624018
"JAM","Jamaica",2011,0.95040684624018
"JAM","Jamaica",2012,0.935185185185185
"JAM","Jamaica",2013,0.93381734006734
"JAM","Jamaica",2014,0.937149270482604
"JAM","Jamaica",2015,0.934904601571268
"JAM","Jamaica",2016,0.927679573512907
"JAM","Jamaica",2017,0.932519640852974
"JAM","Jamaica",2018,0.948793490460157
"JAM","Jamaica",2019,0.948793490460157
"JAM","Jamaica",2020,0.948793490460157
"JAM","Jamaica",2021,0.948793490460157
"JAM","Jamaica",2022,0.948793490460157
"JOR","Jordan",1995,0.843820145903479
"JOR","Jordan",1996,0.843820145903479
"JOR","Jordan",1997,0.843820145903479
"JOR","Jordan",1998,0.866652637485971
"JOR","Jordan",1999,0.82996632996633
"JOR","Jordan",2000,0.82817760942761
"JOR","Jordan",2001,0.822320426487093
"JOR","Jordan",2002,0.824915824915825
"JOR","Jordan",2003,0.816954264870932
"JOR","Jordan",2004,0.814990179573513
"JOR","Jordan",2005,0.81523569023569
"JOR","Jordan",2006,0.808992704826038
"JOR","Jordan",2007,0.817550505050505
"JOR","Jordan",2008,0.822986812570146
"JOR","Jordan",2009,0.801943041526375
"JOR","Jordan",2010,0.790719696969697
"JOR","Jordan",2011,0.790719696969697
"JOR","Jordan",2012,0.790719696969697
"JOR","Jordan",2013,0.78402076318743
"JOR","Jordan",2014,0.798856621773288
"JOR","Jordan",2015,0.782337261503928
"JOR","Jordan",2016,0.782337261503928
"JOR","Jordan",2017,0.81162317620651
"JOR","Jordan",2018,0.830246913580247
"JOR","Jordan",2019,0.803626543209876
"JOR","Jordan",2020,0.803626543209876
"JOR","Jordan",2021,0.803626543209876
"JOR","Jordan",2022,0.803626543209876
"JPN","Japan",1995,0.665512766554433
"JPN","Japan",1996,0.665512766554433
"JPN","Japan",1997,0.665512766554433
"JPN","Japan",1998,0.648144640852974
"JPN","Japan",1999,0.648144640852974
"JPN","Japan",2000,0.631186868686869
"JPN","Japan",2001,0.631186868686869
"JPN","Japan",2002,0.631137766554433
"JPN","Japan",2003,0.631137766554433
"JPN","Japan",2004,0.61672278338945
"JPN","Japan",2005,0.61672278338945
"JPN","Japan",2006,0.602658529741863
"JPN","Japan",2007,0.602658529741863
"JPN","Japan",2008,0.584490740740741
"JPN","Japan",2009,0.584490740740741
"JPN","Japan",2010,0.56337682379349
"JPN","Japan",2011,0.56337682379349
"JPN","Japan",2012,0.545805274971942
"JPN","Japan",2013,0.545805274971942
"JPN","Japan",2014,0.527918069584736
"JPN","Japan",2015,0.527918069584736
"JPN","Japan",2016,0.51101290684624
"JPN","Japan",2017,0.51101290684624
"JPN","Japan",2018,0.492704826038159
"JPN","Japan",2019,0.492704826038159
"JPN","Japan",2020,0.47425645342312
"JPN","Japan",2021,0.47425645342312
"JPN","Japan",2022,0.47425645342312
"KAZ","Kazakhstan",1995,0.555239898989899
"KAZ","Kazakhstan",1996,0.583999719416386
"KAZ","Kazakhstan",1997,0.632470538720539
"KAZ","Kazakhstan",1998,0.641098484848485
"KAZ","Kazakhstan",1999,0.657442480359147
"KAZ","Kazakhstan",2000,0.677819865319865
"KAZ","Kazakhstan",2001,0.664001122334456
"KAZ","Kazakhstan",2002,0.652321829405163
"KAZ","Kazakhstan",2003,0.649024971941639
"KAZ","Kazakhstan",2004,0.64523709315376
"KAZ","Kazakhstan",2005,0.640782828282828
"KAZ","Kazakhstan",2006,0.624403759820427
"KAZ","Kazakhstan",2007,0.622790404040404
"KAZ","Kazakhstan",2008,0.631067620650954
"KAZ","Kazakhstan",2009,0.611040965207632
"KAZ","Kazakhstan",2010,0.603254769921437
"KAZ","Kazakhstan",2011,0.59553872053872
"KAZ","Kazakhstan",2012,0.591189674523008
"KAZ","Kazakhstan",2013,0.590277777777778
"KAZ","Kazakhstan",2014,0.616933221099888
"KAZ","Kazakhstan",2015,0.613460998877666
"KAZ","Kazakhstan",2016,0.605815095398429
"KAZ","Kazakhstan",2017,0.612408810325477
"KAZ","Kazakhstan",2018,0.612689393939394
"KAZ","Kazakhstan",2019,0.61209315375982
"KAZ","Kazakhstan",2020,0.609287317620651
"KAZ","Kazakhstan",2021,0.609287317620651
"KAZ","Kazakhstan",2022,0.609287317620651
"KEN","Kenya",1995,0.981691919191919
"KEN","Kenya",1996,0.981691919191919
"KEN","Kenya",1997,0.981691919191919
"KEN","Kenya",1998,0.981691919191919
"KEN","Kenya",1999,0.981691919191919
"KEN","Kenya",2000,0.981691919191919
"KEN","Kenya",2001,0.981691919191919
"KEN","Kenya",2002,0.981481481481482
"KEN","Kenya",2003,0.981481481481482
"KEN","Kenya",2004,0.981481481481482
"KEN","Kenya",2005,0.981481481481482
"KEN","Kenya",2006,0.981481481481482
"KEN","Kenya",2007,0.981481481481482
"KEN","Kenya",2008,0.984076879910213
"KEN","Kenya",2009,0.982744107744108
"KEN","Kenya",2010,0.97148569023569
"KEN","Kenya",2011,0.946934624017957
"KEN","Kenya",2012,0.946548821548822
"KEN","Kenya",2013,0.964225589225589
"KEN","Kenya",2014,0.962436868686869
"KEN","Kenya",2015,0.964576318742985
"KEN","Kenya",2016,0.958368406285073
"KEN","Kenya",2017,0.957491582491583
"KEN","Kenya",2018,0.954896184062851
"KEN","Kenya",2019,0.954896184062851
"KEN","Kenya",2020,0.954896184062851
"KEN","Kenya",2021,0.952616442199776
"KEN","Kenya",2022,0.952616442199776
"KGZ","Kyrgyzstan",1995,0.56253507295174
"KGZ","Kyrgyzstan",1996,0.570286195286195
"KGZ","Kyrgyzstan",1997,0.592557519640853
"KGZ","Kyrgyzstan",1998,0.601360830527497
"KGZ","Kyrgyzstan",1999,0.608270202020202
"KGZ","Kyrgyzstan",2000,0.626402918069585
"KGZ","Kyrgyzstan",2001,0.649024971941639
"KGZ","Kyrgyzstan",2002,0.668385241301908
"KGZ","Kyrgyzstan",2003,0.677118406285073
"KGZ","Kyrgyzstan",2004,0.6875
"KGZ","Kyrgyzstan",2005,0.699074074074074
"KGZ","Kyrgyzstan",2006,0.712647306397306
"KGZ","Kyrgyzstan",2007,0.71962682379349
"KGZ","Kyrgyzstan",2008,0.724747474747475
"KGZ","Kyrgyzstan",2009,0.725378787878788
"KGZ","Kyrgyzstan",2010,0.725659371492705
"KGZ","Kyrgyzstan",2011,0.719381313131313
"KGZ","Kyrgyzstan",2012,0.715663580246914
"KGZ","Kyrgyzstan",2013,0.713173400673401
"KGZ","Kyrgyzstan",2014,0.714997194163861
"KGZ","Kyrgyzstan",2015,0.714997194163861
"KGZ","Kyrgyzstan",2016,0.714997194163861
"KGZ","Kyrgyzstan",2017,0.714997194163861
"KGZ","Kyrgyzstan",2018,0.714997194163861
"KGZ","Kyrgyzstan",2019,0.727202581369248
"KGZ","Kyrgyzstan",2020,0.727202581369248
"KGZ","Kyrgyzstan",2021,0.727202581369248
"KGZ","Kyrgyzstan",2022,0.727202581369248
"KHM","Cambodia",1995,0.962191358024691
"KHM","Cambodia",1996,0.962191358024691
"KHM","Cambodia",1997,0.962191358024691
"KHM","Cambodia",1998,0.96229657687991
"KHM","Cambodia",1999,0.96229657687991
"KHM","Cambodia",2000,0.964471099887767
"KHM","Cambodia",2001,0.964471099887767
"KHM","Cambodia",2002,0.964471099887767
"KHM","Cambodia",2003,0.964471099887767
"KHM","Cambodia",2004,0.964471099887767
"KHM","Cambodia",2005,0.964471099887767
"KHM","Cambodia",2006,0.964471099887767
"KHM","Cambodia",2007,0.964471099887767
"KHM","Cambodia",2008,0.964541245791246
"KHM","Cambodia",2009,0.964436026936027
"KHM","Cambodia",2010,0.964646464646465
"KHM","Cambodia",2011,0.96412037037037
"KHM","Cambodia",2012,0.964436026936027
"KHM","Cambodia",2013,0.963594276094276
"KHM","Cambodia",2014,0.961910774410774
"KHM","Cambodia",2015,0.974992985409652
"KHM","Cambodia",2016,0.970328282828283
"KHM","Cambodia",2017,0.970924523007856
"KHM","Cambodia",2018,0.971415544332211
"KHM","Cambodia",2019,0.959140011223345
"KHM","Cambodia",2020,0.959140011223345
"KHM","Cambodia",2021,0.959140011223345
"KHM","Cambodia",2022,0.959140011223345
"KIR","Kiribati",1995,0.916105499438833
"KIR","Kiribati",1996,0.916105499438833
"KIR","Kiribati",1997,0.916105499438833
"KIR","Kiribati",1998,0.916105499438833
"KIR","Kiribati",1999,0.916105499438833
"KIR","Kiribati",2000,0.916105499438833
"KIR","Kiribati",2001,0.916105499438833
"KIR","Kiribati",2002,0.916105499438833
"KIR","Kiribati",2003,0.916105499438833
"KIR","Kiribati",2004,0.899375701459035
"KIR","Kiribati",2005,0.899375701459035
"KIR","Kiribati",2006,0.899375701459035
"KIR","Kiribati",2007,0.899375701459035
"KIR","Kiribati",2008,0.872439674523008
"KIR","Kiribati",2009,0.872439674523008
"KIR","Kiribati",2010,0.858059764309764
"KIR","Kiribati",2011,0.866301907968575
"KIR","Kiribati",2012,0.866301907968575
"KIR","Kiribati",2013,0.803872053872054
"KIR","Kiribati",2014,0.803872053872054
"KIR","Kiribati",2015,0.803872053872054
"KIR","Kiribati",2016,0.803872053872054
"KIR","Kiribati",2017,0.803872053872054
"KIR","Kiribati",2018,0.868757014590348
"KIR","Kiribati",2019,0.868757014590348
"KIR","Kiribati",2020,0.868757014590348
"KIR","Kiribati",2021,0.868757014590348
"KIR","Kiribati",2022,0.868757014590348
"KNA","Saint Kitts and Nevis",1995,0.765467171717172
"KNA","Saint Kitts and Nevis",1996,0.756839225589226
"KNA","Saint Kitts and Nevis",1997,0.769044612794613
"KNA","Saint Kitts and Nevis",1998,0.768483445566779
"KNA","Saint Kitts and Nevis",1999,0.759890572390572
"KNA","Saint Kitts and Nevis",2000,0.759890572390572
"KNA","Saint Kitts and Nevis",2001,0.741091470258137
"KNA","Saint Kitts and Nevis",2002,0.741091470258137
"KNA","Saint Kitts and Nevis",2003,0.741091470258137
"KNA","Saint Kitts and Nevis",2004,0.741091470258137
"KNA","Saint Kitts and Nevis",2005,0.741091470258137
"KNA","Saint Kitts and Nevis",2006,0.741091470258137
"KNA","Saint Kitts and Nevis",2007,0.741091470258137
"KNA","Saint Kitts and Nevis",2008,0.741091470258137
"KNA","Saint Kitts and Nevis",2009,0.741091470258137
"KNA","Saint Kitts and Nevis",2010,0.741091470258137
"KNA","Saint Kitts and Nevis",2011,0.741091470258137
"KNA","Saint Kitts and Nevis",2012,0.741091470258137
"KNA","Saint Kitts and Nevis",2013,0.741091470258137
"KNA","Saint Kitts and Nevis",2014,0.741091470258137
"KNA","Saint Kitts and Nevis",2015,0.74358164983165
"KNA","Saint Kitts and Nevis",2016,0.74358164983165
"KNA","Saint Kitts and Nevis",2017,0.74358164983165
"KNA","Saint Kitts and Nevis",2018,0.737689393939394
"KNA","Saint Kitts and Nevis",2019,0.737689393939394
"KNA","Saint Kitts and Nevis",2020,0.737689393939394
"KNA","Saint Kitts and Nevis",2021,0.737689393939394
"KNA","Saint Kitts and Nevis",2022,0.737689393939394
"KOR","Korea, Republic of",1995,0.923505892255892
"KOR","Korea, Republic of",1996,0.919682940516274
"KOR","Korea, Republic of",1997,0.863425925925926
"KOR","Korea, Republic of",1998,0.860690235690236
"KOR","Korea, Republic of",1999,0.853991301907969
"KOR","Korea, Republic of",2000,0.851781705948373
"KOR","Korea, Republic of",2001,0.834280303030303
"KOR","Korea, Republic of",2002,0.822460718294052
"KOR","Korea, Republic of",2003,0.821092873176206
"KOR","Korea, Republic of",2004,0.812114197530864
"KOR","Korea, Republic of",2005,0.808571829405163
"KOR","Korea, Republic of",2006,0.801311728395062
"KOR","Korea, Republic of",2007,0.793630751964085
"KOR","Korea, Republic of",2008,0.782302188552189
"KOR","Korea, Republic of",2009,0.774726430976431
"KOR","Korea, Republic of",2010,0.766835016835017
"KOR","Korea, Republic of",2011,0.761749438832772
"KOR","Korea, Republic of",2012,0.757014590347924
"KOR","Korea, Republic of",2013,0.742143658810325
"KOR","Korea, Republic of",2014,0.728184624017957
"KOR","Korea, Republic of",2015,0.714786756453423
"KOR","Korea, Republic of",2016,0.677539281705948
"KOR","Korea, Republic of",2017,0.671752244668911
"KOR","Korea, Republic of",2018,0.659757295173962
"KOR","Korea, Republic of",2019,0.632786195286195
"KOR","Korea, Republic of",2020,0.615460157126824
"KOR","Korea, Republic of",2021,0.615460157126824
"KOR","Korea, Republic of",2022,0.615460157126824
"KWT","Kuwait",1995,0.778093434343434
"KWT","Kuwait",1996,0.778093434343434
"KWT","Kuwait",1997,0.774340628507295
"KWT","Kuwait",1998,0.774340628507295
"KWT","Kuwait",1999,0.774340628507295
"KWT","Kuwait",2000,0.774340628507295
"KWT","Kuwait",2001,0.774340628507295
"KWT","Kuwait",2002,0.774340628507295
"KWT","Kuwait",2003,0.773989898989899
"KWT","Kuwait",2004,0.788019079685746
"KWT","Kuwait",2005,0.777497194163861
"KWT","Kuwait",2006,0.805064534231201
"KWT","Kuwait",2007,0.785143097643098
"KWT","Kuwait",2008,0.772201178451179
"KWT","Kuwait",2009,0.765572390572391
"KWT","Kuwait",2010,0.683186026936027
"KWT","Kuwait",2011,0.686026936026936
"KWT","Kuwait",2012,0.695110830527497
"KWT","Kuwait",2013,0.706193883277217
"KWT","Kuwait",2014,0.682098765432099
"KWT","Kuwait",2015,0.665368967452301
"KWT","Kuwait",2016,0.668455387205387
"KWT","Kuwait",2017,0.65807379349046
"KWT","Kuwait",2018,0.662282547699214
"KWT","Kuwait",2019,0.662282547699214
"KWT","Kuwait",2020,0.761293490460157
"KWT","Kuwait",2021,0.761293490460157
"KWT","Kuwait",2022,0.761293490460157
"LAO","Lao People's Democratic Republic",1995,0.947460718294052
"LAO","Lao People's Democratic Republic",1996,0.947460718294052
"LAO","Lao People's Democratic Republic",1997,0.947460718294052
"LAO","Lao People's Democratic Republic",1998,0.947460718294052
"LAO","Lao People's Democratic Republic",1999,0.947460718294052
"LAO","Lao People's Democratic Republic",2000,0.957596801346801
"LAO","Lao People's Democratic Republic",2001,0.957596801346801
"LAO","Lao People's Democratic Republic",2002,0.957596801346801
"LAO","Lao People's Democratic Republic",2003,0.957596801346801
"LAO","Lao People's Democratic Republic",2004,0.956369248035915
"LAO","Lao People's Democratic Republic",2005,0.958894500561167
"LAO","Lao People's Democratic Republic",2006,0.958894500561167
"LAO","Lao People's Democratic Republic",2007,0.958894500561167
"LAO","Lao People's Democratic Republic",2008,0.958894500561167
"LAO","Lao People's Democratic Republic",2009,0.965733726150393
"LAO","Lao People's Democratic Republic",2010,0.961244388327722
"LAO","Lao People's Democratic Republic",2011,0.961244388327722
"LAO","Lao People's Democratic Republic",2012,0.961244388327722
"LAO","Lao People's Democratic Republic",2013,0.957842312008979
"LAO","Lao People's Democratic Republic",2014,0.94483024691358
"LAO","Lao People's Democratic Republic",2015,0.946057800224467
"LAO","Lao People's Democratic Republic",2016,0.945531705948373
"LAO","Lao People's Democratic Republic",2017,0.944935465768799
"LAO","Lao People's Democratic Republic",2018,0.948477833894501
"LAO","Lao People's Democratic Republic",2019,0.948407687991021
"LAO","Lao People's Democratic Republic",2020,0.94858305274972
"LAO","Lao People's Democratic Republic",2021,0.949635241301908
"LAO","Lao People's Democratic Republic",2022,0.949635241301908
"LBN","Lebanon",1995,0.895728114478115
"LBN","Lebanon",1996,0.895728114478115
"LBN","Lebanon",1997,0.895728114478115
"LBN","Lebanon",1998,0.895728114478115
"LBN","Lebanon",1999,0.895728114478115
"LBN","Lebanon",2000,0.895728114478115
"LBN","Lebanon",2001,0.877455106621773
"LBN","Lebanon",2002,0.877455106621773
"LBN","Lebanon",2003,0.877455106621773
"LBN","Lebanon",2004,0.877455106621773
"LBN","Lebanon",2005,0.875
"LBN","Lebanon",2006,0.879524410774411
"LBN","Lebanon",2007,0.870475589225589
"LBN","Lebanon",2008,0.870475589225589
"LBN","Lebanon",2009,0.862303591470258
"LBN","Lebanon",2010,0.859532828282828
"LBN","Lebanon",2011,0.846099887766555
"LBN","Lebanon",2012,0.846099887766555
"LBN","Lebanon",2013,0.864548260381594
"LBN","Lebanon",2014,0.871632996632997
"LBN","Lebanon",2015,0.872088945005612
"LBN","Lebanon",2016,0.867739898989899
"LBN","Lebanon",2017,0.859006734006734
"LBN","Lebanon",2018,0.849887766554433
"LBN","Lebanon",2019,0.843153759820427
"LBN","Lebanon",2020,0.843153759820427
"LBN","Lebanon",2021,0.843153759820427
"LBN","Lebanon",2022,0.843153759820427
"LBR","Liberia",1995,0.990144500561167
"LBR","Liberia",1996,0.990144500561167
"LBR","Liberia",1997,0.990144500561167
"LBR","Liberia",1998,0.990144500561167
"LBR","Liberia",1999,0.990144500561167
"LBR","Liberia",2000,0.990144500561167
"LBR","Liberia",2001,0.990144500561167
"LBR","Liberia",2002,0.990144500561167
"LBR","Liberia",2003,0.990144500561167
"LBR","Liberia",2004,0.989793771043771
"LBR","Liberia",2005,0.989793771043771
"LBR","Liberia",2006,0.989793771043771
"LBR","Liberia",2007,0.989793771043771
"LBR","Liberia",2008,0.993020482603816
"LBR","Liberia",2009,0.971310325476992
"LBR","Liberia",2010,0.986076038159372
"LBR","Liberia",2011,0.986076038159372
"LBR","Liberia",2012,0.986076038159372
"LBR","Liberia",2013,0.986076038159372
"LBR","Liberia",2014,0.986076038159372
"LBR","Liberia",2015,0.997779882154882
"LBR","Liberia",2016,0.997779882154882
"LBR","Liberia",2017,0.997779882154882
"LBR","Liberia",2018,0.933291245791246
"LBR","Liberia",2019,0.933291245791246
"LBR","Liberia",2020,0.933291245791246
"LBR","Liberia",2021,0.933291245791246
"LBR","Liberia",2022,0.933291245791246
"LBY","Libyan Arab Jamahiriya",1995,0.829790965207632
"LBY","Libyan Arab Jamahiriya",1996,0.829790965207632
"LBY","Libyan Arab Jamahiriya",1997,0.829790965207632
"LBY","Libyan Arab Jamahiriya",1998,0.829790965207632
"LBY","Libyan Arab Jamahiriya",1999,0.829790965207632
"LBY","Libyan Arab Jamahiriya",2000,0.829790965207632
"LBY","Libyan Arab Jamahiriya",2001,0.829790965207632
"LBY","Libyan Arab Jamahiriya",2002,0.829790965207632
"LBY","Libyan Arab Jamahiriya",2003,0.829790965207632
"LBY","Libyan Arab Jamahiriya",2004,0.791526374859708
"LBY","Libyan Arab Jamahiriya",2005,0.791526374859708
"LBY","Libyan Arab Jamahiriya",2006,0.791526374859708
"LBY","Libyan Arab Jamahiriya",2007,0.791526374859708
"LBY","Libyan Arab Jamahiriya",2008,0.751157407407407
"LBY","Libyan Arab Jamahiriya",2009,0.699354657687991
"LBY","Libyan Arab Jamahiriya",2010,0.699354657687991
"LBY","Libyan Arab Jamahiriya",2011,0.699354657687991
"LBY","Libyan Arab Jamahiriya",2012,0.699354657687991
"LBY","Libyan Arab Jamahiriya",2013,0.678591470258137
"LBY","Libyan Arab Jamahiriya",2014,0.678696689113356
"LBY","Libyan Arab Jamahiriya",2015,0.685185185185185
"LBY","Libyan Arab Jamahiriya",2016,0.685185185185185
"LBY","Libyan Arab Jamahiriya",2017,0.690621492704826
"LBY","Libyan Arab Jamahiriya",2018,0.690621492704826
"LBY","Libyan Arab Jamahiriya",2019,0.690621492704826
"LBY","Libyan Arab Jamahiriya",2020,0.690621492704826
"LBY","Libyan Arab Jamahiriya",2021,0.690621492704826
"LBY","Libyan Arab Jamahiriya",2022,0.690621492704826
"LCA","Saint Lucia",1995,0.909617003367003
"LCA","Saint Lucia",1996,0.909617003367003
"LCA","Saint Lucia",1997,0.91266835016835
"LCA","Saint Lucia",1998,0.91266835016835
"LCA","Saint Lucia",1999,0.91266835016835
"LCA","Saint Lucia",2000,0.91266835016835
"LCA","Saint Lucia",2001,0.892852132435466
"LCA","Saint Lucia",2002,0.906176346801347
"LCA","Saint Lucia",2003,0.879689253647587
"LCA","Saint Lucia",2004,0.907747615039282
"LCA","Saint Lucia",2005,0.915649551066218
"LCA","Saint Lucia",2006,0.915649551066218
"LCA","Saint Lucia",2007,0.926978114478115
"LCA","Saint Lucia",2008,0.927897025813693
"LCA","Saint Lucia",2009,0.929801487093154
"LCA","Saint Lucia",2010,0.874579124579125
"LCA","Saint Lucia",2011,0.868862233445567
"LCA","Saint Lucia",2012,0.856867283950617
"LCA","Saint Lucia",2013,0.846170033670034
"LCA","Saint Lucia",2014,0.867038439955107
"LCA","Saint Lucia",2015,0.867038439955107
"LCA","Saint Lucia",2016,0.867038439955107
"LCA","Saint Lucia",2017,0.866617564534231
"LCA","Saint Lucia",2018,0.866617564534231
"LCA","Saint Lucia",2019,0.866617564534231
"LCA","Saint Lucia",2020,0.866617564534231
"LCA","Saint Lucia",2021,0.866617564534231
"LCA","Saint Lucia",2022,0.866617564534231
"LIE","Liechtenstein",1995,NA
"LIE","Liechtenstein",1996,NA
"LIE","Liechtenstein",1997,NA
"LIE","Liechtenstein",1998,NA
"LIE","Liechtenstein",1999,NA
"LIE","Liechtenstein",2000,NA
"LIE","Liechtenstein",2001,NA
"LIE","Liechtenstein",2002,NA
"LIE","Liechtenstein",2003,NA
"LIE","Liechtenstein",2004,NA
"LIE","Liechtenstein",2005,NA
"LIE","Liechtenstein",2006,NA
"LIE","Liechtenstein",2007,NA
"LIE","Liechtenstein",2008,NA
"LIE","Liechtenstein",2009,NA
"LIE","Liechtenstein",2010,NA
"LIE","Liechtenstein",2011,NA
"LIE","Liechtenstein",2012,NA
"LIE","Liechtenstein",2013,NA
"LIE","Liechtenstein",2014,NA
"LIE","Liechtenstein",2015,NA
"LIE","Liechtenstein",2016,NA
"LIE","Liechtenstein",2017,NA
"LIE","Liechtenstein",2018,NA
"LIE","Liechtenstein",2019,NA
"LIE","Liechtenstein",2020,NA
"LIE","Liechtenstein",2021,NA
"LIE","Liechtenstein",2022,NA
"LKA","Sri Lanka",1995,0.956579685746352
"LKA","Sri Lanka",1996,0.966154601571268
"LKA","Sri Lanka",1997,0.965628507295174
"LKA","Sri Lanka",1998,0.962822671156005
"LKA","Sri Lanka",1999,0.963033108866442
"LKA","Sri Lanka",2000,0.945917508417508
"LKA","Sri Lanka",2001,0.9577721661055
"LKA","Sri Lanka",2002,0.949880751964085
"LKA","Sri Lanka",2003,0.949880751964085
"LKA","Sri Lanka",2004,0.923926767676768
"LKA","Sri Lanka",2005,0.935360549943883
"LKA","Sri Lanka",2006,0.926346801346801
"LKA","Sri Lanka",2007,0.912282547699214
"LKA","Sri Lanka",2008,0.929047418630752
"LKA","Sri Lanka",2009,0.925469977553311
"LKA","Sri Lanka",2010,0.917683782267116
"LKA","Sri Lanka",2011,0.914702581369248
"LKA","Sri Lanka",2012,0.91361531986532
"LKA","Sri Lanka",2013,0.912107182940516
"LKA","Sri Lanka",2014,0.908179012345679
"LKA","Sri Lanka",2015,0.905583613916947
"LKA","Sri Lanka",2016,0.904847081930415
"LKA","Sri Lanka",2017,0.901830808080808
"LKA","Sri Lanka",2018,0.892711840628507
"LKA","Sri Lanka",2019,0.884645061728395
"LKA","Sri Lanka",2020,0.873772446689113
"LKA","Sri Lanka",2021,0.875245510662177
"LKA","Sri Lanka",2022,0.875245510662177
"LSO","Lesotho",1995,0.980920314253648
"LSO","Lesotho",1996,0.980920314253648
"LSO","Lesotho",1997,0.980920314253648
"LSO","Lesotho",1998,0.980920314253648
"LSO","Lesotho",1999,0.980920314253648
"LSO","Lesotho",2000,0.980920314253648
"LSO","Lesotho",2001,0.980920314253648
"LSO","Lesotho",2002,0.980920314253648
"LSO","Lesotho",2003,0.981235970819304
"LSO","Lesotho",2004,0.981235970819304
"LSO","Lesotho",2005,0.981235970819304
"LSO","Lesotho",2006,0.981235970819304
"LSO","Lesotho",2007,0.981235970819304
"LSO","Lesotho",2008,0.981235970819304
"LSO","Lesotho",2009,0.981235970819304
"LSO","Lesotho",2010,0.977167508417508
"LSO","Lesotho",2011,0.977167508417508
"LSO","Lesotho",2012,0.977167508417508
"LSO","Lesotho",2013,0.977167508417508
"LSO","Lesotho",2014,0.977167508417508
"LSO","Lesotho",2015,0.977167508417508
"LSO","Lesotho",2016,0.977167508417508
"LSO","Lesotho",2017,0.977167508417508
"LSO","Lesotho",2018,0.877104377104377
"LSO","Lesotho",2019,0.877104377104377
"LSO","Lesotho",2020,0.877104377104377
"LSO","Lesotho",2021,0.877104377104377
"LSO","Lesotho",2022,0.877104377104377
"LTU","Lithuania",1995,0.556677890011223
"LTU","Lithuania",1996,0.554748877665544
"LTU","Lithuania",1997,0.559799382716049
"LTU","Lithuania",1998,0.563657407407407
"LTU","Lithuania",1999,0.592417227833894
"LTU","Lithuania",2000,0.605324074074074
"LTU","Lithuania",2001,0.606235970819304
"LTU","Lithuania",2002,0.607709034792368
"LTU","Lithuania",2003,0.611707351290685
"LTU","Lithuania",2004,0.615144500561167
"LTU","Lithuania",2005,0.611426767676768
"LTU","Lithuania",2006,0.606762065095398
"LTU","Lithuania",2007,0.602833894500561
"LTU","Lithuania",2008,0.597678170594837
"LTU","Lithuania",2009,0.601571268237935
"LTU","Lithuania",2010,0.600939955106622
"LTU","Lithuania",2011,0.593890291806959
"LTU","Lithuania",2012,0.58824354657688
"LTU","Lithuania",2013,0.587086139169472
"LTU","Lithuania",2014,0.583052749719416
"LTU","Lithuania",2015,0.579229797979798
"LTU","Lithuania",2016,0.574214365881033
"LTU","Lithuania",2017,0.572811447811448
"LTU","Lithuania",2018,0.554994388327722
"LTU","Lithuania",2019,0.568181818181818
"LTU","Lithuania",2020,0.564604377104377
"LTU","Lithuania",2021,0.490074354657688
"LTU","Lithuania",2022,0.490074354657688
"LUX","Luxembourg",1995,0.673295454545455
"LUX","Luxembourg",1996,0.662633277216611
"LUX","Luxembourg",1997,0.654180695847363
"LUX","Luxembourg",1998,0.655218855218855
"LUX","Luxembourg",1999,0.650645342312009
"LUX","Luxembourg",2000,0.660076459034792
"LUX","Luxembourg",2001,0.655331088664422
"LUX","Luxembourg",2002,0.642410213243547
"LUX","Luxembourg",2003,0.595850869809203
"LUX","Luxembourg",2004,0.587829685746352
"LUX","Luxembourg",2005,0.516484287317621
"LUX","Luxembourg",2006,0.516905162738496
"LUX","Luxembourg",2007,0.516343995510662
"LUX","Luxembourg",2008,0.505681818181818
"LUX","Luxembourg",2009,0.505296015712682
"LUX","Luxembourg",2010,0.505155723905724
"LUX","Luxembourg",2011,0.497299382716049
"LUX","Luxembourg",2012,0.472783389450056
"LUX","Luxembourg",2013,0.471590909090909
"LUX","Luxembourg",2014,0.469451459034792
"LUX","Luxembourg",2015,0.469907407407407
"LUX","Luxembourg",2016,0.477728675645342
"LUX","Luxembourg",2017,0.47422138047138
"LUX","Luxembourg",2018,0.47422138047138
"LUX","Luxembourg",2019,0.47422138047138
"LUX","Luxembourg",2020,0.47422138047138
"LUX","Luxembourg",2021,0.47422138047138
"LUX","Luxembourg",2022,0.47422138047138
"LVA","Latvia",1995,0.728570426487093
"LVA","Latvia",1996,0.728465207631874
"LVA","Latvia",1997,0.732077721661055
"LVA","Latvia",1998,0.743721941638608
"LVA","Latvia",1999,0.738776655443322
"LVA","Latvia",2000,0.736637205387205
"LVA","Latvia",2001,0.74537037037037
"LVA","Latvia",2002,0.739372895622896
"LVA","Latvia",2003,0.731516554433221
"LVA","Latvia",2004,0.721976711560045
"LVA","Latvia",2005,0.715453142536476
"LVA","Latvia",2006,0.689744668911336
"LVA","Latvia",2007,0.687184343434343
"LVA","Latvia",2008,0.68287037037037
"LVA","Latvia",2009,0.710928731762065
"LVA","Latvia",2010,0.711560044893378
"LVA","Latvia",2011,0.714400953984287
"LVA","Latvia",2012,0.717732884399551
"LVA","Latvia",2013,0.715137485970819
"LVA","Latvia",2014,0.716154601571268
"LVA","Latvia",2015,0.721134960718294
"LVA","Latvia",2016,0.722081930415264
"LVA","Latvia",2017,0.724607182940516
"LVA","Latvia",2018,0.728009259259259
"LVA","Latvia",2019,0.72702721661055
"LVA","Latvia",2020,0.730955387205387
"LVA","Latvia",2021,0.730955387205387
"LVA","Latvia",2022,0.730955387205387
"MAR","Morocco",1995,0.958052749719416
"MAR","Morocco",1996,0.958052749719416
"MAR","Morocco",1997,0.958052749719416
"MAR","Morocco",1998,0.958052749719416
"MAR","Morocco",1999,0.958052749719416
"MAR","Morocco",2000,0.958052749719416
"MAR","Morocco",2001,0.957246071829405
"MAR","Morocco",2002,0.957246071829405
"MAR","Morocco",2003,0.957246071829405
"MAR","Morocco",2004,0.955527497194164
"MAR","Morocco",2005,0.955527497194164
"MAR","Morocco",2006,0.955527497194164
"MAR","Morocco",2007,0.953668630751964
"MAR","Morocco",2008,0.953668630751964
"MAR","Morocco",2009,0.947460718294052
"MAR","Morocco",2010,0.947460718294052
"MAR","Morocco",2011,0.947460718294052
"MAR","Morocco",2012,0.947460718294052
"MAR","Morocco",2013,0.946478675645342
"MAR","Morocco",2014,0.937570145903479
"MAR","Morocco",2015,0.937570145903479
"MAR","Morocco",2016,0.937570145903479
"MAR","Morocco",2017,0.928135521885522
"MAR","Morocco",2018,0.928135521885522
"MAR","Morocco",2019,0.928135521885522
"MAR","Morocco",2020,0.928135521885522
"MAR","Morocco",2021,0.928135521885522
"MAR","Morocco",2022,0.928135521885522
"MCO","Monaco",1995,0.246983726150393
"MCO","Monaco",1996,0.246983726150393
"MCO","Monaco",1997,0.246983726150393
"MCO","Monaco",1998,0.246983726150393
"MCO","Monaco",1999,0.246983726150393
"MCO","Monaco",2000,0.246983726150393
"MCO","Monaco",2001,0.246983726150393
"MCO","Monaco",2002,0.246983726150393
"MCO","Monaco",2003,0.246983726150393
"MCO","Monaco",2004,0.246983726150393
"MCO","Monaco",2005,0.246983726150393
"MCO","Monaco",2006,0.246983726150393
"MCO","Monaco",2007,0.246983726150393
"MCO","Monaco",2008,0.246983726150393
"MCO","Monaco",2009,0.246983726150393
"MCO","Monaco",2010,0.246983726150393
"MCO","Monaco",2011,0.132645903479237
"MCO","Monaco",2012,0.101150392817059
"MCO","Monaco",2013,0.0308291245791245
"MCO","Monaco",2014,0
"MCO","Monaco",2015,0
"MCO","Monaco",2016,0
"MCO","Monaco",2017,0
"MCO","Monaco",2018,0
"MCO","Monaco",2019,0
"MCO","Monaco",2020,0
"MCO","Monaco",2021,0
"MCO","Monaco",2022,0
"MDA","Moldova, Republic of",1995,0.527462121212121
"MDA","Moldova, Republic of",1996,0.536686307519641
"MDA","Moldova, Republic of",1997,0.52300785634119
"MDA","Moldova, Republic of",1998,0.532302188552189
"MDA","Moldova, Republic of",1999,0.576774691358025
"MDA","Moldova, Republic of",2000,0.721064814814815
"MDA","Moldova, Republic of",2001,0.728956228956229
"MDA","Moldova, Republic of",2002,0.72520342312009
"MDA","Moldova, Republic of",2003,0.728395061728395
"MDA","Moldova, Republic of",2004,0.736602132435466
"MDA","Moldova, Republic of",2005,0.710016835016835
"MDA","Moldova, Republic of",2006,0.7077721661055
"MDA","Moldova, Republic of",2007,0.702406004489338
"MDA","Moldova, Republic of",2008,0.700827721661055
"MDA","Moldova, Republic of",2009,0.695321268237935
"MDA","Moldova, Republic of",2010,0.689744668911336
"MDA","Moldova, Republic of",2011,0.681888327721661
"MDA","Moldova, Republic of",2012,0.675750561167228
"MDA","Moldova, Republic of",2013,0.668385241301908
"MDA","Moldova, Republic of",2014,0.669367283950617
"MDA","Moldova, Republic of",2015,0.676416947250281
"MDA","Moldova, Republic of",2016,0.676416947250281
"MDA","Moldova, Republic of",2017,0.638608305274972
"MDA","Moldova, Republic of",2018,0.642606621773289
"MDA","Moldova, Republic of",2019,0.706544612794613
"MDA","Moldova, Republic of",2020,0.645728114478115
"MDA","Moldova, Republic of",2021,0.645728114478115
"MDA","Moldova, Republic of",2022,0.645728114478115
"MDG","Madagascar",1995,0.982358305274972
"MDG","Madagascar",1996,0.988145342312009
"MDG","Madagascar",1997,0.988145342312009
"MDG","Madagascar",1998,0.988145342312009
"MDG","Madagascar",1999,0.988145342312009
"MDG","Madagascar",2000,0.988145342312009
"MDG","Madagascar",2001,0.988846801346801
"MDG","Madagascar",2002,0.987233445566779
"MDG","Madagascar",2003,0.9871632996633
"MDG","Madagascar",2004,0.987514029180696
"MDG","Madagascar",2005,0.984427609427609
"MDG","Madagascar",2006,0.986426767676768
"MDG","Madagascar",2007,0.986321548821549
"MDG","Madagascar",2008,0.986637205387205
"MDG","Madagascar",2009,0.98807519640853
"MDG","Madagascar",2010,0.988320707070707
"MDG","Madagascar",2011,0.990249719416386
"MDG","Madagascar",2012,0.990284792368126
"MDG","Madagascar",2013,0.987198372615039
"MDG","Madagascar",2014,0.98621632996633
"MDG","Madagascar",2015,0.98621632996633
"MDG","Madagascar",2016,0.98621632996633
"MDG","Madagascar",2017,0.98621632996633
"MDG","Madagascar",2018,0.985514870931538
"MDG","Madagascar",2019,0.985514870931538
"MDG","Madagascar",2020,0.985514870931538
"MDG","Madagascar",2021,0.985514870931538
"MDG","Madagascar",2022,0.985514870931538
"MDV","Maldives",1995,0.931572671156005
"MDV","Maldives",1996,0.931572671156005
"MDV","Maldives",1997,0.931572671156005
"MDV","Maldives",1998,0.931572671156005
"MDV","Maldives",1999,0.931572671156005
"MDV","Maldives",2000,0.931572671156005
"MDV","Maldives",2001,0.931572671156005
"MDV","Maldives",2002,0.931572671156005
"MDV","Maldives",2003,0.931572671156005
"MDV","Maldives",2004,0.864653479236813
"MDV","Maldives",2005,0.864653479236813
"MDV","Maldives",2006,0.864653479236813
"MDV","Maldives",2007,0.777006172839506
"MDV","Maldives",2008,0.777006172839506
"MDV","Maldives",2009,0.764239618406285
"MDV","Maldives",2010,0.770482603815937
"MDV","Maldives",2011,0.770482603815937
"MDV","Maldives",2012,0.770482603815937
"MDV","Maldives",2013,0.770482603815937
"MDV","Maldives",2014,0.741161616161616
"MDV","Maldives",2015,0.697039842873176
"MDV","Maldives",2016,0.869703984287318
"MDV","Maldives",2017,0.814990179573513
"MDV","Maldives",2018,0.725904882154882
"MDV","Maldives",2019,0.749298540965208
"MDV","Maldives",2020,0.755050505050505
"MDV","Maldives",2021,0.755050505050505
"MDV","Maldives",2022,0.755050505050505
"MEX","Mexico",1995,0.867248877665544
"MEX","Mexico",1996,0.867774971941639
"MEX","Mexico",1997,0.867319023569024
"MEX","Mexico",1998,0.86584595959596
"MEX","Mexico",1999,0.864057239057239
"MEX","Mexico",2000,0.834069865319865
"MEX","Mexico",2001,0.870124859708193
"MEX","Mexico",2002,0.870089786756454
"MEX","Mexico",2003,0.871422558922559
"MEX","Mexico",2004,0.869809203142537
"MEX","Mexico",2005,0.862584175084175
"MEX","Mexico",2006,0.857779180695847
"MEX","Mexico",2007,0.853921156004489
"MEX","Mexico",2008,0.851781705948373
"MEX","Mexico",2009,0.84837962962963
"MEX","Mexico",2010,0.845784231200898
"MEX","Mexico",2011,0.838734567901235
"MEX","Mexico",2012,0.836980920314254
"MEX","Mexico",2013,0.826353815937149
"MEX","Mexico",2014,0.828212682379349
"MEX","Mexico",2015,0.821899551066218
"MEX","Mexico",2016,0.818216891133558
"MEX","Mexico",2017,0.81614758698092
"MEX","Mexico",2018,0.814253647586981
"MEX","Mexico",2019,0.814814814814815
"MEX","Mexico",2020,0.813306677890011
"MEX","Mexico",2021,0.813306677890011
"MEX","Mexico",2022,0.813306677890011
"MHL","Marshall Islands",1995,0.88327721661055
"MHL","Marshall Islands",1996,0.88327721661055
"MHL","Marshall Islands",1997,0.88327721661055
"MHL","Marshall Islands",1998,0.88327721661055
"MHL","Marshall Islands",1999,0.88327721661055
"MHL","Marshall Islands",2000,0.881558641975309
"MHL","Marshall Islands",2001,0.881558641975309
"MHL","Marshall Islands",2002,0.881558641975309
"MHL","Marshall Islands",2003,0.881558641975309
"MHL","Marshall Islands",2004,0.881558641975309
"MHL","Marshall Islands",2005,0.881558641975309
"MHL","Marshall Islands",2006,0.881558641975309
"MHL","Marshall Islands",2007,0.86033950617284
"MHL","Marshall Islands",2008,0.86033950617284
"MHL","Marshall Islands",2009,0.86033950617284
"MHL","Marshall Islands",2010,0.898183221099888
"MHL","Marshall Islands",2011,0.851711560044893
"MHL","Marshall Islands",2012,0.860830527497194
"MHL","Marshall Islands",2013,0.860830527497194
"MHL","Marshall Islands",2014,0.860830527497194
"MHL","Marshall Islands",2015,0.860830527497194
"MHL","Marshall Islands",2016,0.860830527497194
"MHL","Marshall Islands",2017,0.860830527497194
"MHL","Marshall Islands",2018,0.837787598204265
"MHL","Marshall Islands",2019,0.837787598204265
"MHL","Marshall Islands",2020,0.837787598204265
"MHL","Marshall Islands",2021,0.837787598204265
"MHL","Marshall Islands",2022,0.837787598204265
"MKD","Macedonia",1995,0.798190235690236
"MKD","Macedonia",1996,0.799698372615039
"MKD","Macedonia",1997,0.799207351290685
"MKD","Macedonia",1998,0.799242424242424
"MKD","Macedonia",1999,0.801381874298541
"MKD","Macedonia",2000,0.801136363636364
"MKD","Macedonia",2001,0.801662457912458
"MKD","Macedonia",2002,0.795314253647587
"MKD","Macedonia",2003,0.804748877665544
"MKD","Macedonia",2004,0.803977272727273
"MKD","Macedonia",2005,0.810185185185185
"MKD","Macedonia",2006,0.794928451178451
"MKD","Macedonia",2007,0.78770342312009
"MKD","Macedonia",2008,0.773183221099888
"MKD","Macedonia",2009,0.770342312008979
"MKD","Macedonia",2010,0.764379910213243
"MKD","Macedonia",2011,0.7628367003367
"MKD","Macedonia",2012,0.762626262626263
"MKD","Macedonia",2013,0.76013608305275
"MKD","Macedonia",2014,0.76013608305275
"MKD","Macedonia",2015,0.77202581369248
"MKD","Macedonia",2016,0.77202581369248
"MKD","Macedonia",2017,0.77202581369248
"MKD","Macedonia",2018,0.77202581369248
"MKD","Macedonia",2019,0.77202581369248
"MKD","Macedonia",2020,0.77202581369248
"MKD","Macedonia",2021,0.77202581369248
"MKD","Macedonia",2022,0.77202581369248
"MLI","Mali",1995,0.978149551066218
"MLI","Mali",1996,0.977448092031425
"MLI","Mali",1997,0.977448092031425
"MLI","Mali",1998,0.977448092031425
"MLI","Mali",1999,0.977448092031425
"MLI","Mali",2000,0.978114478114478
"MLI","Mali",2001,0.978114478114478
"MLI","Mali",2002,0.978114478114478
"MLI","Mali",2003,0.978114478114478
"MLI","Mali",2004,0.977658529741863
"MLI","Mali",2005,0.977483164983165
"MLI","Mali",2006,0.977623456790124
"MLI","Mali",2007,0.994563692480359
"MLI","Mali",2008,0.99445847362514
"MLI","Mali",2009,0.983340347923681
"MLI","Mali",2010,0.983971661054994
"MLI","Mali",2011,0.986111111111111
"MLI","Mali",2012,0.98618125701459
"MLI","Mali",2013,0.985725308641975
"MLI","Mali",2014,0.986286475869809
"MLI","Mali",2015,0.986391694725028
"MLI","Mali",2016,0.984462682379349
"MLI","Mali",2017,0.984602974186307
"MLI","Mali",2018,0.98348063973064
"MLI","Mali",2019,0.98348063973064
"MLI","Mali",2020,0.98348063973064
"MLI","Mali",2021,0.98348063973064
"MLI","Mali",2022,0.98348063973064
"MLT","Malta",1995,0.790719696969697
"MLT","Malta",1996,0.790719696969697
"MLT","Malta",1997,0.790719696969697
"MLT","Malta",1998,0.786230359147026
"MLT","Malta",1999,0.786230359147026
"MLT","Malta",2000,0.784196127946128
"MLT","Malta",2001,0.767676767676768
"MLT","Malta",2002,0.700652356902357
"MLT","Malta",2003,0.705387205387205
"MLT","Malta",2004,0.700617283950617
"MLT","Malta",2005,0.69398849607183
"MLT","Malta",2006,0.688867845117845
"MLT","Malta",2007,0.67831088664422
"MLT","Malta",2008,0.649901795735129
"MLT","Malta",2009,0.707070707070707
"MLT","Malta",2010,0.690200617283951
"MLT","Malta",2011,0.680836139169472
"MLT","Malta",2012,0.679047418630752
"MLT","Malta",2013,0.666000280583614
"MLT","Malta",2014,0.62962962962963
"MLT","Malta",2015,0.628577441077441
"MLT","Malta",2016,0.628577441077441
"MLT","Malta",2017,0.628577441077441
"MLT","Malta",2018,0.610129068462402
"MLT","Malta",2019,0.610129068462402
"MLT","Malta",2020,0.402286756453423
"MLT","Malta",2021,0.30516975308642
"MLT","Malta",2022,0.30516975308642
"MMR","Myanmar",1995,0.965488215488216
"MMR","Myanmar",1996,0.965488215488216
"MMR","Myanmar",1997,0.965488215488216
"MMR","Myanmar",1998,0.965488215488216
"MMR","Myanmar",1999,0.965347923681257
"MMR","Myanmar",2000,0.965172558922559
"MMR","Myanmar",2001,0.965172558922559
"MMR","Myanmar",2002,0.965172558922559
"MMR","Myanmar",2003,0.965172558922559
"MMR","Myanmar",2004,0.962577160493827
"MMR","Myanmar",2005,0.962121212121212
"MMR","Myanmar",2006,0.959385521885522
"MMR","Myanmar",2007,0.9577721661055
"MMR","Myanmar",2008,0.955702861952862
"MMR","Myanmar",2009,0.9540544332211
"MMR","Myanmar",2010,0.951739618406285
"MMR","Myanmar",2011,0.949740460157127
"MMR","Myanmar",2012,0.94763608305275
"MMR","Myanmar",2013,0.94763608305275
"MMR","Myanmar",2014,0.94763608305275
"MMR","Myanmar",2015,0.94763608305275
"MMR","Myanmar",2016,0.943322109988777
"MMR","Myanmar",2017,0.934588945005612
"MMR","Myanmar",2018,0.942655723905724
"MMR","Myanmar",2019,0.937570145903479
"MMR","Myanmar",2020,0.937570145903479
"MMR","Myanmar",2021,0.937570145903479
"MMR","Myanmar",2022,0.937570145903479
"MNE","Montenegro",1995,0.756032547699214
"MNE","Montenegro",1996,0.756032547699214
"MNE","Montenegro",1997,0.756032547699214
"MNE","Montenegro",1998,0.756032547699214
"MNE","Montenegro",1999,0.756032547699214
"MNE","Montenegro",2000,0.755225869809203
"MNE","Montenegro",2001,0.754243827160494
"MNE","Montenegro",2002,0.75459455667789
"MNE","Montenegro",2003,0.756067620650954
"MNE","Montenegro",2004,0.753191638608305
"MNE","Montenegro",2005,0.752560325476992
"MNE","Montenegro",2006,0.750070145903479
"MNE","Montenegro",2007,0.745966610549944
"MNE","Montenegro",2008,0.738145342312009
"MNE","Montenegro",2009,0.736321548821549
"MNE","Montenegro",2010,0.748351571268238
"MNE","Montenegro",2011,0.754840067340067
"MNE","Montenegro",2012,0.760697250280584
"MNE","Montenegro",2013,0.741161616161616
"MNE","Montenegro",2014,0.738110269360269
"MNE","Montenegro",2015,0.746703142536476
"MNE","Montenegro",2016,0.739372895622896
"MNE","Montenegro",2017,0.733129910213244
"MNE","Montenegro",2018,0.724151234567901
"MNE","Montenegro",2019,0.723870650953984
"MNE","Montenegro",2020,0.718504489337823
"MNE","Montenegro",2021,0.706439393939394
"MNE","Montenegro",2022,0.706439393939394
"MNG","Mongolia",1995,0.79317480359147
"MNG","Mongolia",1996,0.79317480359147
"MNG","Mongolia",1997,0.79317480359147
"MNG","Mongolia",1998,0.79317480359147
"MNG","Mongolia",1999,0.789421997755331
"MNG","Mongolia",2000,0.789421997755331
"MNG","Mongolia",2001,0.789421997755331
"MNG","Mongolia",2002,0.783845398428732
"MNG","Mongolia",2003,0.783845398428732
"MNG","Mongolia",2004,0.783845398428732
"MNG","Mongolia",2005,0.783845398428732
"MNG","Mongolia",2006,0.783845398428732
"MNG","Mongolia",2007,0.783845398428732
"MNG","Mongolia",2008,0.773709315375982
"MNG","Mongolia",2009,0.78128507295174
"MNG","Mongolia",2010,0.777146464646465
"MNG","Mongolia",2011,0.771394500561167
"MNG","Mongolia",2012,0.760416666666667
"MNG","Mongolia",2013,0.757575757575758
"MNG","Mongolia",2014,0.74722923681257
"MNG","Mongolia",2015,0.743195847362514
"MNG","Mongolia",2016,0.757540684624018
"MNG","Mongolia",2017,0.755366161616162
"MNG","Mongolia",2018,0.719170875420875
"MNG","Mongolia",2019,0.719170875420875
"MNG","Mongolia",2020,0.719170875420875
"MNG","Mongolia",2021,0.719170875420875
"MNG","Mongolia",2022,0.719170875420875
"MOZ","Mozambique",1995,0.991863075196409
"MOZ","Mozambique",1996,0.991863075196409
"MOZ","Mozambique",1997,0.991863075196409
"MOZ","Mozambique",1998,0.991863075196409
"MOZ","Mozambique",1999,0.991863075196409
"MOZ","Mozambique",2000,0.99172278338945
"MOZ","Mozambique",2001,0.991898148148148
"MOZ","Mozambique",2002,0.991196689113356
"MOZ","Mozambique",2003,0.991231762065095
"MOZ","Mozambique",2004,0.990109427609428
"MOZ","Mozambique",2005,0.98993406285073
"MOZ","Mozambique",2006,0.989618406285073
"MOZ","Mozambique",2007,0.988741582491583
"MOZ","Mozambique",2008,0.987794612794613
"MOZ","Mozambique",2009,0.986847643097643
"MOZ","Mozambique",2010,0.986391694725028
"MOZ","Mozambique",2011,0.986707351290685
"MOZ","Mozambique",2012,0.98618125701459
"MOZ","Mozambique",2013,0.985690235690236
"MOZ","Mozambique",2014,0.985760381593715
"MOZ","Mozambique",2015,0.984778338945006
"MOZ","Mozambique",2016,0.983620931537598
"MOZ","Mozambique",2017,0.983024691358025
"MOZ","Mozambique",2018,0.982744107744108
"MOZ","Mozambique",2019,0.982989618406285
"MOZ","Mozambique",2020,0.982638888888889
"MOZ","Mozambique",2021,0.979833052749719
"MOZ","Mozambique",2022,0.979833052749719
"MRT","Mauritania",1995,0.97523849607183
"MRT","Mauritania",1996,0.97523849607183
"MRT","Mauritania",1997,0.97523849607183
"MRT","Mauritania",1998,0.97523849607183
"MRT","Mauritania",1999,0.97523849607183
"MRT","Mauritania",2000,0.97523849607183
"MRT","Mauritania",2001,0.97523849607183
"MRT","Mauritania",2002,0.97523849607183
"MRT","Mauritania",2003,0.97523849607183
"MRT","Mauritania",2004,0.976360830527497
"MRT","Mauritania",2005,0.976360830527497
"MRT","Mauritania",2006,0.976360830527497
"MRT","Mauritania",2007,0.976360830527497
"MRT","Mauritania",2008,0.976360830527497
"MRT","Mauritania",2009,0.973590067340067
"MRT","Mauritania",2010,0.968223905723906
"MRT","Mauritania",2011,0.968223905723906
"MRT","Mauritania",2012,0.968223905723906
"MRT","Mauritania",2013,0.968223905723906
"MRT","Mauritania",2014,0.961805555555556
"MRT","Mauritania",2015,0.959701178451179
"MRT","Mauritania",2016,0.959701178451179
"MRT","Mauritania",2017,0.957386363636364
"MRT","Mauritania",2018,0.962401795735129
"MRT","Mauritania",2019,0.962401795735129
"MRT","Mauritania",2020,0.962401795735129
"MRT","Mauritania",2021,0.962401795735129
"MRT","Mauritania",2022,0.962401795735129
"MUS","Mauritius",1995,0.843644781144781
"MUS","Mauritius",1996,0.843644781144781
"MUS","Mauritius",1997,0.843644781144781
"MUS","Mauritius",1998,0.843644781144781
"MUS","Mauritius",1999,0.843644781144781
"MUS","Mauritius",2000,0.842312008978676
"MUS","Mauritius",2001,0.841750841750842
"MUS","Mauritius",2002,0.839751683501683
"MUS","Mauritius",2003,0.840347923681257
"MUS","Mauritius",2004,0.836910774410774
"MUS","Mauritius",2005,0.836033950617284
"MUS","Mauritius",2006,0.834631032547699
"MUS","Mauritius",2007,0.872159090909091
"MUS","Mauritius",2008,0.869248035914703
"MUS","Mauritius",2009,0.866266835016835
"MUS","Mauritius",2010,0.863215488215488
"MUS","Mauritius",2011,0.853184624017957
"MUS","Mauritius",2012,0.854026374859708
"MUS","Mauritius",2013,0.839330808080808
"MUS","Mauritius",2014,0.824670314253648
"MUS","Mauritius",2015,0.817866161616162
"MUS","Mauritius",2016,0.815481200897868
"MUS","Mauritius",2017,0.802890011223345
"MUS","Mauritius",2018,0.802749719416386
"MUS","Mauritius",2019,0.778584455667789
"MUS","Mauritius",2020,0.774375701459035
"MUS","Mauritius",2021,0.774375701459035
"MUS","Mauritius",2022,0.774375701459035
"MWI","Malawi",1995,0.981691919191919
"MWI","Malawi",1996,0.981691919191919
"MWI","Malawi",1997,0.981691919191919
"MWI","Malawi",1998,0.981691919191919
"MWI","Malawi",1999,0.981691919191919
"MWI","Malawi",2000,0.981691919191919
"MWI","Malawi",2001,0.981691919191919
"MWI","Malawi",2002,0.981691919191919
"MWI","Malawi",2003,0.981691919191919
"MWI","Malawi",2004,0.981341189674523
"MWI","Malawi",2005,0.981341189674523
"MWI","Malawi",2006,0.981341189674523
"MWI","Malawi",2007,0.981341189674523
"MWI","Malawi",2008,0.992073512906846
"MWI","Malawi",2009,0.990109427609428
"MWI","Malawi",2010,0.990109427609428
"MWI","Malawi",2011,0.990109427609428
"MWI","Malawi",2012,0.990109427609428
"MWI","Malawi",2013,0.994283108866442
"MWI","Malawi",2014,0.994283108866442
"MWI","Malawi",2015,0.994283108866442
"MWI","Malawi",2016,0.991161616161616
"MWI","Malawi",2017,0.991161616161616
"MWI","Malawi",2018,0.982147867564534
"MWI","Malawi",2019,0.982147867564534
"MWI","Malawi",2020,0.976325757575758
"MWI","Malawi",2021,0.976325757575758
"MWI","Malawi",2022,0.976325757575758
"MYS","Malaysia",1995,0.92645202020202
"MYS","Malaysia",1996,0.925820707070707
"MYS","Malaysia",1997,0.920138888888889
"MYS","Malaysia",1998,0.920138888888889
"MYS","Malaysia",1999,0.919262065095398
"MYS","Malaysia",2000,0.919332210998878
"MYS","Malaysia",2001,0.919332210998878
"MYS","Malaysia",2002,0.914211560044893
"MYS","Malaysia",2003,0.913790684624018
"MYS","Malaysia",2004,0.914316778900112
"MYS","Malaysia",2005,0.912352693602694
"MYS","Malaysia",2006,0.910528900112234
"MYS","Malaysia",2007,0.908845398428732
"MYS","Malaysia",2008,0.878437149270483
"MYS","Malaysia",2009,0.87229938271605
"MYS","Malaysia",2010,0.852167508417508
"MYS","Malaysia",2011,0.84196127946128
"MYS","Malaysia",2012,0.825722502805836
"MYS","Malaysia",2013,0.814008136924804
"MYS","Malaysia",2014,0.813236531986532
"MYS","Malaysia",2015,0.807168911335578
"MYS","Malaysia",2016,0.803626543209876
"MYS","Malaysia",2017,0.79506874298541
"MYS","Malaysia",2018,0.790158529741863
"MYS","Malaysia",2019,0.811307519640853
"MYS","Malaysia",2020,0.805415263748597
"MYS","Malaysia",2021,0.805415263748597
"MYS","Malaysia",2022,0.805415263748597
"NAM","Namibia",1995,0.881102693602694
"NAM","Namibia",1996,0.881102693602694
"NAM","Namibia",1997,0.881102693602694
"NAM","Namibia",1998,0.881102693602694
"NAM","Namibia",1999,0.881102693602694
"NAM","Namibia",2000,0.881102693602694
"NAM","Namibia",2001,0.881102693602694
"NAM","Namibia",2002,0.881102693602694
"NAM","Namibia",2003,0.881102693602694
"NAM","Namibia",2004,0.880646745230079
"NAM","Namibia",2005,0.880646745230079
"NAM","Namibia",2006,0.880646745230079
"NAM","Namibia",2007,0.88881874298541
"NAM","Namibia",2008,0.88881874298541
"NAM","Namibia",2009,0.88881874298541
"NAM","Namibia",2010,0.88881874298541
"NAM","Namibia",2011,0.88881874298541
"NAM","Namibia",2012,0.88881874298541
"NAM","Namibia",2013,0.92371632996633
"NAM","Namibia",2014,0.923225308641975
"NAM","Namibia",2015,0.922032828282828
"NAM","Namibia",2016,0.91638608305275
"NAM","Namibia",2017,0.909546857463524
"NAM","Namibia",2018,0.91175645342312
"NAM","Namibia",2019,0.91175645342312
"NAM","Namibia",2020,0.91175645342312
"NAM","Namibia",2021,0.91175645342312
"NAM","Namibia",2022,0.91175645342312
"NER","Niger",1995,0.994353254769922
"NER","Niger",1996,0.994353254769922
"NER","Niger",1997,0.993967452300786
"NER","Niger",1998,0.994037598204265
"NER","Niger",1999,0.994037598204265
"NER","Niger",2000,0.994037598204265
"NER","Niger",2001,0.994037598204265
"NER","Niger",2002,0.994037598204265
"NER","Niger",2003,0.994037598204265
"NER","Niger",2004,0.994423400673401
"NER","Niger",2005,0.994423400673401
"NER","Niger",2006,0.994423400673401
"NER","Niger",2007,0.994423400673401
"NER","Niger",2008,0.997124017957351
"NER","Niger",2009,0.994563692480359
"NER","Niger",2010,0.994563692480359
"NER","Niger",2011,0.994563692480359
"NER","Niger",2012,0.993651795735129
"NER","Niger",2013,0.993055555555556
"NER","Niger",2014,0.990951178451179
"NER","Niger",2015,0.994353254769922
"NER","Niger",2016,0.992038439955107
"NER","Niger",2017,0.992424242424243
"NER","Niger",2018,0.99354657687991
"NER","Niger",2019,0.993476430976431
"NER","Niger",2020,0.99361672278339
"NER","Niger",2021,0.99361672278339
"NER","Niger",2022,0.99361672278339
"NGA","Nigeria",1995,0.937745510662177
"NGA","Nigeria",1996,0.937745510662177
"NGA","Nigeria",1997,0.937745510662177
"NGA","Nigeria",1998,0.937745510662177
"NGA","Nigeria",1999,0.937745510662177
"NGA","Nigeria",2000,0.937745510662177
"NGA","Nigeria",2001,0.937745510662177
"NGA","Nigeria",2002,0.937745510662177
"NGA","Nigeria",2003,0.937991021324355
"NGA","Nigeria",2004,0.937991021324355
"NGA","Nigeria",2005,0.939534231200898
"NGA","Nigeria",2006,0.93844696969697
"NGA","Nigeria",2007,0.937605218855219
"NGA","Nigeria",2008,0.937815656565657
"NGA","Nigeria",2009,0.952300785634119
"NGA","Nigeria",2010,0.942655723905724
"NGA","Nigeria",2011,0.942655723905724
"NGA","Nigeria",2012,0.942655723905724
"NGA","Nigeria",2013,0.9540544332211
"NGA","Nigeria",2014,0.9540544332211
"NGA","Nigeria",2015,0.9540544332211
"NGA","Nigeria",2016,0.926381874298541
"NGA","Nigeria",2017,0.926381874298541
"NGA","Nigeria",2018,0.957351290684624
"NGA","Nigeria",2019,0.937710437710438
"NGA","Nigeria",2020,0.937710437710438
"NGA","Nigeria",2021,0.933887485970819
"NGA","Nigeria",2022,0.933887485970819
"NIC","Nicaragua",1995,0.935220258136925
"NIC","Nicaragua",1996,0.935220258136925
"NIC","Nicaragua",1997,0.933957631874299
"NIC","Nicaragua",1998,0.933957631874299
"NIC","Nicaragua",1999,0.933957631874299
"NIC","Nicaragua",2000,0.933957631874299
"NIC","Nicaragua",2001,0.933957631874299
"NIC","Nicaragua",2002,0.933957631874299
"NIC","Nicaragua",2003,0.950512065095399
"NIC","Nicaragua",2004,0.950512065095399
"NIC","Nicaragua",2005,0.944654882154882
"NIC","Nicaragua",2006,0.94486531986532
"NIC","Nicaragua",2007,0.942831088664422
"NIC","Nicaragua",2008,0.93479938271605
"NIC","Nicaragua",2009,0.932554713804714
"NIC","Nicaragua",2010,0.933080808080808
"NIC","Nicaragua",2011,0.926662457912458
"NIC","Nicaragua",2012,0.924978956228956
"NIC","Nicaragua",2013,0.924137205387205
"NIC","Nicaragua",2014,0.924523007856341
"NIC","Nicaragua",2015,0.922979797979798
"NIC","Nicaragua",2016,0.918841189674523
"NIC","Nicaragua",2017,0.914737654320988
"NIC","Nicaragua",2018,0.925645342312009
"NIC","Nicaragua",2019,0.925645342312009
"NIC","Nicaragua",2020,0.925645342312009
"NIC","Nicaragua",2021,0.925645342312009
"NIC","Nicaragua",2022,0.925645342312009
"NLD","Netherlands",1995,0.559624017957351
"NLD","Netherlands",1996,0.559624017957351
"NLD","Netherlands",1997,0.559624017957351
"NLD","Netherlands",1998,0.559624017957351
"NLD","Netherlands",1999,0.559624017957351
"NLD","Netherlands",2000,0.551662457912458
"NLD","Netherlands",2001,0.537001964085297
"NLD","Netherlands",2002,0.247825476992144
"NLD","Netherlands",2003,0.231271043771044
"NLD","Netherlands",2004,0.222152076318743
"NLD","Netherlands",2005,0.213909932659933
"NLD","Netherlands",2006,0.210683221099888
"NLD","Netherlands",2007,0.209175084175084
"NLD","Netherlands",2008,0.193532547699214
"NLD","Netherlands",2009,0.485549943883277
"NLD","Netherlands",2010,0.480604657687991
"NLD","Netherlands",2011,0.469451459034792
"NLD","Netherlands",2012,0.457982603815937
"NLD","Netherlands",2013,0.452265712682379
"NLD","Netherlands",2014,0.515186588103255
"NLD","Netherlands",2015,0.506278058361392
"NLD","Netherlands",2016,0.49905303030303
"NLD","Netherlands",2017,0.486391694725028
"NLD","Netherlands",2018,0.475413860830528
"NLD","Netherlands",2019,0.485234287317621
"NLD","Netherlands",2020,0.470679012345679
"NLD","Netherlands",2021,0.470679012345679
"NLD","Netherlands",2022,0.470679012345679
"NOR","Norway",1995,0.400287598204265
"NOR","Norway",1996,0.396990740740741
"NOR","Norway",1997,0.396008698092031
"NOR","Norway",1998,0.392817059483726
"NOR","Norway",1999,0.388573232323232
"NOR","Norway",2000,0.385311447811448
"NOR","Norway",2001,0.379699775533109
"NOR","Norway",2002,0.390993265993266
"NOR","Norway",2003,0.374789562289562
"NOR","Norway",2004,0.354447250280584
"NOR","Norway",2005,0.33364898989899
"NOR","Norway",2006,0.31618265993266
"NOR","Norway",2007,0.307309203142536
"NOR","Norway",2008,0.299207351290685
"NOR","Norway",2009,0.283670033670034
"NOR","Norway",2010,0.274340628507295
"NOR","Norway",2011,0.261574074074074
"NOR","Norway",2012,0.25550645342312
"NOR","Norway",2013,0.248000841750842
"NOR","Norway",2014,0.235585016835017
"NOR","Norway",2015,0.219732042648709
"NOR","Norway",2016,0.20956088664422
"NOR","Norway",2017,0.197495791245791
"NOR","Norway",2018,0.190411054994388
"NOR","Norway",2019,0.18195847362514
"NOR","Norway",2020,0.173260381593715
"NOR","Norway",2021,0.158810325476992
"NOR","Norway",2022,0.158810325476992
"NPL","Nepal",1995,0.985234287317621
"NPL","Nepal",1996,0.985234287317621
"NPL","Nepal",1997,0.985234287317621
"NPL","Nepal",1998,0.985234287317621
"NPL","Nepal",1999,0.985234287317621
"NPL","Nepal",2000,0.985234287317621
"NPL","Nepal",2001,0.984813411896745
"NPL","Nepal",2002,0.984813411896745
"NPL","Nepal",2003,0.984813411896745
"NPL","Nepal",2004,0.979377104377104
"NPL","Nepal",2005,0.979377104377104
"NPL","Nepal",2006,0.979377104377104
"NPL","Nepal",2007,0.979377104377104
"NPL","Nepal",2008,0.979377104377104
"NPL","Nepal",2009,0.979377104377104
"NPL","Nepal",2010,0.979377104377104
"NPL","Nepal",2011,0.979377104377104
"NPL","Nepal",2012,0.929363075196409
"NPL","Nepal",2013,0.918595679012346
"NPL","Nepal",2014,0.909722222222222
"NPL","Nepal",2015,0.909722222222222
"NPL","Nepal",2016,0.909722222222222
"NPL","Nepal",2017,0.873386644219978
"NPL","Nepal",2018,0.869248035914703
"NPL","Nepal",2019,0.859427609427609
"NPL","Nepal",2020,0.856551627384961
"NPL","Nepal",2021,0.849817620650954
"NPL","Nepal",2022,0.849817620650954
"NRU","Nauru",1995,0.743827160493827
"NRU","Nauru",1996,0.743827160493827
"NRU","Nauru",1997,0.743827160493827
"NRU","Nauru",1998,0.743827160493827
"NRU","Nauru",1999,0.743827160493827
"NRU","Nauru",2000,0.743827160493827
"NRU","Nauru",2001,0.743827160493827
"NRU","Nauru",2002,0.743827160493827
"NRU","Nauru",2003,0.743827160493827
"NRU","Nauru",2004,0.753998316498317
"NRU","Nauru",2005,0.753998316498317
"NRU","Nauru",2006,0.753998316498317
"NRU","Nauru",2007,0.753998316498317
"NRU","Nauru",2008,0.730955387205387
"NRU","Nauru",2009,0.730955387205387
"NRU","Nauru",2010,0.727518237934905
"NRU","Nauru",2011,0.716575476992144
"NRU","Nauru",2012,0.716575476992144
"NRU","Nauru",2013,0.716575476992144
"NRU","Nauru",2014,0.716575476992144
"NRU","Nauru",2015,0.739548260381594
"NRU","Nauru",2016,0.739548260381594
"NRU","Nauru",2017,0.739548260381594
"NRU","Nauru",2018,0.711174242424243
"NRU","Nauru",2019,0.711174242424243
"NRU","Nauru",2020,0.711174242424243
"NRU","Nauru",2021,0.711174242424243
"NRU","Nauru",2022,0.711174242424243
"NZL","New Zealand",1995,0.589681537598204
"NZL","New Zealand",1996,0.589260662177329
"NZL","New Zealand",1997,0.610234287317621
"NZL","New Zealand",1998,0.585998877665544
"NZL","New Zealand",1999,0.58733164983165
"NZL","New Zealand",2000,0.307274130190797
"NZL","New Zealand",2001,0.289807800224467
"NZL","New Zealand",2002,0.598519921436588
"NZL","New Zealand",2003,0.607603815937149
"NZL","New Zealand",2004,0.595012626262626
"NZL","New Zealand",2005,0.588033108866442
"NZL","New Zealand",2006,0.593118686868687
"NZL","New Zealand",2007,0.578247755331089
"NZL","New Zealand",2008,0.553872053872054
"NZL","New Zealand",2009,0.550820707070707
"NZL","New Zealand",2010,0.53766835016835
"NZL","New Zealand",2011,0.533845398428732
"NZL","New Zealand",2012,0.535984848484849
"NZL","New Zealand",2013,0.532477553310887
"NZL","New Zealand",2014,0.527216610549944
"NZL","New Zealand",2015,0.515923120089787
"NZL","New Zealand",2016,0.510276374859708
"NZL","New Zealand",2017,0.507049663299663
"NZL","New Zealand",2018,0.502700617283951
"NZL","New Zealand",2019,0.503507295173962
"NZL","New Zealand",2020,0.488145342312009
"NZL","New Zealand",2021,0.478395061728395
"NZL","New Zealand",2022,0.478395061728395
"OMN","Oman",1995,0.865179573512907
"OMN","Oman",1996,0.865179573512907
"OMN","Oman",1997,0.882119809203143
"OMN","Oman",1998,0.872369528619529
"OMN","Oman",1999,0.871983726150393
"OMN","Oman",2000,0.836700336700337
"OMN","Oman",2001,0.835262345679012
"OMN","Oman",2002,0.833859427609428
"OMN","Oman",2003,0.831719977553311
"OMN","Oman",2004,0.823337542087542
"OMN","Oman",2005,0.814920033670034
"OMN","Oman",2006,0.808186026936027
"OMN","Oman",2007,0.796611952861953
"OMN","Oman",2008,0.785283389450056
"OMN","Oman",2009,0.77293771043771
"OMN","Oman",2010,0.774691358024691
"OMN","Oman",2011,0.777672558922559
"OMN","Oman",2012,0.77760241301908
"OMN","Oman",2013,0.776515151515152
"OMN","Oman",2014,0.762485970819304
"OMN","Oman",2015,0.766238776655443
"OMN","Oman",2016,0.776269640852974
"OMN","Oman",2017,0.778093434343434
"OMN","Oman",2018,0.774340628507295
"OMN","Oman",2019,0.774586139169472
"OMN","Oman",2020,0.777427048260382
"OMN","Oman",2021,0.777427048260382
"OMN","Oman",2022,0.777427048260382
"PAK","Pakistan",1995,0.973028900112234
"PAK","Pakistan",1996,0.971766273849607
"PAK","Pakistan",1997,0.9706088664422
"PAK","Pakistan",1998,0.969416386083053
"PAK","Pakistan",1999,0.968504489337823
"PAK","Pakistan",2000,0.968083613916947
"PAK","Pakistan",2001,0.967557519640853
"PAK","Pakistan",2002,0.967557519640853
"PAK","Pakistan",2003,0.967557519640853
"PAK","Pakistan",2004,0.963909932659933
"PAK","Pakistan",2005,0.962401795735129
"PAK","Pakistan",2006,0.962401795735129
"PAK","Pakistan",2007,0.963173400673401
"PAK","Pakistan",2008,0.960157126823794
"PAK","Pakistan",2009,0.959210157126824
"PAK","Pakistan",2010,0.958368406285073
"PAK","Pakistan",2011,0.961980920314254
"PAK","Pakistan",2012,0.96043771043771
"PAK","Pakistan",2013,0.956684904601571
"PAK","Pakistan",2014,0.957877384960718
"PAK","Pakistan",2015,0.956123737373737
"PAK","Pakistan",2016,0.954124579124579
"PAK","Pakistan",2017,0.948723344556678
"PAK","Pakistan",2018,0.936938832772166
"PAK","Pakistan",2019,0.948127104377104
"PAK","Pakistan",2020,0.948127104377104
"PAK","Pakistan",2021,0.948127104377104
"PAK","Pakistan",2022,0.948127104377104
"PAN","Panama",1995,0.924382716049383
"PAN","Panama",1996,0.921787317620651
"PAN","Panama",1997,0.92091049382716
"PAN","Panama",1998,0.921647025813693
"PAN","Panama",1999,0.918525533108867
"PAN","Panama",2000,0.918525533108867
"PAN","Panama",2001,0.89334315375982
"PAN","Panama",2002,0.887521043771044
"PAN","Panama",2003,0.877420033670034
"PAN","Panama",2004,0.885486812570146
"PAN","Panama",2005,0.88415404040404
"PAN","Panama",2006,0.88422418630752
"PAN","Panama",2007,0.885837542087542
"PAN","Panama",2008,0.883136924803592
"PAN","Panama",2009,0.885662177328844
"PAN","Panama",2010,0.865705667789001
"PAN","Panama",2011,0.868230920314254
"PAN","Panama",2012,0.864723625140292
"PAN","Panama",2013,0.84375
"PAN","Panama",2014,0.843118686868687
"PAN","Panama",2015,0.849992985409652
"PAN","Panama",2016,0.842382154882155
"PAN","Panama",2017,0.83827861952862
"PAN","Panama",2018,0.837998035914703
"PAN","Panama",2019,0.832351290684624
"PAN","Panama",2020,0.821338383838384
"PAN","Panama",2021,0.821338383838384
"PAN","Panama",2022,0.821338383838384
"PER","Peru",1995,0.945356341189674
"PER","Peru",1996,0.945356341189674
"PER","Peru",1997,0.947039842873176
"PER","Peru",1998,0.947039842873176
"PER","Peru",1999,0.939920033670034
"PER","Peru",2000,0.939920033670034
"PER","Peru",2001,0.939920033670034
"PER","Peru",2002,0.939920033670034
"PER","Peru",2003,0.939920033670034
"PER","Peru",2004,0.939920033670034
"PER","Peru",2005,0.939920033670034
"PER","Peru",2006,0.939920033670034
"PER","Peru",2007,0.820145903479237
"PER","Peru",2008,0.820145903479237
"PER","Peru",2009,0.924067059483726
"PER","Peru",2010,0.924067059483726
"PER","Peru",2011,0.924067059483726
"PER","Peru",2012,0.909827441077441
"PER","Peru",2013,0.885977833894501
"PER","Peru",2014,0.890502244668911
"PER","Peru",2015,0.890993265993266
"PER","Peru",2016,0.881313131313131
"PER","Peru",2017,0.879910213243547
"PER","Peru",2018,0.851185465768799
"PER","Peru",2019,0.851185465768799
"PER","Peru",2020,0.851185465768799
"PER","Peru",2021,0.853219696969697
"PER","Peru",2022,0.853219696969697
"PHL","Philippines",1995,0.808010662177329
"PHL","Philippines",1996,0.808010662177329
"PHL","Philippines",1997,0.807659932659933
"PHL","Philippines",1998,0.807659932659933
"PHL","Philippines",1999,0.807659932659933
"PHL","Philippines",2000,0.808396464646465
"PHL","Philippines",2001,0.808922558922559
"PHL","Philippines",2002,0.813762626262626
"PHL","Philippines",2003,0.810781425364759
"PHL","Philippines",2004,0.814849887766554
"PHL","Philippines",2005,0.809378507295174
"PHL","Philippines",2006,0.804783950617284
"PHL","Philippines",2007,0.796085858585859
"PHL","Philippines",2008,0.779776936026936
"PHL","Philippines",2009,0.761609147025814
"PHL","Philippines",2010,0.761363636363636
"PHL","Philippines",2011,0.761363636363636
"PHL","Philippines",2012,0.761363636363636
"PHL","Philippines",2013,0.761363636363636
"PHL","Philippines",2014,0.761363636363636
"PHL","Philippines",2015,0.761363636363636
"PHL","Philippines",2016,0.761363636363636
"PHL","Philippines",2017,0.813166386083053
"PHL","Philippines",2018,0.810570987654321
"PHL","Philippines",2019,0.808186026936027
"PHL","Philippines",2020,0.808712121212121
"PHL","Philippines",2021,0.808256172839506
"PHL","Philippines",2022,0.808256172839506
"PLW","Palau",1995,0.744633838383838
"PLW","Palau",1996,0.744633838383838
"PLW","Palau",1997,0.744633838383838
"PLW","Palau",1998,0.744633838383838
"PLW","Palau",1999,0.744633838383838
"PLW","Palau",2000,0.744633838383838
"PLW","Palau",2001,0.744633838383838
"PLW","Palau",2002,0.744633838383838
"PLW","Palau",2003,0.744633838383838
"PLW","Palau",2004,0.742845117845118
"PLW","Palau",2005,0.742845117845118
"PLW","Palau",2006,0.744914421997755
"PLW","Palau",2007,0.744914421997755
"PLW","Palau",2008,0.744914421997755
"PLW","Palau",2009,0.739548260381594
"PLW","Palau",2010,0.722011784511784
"PLW","Palau",2011,0.722011784511784
"PLW","Palau",2012,0.722011784511784
"PLW","Palau",2013,0.722011784511784
"PLW","Palau",2014,0.734602974186308
"PLW","Palau",2015,0.734602974186308
"PLW","Palau",2016,0.734602974186308
"PLW","Palau",2017,0.734602974186308
"PLW","Palau",2018,0.698583052749719
"PLW","Palau",2019,0.698583052749719
"PLW","Palau",2020,0.712261503928171
"PLW","Palau",2021,0.712261503928171
"PLW","Palau",2022,0.712261503928171
"PNG","Papua New Guinea",1995,0.981937429854097
"PNG","Papua New Guinea",1996,0.981937429854097
"PNG","Papua New Guinea",1997,0.981937429854097
"PNG","Papua New Guinea",1998,0.981937429854097
"PNG","Papua New Guinea",1999,0.981937429854097
"PNG","Papua New Guinea",2000,0.982744107744108
"PNG","Papua New Guinea",2001,0.982744107744108
"PNG","Papua New Guinea",2002,0.982744107744108
"PNG","Papua New Guinea",2003,0.982744107744108
"PNG","Papua New Guinea",2004,0.982744107744108
"PNG","Papua New Guinea",2005,0.982744107744108
"PNG","Papua New Guinea",2006,0.982744107744108
"PNG","Papua New Guinea",2007,0.982744107744108
"PNG","Papua New Guinea",2008,0.986987934904602
"PNG","Papua New Guinea",2009,0.986987934904602
"PNG","Papua New Guinea",2010,0.984006734006734
"PNG","Papua New Guinea",2011,0.984006734006734
"PNG","Papua New Guinea",2012,0.984006734006734
"PNG","Papua New Guinea",2013,0.984006734006734
"PNG","Papua New Guinea",2014,0.984006734006734
"PNG","Papua New Guinea",2015,0.984006734006734
"PNG","Papua New Guinea",2016,0.984006734006734
"PNG","Papua New Guinea",2017,0.984006734006734
"PNG","Papua New Guinea",2018,0.982744107744108
"PNG","Papua New Guinea",2019,0.985830527497194
"PNG","Papua New Guinea",2020,0.985830527497194
"PNG","Papua New Guinea",2021,0.982463524130191
"PNG","Papua New Guinea",2022,0.982463524130191
"POL","Poland",1995,0.705317059483726
"POL","Poland",1996,0.700512065095398
"POL","Poland",1997,0.698302469135802
"POL","Poland",1998,0.70317760942761
"POL","Poland",1999,0.72152076318743
"POL","Poland",2000,0.732393378226712
"POL","Poland",2001,0.734918630751964
"POL","Poland",2002,0.734217171717172
"POL","Poland",2003,0.734322390572391
"POL","Poland",2004,0.732042648709315
"POL","Poland",2005,0.732744107744108
"POL","Poland",2006,0.731095679012346
"POL","Poland",2007,0.726886924803592
"POL","Poland",2008,0.727132435465769
"POL","Poland",2009,0.724712401795735
"POL","Poland",2010,0.723975869809203
"POL","Poland",2011,0.723063973063973
"POL","Poland",2012,0.722362514029181
"POL","Poland",2013,0.722187149270483
"POL","Poland",2014,0.721450617283951
"POL","Poland",2015,0.722152076318743
"POL","Poland",2016,0.720012626262626
"POL","Poland",2017,0.723414702581369
"POL","Poland",2018,0.723414702581369
"POL","Poland",2019,0.723414702581369
"POL","Poland",2020,0.635171156004489
"POL","Poland",2021,0.635171156004489
"POL","Poland",2022,0.635171156004489
"PRK","Korea, Democratic People's Repub",1995,0.760662177328844
"PRK","Korea, Democratic People's Repub",1996,0.760662177328844
"PRK","Korea, Democratic People's Repub",1997,0.760662177328844
"PRK","Korea, Democratic People's Repub",1998,0.760662177328844
"PRK","Korea, Democratic People's Repub",1999,0.760662177328844
"PRK","Korea, Democratic People's Repub",2000,0.760662177328844
"PRK","Korea, Democratic People's Repub",2001,0.760662177328844
"PRK","Korea, Democratic People's Repub",2002,0.760662177328844
"PRK","Korea, Democratic People's Repub",2003,0.754804994388328
"PRK","Korea, Democratic People's Repub",2004,0.754804994388328
"PRK","Korea, Democratic People's Repub",2005,0.754804994388328
"PRK","Korea, Democratic People's Repub",2006,0.754804994388328
"PRK","Korea, Democratic People's Repub",2007,0.754804994388328
"PRK","Korea, Democratic People's Repub",2008,0.74358164983165
"PRK","Korea, Democratic People's Repub",2009,0.74358164983165
"PRK","Korea, Democratic People's Repub",2010,0.74358164983165
"PRK","Korea, Democratic People's Repub",2011,0.74358164983165
"PRK","Korea, Democratic People's Repub",2012,0.737724466891134
"PRK","Korea, Democratic People's Repub",2013,0.737724466891134
"PRK","Korea, Democratic People's Repub",2014,0.735549943883277
"PRK","Korea, Democratic People's Repub",2015,0.735549943883277
"PRK","Korea, Democratic People's Repub",2016,0.728780864197531
"PRK","Korea, Democratic People's Repub",2017,0.718329124579125
"PRK","Korea, Democratic People's Repub",2018,0.718329124579125
"PRK","Korea, Democratic People's Repub",2019,0.718329124579125
"PRK","Korea, Democratic People's Repub",2020,0.718329124579125
"PRK","Korea, Democratic People's Repub",2021,0.718329124579125
"PRK","Korea, Democratic People's Repub",2022,0.718329124579125
"PRT","Portugal",1995,0.759539842873176
"PRT","Portugal",1996,0.756769079685746
"PRT","Portugal",1997,0.755331088664422
"PRT","Portugal",1998,0.753367003367003
"PRT","Portugal",1999,0.752595398428732
"PRT","Portugal",2000,0.749754489337823
"PRT","Portugal",2001,0.748000841750842
"PRT","Portugal",2002,0.746843434343434
"PRT","Portugal",2003,0.738741582491583
"PRT","Portugal",2004,0.730043490460157
"PRT","Portugal",2005,0.719521604938272
"PRT","Portugal",2006,0.708052749719416
"PRT","Portugal",2007,0.695040684624018
"PRT","Portugal",2008,0.683221099887766
"PRT","Portugal",2009,0.670103815937149
"PRT","Portugal",2010,0.65625
"PRT","Portugal",2011,0.644044612794613
"PRT","Portugal",2012,0.635942760942761
"PRT","Portugal",2013,0.62780583613917
"PRT","Portugal",2014,0.619072671156004
"PRT","Portugal",2015,0.606832210998878
"PRT","Portugal",2016,0.593609708193041
"PRT","Portugal",2017,0.579650673400673
"PRT","Portugal",2018,0.565867003367003
"PRT","Portugal",2019,0.553872053872054
"PRT","Portugal",2020,0.540509259259259
"PRT","Portugal",2021,0.540509259259259
"PRT","Portugal",2022,0.540509259259259
"PRY","Paraguay",1995,0.908915544332211
"PRY","Paraguay",1996,0.908915544332211
"PRY","Paraguay",1997,0.896008698092031
"PRY","Paraguay",1998,0.896008698092031
"PRY","Paraguay",1999,0.896008698092031
"PRY","Paraguay",2000,0.893483445566779
"PRY","Paraguay",2001,0.893483445566779
"PRY","Paraguay",2002,0.892361111111111
"PRY","Paraguay",2003,0.892361111111111
"PRY","Paraguay",2004,0.892361111111111
"PRY","Paraguay",2005,0.892361111111111
"PRY","Paraguay",2006,0.892361111111111
"PRY","Paraguay",2007,0.892361111111111
"PRY","Paraguay",2008,0.892361111111111
"PRY","Paraguay",2009,0.892361111111111
"PRY","Paraguay",2010,0.892361111111111
"PRY","Paraguay",2011,0.892361111111111
"PRY","Paraguay",2012,0.914421997755331
"PRY","Paraguay",2013,0.932519640852974
"PRY","Paraguay",2014,0.930660774410774
"PRY","Paraguay",2015,0.928696689113356
"PRY","Paraguay",2016,0.927328843995511
"PRY","Paraguay",2017,0.926031144781145
"PRY","Paraguay",2018,0.888432940516274
"PRY","Paraguay",2019,0.888432940516274
"PRY","Paraguay",2020,0.902830387205387
"PRY","Paraguay",2021,0.826003086419753
"PRY","Paraguay",2022,0.826003086419753
"QAT","Qatar",1995,0.785283389450056
"QAT","Qatar",1996,0.785283389450056
"QAT","Qatar",1997,0.785283389450056
"QAT","Qatar",1998,0.785283389450056
"QAT","Qatar",1999,0.785283389450056
"QAT","Qatar",2000,0.785283389450056
"QAT","Qatar",2001,0.751718574635241
"QAT","Qatar",2002,0.751718574635241
"QAT","Qatar",2003,0.751718574635241
"QAT","Qatar",2004,0.751718574635241
"QAT","Qatar",2005,0.712086139169472
"QAT","Qatar",2006,0.708964646464647
"QAT","Qatar",2007,0.708964646464647
"QAT","Qatar",2008,0.685991863075196
"QAT","Qatar",2009,0.725519079685746
"QAT","Qatar",2010,0.643693883277217
"QAT","Qatar",2011,0.643693883277217
"QAT","Qatar",2012,0.643693883277217
"QAT","Qatar",2013,0.643693883277217
"QAT","Qatar",2014,0.7168911335578
"QAT","Qatar",2015,0.7168911335578
"QAT","Qatar",2016,0.728184624017957
"QAT","Qatar",2017,0.69297138047138
"QAT","Qatar",2018,0.661160213243547
"QAT","Qatar",2019,0.661160213243547
"QAT","Qatar",2020,0.661160213243547
"QAT","Qatar",2021,0.661160213243547
"QAT","Qatar",2022,0.661160213243547
"ROU","Romania",1995,0.746948653198653
"ROU","Romania",1996,0.746948653198653
"ROU","Romania",1997,0.746948653198653
"ROU","Romania",1998,0.746948653198653
"ROU","Romania",1999,0.746948653198653
"ROU","Romania",2000,0.743125701459035
"ROU","Romania",2001,0.739443041526375
"ROU","Romania",2002,0.728535353535354
"ROU","Romania",2003,0.731902356902357
"ROU","Romania",2004,0.72334455667789
"ROU","Romania",2005,0.718609708193041
"ROU","Romania",2006,0.711560044893378
"ROU","Romania",2007,0.706719977553311
"ROU","Romania",2008,0.70587822671156
"ROU","Romania",2009,0.699565095398429
"ROU","Romania",2010,0.713348765432099
"ROU","Romania",2011,0.708964646464647
"ROU","Romania",2012,0.702265712682379
"ROU","Romania",2013,0.694339225589226
"ROU","Romania",2014,0.694339225589226
"ROU","Romania",2015,0.694339225589226
"ROU","Romania",2016,0.709806397306397
"ROU","Romania",2017,0.63973063973064
"ROU","Romania",2018,0.63973063973064
"ROU","Romania",2019,0.63973063973064
"ROU","Romania",2020,0.63973063973064
"ROU","Romania",2021,0.63973063973064
"ROU","Romania",2022,0.63973063973064
"RUS","Russian Federation",1995,0.611391694725028
"RUS","Russian Federation",1996,0.612689393939394
"RUS","Russian Federation",1997,0.612338664421998
"RUS","Russian Federation",1998,0.613916947250281
"RUS","Russian Federation",1999,0.612023007856341
"RUS","Russian Federation",2000,0.580422278338945
"RUS","Russian Federation",2001,0.57908950617284
"RUS","Russian Federation",2002,0.571513748597082
"RUS","Russian Federation",2003,0.567936307519641
"RUS","Russian Federation",2004,0.565130471380471
"RUS","Russian Federation",2005,0.563271604938272
"RUS","Russian Federation",2006,0.55509960718294
"RUS","Russian Federation",2007,0.553696689113356
"RUS","Russian Federation",2008,0.559869528619529
"RUS","Russian Federation",2009,0.55702861952862
"RUS","Russian Federation",2010,0.557835297418631
"RUS","Russian Federation",2011,0.584385521885522
"RUS","Russian Federation",2012,0.592031425364759
"RUS","Russian Federation",2013,0.592627665544332
"RUS","Russian Federation",2014,0.587962962962963
"RUS","Russian Federation",2015,0.549172278338945
"RUS","Russian Federation",2016,0.562955948372615
"RUS","Russian Federation",2017,0.55976430976431
"RUS","Russian Federation",2018,0.559062850729517
"RUS","Russian Federation",2019,0.556186868686869
"RUS","Russian Federation",2020,0.649340628507295
"RUS","Russian Federation",2021,0.649340628507295
"RUS","Russian Federation",2022,0.649340628507295
"RWA","Rwanda",1995,0.987443883277217
"RWA","Rwanda",1996,0.987443883277217
"RWA","Rwanda",1997,0.987443883277217
"RWA","Rwanda",1998,0.987443883277217
"RWA","Rwanda",1999,0.987443883277217
"RWA","Rwanda",2000,0.987443883277217
"RWA","Rwanda",2001,0.987443883277217
"RWA","Rwanda",2002,0.987443883277217
"RWA","Rwanda",2003,0.987443883277217
"RWA","Rwanda",2004,0.986391694725028
"RWA","Rwanda",2005,0.986040965207632
"RWA","Rwanda",2006,0.986040965207632
"RWA","Rwanda",2007,0.986040965207632
"RWA","Rwanda",2008,0.977272727272727
"RWA","Rwanda",2009,0.977483164983165
"RWA","Rwanda",2010,0.977483164983165
"RWA","Rwanda",2011,0.979696268237935
"RWA","Rwanda",2012,0.979696268237935
"RWA","Rwanda",2013,0.976676487093154
"RWA","Rwanda",2014,0.967627665544332
"RWA","Rwanda",2015,0.964891975308642
"RWA","Rwanda",2016,0.962086139169472
"RWA","Rwanda",2017,0.961560044893378
"RWA","Rwanda",2018,0.956509539842873
"RWA","Rwanda",2019,0.965803872053872
"RWA","Rwanda",2020,0.965803872053872
"RWA","Rwanda",2021,0.965803872053872
"RWA","Rwanda",2022,0.965803872053872
"SAU","Saudi Arabia",1995,0.884960718294052
"SAU","Saudi Arabia",1996,0.884960718294052
"SAU","Saudi Arabia",1997,0.884960718294052
"SAU","Saudi Arabia",1998,0.884960718294052
"SAU","Saudi Arabia",1999,0.884960718294052
"SAU","Saudi Arabia",2000,0.918841189674523
"SAU","Saudi Arabia",2001,0.920209034792368
"SAU","Saudi Arabia",2002,0.920209034792368
"SAU","Saudi Arabia",2003,0.920209034792368
"SAU","Saudi Arabia",2004,0.920209034792368
"SAU","Saudi Arabia",2005,0.920209034792368
"SAU","Saudi Arabia",2006,0.920209034792368
"SAU","Saudi Arabia",2007,0.920209034792368
"SAU","Saudi Arabia",2008,0.814429012345679
"SAU","Saudi Arabia",2009,0.808326318742985
"SAU","Saudi Arabia",2010,0.780478395061728
"SAU","Saudi Arabia",2011,0.777041245791246
"SAU","Saudi Arabia",2012,0.773604096520763
"SAU","Saudi Arabia",2013,0.767887205387205
"SAU","Saudi Arabia",2014,0.751964085297419
"SAU","Saudi Arabia",2015,0.748562008978676
"SAU","Saudi Arabia",2016,0.730008417508418
"SAU","Saudi Arabia",2017,0.768728956228956
"SAU","Saudi Arabia",2018,0.729552469135803
"SAU","Saudi Arabia",2019,0.715418069584736
"SAU","Saudi Arabia",2020,0.718083613916947
"SAU","Saudi Arabia",2021,0.708193041526375
"SAU","Saudi Arabia",2022,0.708193041526375
"SDN","Sudan",1995,0.961139169472503
"SDN","Sudan",1996,0.961139169472503
"SDN","Sudan",1997,0.961139169472503
"SDN","Sudan",1998,0.961139169472503
"SDN","Sudan",1999,0.961139169472503
"SDN","Sudan",2000,0.958754208754209
"SDN","Sudan",2001,0.958754208754209
"SDN","Sudan",2002,0.958754208754209
"SDN","Sudan",2003,0.958754208754209
"SDN","Sudan",2004,0.955106621773289
"SDN","Sudan",2005,0.955106621773289
"SDN","Sudan",2006,0.951213524130191
"SDN","Sudan",2007,0.953282828282828
"SDN","Sudan",2008,0.955281986531987
"SDN","Sudan",2009,0.955281986531987
"SDN","Sudan",2010,0.955281986531987
"SDN","Sudan",2011,0.955281986531987
"SDN","Sudan",2012,0.955281986531987
"SDN","Sudan",2013,0.955281986531987
"SDN","Sudan",2014,0.94760101010101
"SDN","Sudan",2015,0.958578843995511
"SDN","Sudan",2016,0.958578843995511
"SDN","Sudan",2017,0.963909932659933
"SDN","Sudan",2018,0.953388047138047
"SDN","Sudan",2019,0.953388047138047
"SDN","Sudan",2020,0.953388047138047
"SDN","Sudan",2021,0.953388047138047
"SDN","Sudan",2022,0.953388047138047
"SEN","Senegal",1995,0.989197530864197
"SEN","Senegal",1996,0.988566217732885
"SEN","Senegal",1997,0.988566217732885
"SEN","Senegal",1998,0.988496071829405
"SEN","Senegal",1999,0.988496071829405
"SEN","Senegal",2000,0.988496071829405
"SEN","Senegal",2001,0.988496071829405
"SEN","Senegal",2002,0.988496071829405
"SEN","Senegal",2003,0.988496071829405
"SEN","Senegal",2004,0.98986391694725
"SEN","Senegal",2005,0.98986391694725
"SEN","Senegal",2006,0.98986391694725
"SEN","Senegal",2007,0.98986391694725
"SEN","Senegal",2008,0.984883557800225
"SEN","Senegal",2009,0.984883557800225
"SEN","Senegal",2010,0.984883557800225
"SEN","Senegal",2011,0.984883557800225
"SEN","Senegal",2012,0.984883557800225
"SEN","Senegal",2013,0.975908389450056
"SEN","Senegal",2014,0.975908389450056
"SEN","Senegal",2015,0.988482042648709
"SEN","Senegal",2016,0.989162457912458
"SEN","Senegal",2017,0.98898709315376
"SEN","Senegal",2018,0.98898709315376
"SEN","Senegal",2019,0.980148709315376
"SEN","Senegal",2020,0.98712822671156
"SEN","Senegal",2021,0.98712822671156
"SEN","Senegal",2022,0.98712822671156
"SGP","Singapore",1995,0.804538439955107
"SGP","Singapore",1996,0.804538439955107
"SGP","Singapore",1997,0.804538439955107
"SGP","Singapore",1998,0.804538439955107
"SGP","Singapore",1999,0.814499158249158
"SGP","Singapore",2000,0.813341750841751
"SGP","Singapore",2001,0.804117564534231
"SGP","Singapore",2002,0.803907126823794
"SGP","Singapore",2003,0.802293771043771
"SGP","Singapore",2004,0.790544332210999
"SGP","Singapore",2005,0.785318462401796
"SGP","Singapore",2006,0.784827441077441
"SGP","Singapore",2007,0.779110549943883
"SGP","Singapore",2008,0.77023709315376
"SGP","Singapore",2009,0.756804152637486
"SGP","Singapore",2010,0.741968294051627
"SGP","Singapore",2011,0.759504769921437
"SGP","Singapore",2012,0.744248035914703
"SGP","Singapore",2013,0.737899831649832
"SGP","Singapore",2014,0.72885101010101
"SGP","Singapore",2015,0.716645622895623
"SGP","Singapore",2016,0.708859427609428
"SGP","Singapore",2017,0.704335016835017
"SGP","Singapore",2018,0.702721661054994
"SGP","Singapore",2019,0.70040684624018
"SGP","Singapore",2020,0.70040684624018
"SGP","Singapore",2021,0.70040684624018
"SGP","Singapore",2022,0.70040684624018
"SLB","Solomon Islands",1995,0.967487373737374
"SLB","Solomon Islands",1996,0.967487373737374
"SLB","Solomon Islands",1997,0.967487373737374
"SLB","Solomon Islands",1998,0.967487373737374
"SLB","Solomon Islands",1999,0.96787317620651
"SLB","Solomon Islands",2000,0.96787317620651
"SLB","Solomon Islands",2001,0.96787317620651
"SLB","Solomon Islands",2002,0.96787317620651
"SLB","Solomon Islands",2003,0.950126262626263
"SLB","Solomon Islands",2004,0.950126262626263
"SLB","Solomon Islands",2005,0.945671997755331
"SLB","Solomon Islands",2006,0.945671997755331
"SLB","Solomon Islands",2007,0.945671997755331
"SLB","Solomon Islands",2008,0.946092873176206
"SLB","Solomon Islands",2009,0.924768518518518
"SLB","Solomon Islands",2010,0.924768518518518
"SLB","Solomon Islands",2011,0.934448653198653
"SLB","Solomon Islands",2012,0.937605218855219
"SLB","Solomon Islands",2013,0.927539281705948
"SLB","Solomon Islands",2014,0.927539281705948
"SLB","Solomon Islands",2015,0.927539281705948
"SLB","Solomon Islands",2016,0.927293771043771
"SLB","Solomon Islands",2017,0.927293771043771
"SLB","Solomon Islands",2018,0.920700056116723
"SLB","Solomon Islands",2019,0.920700056116723
"SLB","Solomon Islands",2020,0.920700056116723
"SLB","Solomon Islands",2021,0.920700056116723
"SLB","Solomon Islands",2022,0.920700056116723
"SLE","Sierra Leone",1995,0.992354096520763
"SLE","Sierra Leone",1996,0.992354096520763
"SLE","Sierra Leone",1997,0.992354096520763
"SLE","Sierra Leone",1998,0.992354096520763
"SLE","Sierra Leone",1999,0.992354096520763
"SLE","Sierra Leone",2000,0.992354096520763
"SLE","Sierra Leone",2001,0.992354096520763
"SLE","Sierra Leone",2002,0.992354096520763
"SLE","Sierra Leone",2003,0.992354096520763
"SLE","Sierra Leone",2004,0.993862233445567
"SLE","Sierra Leone",2005,0.993862233445567
"SLE","Sierra Leone",2006,0.993862233445567
"SLE","Sierra Leone",2007,0.993862233445567
"SLE","Sierra Leone",2008,0.996966189674523
"SLE","Sierra Leone",2009,0.996966189674523
"SLE","Sierra Leone",2010,0.996843434343434
"SLE","Sierra Leone",2011,0.992424242424243
"SLE","Sierra Leone",2012,0.992424242424243
"SLE","Sierra Leone",2013,0.959946689113356
"SLE","Sierra Leone",2014,0.968855218855219
"SLE","Sierra Leone",2015,0.973554994388328
"SLE","Sierra Leone",2016,0.97611531986532
"SLE","Sierra Leone",2017,0.974396745230079
"SLE","Sierra Leone",2018,0.974396745230079
"SLE","Sierra Leone",2019,0.974396745230079
"SLE","Sierra Leone",2020,0.992985409652076
"SLE","Sierra Leone",2021,0.992985409652076
"SLE","Sierra Leone",2022,0.992985409652076
"SLV","El Salvador",1995,0.946987233445567
"SLV","El Salvador",1996,0.946987233445567
"SLV","El Salvador",1997,0.941340488215488
"SLV","El Salvador",1998,0.941340488215488
"SLV","El Salvador",1999,0.935869107744108
"SLV","El Salvador",2000,0.935869107744108
"SLV","El Salvador",2001,0.935869107744108
"SLV","El Salvador",2002,0.926136363636364
"SLV","El Salvador",2003,0.926136363636364
"SLV","El Salvador",2004,0.926136363636364
"SLV","El Salvador",2005,0.9303205667789
"SLV","El Salvador",2006,0.9303205667789
"SLV","El Salvador",2007,0.893974466891134
"SLV","El Salvador",2008,0.887415824915825
"SLV","El Salvador",2009,0.887415824915825
"SLV","El Salvador",2010,0.887415824915825
"SLV","El Salvador",2011,0.887415824915825
"SLV","El Salvador",2012,0.887415824915825
"SLV","El Salvador",2013,0.872825476992144
"SLV","El Salvador",2014,0.873351571268238
"SLV","El Salvador",2015,0.873281425364759
"SLV","El Salvador",2016,0.883340347923681
"SLV","El Salvador",2017,0.881972502805836
"SLV","El Salvador",2018,0.833789281705948
"SLV","El Salvador",2019,0.833789281705948
"SLV","El Salvador",2020,0.833789281705948
"SLV","El Salvador",2021,0.808010662177329
"SLV","El Salvador",2022,0.808010662177329
"SMR","San Marino",1995,0.550434904601571
"SMR","San Marino",1996,0.550434904601571
"SMR","San Marino",1997,0.550434904601571
"SMR","San Marino",1998,0.550434904601571
"SMR","San Marino",1999,0.550434904601571
"SMR","San Marino",2000,0.550434904601571
"SMR","San Marino",2001,0.550434904601571
"SMR","San Marino",2002,0.550434904601571
"SMR","San Marino",2003,0.550434904601571
"SMR","San Marino",2004,0.550434904601571
"SMR","San Marino",2005,0.550434904601571
"SMR","San Marino",2006,0.550434904601571
"SMR","San Marino",2007,0.550434904601571
"SMR","San Marino",2008,0.550434904601571
"SMR","San Marino",2009,0.550434904601571
"SMR","San Marino",2010,0.550434904601571
"SMR","San Marino",2011,0.550434904601571
"SMR","San Marino",2012,0.527882996632997
"SMR","San Marino",2013,0.530723905723906
"SMR","San Marino",2014,0.507996632996633
"SMR","San Marino",2015,0.507996632996633
"SMR","San Marino",2016,0.507996632996633
"SMR","San Marino",2017,0.507996632996633
"SMR","San Marino",2018,0.507996632996633
"SMR","San Marino",2019,0.507996632996633
"SMR","San Marino",2020,0.507996632996633
"SMR","San Marino",2021,0.507996632996633
"SMR","San Marino",2022,0.507996632996633
"SOM","Somalia",1995,0.99449354657688
"SOM","Somalia",1996,0.99449354657688
"SOM","Somalia",1997,0.99449354657688
"SOM","Somalia",1998,0.99449354657688
"SOM","Somalia",1999,0.99449354657688
"SOM","Somalia",2000,0.99449354657688
"SOM","Somalia",2001,0.99449354657688
"SOM","Somalia",2002,0.99449354657688
"SOM","Somalia",2003,0.99449354657688
"SOM","Somalia",2004,0.99449354657688
"SOM","Somalia",2005,0.99449354657688
"SOM","Somalia",2006,0.998456790123457
"SOM","Somalia",2007,0.998456790123457
"SOM","Somalia",2008,0.998456790123457
"SOM","Somalia",2009,0.998456790123457
"SOM","Somalia",2010,0.998456790123457
"SOM","Somalia",2011,0.998456790123457
"SOM","Somalia",2012,0.998456790123457
"SOM","Somalia",2013,0.998456790123457
"SOM","Somalia",2014,0.997825476992144
"SOM","Somalia",2015,0.997825476992144
"SOM","Somalia",2016,0.997825476992144
"SOM","Somalia",2017,0.997825476992144
"SOM","Somalia",2018,0.997825476992144
"SOM","Somalia",2019,0.997825476992144
"SOM","Somalia",2020,0.997825476992144
"SOM","Somalia",2021,0.997825476992144
"SOM","Somalia",2022,0.997825476992144
"SRB","Serbia",1995,0.631032547699214
"SRB","Serbia",1996,0.631032547699214
"SRB","Serbia",1997,0.631032547699214
"SRB","Serbia",1998,0.631032547699214
"SRB","Serbia",1999,0.631032547699214
"SRB","Serbia",2000,0.631032547699214
"SRB","Serbia",2001,0.631032547699214
"SRB","Serbia",2002,0.631032547699214
"SRB","Serbia",2003,0.631032547699214
"SRB","Serbia",2004,0.628858024691358
"SRB","Serbia",2005,0.629313973063973
"SRB","Serbia",2006,0.628331930415264
"SRB","Serbia",2007,0.62591189674523
"SRB","Serbia",2008,0.622755331088665
"SRB","Serbia",2009,0.621668069584736
"SRB","Serbia",2010,0.620124859708193
"SRB","Serbia",2011,0.619248035914703
"SRB","Serbia",2012,0.633698092031425
"SRB","Serbia",2013,0.628893097643098
"SRB","Serbia",2014,0.624193322109989
"SRB","Serbia",2015,0.611742424242424
"SRB","Serbia",2016,0.621387485970819
"SRB","Serbia",2017,0.621387485970819
"SRB","Serbia",2018,0.621387485970819
"SRB","Serbia",2019,0.621387485970819
"SRB","Serbia",2020,0.621387485970819
"SRB","Serbia",2021,0.621387485970819
"SRB","Serbia",2022,0.621387485970819
"STP","Sao Tome and Principe",1995,0.917718855218855
"STP","Sao Tome and Principe",1996,0.917718855218855
"STP","Sao Tome and Principe",1997,0.917718855218855
"STP","Sao Tome and Principe",1998,0.917718855218855
"STP","Sao Tome and Principe",1999,0.917718855218855
"STP","Sao Tome and Principe",2000,0.917718855218855
"STP","Sao Tome and Principe",2001,0.917718855218855
"STP","Sao Tome and Principe",2002,0.917718855218855
"STP","Sao Tome and Principe",2003,0.917718855218855
"STP","Sao Tome and Principe",2004,0.916070426487093
"STP","Sao Tome and Principe",2005,0.916070426487093
"STP","Sao Tome and Principe",2006,0.916070426487093
"STP","Sao Tome and Principe",2007,0.916070426487093
"STP","Sao Tome and Principe",2008,0.916070426487093
"STP","Sao Tome and Principe",2009,0.916070426487093
"STP","Sao Tome and Principe",2010,0.916070426487093
"STP","Sao Tome and Principe",2011,0.916070426487093
"STP","Sao Tome and Principe",2012,0.916070426487093
"STP","Sao Tome and Principe",2013,0.916070426487093
"STP","Sao Tome and Principe",2014,0.916070426487093
"STP","Sao Tome and Principe",2015,0.91452721661055
"STP","Sao Tome and Principe",2016,0.91452721661055
"STP","Sao Tome and Principe",2017,0.91452721661055
"STP","Sao Tome and Principe",2018,0.924242424242424
"STP","Sao Tome and Principe",2019,0.90993265993266
"STP","Sao Tome and Principe",2020,0.90993265993266
"STP","Sao Tome and Principe",2021,0.90993265993266
"STP","Sao Tome and Principe",2022,0.90993265993266
"SUR","Suriname",1995,0.925925925925926
"SUR","Suriname",1996,0.943392255892256
"SUR","Suriname",1997,0.943392255892256
"SUR","Suriname",1998,0.943392255892256
"SUR","Suriname",1999,0.943392255892256
"SUR","Suriname",2000,0.938236531986532
"SUR","Suriname",2001,0.938236531986532
"SUR","Suriname",2002,0.938236531986532
"SUR","Suriname",2003,0.938236531986532
"SUR","Suriname",2004,0.797909652076319
"SUR","Suriname",2005,0.797909652076319
"SUR","Suriname",2006,0.797909652076319
"SUR","Suriname",2007,0.797909652076319
"SUR","Suriname",2008,0.797909652076319
"SUR","Suriname",2009,0.874579124579125
"SUR","Suriname",2010,0.874579124579125
"SUR","Suriname",2011,0.874579124579125
"SUR","Suriname",2012,0.874579124579125
"SUR","Suriname",2013,0.900462962962963
"SUR","Suriname",2014,0.909301346801347
"SUR","Suriname",2015,0.895798260381594
"SUR","Suriname",2016,0.897446689113356
"SUR","Suriname",2017,0.896604938271605
"SUR","Suriname",2018,0.880892255892256
"SUR","Suriname",2019,0.841329966329966
"SUR","Suriname",2020,0.841329966329966
"SUR","Suriname",2021,0.841329966329966
"SUR","Suriname",2022,0.841329966329966
"SVK","Slovakia",1995,0.625869809203143
"SVK","Slovakia",1996,0.625869809203143
"SVK","Slovakia",1997,0.625869809203143
"SVK","Slovakia",1998,0.625869809203143
"SVK","Slovakia",1999,0.631516554433221
"SVK","Slovakia",2000,0.627525252525252
"SVK","Slovakia",2001,0.634609988776655
"SVK","Slovakia",2002,0.640011223344557
"SVK","Slovakia",2003,0.65351430976431
"SVK","Slovakia",2004,0.658810325476992
"SVK","Slovakia",2005,0.674102132435466
"SVK","Slovakia",2006,0.668911335578002
"SVK","Slovakia",2007,0.650989057239057
"SVK","Slovakia",2008,0.652882996632997
"SVK","Slovakia",2009,0.662352693602694
"SVK","Slovakia",2010,0.65989758698092
"SVK","Slovakia",2011,0.666771885521886
"SVK","Slovakia",2012,0.6690867003367
"SVK","Slovakia",2013,0.670559764309764
"SVK","Slovakia",2014,0.6690867003367
"SVK","Slovakia",2015,0.670349326599327
"SVK","Slovakia",2016,0.667578563411897
"SVK","Slovakia",2017,0.673260381593715
"SVK","Slovakia",2018,0.667859147025814
"SVK","Slovakia",2019,0.665018237934905
"SVK","Slovakia",2020,0.659336419753086
"SVK","Slovakia",2021,0.564920033670034
"SVK","Slovakia",2022,0.564920033670034
"SVN","Slovenia",1995,0.704545454545455
"SVN","Slovenia",1996,0.697776374859708
"SVN","Slovenia",1997,0.689744668911336
"SVN","Slovenia",1998,0.69023569023569
"SVN","Slovenia",1999,0.687429854096521
"SVN","Slovenia",2000,0.686026936026936
"SVN","Slovenia",2001,0.674943883277217
"SVN","Slovenia",2002,0.671611952861953
"SVN","Slovenia",2003,0.664281705948373
"SVN","Slovenia",2004,0.661651234567901
"SVN","Slovenia",2005,0.657828282828283
"SVN","Slovenia",2006,0.653163580246914
"SVN","Slovenia",2007,0.647692199775533
"SVN","Slovenia",2008,0.642852132435466
"SVN","Slovenia",2009,0.636083052749719
"SVN","Slovenia",2010,0.630085578002245
"SVN","Slovenia",2011,0.623351571268238
"SVN","Slovenia",2012,0.627384960718294
"SVN","Slovenia",2013,0.618897306397306
"SVN","Slovenia",2014,0.605324074074074
"SVN","Slovenia",2015,0.596275252525252
"SVN","Slovenia",2016,0.560606060606061
"SVN","Slovenia",2017,0.549312570145904
"SVN","Slovenia",2018,0.53858024691358
"SVN","Slovenia",2019,0.528619528619529
"SVN","Slovenia",2020,0.517922278338945
"SVN","Slovenia",2021,0.517922278338945
"SVN","Slovenia",2022,0.517922278338945
"SWE","Sweden",1995,0.549838664421998
"SWE","Sweden",1996,0.549943883277217
"SWE","Sweden",1997,0.552679573512907
"SWE","Sweden",1998,0.543911335578002
"SWE","Sweden",1999,0.53858024691358
"SWE","Sweden",2000,0.534476711560045
"SWE","Sweden",2001,0.525533108866442
"SWE","Sweden",2002,0.514976150392817
"SWE","Sweden",2003,0.508663019079686
"SWE","Sweden",2004,0.498947811447811
"SWE","Sweden",2005,0.489583333333333
"SWE","Sweden",2006,0.481271043771044
"SWE","Sweden",2007,0.473695286195286
"SWE","Sweden",2008,0.470223063973064
"SWE","Sweden",2009,0.466680695847363
"SWE","Sweden",2010,0.461875701459035
"SWE","Sweden",2011,0.458894500561167
"SWE","Sweden",2012,0.455667789001122
"SWE","Sweden",2013,0.452511223344557
"SWE","Sweden",2014,0.450582210998878
"SWE","Sweden",2015,0.447916666666667
"SWE","Sweden",2016,0.445251122334456
"SWE","Sweden",2017,0.443532547699214
"SWE","Sweden",2018,0.441884118967452
"SWE","Sweden",2019,0.444234006734007
"SWE","Sweden",2020,0.347011784511784
"SWE","Sweden",2021,0.347011784511784
"SWE","Sweden",2022,0.347011784511784
"SWZ","Swaziland",1995,0.883452581369248
"SWZ","Swaziland",1996,0.883452581369248
"SWZ","Swaziland",1997,0.883452581369248
"SWZ","Swaziland",1998,0.883452581369248
"SWZ","Swaziland",1999,0.883452581369248
"SWZ","Swaziland",2000,0.883452581369248
"SWZ","Swaziland",2001,0.882716049382716
"SWZ","Swaziland",2002,0.882716049382716
"SWZ","Swaziland",2003,0.883452581369248
"SWZ","Swaziland",2004,0.772271324354658
"SWZ","Swaziland",2005,0.772271324354658
"SWZ","Swaziland",2006,0.772271324354658
"SWZ","Swaziland",2007,0.772271324354658
"SWZ","Swaziland",2008,0.772271324354658
"SWZ","Swaziland",2009,0.772341470258137
"SWZ","Swaziland",2010,0.772341470258137
"SWZ","Swaziland",2011,0.774410774410774
"SWZ","Swaziland",2012,0.774410774410774
"SWZ","Swaziland",2013,0.881979517396184
"SWZ","Swaziland",2014,0.879278900112234
"SWZ","Swaziland",2015,0.876122334455668
"SWZ","Swaziland",2016,0.87037037037037
"SWZ","Swaziland",2017,0.861286475869809
"SWZ","Swaziland",2018,0.851921997755331
"SWZ","Swaziland",2019,0.851921997755331
"SWZ","Swaziland",2020,0.911019921436588
"SWZ","Swaziland",2021,0.911019921436588
"SWZ","Swaziland",2022,0.911019921436588
"SYC","Seychelles",1995,0.796927609427609
"SYC","Seychelles",1996,0.796927609427609
"SYC","Seychelles",1997,0.796927609427609
"SYC","Seychelles",1998,0.796927609427609
"SYC","Seychelles",1999,0.796927609427609
"SYC","Seychelles",2000,0.796927609427609
"SYC","Seychelles",2001,0.796927609427609
"SYC","Seychelles",2002,0.796927609427609
"SYC","Seychelles",2003,0.796927609427609
"SYC","Seychelles",2004,0.79324494949495
"SYC","Seychelles",2005,0.800890852974186
"SYC","Seychelles",2006,0.805695847362514
"SYC","Seychelles",2007,0.803170594837261
"SYC","Seychelles",2008,0.815902076318743
"SYC","Seychelles",2009,0.803591470258137
"SYC","Seychelles",2010,0.808256172839506
"SYC","Seychelles",2011,0.806186868686869
"SYC","Seychelles",2012,0.814148428731762
"SYC","Seychelles",2013,0.814148428731762
"SYC","Seychelles",2014,0.814148428731762
"SYC","Seychelles",2015,0.814148428731762
"SYC","Seychelles",2016,0.661966891133558
"SYC","Seychelles",2017,0.661966891133558
"SYC","Seychelles",2018,0.59743265993266
"SYC","Seychelles",2019,0.605183782267116
"SYC","Seychelles",2020,0.605183782267116
"SYC","Seychelles",2021,0.605183782267116
"SYC","Seychelles",2022,0.605183782267116
"SYR","Syrian Arab Republic",1995,0.878507295173962
"SYR","Syrian Arab Republic",1996,0.878507295173962
"SYR","Syrian Arab Republic",1997,0.878507295173962
"SYR","Syrian Arab Republic",1998,0.873456790123457
"SYR","Syrian Arab Republic",1999,0.888117283950617
"SYR","Syrian Arab Republic",2000,0.885416666666667
"SYR","Syrian Arab Republic",2001,0.885416666666667
"SYR","Syrian Arab Republic",2002,0.882891414141414
"SYR","Syrian Arab Republic",2003,0.889660493827161
"SYR","Syrian Arab Republic",2004,0.886223344556678
"SYR","Syrian Arab Republic",2005,0.883978675645342
"SYR","Syrian Arab Republic",2006,0.883978675645342
"SYR","Syrian Arab Republic",2007,0.88881874298541
"SYR","Syrian Arab Republic",2008,0.890256734006734
"SYR","Syrian Arab Republic",2009,0.891694725028058
"SYR","Syrian Arab Republic",2010,0.890712682379349
"SYR","Syrian Arab Republic",2011,0.890712682379349
"SYR","Syrian Arab Republic",2012,0.890712682379349
"SYR","Syrian Arab Republic",2013,0.890712682379349
"SYR","Syrian Arab Republic",2014,0.876367845117845
"SYR","Syrian Arab Republic",2015,0.876367845117845
"SYR","Syrian Arab Republic",2016,0.911230359147026
"SYR","Syrian Arab Republic",2017,0.911230359147026
"SYR","Syrian Arab Republic",2018,0.911230359147026
"SYR","Syrian Arab Republic",2019,0.911230359147026
"SYR","Syrian Arab Republic",2020,0.911230359147026
"SYR","Syrian Arab Republic",2021,0.911230359147026
"SYR","Syrian Arab Republic",2022,0.911230359147026
"TCD","Chad",1995,1
"TCD","Chad",1996,1
"TCD","Chad",1997,1
"TCD","Chad",1998,0.999894781144781
"TCD","Chad",1999,0.999473905723906
"TCD","Chad",2000,0.997159090909091
"TCD","Chad",2001,0.997159090909091
"TCD","Chad",2002,0.997159090909091
"TCD","Chad",2003,0.997159090909091
"TCD","Chad",2004,0.992213804713805
"TCD","Chad",2005,0.992213804713805
"TCD","Chad",2006,0.994949494949495
"TCD","Chad",2007,0.994949494949495
"TCD","Chad",2008,0.994949494949495
"TCD","Chad",2009,0.994949494949495
"TCD","Chad",2010,0.994949494949495
"TCD","Chad",2011,0.994949494949495
"TCD","Chad",2012,0.991372053872054
"TCD","Chad",2013,0.990319865319865
"TCD","Chad",2014,0.991828002244669
"TCD","Chad",2015,0.992038439955107
"TCD","Chad",2016,0.993827160493827
"TCD","Chad",2017,0.992985409652076
"TCD","Chad",2018,0.989969135802469
"TCD","Chad",2019,0.996036756453423
"TCD","Chad",2020,0.993476430976431
"TCD","Chad",2021,0.99361672278339
"TCD","Chad",2022,0.99361672278339
"TGO","Togo",1995,0.987724466891134
"TGO","Togo",1996,0.987724466891134
"TGO","Togo",1997,0.987724466891134
"TGO","Togo",1998,0.987724466891134
"TGO","Togo",1999,0.987724466891134
"TGO","Togo",2000,0.987724466891134
"TGO","Togo",2001,0.988390852974186
"TGO","Togo",2002,0.988390852974186
"TGO","Togo",2003,0.988390852974186
"TGO","Togo",2004,0.988846801346801
"TGO","Togo",2005,0.988846801346801
"TGO","Togo",2006,0.988846801346801
"TGO","Togo",2007,0.986567059483726
"TGO","Togo",2008,0.990390011223345
"TGO","Togo",2009,0.990390011223345
"TGO","Togo",2010,0.990579405162739
"TGO","Togo",2011,0.990579405162739
"TGO","Togo",2012,0.990579405162739
"TGO","Togo",2013,0.990579405162739
"TGO","Togo",2014,0.990579405162739
"TGO","Togo",2015,0.990530303030303
"TGO","Togo",2016,0.990109427609428
"TGO","Togo",2017,0.985549943883277
"TGO","Togo",2018,0.985830527497194
"TGO","Togo",2019,0.983971661054994
"TGO","Togo",2020,0.982323232323232
"TGO","Togo",2021,0.986602132435466
"TGO","Togo",2022,0.986602132435466
"THA","Thailand",1995,0.962191358024691
"THA","Thailand",1996,0.962191358024691
"THA","Thailand",1997,0.960648148148148
"THA","Thailand",1998,0.956193883277217
"THA","Thailand",1999,0.954194725028058
"THA","Thailand",2000,0.954194725028058
"THA","Thailand",2001,0.949144219977553
"THA","Thailand",2002,0.945952581369248
"THA","Thailand",2003,0.945952581369248
"THA","Thailand",2004,0.940481200897868
"THA","Thailand",2005,0.940481200897868
"THA","Thailand",2006,0.938832772166106
"THA","Thailand",2007,0.939218574635241
"THA","Thailand",2008,0.936728395061728
"THA","Thailand",2009,0.934097923681257
"THA","Thailand",2010,0.917859147025814
"THA","Thailand",2011,0.917859147025814
"THA","Thailand",2012,0.917859147025814
"THA","Thailand",2013,0.917859147025814
"THA","Thailand",2014,0.917859147025814
"THA","Thailand",2015,0.905443322109989
"THA","Thailand",2016,0.892361111111111
"THA","Thailand",2017,0.873702300785634
"THA","Thailand",2018,0.880576599326599
"THA","Thailand",2019,0.863180415263749
"THA","Thailand",2020,0.86209315375982
"THA","Thailand",2021,0.86209315375982
"THA","Thailand",2022,0.86209315375982
"TJK","Tajikistan",1995,0.759364478114478
"TJK","Tajikistan",1996,0.764800785634119
"TJK","Tajikistan",1997,0.76932519640853
"TJK","Tajikistan",1998,0.778268799102132
"TJK","Tajikistan",1999,0.777882996632997
"TJK","Tajikistan",2000,0.781776094276094
"TJK","Tajikistan",2001,0.794472502805836
"TJK","Tajikistan",2002,0.799277497194164
"TJK","Tajikistan",2003,0.813306677890011
"TJK","Tajikistan",2004,0.81439393939394
"TJK","Tajikistan",2005,0.816393097643098
"TJK","Tajikistan",2006,0.816007295173962
"TJK","Tajikistan",2007,0.815867003367003
"TJK","Tajikistan",2008,0.813201459034792
"TJK","Tajikistan",2009,0.821338383838384
"TJK","Tajikistan",2010,0.806923400673401
"TJK","Tajikistan",2011,0.802223625140292
"TJK","Tajikistan",2012,0.790053310886644
"TJK","Tajikistan",2013,0.787843714927048
"TJK","Tajikistan",2014,0.777427048260382
"TJK","Tajikistan",2015,0.777427048260382
"TJK","Tajikistan",2016,0.777427048260382
"TJK","Tajikistan",2017,0.777427048260382
"TJK","Tajikistan",2018,0.777427048260382
"TJK","Tajikistan",2019,0.777427048260382
"TJK","Tajikistan",2020,0.777427048260382
"TJK","Tajikistan",2021,0.777427048260382
"TJK","Tajikistan",2022,0.777427048260382
"TKM","Turkmenistan",1995,0.613671436588103
"TKM","Turkmenistan",1996,0.611847643097643
"TKM","Turkmenistan",1997,0.613636363636364
"TKM","Turkmenistan",1998,0.613636363636364
"TKM","Turkmenistan",1999,0.613636363636364
"TKM","Turkmenistan",2000,0.62959455667789
"TKM","Turkmenistan",2001,0.631909371492705
"TKM","Turkmenistan",2002,0.673576038159372
"TKM","Turkmenistan",2003,0.663755611672278
"TKM","Turkmenistan",2004,0.734041806958474
"TKM","Turkmenistan",2005,0.748281425364759
"TKM","Turkmenistan",2006,0.758101851851852
"TKM","Turkmenistan",2007,0.76651936026936
"TKM","Turkmenistan",2008,0.770307239057239
"TKM","Turkmenistan",2009,0.772236251402918
"TKM","Turkmenistan",2010,0.772692199775533
"TKM","Turkmenistan",2011,0.772481762065095
"TKM","Turkmenistan",2012,0.774691358024691
"TKM","Turkmenistan",2013,0.777251683501683
"TKM","Turkmenistan",2014,0.777427048260382
"TKM","Turkmenistan",2015,0.777427048260382
"TKM","Turkmenistan",2016,0.777427048260382
"TKM","Turkmenistan",2017,0.777427048260382
"TKM","Turkmenistan",2018,0.777427048260382
"TKM","Turkmenistan",2019,0.777427048260382
"TKM","Turkmenistan",2020,0.777427048260382
"TKM","Turkmenistan",2021,0.777427048260382
"TKM","Turkmenistan",2022,0.777427048260382
"TLS","Timor-Leste",1995,0.933150953984287
"TLS","Timor-Leste",1996,0.933150953984287
"TLS","Timor-Leste",1997,0.933150953984287
"TLS","Timor-Leste",1998,0.933150953984287
"TLS","Timor-Leste",1999,0.933150953984287
"TLS","Timor-Leste",2000,0.933150953984287
"TLS","Timor-Leste",2001,0.933150953984287
"TLS","Timor-Leste",2002,0.933150953984287
"TLS","Timor-Leste",2003,0.933150953984287
"TLS","Timor-Leste",2004,0.933150953984287
"TLS","Timor-Leste",2005,0.933150953984287
"TLS","Timor-Leste",2006,0.933150953984287
"TLS","Timor-Leste",2007,0.9650322671156
"TLS","Timor-Leste",2008,0.964225589225589
"TLS","Timor-Leste",2009,0.961033950617284
"TLS","Timor-Leste",2010,0.959385521885522
"TLS","Timor-Leste",2011,0.959420594837261
"TLS","Timor-Leste",2012,0.959420594837261
"TLS","Timor-Leste",2013,0.949319584736252
"TLS","Timor-Leste",2014,0.93013468013468
"TLS","Timor-Leste",2015,0.926872895622896
"TLS","Timor-Leste",2016,0.926872895622896
"TLS","Timor-Leste",2017,0.915158529741863
"TLS","Timor-Leste",2018,0.918350168350168
"TLS","Timor-Leste",2019,0.913194444444445
"TLS","Timor-Leste",2020,0.913510101010101
"TLS","Timor-Leste",2021,0.913510101010101
"TLS","Timor-Leste",2022,0.913510101010101
"TON","Tonga",1995,0.8712822671156
"TON","Tonga",1996,0.8712822671156
"TON","Tonga",1997,0.8712822671156
"TON","Tonga",1998,0.8712822671156
"TON","Tonga",1999,0.8712822671156
"TON","Tonga",2000,0.869212962962963
"TON","Tonga",2001,0.874824635241302
"TON","Tonga",2002,0.874193322109989
"TON","Tonga",2003,0.874193322109989
"TON","Tonga",2004,0.874193322109989
"TON","Tonga",2005,0.874193322109989
"TON","Tonga",2006,0.874193322109989
"TON","Tonga",2007,0.874193322109989
"TON","Tonga",2008,0.864478114478115
"TON","Tonga",2009,0.858515712682379
"TON","Tonga",2010,0.853044332210999
"TON","Tonga",2011,0.853044332210999
"TON","Tonga",2012,0.853044332210999
"TON","Tonga",2013,0.850939955106622
"TON","Tonga",2014,0.850939955106622
"TON","Tonga",2015,0.850939955106622
"TON","Tonga",2016,0.850939955106622
"TON","Tonga",2017,0.850939955106622
"TON","Tonga",2018,0.847222222222222
"TON","Tonga",2019,0.815551346801347
"TON","Tonga",2020,0.809413580246914
"TON","Tonga",2021,0.820636924803592
"TON","Tonga",2022,0.820636924803592
"TTO","Trinidad and Tobago",1995,0.870615881032548
"TTO","Trinidad and Tobago",1996,0.900883838383838
"TTO","Trinidad and Tobago",1997,0.900427890011223
"TTO","Trinidad and Tobago",1998,0.879910213243547
"TTO","Trinidad and Tobago",1999,0.875210437710438
"TTO","Trinidad and Tobago",2000,0.882295173961841
"TTO","Trinidad and Tobago",2001,0.877700617283951
"TTO","Trinidad and Tobago",2002,0.875736531986532
"TTO","Trinidad and Tobago",2003,0.872544893378227
"TTO","Trinidad and Tobago",2004,0.872544893378227
"TTO","Trinidad and Tobago",2005,0.872544893378227
"TTO","Trinidad and Tobago",2006,0.844135802469136
"TTO","Trinidad and Tobago",2007,0.845082772166106
"TTO","Trinidad and Tobago",2008,0.845082772166106
"TTO","Trinidad and Tobago",2009,0.837927890011223
"TTO","Trinidad and Tobago",2010,0.845749158249158
"TTO","Trinidad and Tobago",2011,0.834385521885522
"TTO","Trinidad and Tobago",2012,0.834385521885522
"TTO","Trinidad and Tobago",2013,0.834385521885522
"TTO","Trinidad and Tobago",2014,0.834385521885522
"TTO","Trinidad and Tobago",2015,0.800715488215488
"TTO","Trinidad and Tobago",2016,0.775147306397306
"TTO","Trinidad and Tobago",2017,0.705702861952862
"TTO","Trinidad and Tobago",2018,0.7334455667789
"TTO","Trinidad and Tobago",2019,0.727518237934905
"TTO","Trinidad and Tobago",2020,0.727518237934905
"TTO","Trinidad and Tobago",2021,0.751929012345679
"TTO","Trinidad and Tobago",2022,0.751929012345679
"TUN","Tunisia",1995,0.908950617283951
"TUN","Tunisia",1996,0.908494668911336
"TUN","Tunisia",1997,0.907758136924804
"TUN","Tunisia",1998,0.906741021324355
"TUN","Tunisia",1999,0.905864197530864
"TUN","Tunisia",2000,0.905092592592593
"TUN","Tunisia",2001,0.904215768799102
"TUN","Tunisia",2002,0.903794893378227
"TUN","Tunisia",2003,0.903303872053872
"TUN","Tunisia",2004,0.859918630751964
"TUN","Tunisia",2005,0.873526936026936
"TUN","Tunisia",2006,0.873526936026936
"TUN","Tunisia",2007,0.870335297418631
"TUN","Tunisia",2008,0.890291806958474
"TUN","Tunisia",2009,0.891028338945006
"TUN","Tunisia",2010,0.884013748597082
"TUN","Tunisia",2011,0.884013748597082
"TUN","Tunisia",2012,0.884013748597082
"TUN","Tunisia",2013,0.884013748597082
"TUN","Tunisia",2014,0.869248035914703
"TUN","Tunisia",2015,0.867529461279461
"TUN","Tunisia",2016,0.868897306397306
"TUN","Tunisia",2017,0.873035914702581
"TUN","Tunisia",2018,0.873035914702581
"TUN","Tunisia",2019,0.873035914702581
"TUN","Tunisia",2020,0.873035914702581
"TUN","Tunisia",2021,0.873035914702581
"TUN","Tunisia",2022,0.873035914702581
"TUR","Turkey",1995,0.902321829405163
"TUR","Turkey",1996,0.903444163860831
"TUR","Turkey",1997,0.901269640852974
"TUR","Turkey",1998,0.899130190796858
"TUR","Turkey",1999,0.897446689113356
"TUR","Turkey",2000,0.895131874298541
"TUR","Turkey",2001,0.892571548821549
"TUR","Turkey",2002,0.893202861952862
"TUR","Turkey",2003,0.892115600448934
"TUR","Turkey",2004,0.890782828282828
"TUR","Turkey",2005,0.888959034792368
"TUR","Turkey",2006,0.885907687991021
"TUR","Turkey",2007,0.878051346801347
"TUR","Turkey",2008,0.874368686868687
"TUR","Turkey",2009,0.869914421997755
"TUR","Turkey",2010,0.864302749719416
"TUR","Turkey",2011,0.85935746352413
"TUR","Turkey",2012,0.854377104377104
"TUR","Turkey",2013,0.85293911335578
"TUR","Turkey",2014,0.854026374859708
"TUR","Turkey",2015,0.849712401795735
"TUR","Turkey",2016,0.850975028058361
"TUR","Turkey",2017,0.844556677890011
"TUR","Turkey",2018,0.833193041526375
"TUR","Turkey",2019,0.828282828282828
"TUR","Turkey",2020,0.811833613916947
"TUR","Turkey",2021,0.811833613916947
"TUR","Turkey",2022,0.811833613916947
"TUV","Tuvalu",1995,0.838173400673401
"TUV","Tuvalu",1996,0.838173400673401
"TUV","Tuvalu",1997,0.838173400673401
"TUV","Tuvalu",1998,0.838173400673401
"TUV","Tuvalu",1999,0.838173400673401
"TUV","Tuvalu",2000,0.838173400673401
"TUV","Tuvalu",2001,0.838173400673401
"TUV","Tuvalu",2002,0.838173400673401
"TUV","Tuvalu",2003,0.785634118967452
"TUV","Tuvalu",2004,0.785634118967452
"TUV","Tuvalu",2005,0.785634118967452
"TUV","Tuvalu",2006,0.785634118967452
"TUV","Tuvalu",2007,0.785634118967452
"TUV","Tuvalu",2008,0.750596240179574
"TUV","Tuvalu",2009,0.744177890011223
"TUV","Tuvalu",2010,0.744177890011223
"TUV","Tuvalu",2011,0.744177890011223
"TUV","Tuvalu",2012,0.744177890011223
"TUV","Tuvalu",2013,0.744177890011223
"TUV","Tuvalu",2014,0.838489057239057
"TUV","Tuvalu",2015,0.838489057239057
"TUV","Tuvalu",2016,0.838489057239057
"TUV","Tuvalu",2017,0.838489057239057
"TUV","Tuvalu",2018,0.812780583613917
"TUV","Tuvalu",2019,0.812780583613917
"TUV","Tuvalu",2020,0.828808922558923
"TUV","Tuvalu",2021,0.828808922558923
"TUV","Tuvalu",2022,0.828808922558923
"TZA","Tanzania, United Republic of",1995,0.988320707070707
"TZA","Tanzania, United Republic of",1996,0.988320707070707
"TZA","Tanzania, United Republic of",1997,0.988320707070707
"TZA","Tanzania, United Republic of",1998,0.988320707070707
"TZA","Tanzania, United Republic of",1999,0.988320707070707
"TZA","Tanzania, United Republic of",2000,0.988320707070707
"TZA","Tanzania, United Republic of",2001,0.988320707070707
"TZA","Tanzania, United Republic of",2002,0.98895202020202
"TZA","Tanzania, United Republic of",2003,0.98895202020202
"TZA","Tanzania, United Republic of",2004,0.98895202020202
"TZA","Tanzania, United Republic of",2005,0.98895202020202
"TZA","Tanzania, United Republic of",2006,0.99361672278339
"TZA","Tanzania, United Republic of",2007,0.99361672278339
"TZA","Tanzania, United Republic of",2008,0.99361672278339
"TZA","Tanzania, United Republic of",2009,0.99361672278339
"TZA","Tanzania, United Republic of",2010,0.99361672278339
"TZA","Tanzania, United Republic of",2011,0.99361672278339
"TZA","Tanzania, United Republic of",2012,0.98625140291807
"TZA","Tanzania, United Republic of",2013,0.98625140291807
"TZA","Tanzania, United Republic of",2014,0.985655162738496
"TZA","Tanzania, United Republic of",2015,0.985655162738496
"TZA","Tanzania, United Republic of",2016,0.985655162738496
"TZA","Tanzania, United Republic of",2017,0.980604657687991
"TZA","Tanzania, United Republic of",2018,0.981551627384961
"TZA","Tanzania, United Republic of",2019,0.981551627384961
"TZA","Tanzania, United Republic of",2020,0.981551627384961
"TZA","Tanzania, United Republic of",2021,0.981551627384961
"TZA","Tanzania, United Republic of",2022,0.981551627384961
"UGA","Uganda",1995,0.976430976430977
"UGA","Uganda",1996,0.976430976430977
"UGA","Uganda",1997,0.976430976430977
"UGA","Uganda",1998,0.976430976430977
"UGA","Uganda",1999,0.976430976430977
"UGA","Uganda",2000,0.976430976430977
"UGA","Uganda",2001,0.976430976430977
"UGA","Uganda",2002,0.976430976430977
"UGA","Uganda",2003,0.976430976430977
"UGA","Uganda",2004,0.97523849607183
"UGA","Uganda",2005,0.951178451178451
"UGA","Uganda",2006,0.951178451178451
"UGA","Uganda",2007,0.951178451178451
"UGA","Uganda",2008,0.951178451178451
"UGA","Uganda",2009,0.951178451178451
"UGA","Uganda",2010,0.951178451178451
"UGA","Uganda",2011,0.951178451178451
"UGA","Uganda",2012,0.957386363636364
"UGA","Uganda",2013,0.95226571268238
"UGA","Uganda",2014,0.955352132435466
"UGA","Uganda",2015,0.943497474747475
"UGA","Uganda",2016,0.940340909090909
"UGA","Uganda",2017,0.943707912457913
"UGA","Uganda",2018,0.943392255892256
"UGA","Uganda",2019,0.943392255892256
"UGA","Uganda",2020,0.937920875420875
"UGA","Uganda",2021,0.937920875420875
"UGA","Uganda",2022,0.937920875420875
"UKR","Ukraine",1995,0.616898148148148
"UKR","Ukraine",1996,0.666526374859708
"UKR","Ukraine",1997,0.66729797979798
"UKR","Ukraine",1998,0.666596520763188
"UKR","Ukraine",1999,0.666736812570146
"UKR","Ukraine",2000,0.665298821548822
"UKR","Ukraine",2001,0.665965207631874
"UKR","Ukraine",2002,0.666631593714927
"UKR","Ukraine",2003,0.666421156004489
"UKR","Ukraine",2004,0.665649551066218
"UKR","Ukraine",2005,0.663966049382716
"UKR","Ukraine",2006,0.661090067340067
"UKR","Ukraine",2007,0.660774410774411
"UKR","Ukraine",2008,0.660774410774411
"UKR","Ukraine",2009,0.614653479236813
"UKR","Ukraine",2010,0.617459315375982
"UKR","Ukraine",2011,0.617494388327722
"UKR","Ukraine",2012,0.616231762065095
"UKR","Ukraine",2013,0.614618406285073
"UKR","Ukraine",2014,0.664281705948373
"UKR","Ukraine",2015,0.664281705948373
"UKR","Ukraine",2016,0.664281705948373
"UKR","Ukraine",2017,0.664281705948373
"UKR","Ukraine",2018,0.664281705948373
"UKR","Ukraine",2019,0.664281705948373
"UKR","Ukraine",2020,0.664281705948373
"UKR","Ukraine",2021,0.664281705948373
"UKR","Ukraine",2022,0.664281705948373
"URY","Uruguay",1995,0.847187149270483
"URY","Uruguay",1996,0.842171717171717
"URY","Uruguay",1997,0.842171717171717
"URY","Uruguay",1998,0.842171717171717
"URY","Uruguay",1999,0.840698653198653
"URY","Uruguay",2000,0.840698653198653
"URY","Uruguay",2001,0.840698653198653
"URY","Uruguay",2002,0.840663580246914
"URY","Uruguay",2003,0.840663580246914
"URY","Uruguay",2004,0.840663580246914
"URY","Uruguay",2005,0.840663580246914
"URY","Uruguay",2006,0.766203703703704
"URY","Uruguay",2007,0.766203703703704
"URY","Uruguay",2008,0.657828282828283
"URY","Uruguay",2009,0.657828282828283
"URY","Uruguay",2010,0.657828282828283
"URY","Uruguay",2011,0.657828282828283
"URY","Uruguay",2012,0.657828282828283
"URY","Uruguay",2013,0.657828282828283
"URY","Uruguay",2014,0.657828282828283
"URY","Uruguay",2015,0.657828282828283
"URY","Uruguay",2016,0.657407407407407
"URY","Uruguay",2017,0.622579966329966
"URY","Uruguay",2018,0.475764590347924
"URY","Uruguay",2019,0.573021885521886
"URY","Uruguay",2020,0.573021885521886
"URY","Uruguay",2021,0.380050505050505
"URY","Uruguay",2022,0.380050505050505
"USA","United States",1995,0.603675645342312
"USA","United States",1996,0.603675645342312
"USA","United States",1997,0.603675645342312
"USA","United States",1998,0.603675645342312
"USA","United States",1999,0.603675645342312
"USA","United States",2000,0.57978044332211
"USA","United States",2001,0.57978044332211
"USA","United States",2002,0.57978044332211
"USA","United States",2003,0.57978044332211
"USA","United States",2004,0.575852272727273
"USA","United States",2005,0.560055415263749
"USA","United States",2006,0.560055415263749
"USA","United States",2007,0.560055415263749
"USA","United States",2008,0.560055415263749
"USA","United States",2009,0.560055415263749
"USA","United States",2010,0.469486531986532
"USA","United States",2011,0.469486531986532
"USA","United States",2012,0.469486531986532
"USA","United States",2013,0.469486531986532
"USA","United States",2014,0.469486531986532
"USA","United States",2015,0.469486531986532
"USA","United States",2016,0.469486531986532
"USA","United States",2017,0.403900112233446
"USA","United States",2018,0.370580808080808
"USA","United States",2019,0.417648709315376
"USA","United States",2020,0.440551346801347
"USA","United States",2021,0.440551346801347
"USA","United States",2022,0.440551346801347
"UZB","Uzbekistan",1995,0.521990740740741
"UZB","Uzbekistan",1996,0.51104797979798
"UZB","Uzbekistan",1997,0.509680134680135
"UZB","Uzbekistan",1998,0.516238776655443
"UZB","Uzbekistan",1999,0.515537317620651
"UZB","Uzbekistan",2000,0.519500561167228
"UZB","Uzbekistan",2001,0.521640011223345
"UZB","Uzbekistan",2002,0.525287598204265
"UZB","Uzbekistan",2003,0.529987373737374
"UZB","Uzbekistan",2004,0.53489758698092
"UZB","Uzbekistan",2005,0.526480078563412
"UZB","Uzbekistan",2006,0.533354377104377
"UZB","Uzbekistan",2007,0.530758978675645
"UZB","Uzbekistan",2008,0.522622053872054
"UZB","Uzbekistan",2009,0.522411616161616
"UZB","Uzbekistan",2010,0.515958193041526
"UZB","Uzbekistan",2011,0.515537317620651
"UZB","Uzbekistan",2012,0.517852132435466
"UZB","Uzbekistan",2013,0.521675084175084
"UZB","Uzbekistan",2014,0.524095117845118
"UZB","Uzbekistan",2015,0.524095117845118
"UZB","Uzbekistan",2016,0.524095117845118
"UZB","Uzbekistan",2017,0.524095117845118
"UZB","Uzbekistan",2018,0.524095117845118
"UZB","Uzbekistan",2019,0.524095117845118
"UZB","Uzbekistan",2020,0.524095117845118
"UZB","Uzbekistan",2021,0.524095117845118
"UZB","Uzbekistan",2022,0.524095117845118
"VCT","Saint Vincent and the Grenadines",1995,0.901760662177329
"VCT","Saint Vincent and the Grenadines",1996,0.901760662177329
"VCT","Saint Vincent and the Grenadines",1997,0.886889730639731
"VCT","Saint Vincent and the Grenadines",1998,0.886889730639731
"VCT","Saint Vincent and the Grenadines",1999,0.886889730639731
"VCT","Saint Vincent and the Grenadines",2000,0.837401795735129
"VCT","Saint Vincent and the Grenadines",2001,0.836489898989899
"VCT","Saint Vincent and the Grenadines",2002,0.836489898989899
"VCT","Saint Vincent and the Grenadines",2003,0.836489898989899
"VCT","Saint Vincent and the Grenadines",2004,0.814148428731762
"VCT","Saint Vincent and the Grenadines",2005,0.814148428731762
"VCT","Saint Vincent and the Grenadines",2006,0.814148428731762
"VCT","Saint Vincent and the Grenadines",2007,0.814148428731762
"VCT","Saint Vincent and the Grenadines",2008,0.814148428731762
"VCT","Saint Vincent and the Grenadines",2009,0.814148428731762
"VCT","Saint Vincent and the Grenadines",2010,0.888994107744108
"VCT","Saint Vincent and the Grenadines",2011,0.888994107744108
"VCT","Saint Vincent and the Grenadines",2012,0.878998316498317
"VCT","Saint Vincent and the Grenadines",2013,0.64976150392817
"VCT","Saint Vincent and the Grenadines",2014,0.646640011223345
"VCT","Saint Vincent and the Grenadines",2015,0.627981200897868
"VCT","Saint Vincent and the Grenadines",2016,0.664737654320988
"VCT","Saint Vincent and the Grenadines",2017,0.739092312008979
"VCT","Saint Vincent and the Grenadines",2018,0.712015993265993
"VCT","Saint Vincent and the Grenadines",2019,0.712015993265993
"VCT","Saint Vincent and the Grenadines",2020,0.712015993265993
"VCT","Saint Vincent and the Grenadines",2021,0.712015993265993
"VCT","Saint Vincent and the Grenadines",2022,0.712015993265993
"VEN","Venezuela, Bolivarian Republic o",1995,0.911686307519641
"VEN","Venezuela, Bolivarian Republic o",1996,0.911686307519641
"VEN","Venezuela, Bolivarian Republic o",1997,0.911686307519641
"VEN","Venezuela, Bolivarian Republic o",1998,0.911686307519641
"VEN","Venezuela, Bolivarian Republic o",1999,0.911686307519641
"VEN","Venezuela, Bolivarian Republic o",2000,0.911686307519641
"VEN","Venezuela, Bolivarian Republic o",2001,0.895482603815937
"VEN","Venezuela, Bolivarian Republic o",2002,0.895482603815937
"VEN","Venezuela, Bolivarian Republic o",2003,0.895482603815937
"VEN","Venezuela, Bolivarian Republic o",2004,0.895482603815937
"VEN","Venezuela, Bolivarian Republic o",2005,0.895482603815937
"VEN","Venezuela, Bolivarian Republic o",2006,0.895482603815937
"VEN","Venezuela, Bolivarian Republic o",2007,0.895482603815937
"VEN","Venezuela, Bolivarian Republic o",2008,0.895482603815937
"VEN","Venezuela, Bolivarian Republic o",2009,0.895482603815937
"VEN","Venezuela, Bolivarian Republic o",2010,0.895482603815937
"VEN","Venezuela, Bolivarian Republic o",2011,0.895482603815937
"VEN","Venezuela, Bolivarian Republic o",2012,0.895482603815937
"VEN","Venezuela, Bolivarian Republic o",2013,0.895482603815937
"VEN","Venezuela, Bolivarian Republic o",2014,0.895482603815937
"VEN","Venezuela, Bolivarian Republic o",2015,0.895482603815937
"VEN","Venezuela, Bolivarian Republic o",2016,0.895482603815937
"VEN","Venezuela, Bolivarian Republic o",2017,0.876402918069585
"VEN","Venezuela, Bolivarian Republic o",2018,0.87405303030303
"VEN","Venezuela, Bolivarian Republic o",2019,0.87405303030303
"VEN","Venezuela, Bolivarian Republic o",2020,0.87405303030303
"VEN","Venezuela, Bolivarian Republic o",2021,0.87405303030303
"VEN","Venezuela, Bolivarian Republic o",2022,0.87405303030303
"VNM","Viet Nam",1995,0.956614758698092
"VNM","Viet Nam",1996,0.956614758698092
"VNM","Viet Nam",1997,0.956614758698092
"VNM","Viet Nam",1998,0.959736251402918
"VNM","Viet Nam",1999,0.958508698092031
"VNM","Viet Nam",2000,0.958508698092031
"VNM","Viet Nam",2001,0.957982603815937
"VNM","Viet Nam",2002,0.956123737373737
"VNM","Viet Nam",2003,0.956123737373737
"VNM","Viet Nam",2004,0.956123737373737
"VNM","Viet Nam",2005,0.951494107744108
"VNM","Viet Nam",2006,0.94942480359147
"VNM","Viet Nam",2007,0.946338383838384
"VNM","Viet Nam",2008,0.94304152637486
"VNM","Viet Nam",2009,0.938797699214366
"VNM","Viet Nam",2010,0.933992704826038
"VNM","Viet Nam",2011,0.933992704826038
"VNM","Viet Nam",2012,0.922383557800225
"VNM","Viet Nam",2013,0.922383557800225
"VNM","Viet Nam",2014,0.92459315375982
"VNM","Viet Nam",2015,0.924347643097643
"VNM","Viet Nam",2016,0.922383557800225
"VNM","Viet Nam",2017,0.922383557800225
"VNM","Viet Nam",2018,0.922383557800225
"VNM","Viet Nam",2019,0.922383557800225
"VNM","Viet Nam",2020,0.922383557800225
"VNM","Viet Nam",2021,0.922383557800225
"VNM","Viet Nam",2022,0.922383557800225
"VUT","Vanuatu",1995,0.914772727272727
"VUT","Vanuatu",1996,0.914772727272727
"VUT","Vanuatu",1997,0.914772727272727
"VUT","Vanuatu",1998,0.914772727272727
"VUT","Vanuatu",1999,0.914772727272727
"VUT","Vanuatu",2000,0.914772727272727
"VUT","Vanuatu",2001,0.914772727272727
"VUT","Vanuatu",2002,0.914772727272727
"VUT","Vanuatu",2003,0.914772727272727
"VUT","Vanuatu",2004,0.938201459034792
"VUT","Vanuatu",2005,0.938201459034792
"VUT","Vanuatu",2006,0.938201459034792
"VUT","Vanuatu",2007,0.94574214365881
"VUT","Vanuatu",2008,0.941743827160494
"VUT","Vanuatu",2009,0.941743827160494
"VUT","Vanuatu",2010,0.941743827160494
"VUT","Vanuatu",2011,0.941743827160494
"VUT","Vanuatu",2012,0.933747194163861
"VUT","Vanuatu",2013,0.933747194163861
"VUT","Vanuatu",2014,0.933747194163861
"VUT","Vanuatu",2015,0.933747194163861
"VUT","Vanuatu",2016,0.934343434343434
"VUT","Vanuatu",2017,0.934343434343434
"VUT","Vanuatu",2018,0.947706228956229
"VUT","Vanuatu",2019,0.947951739618406
"VUT","Vanuatu",2020,0.947951739618406
"VUT","Vanuatu",2021,0.947951739618406
"VUT","Vanuatu",2022,0.947951739618406
"WSM","Samoa",1995,0.923330527497194
"WSM","Samoa",1996,0.923330527497194
"WSM","Samoa",1997,0.923330527497194
"WSM","Samoa",1998,0.923821548821549
"WSM","Samoa",1999,0.912282547699214
"WSM","Samoa",2000,0.912282547699214
"WSM","Samoa",2001,0.912282547699214
"WSM","Samoa",2002,0.912282547699214
"WSM","Samoa",2003,0.935220258136925
"WSM","Samoa",2004,0.935220258136925
"WSM","Samoa",2005,0.935290404040404
"WSM","Samoa",2006,0.935290404040404
"WSM","Samoa",2007,0.935290404040404
"WSM","Samoa",2008,0.923435746352413
"WSM","Samoa",2009,0.923435746352413
"WSM","Samoa",2010,0.939534231200898
"WSM","Samoa",2011,0.939534231200898
"WSM","Samoa",2012,0.931221941638608
"WSM","Samoa",2013,0.926627384960718
"WSM","Samoa",2014,0.924417789001122
"WSM","Samoa",2015,0.924417789001122
"WSM","Samoa",2016,0.929117564534231
"WSM","Samoa",2017,0.929117564534231
"WSM","Samoa",2018,0.909546857463524
"WSM","Samoa",2019,0.878928170594837
"WSM","Samoa",2020,0.877420033670034
"WSM","Samoa",2021,0.877420033670034
"WSM","Samoa",2022,0.877420033670034
"YEM","Yemen",1995,0.980359147025814
"YEM","Yemen",1996,0.980955387205387
"YEM","Yemen",1997,0.981200897867565
"YEM","Yemen",1998,0.981200897867565
"YEM","Yemen",1999,0.981200897867565
"YEM","Yemen",2000,0.981200897867565
"YEM","Yemen",2001,0.981200897867565
"YEM","Yemen",2002,0.981200897867565
"YEM","Yemen",2003,0.981200897867565
"YEM","Yemen",2004,0.967943322109989
"YEM","Yemen",2005,0.967943322109989
"YEM","Yemen",2006,0.967943322109989
"YEM","Yemen",2007,0.967943322109989
"YEM","Yemen",2008,0.968960437710438
"YEM","Yemen",2009,0.968925364758698
"YEM","Yemen",2010,0.968644781144781
"YEM","Yemen",2011,0.968644781144781
"YEM","Yemen",2012,0.968644781144781
"YEM","Yemen",2013,0.963909932659933
"YEM","Yemen",2014,0.963594276094276
"YEM","Yemen",2015,0.968679854096521
"YEM","Yemen",2016,0.967908249158249
"YEM","Yemen",2017,0.967312008978676
"YEM","Yemen",2018,0.966785914702581
"YEM","Yemen",2019,0.966785914702581
"YEM","Yemen",2020,0.966785914702581
"YEM","Yemen",2021,0.966785914702581
"YEM","Yemen",2022,0.966785914702581
"ZAF","South Africa",1995,0.848940796857464
"ZAF","South Africa",1996,0.848940796857464
"ZAF","South Africa",1997,0.848940796857464
"ZAF","South Africa",1998,0.848940796857464
"ZAF","South Africa",1999,0.851010101010101
"ZAF","South Africa",2000,0.853184624017957
"ZAF","South Africa",2001,0.85381593714927
"ZAF","South Africa",2002,0.854587542087542
"ZAF","South Africa",2003,0.852202581369248
"ZAF","South Africa",2004,0.844205948372615
"ZAF","South Africa",2005,0.844205948372615
"ZAF","South Africa",2006,0.844205948372615
"ZAF","South Africa",2007,0.844205948372615
"ZAF","South Africa",2008,0.844205948372615
"ZAF","South Africa",2009,0.844205948372615
"ZAF","South Africa",2010,0.844205948372615
"ZAF","South Africa",2011,0.844205948372615
"ZAF","South Africa",2012,0.844205948372615
"ZAF","South Africa",2013,0.844205948372615
"ZAF","South Africa",2014,0.844205948372615
"ZAF","South Africa",2015,0.844205948372615
"ZAF","South Africa",2016,0.842522446689113
"ZAF","South Africa",2017,0.841715768799102
"ZAF","South Africa",2018,0.800154320987654
"ZAF","South Africa",2019,0.79875140291807
"ZAF","South Africa",2020,0.79875140291807
"ZAF","South Africa",2021,0.798400673400673
"ZAF","South Africa",2022,0.798400673400673
"ZMB","Zambia",1995,0.974782547699214
"ZMB","Zambia",1996,0.974782547699214
"ZMB","Zambia",1997,0.974782547699214
"ZMB","Zambia",1998,0.974782547699214
"ZMB","Zambia",1999,0.974782547699214
"ZMB","Zambia",2000,0.974782547699214
"ZMB","Zambia",2001,0.974782547699214
"ZMB","Zambia",2002,0.974782547699214
"ZMB","Zambia",2003,0.974782547699214
"ZMB","Zambia",2004,0.972502805836139
"ZMB","Zambia",2005,0.97523849607183
"ZMB","Zambia",2006,0.976185465768799
"ZMB","Zambia",2007,0.976185465768799
"ZMB","Zambia",2008,0.975624298540965
"ZMB","Zambia",2009,0.975484006734007
"ZMB","Zambia",2010,0.97520342312009
"ZMB","Zambia",2011,0.97520342312009
"ZMB","Zambia",2012,0.97520342312009
"ZMB","Zambia",2013,0.97520342312009
"ZMB","Zambia",2014,0.97520342312009
"ZMB","Zambia",2015,0.97520342312009
"ZMB","Zambia",2016,0.974186307519641
"ZMB","Zambia",2017,0.967627665544332
"ZMB","Zambia",2018,0.949705387205387
"ZMB","Zambia",2019,0.944093714927048
"ZMB","Zambia",2020,0.936237373737374
"ZMB","Zambia",2021,0.926802749719416
"ZMB","Zambia",2022,0.926802749719416
"ZWE","Zimbabwe",1995,0.941813973063973
"ZWE","Zimbabwe",1996,0.941813973063973
"ZWE","Zimbabwe",1997,0.941813973063973
"ZWE","Zimbabwe",1998,0.941813973063973
"ZWE","Zimbabwe",1999,0.941813973063973
"ZWE","Zimbabwe",2000,0.942550505050505
"ZWE","Zimbabwe",2001,0.942550505050505
"ZWE","Zimbabwe",2002,0.942550505050505
"ZWE","Zimbabwe",2003,0.942550505050505
"ZWE","Zimbabwe",2004,0.940972222222222
"ZWE","Zimbabwe",2005,0.942655723905724
"ZWE","Zimbabwe",2006,0.942655723905724
"ZWE","Zimbabwe",2007,0.945096801346801
"ZWE","Zimbabwe",2008,0.944914421997755
"ZWE","Zimbabwe",2009,0.965488215488216
"ZWE","Zimbabwe",2010,0.969416386083053
"ZWE","Zimbabwe",2011,0.953914141414142
"ZWE","Zimbabwe",2012,0.958719135802469
"ZWE","Zimbabwe",2013,0.95128367003367
"ZWE","Zimbabwe",2014,0.945461560044893
"ZWE","Zimbabwe",2015,0.949074074074074
"ZWE","Zimbabwe",2016,0.948828563411897
"ZWE","Zimbabwe",2017,0.908389450056117
"ZWE","Zimbabwe",2018,0.930590628507295
"ZWE","Zimbabwe",2019,0.930590628507295
"ZWE","Zimbabwe",2020,0.924803591470258
"ZWE","Zimbabwe",2021,0.924803591470258
"ZWE","Zimbabwe",2022,0.924803591470258
