"ISO3","Name","Year","Value: economic"
"AFG","Afghanistan",1995,0.49649740819867
"AFG","Afghanistan",1996,0.49649740819867
"AFG","Afghanistan",1997,0.49649740819867
"AFG","Afghanistan",1998,0.49649740819867
"AFG","Afghanistan",1999,0.49649740819867
"AFG","Afghanistan",2000,0.49649740819867
"AFG","Afghanistan",2001,0.49649740819867
"AFG","Afghanistan",2002,0.49649740819867
"AFG","Afghanistan",2003,0.49649740819867
"AFG","Afghanistan",2004,0.49649740819867
"AFG","Afghanistan",2005,0.33607261448688
"AFG","Afghanistan",2006,0.249236581387485
"AFG","Afghanistan",2007,0.244378168494942
"AFG","Afghanistan",2008,0.233300987099942
"AFG","Afghanistan",2009,0.223551771895571
"AFG","Afghanistan",2010,0.213381494240514
"AFG","Afghanistan",2011,0.177526407093543
"AFG","Afghanistan",2012,0.175064811227986
"AFG","Afghanistan",2013,0.178627647349186
"AFG","Afghanistan",2014,0.201494577363424
"AFG","Afghanistan",2015,0.200231390011362
"AFG","Afghanistan",2016,0.261155887683859
"AFG","Afghanistan",2017,0.238742409539591
"AFG","Afghanistan",2018,0.210239720570002
"AFG","Afghanistan",2019,0.224048915742596
"AFG","Afghanistan",2020,0.213706063212919
"AFG","Afghanistan",2021,0.213706063212919
"AFG","Afghanistan",2022,0.213706063212919
"ALB","Albania",1995,0.393304718361044
"ALB","Albania",1996,0.393304718361044
"ALB","Albania",1997,0.393304718361044
"ALB","Albania",1998,0.393304718361044
"ALB","Albania",1999,0.393304718361044
"ALB","Albania",2000,0.393304718361044
"ALB","Albania",2001,0.393304718361044
"ALB","Albania",2002,0.393304718361044
"ALB","Albania",2003,0.393304718361044
"ALB","Albania",2004,0.393304718361044
"ALB","Albania",2005,0.373028941889495
"ALB","Albania",2006,0.302776291463315
"ALB","Albania",2007,0.296687080637994
"ALB","Albania",2008,0.299569738954236
"ALB","Albania",2009,0.333772965717744
"ALB","Albania",2010,0.317545866656648
"ALB","Albania",2011,0.318258433880887
"ALB","Albania",2012,0.324703928318328
"ALB","Albania",2013,0.338534210352436
"ALB","Albania",2014,0.366324332097786
"ALB","Albania",2015,0.392592151136805
"ALB","Albania",2016,0.37137708150603
"ALB","Albania",2017,0.376041157882873
"ALB","Albania",2018,0.385142584701571
"ALB","Albania",2019,0.368236657394655
"ALB","Albania",2020,0.362694692799314
"ALB","Albania",2021,0.362694692799314
"ALB","Albania",2022,0.362694692799314
"DZA","Algeria",1995,0.416625100245253
"DZA","Algeria",1996,0.416625100245253
"DZA","Algeria",1997,0.416625100245253
"DZA","Algeria",1998,0.416625100245253
"DZA","Algeria",1999,0.416625100245253
"DZA","Algeria",2000,0.416625100245253
"DZA","Algeria",2001,0.416625100245253
"DZA","Algeria",2002,0.416625100245253
"DZA","Algeria",2003,0.416625100245253
"DZA","Algeria",2004,0.416625100245253
"DZA","Algeria",2005,0.377952133620607
"DZA","Algeria",2006,0.293545306967482
"DZA","Algeria",2007,0.292249730196138
"DZA","Algeria",2008,0.298371330440742
"DZA","Algeria",2009,0.293124244516796
"DZA","Algeria",2010,0.264006156580817
"DZA","Algeria",2011,0.251179946544503
"DZA","Algeria",2012,0.246353923071242
"DZA","Algeria",2013,0.256524200726301
"DZA","Algeria",2014,0.264491997870072
"DZA","Algeria",2015,0.269901030890437
"DZA","Algeria",2016,0.285383173308009
"DZA","Algeria",2017,0.329821456565141
"DZA","Algeria",2018,0.324865875414747
"DZA","Algeria",2019,0.333212729981072
"DZA","Algeria",2020,0.32364317483679
"DZA","Algeria",2021,0.32364317483679
"DZA","Algeria",2022,0.32364317483679
"AND","Andorra",1995,NA
"AND","Andorra",1996,NA
"AND","Andorra",1997,NA
"AND","Andorra",1998,NA
"AND","Andorra",1999,NA
"AND","Andorra",2000,NA
"AND","Andorra",2001,NA
"AND","Andorra",2002,NA
"AND","Andorra",2003,NA
"AND","Andorra",2004,NA
"AND","Andorra",2005,NA
"AND","Andorra",2006,NA
"AND","Andorra",2007,NA
"AND","Andorra",2008,NA
"AND","Andorra",2009,NA
"AND","Andorra",2010,NA
"AND","Andorra",2011,NA
"AND","Andorra",2012,NA
"AND","Andorra",2013,NA
"AND","Andorra",2014,NA
"AND","Andorra",2015,NA
"AND","Andorra",2016,NA
"AND","Andorra",2017,NA
"AND","Andorra",2018,NA
"AND","Andorra",2019,NA
"AND","Andorra",2020,NA
"AND","Andorra",2021,NA
"AND","Andorra",2022,NA
"AGO","Angola",1995,0.289057058866752
"AGO","Angola",1996,0.289057058866752
"AGO","Angola",1997,0.289057058866752
"AGO","Angola",1998,0.289057058866752
"AGO","Angola",1999,0.289057058866752
"AGO","Angola",2000,0.289057058866752
"AGO","Angola",2001,0.289057058866752
"AGO","Angola",2002,0.289057058866752
"AGO","Angola",2003,0.289057058866752
"AGO","Angola",2004,0.289057058866752
"AGO","Angola",2005,0.240121273389094
"AGO","Angola",2006,0.132440335450738
"AGO","Angola",2007,0.13799280732793
"AGO","Angola",2008,0.135179554910153
"AGO","Angola",2009,0.150504377291205
"AGO","Angola",2010,0.0980520262913248
"AGO","Angola",2011,0.0980520262913248
"AGO","Angola",2012,0.124259693551674
"AGO","Angola",2013,0.148949685165591
"AGO","Angola",2014,0.149615981790854
"AGO","Angola",2015,0.139843631286995
"AGO","Angola",2016,0.222871594090616
"AGO","Angola",2017,0.235753328845702
"AGO","Angola",2018,0.239751108597281
"AGO","Angola",2019,0.240090233528947
"AGO","Angola",2020,0.248301915288158
"AGO","Angola",2021,0.248301915288158
"AGO","Angola",2022,0.248301915288158
"ATG","Antigua and Barbuda",1995,0.494942716073055
"ATG","Antigua and Barbuda",1996,0.494942716073055
"ATG","Antigua and Barbuda",1997,0.494942716073055
"ATG","Antigua and Barbuda",1998,0.494942716073055
"ATG","Antigua and Barbuda",1999,0.494942716073055
"ATG","Antigua and Barbuda",2000,0.494942716073055
"ATG","Antigua and Barbuda",2001,0.494942716073055
"ATG","Antigua and Barbuda",2002,0.494942716073055
"ATG","Antigua and Barbuda",2003,0.494942716073055
"ATG","Antigua and Barbuda",2004,0.494942716073055
"ATG","Antigua and Barbuda",2005,0.556093939680537
"ATG","Antigua and Barbuda",2006,0.465792238717793
"ATG","Antigua and Barbuda",2007,0.471201271738159
"ATG","Antigua and Barbuda",2008,0.470294367998217
"ATG","Antigua and Barbuda",2009,0.457079484930499
"ATG","Antigua and Barbuda",2010,0.490084303180512
"ATG","Antigua and Barbuda",2011,0.473371362830161
"ATG","Antigua and Barbuda",2012,0.463848873560776
"ATG","Antigua and Barbuda",2013,0.443637875927795
"ATG","Antigua and Barbuda",2014,0.465047282074271
"ATG","Antigua and Barbuda",2015,0.456885148414797
"ATG","Antigua and Barbuda",2016,0.444415221990602
"ATG","Antigua and Barbuda",2017,0.421256787202811
"ATG","Antigua and Barbuda",2018,0.440560881095851
"ATG","Antigua and Barbuda",2019,0.43145371865082
"ATG","Antigua and Barbuda",2020,0.424139614213945
"ATG","Antigua and Barbuda",2021,0.424139614213945
"ATG","Antigua and Barbuda",2022,0.424139614213945
"ARG","Argentina",1995,0.390098165851965
"ARG","Argentina",1996,0.390098165851965
"ARG","Argentina",1997,0.390098165851965
"ARG","Argentina",1998,0.390098165851965
"ARG","Argentina",1999,0.390098165851965
"ARG","Argentina",2000,0.390098165851965
"ARG","Argentina",2001,0.390098165851965
"ARG","Argentina",2002,0.390098165851965
"ARG","Argentina",2003,0.390098165851965
"ARG","Argentina",2004,0.390098165851965
"ARG","Argentina",2005,0.393661001973163
"ARG","Argentina",2006,0.310161079059981
"ARG","Argentina",2007,0.33704429706539
"ARG","Argentina",2008,0.334744648296252
"ARG","Argentina",2009,0.333449071524907
"ARG","Argentina",2010,0.318420380977306
"ARG","Argentina",2011,0.297108143088681
"ARG","Argentina",2012,0.292703182066108
"ARG","Argentina",2013,0.261285445360993
"ARG","Argentina",2014,0.261091108845292
"ARG","Argentina",2015,0.249560475580321
"ARG","Argentina",2016,0.269544747278317
"ARG","Argentina",2017,0.277804049195641
"ARG","Argentina",2018,0.273496256430919
"ARG","Argentina",2019,0.286847107581673
"ARG","Argentina",2020,0.285364954259663
"ARG","Argentina",2021,0.285364954259663
"ARG","Argentina",2022,0.285364954259663
"ARM","Armenia",1995,0.458407451121127
"ARM","Armenia",1996,0.458407451121127
"ARM","Armenia",1997,0.458407451121127
"ARM","Armenia",1998,0.458407451121127
"ARM","Armenia",1999,0.458407451121127
"ARM","Armenia",2000,0.458407451121127
"ARM","Armenia",2001,0.458407451121127
"ARM","Armenia",2002,0.458407451121127
"ARM","Armenia",2003,0.458407451121127
"ARM","Armenia",2004,0.458407451121127
"ARM","Armenia",2005,0.496432629360102
"ARM","Armenia",2006,0.431977684985691
"ARM","Armenia",2007,0.448755404174607
"ARM","Armenia",2008,0.458666566475396
"ARM","Armenia",2009,0.445872745858365
"ARM","Armenia",2010,0.448140005208219
"ARM","Armenia",2011,0.452318240295807
"ARM","Armenia",2012,0.461549224791639
"ARM","Armenia",2013,0.509485565331402
"ARM","Armenia",2014,0.566426164432012
"ARM","Armenia",2015,0.589584599219804
"ARM","Armenia",2016,0.607528337502932
"ARM","Armenia",2017,0.604095059058867
"ARM","Armenia",2018,0.606135592473736
"ARM","Armenia",2019,0.633091011892963
"ARM","Armenia",2020,0.627291281502489
"ARM","Armenia",2021,0.627291281502489
"ARM","Armenia",2022,0.627291281502489
"AUS","Australia",1995,0.504853878373844
"AUS","Australia",1996,0.504853878373844
"AUS","Australia",1997,0.504853878373844
"AUS","Australia",1998,0.504853878373844
"AUS","Australia",1999,0.504853878373844
"AUS","Australia",2000,0.504853878373844
"AUS","Australia",2001,0.504853878373844
"AUS","Australia",2002,0.504853878373844
"AUS","Australia",2003,0.504853878373844
"AUS","Australia",2004,0.504853878373844
"AUS","Australia",2005,0.527234967098828
"AUS","Australia",2006,0.624532782626833
"AUS","Australia",2007,0.642541299748529
"AUS","Australia",2008,0.649278298959523
"AUS","Australia",2009,0.641763953685722
"AUS","Australia",2010,0.668614782271846
"AUS","Australia",2011,0.668355666917577
"AUS","Australia",2012,0.668031772724741
"AUS","Australia",2013,0.68205639127455
"AUS","Australia",2014,0.724162636343261
"AUS","Australia",2015,0.713441738560381
"AUS","Australia",2016,0.688307549196288
"AUS","Australia",2017,0.676938863027737
"AUS","Australia",2018,0.682477453725237
"AUS","Australia",2019,0.674687967082417
"AUS","Australia",2020,0.666954993228453
"AUS","Australia",2021,0.666954993228453
"AUS","Australia",2022,0.666954993228453
"AUT","Austria",1995,0.45860178763683
"AUT","Austria",1996,0.45860178763683
"AUT","Austria",1997,0.45860178763683
"AUT","Austria",1998,0.45860178763683
"AUT","Austria",1999,0.45860178763683
"AUT","Austria",2000,0.45860178763683
"AUT","Austria",2001,0.45860178763683
"AUT","Austria",2002,0.45860178763683
"AUT","Austria",2003,0.45860178763683
"AUT","Austria",2004,0.45860178763683
"AUT","Austria",2005,0.478974732366229
"AUT","Austria",2006,0.55800491541827
"AUT","Austria",2007,0.566523332689864
"AUT","Austria",2008,0.56461235695213
"AUT","Austria",2009,0.538474095590245
"AUT","Austria",2010,0.550652517240888
"AUT","Austria",2011,0.555122257102029
"AUT","Austria",2012,0.552401545882204
"AUT","Austria",2013,0.588936810834131
"AUT","Austria",2014,0.629715089712214
"AUT","Austria",2015,0.629132080165108
"AUT","Austria",2016,0.586701940903561
"AUT","Austria",2017,0.584337513295856
"AUT","Austria",2018,0.576564052667787
"AUT","Austria",2019,0.567457396307433
"AUT","Austria",2020,0.559466656658336
"AUT","Austria",2021,0.559466656658336
"AUT","Austria",2022,0.559466656658336
"AZE","Azerbaijan",1995,0.439459640840207
"AZE","Azerbaijan",1996,0.439459640840207
"AZE","Azerbaijan",1997,0.439459640840207
"AZE","Azerbaijan",1998,0.439459640840207
"AZE","Azerbaijan",1999,0.439459640840207
"AZE","Azerbaijan",2000,0.439459640840207
"AZE","Azerbaijan",2001,0.439459640840207
"AZE","Azerbaijan",2002,0.439459640840207
"AZE","Azerbaijan",2003,0.439459640840207
"AZE","Azerbaijan",2004,0.439459640840207
"AZE","Azerbaijan",2005,0.440949554127255
"AZE","Azerbaijan",2006,0.336137393325447
"AZE","Azerbaijan",2007,0.348445372653225
"AZE","Azerbaijan",2008,0.360364678949599
"AZE","Azerbaijan",2009,0.456658422479812
"AZE","Azerbaijan",2010,0.417855898178031
"AZE","Azerbaijan",2011,0.437062823813219
"AZE","Azerbaijan",2012,0.426309536611057
"AZE","Azerbaijan",2013,0.43929769374379
"AZE","Azerbaijan",2014,0.508384325075759
"AZE","Azerbaijan",2015,0.535332321919734
"AZE","Azerbaijan",2016,0.590718228894731
"AZE","Azerbaijan",2017,0.550555348983037
"AZE","Azerbaijan",2018,0.554021016846384
"AZE","Azerbaijan",2019,0.6025457651698
"AZE","Azerbaijan",2020,0.588851957303404
"AZE","Azerbaijan",2021,0.588851957303404
"AZE","Azerbaijan",2022,0.588851957303404
"BHS","Bahamas",1995,0.493776696978844
"BHS","Bahamas",1996,0.493776696978844
"BHS","Bahamas",1997,0.493776696978844
"BHS","Bahamas",1998,0.493776696978844
"BHS","Bahamas",1999,0.493776696978844
"BHS","Bahamas",2000,0.493776696978844
"BHS","Bahamas",2001,0.493776696978844
"BHS","Bahamas",2002,0.493776696978844
"BHS","Bahamas",2003,0.493776696978844
"BHS","Bahamas",2004,0.493776696978844
"BHS","Bahamas",2005,0.554927920586326
"BHS","Bahamas",2006,0.762090646324384
"BHS","Bahamas",2007,0.769734549275319
"BHS","Bahamas",2008,0.475638622180016
"BHS","Bahamas",2009,0.469581800773977
"BHS","Bahamas",2010,0.469970473805382
"BHS","Bahamas",2011,0.458666566475396
"BHS","Bahamas",2012,0.448949740690309
"BHS","Bahamas",2013,0.442407077995017
"BHS","Bahamas",2014,0.462067455500176
"BHS","Bahamas",2015,0.459832585569607
"BHS","Bahamas",2016,0.442536635672151
"BHS","Bahamas",2017,0.422908647586276
"BHS","Bahamas",2018,0.424625286808307
"BHS","Bahamas",2019,0.43631904803394
"BHS","Bahamas",2020,0.417824352233207
"BHS","Bahamas",2021,0.417824352233207
"BHS","Bahamas",2022,0.417824352233207
"BHR","Bahrain",1995,0.490472976211915
"BHR","Bahrain",1996,0.490472976211915
"BHR","Bahrain",1997,0.490472976211915
"BHR","Bahrain",1998,0.490472976211915
"BHR","Bahrain",1999,0.490472976211915
"BHR","Bahrain",2000,0.490472976211915
"BHR","Bahrain",2001,0.490472976211915
"BHR","Bahrain",2002,0.490472976211915
"BHR","Bahrain",2003,0.490472976211915
"BHR","Bahrain",2004,0.490472976211915
"BHR","Bahrain",2005,0.551624199819397
"BHR","Bahrain",2006,0.758786925557455
"BHR","Bahrain",2007,0.76643082850839
"BHR","Bahrain",2008,0.573972899125097
"BHR","Bahrain",2009,0.57390812028653
"BHR","Bahrain",2010,0.571122630228139
"BHR","Bahrain",2011,0.566393775012729
"BHR","Bahrain",2012,0.568596255524015
"BHR","Bahrain",2013,0.585212027616514
"BHR","Bahrain",2014,0.618832244832917
"BHR","Bahrain",2015,0.623172427016921
"BHR","Bahrain",2016,0.59920425674704
"BHR","Bahrain",2017,0.603123376480359
"BHR","Bahrain",2018,0.599398593262742
"BHR","Bahrain",2019,0.588046439193615
"BHR","Bahrain",2020,0.661219704286762
"BHR","Bahrain",2021,0.661219704286762
"BHR","Bahrain",2022,0.661219704286762
"BGD","Bangladesh",1995,0.464626219623583
"BGD","Bangladesh",1996,0.464626219623583
"BGD","Bangladesh",1997,0.464626219623583
"BGD","Bangladesh",1998,0.464626219623583
"BGD","Bangladesh",1999,0.464626219623583
"BGD","Bangladesh",2000,0.464626219623583
"BGD","Bangladesh",2001,0.464626219623583
"BGD","Bangladesh",2002,0.464626219623583
"BGD","Bangladesh",2003,0.464626219623583
"BGD","Bangladesh",2004,0.464626219623583
"BGD","Bangladesh",2005,0.525777443231066
"BGD","Bangladesh",2006,0.732940168969122
"BGD","Bangladesh",2007,0.740584071920057
"BGD","Bangladesh",2008,0.746090273198274
"BGD","Bangladesh",2009,0.747968859516723
"BGD","Bangladesh",2010,0.81702310142941
"BGD","Bangladesh",2011,0.816828764913708
"BGD","Bangladesh",2012,0.821622398967684
"BGD","Bangladesh",2013,0.831468782429907
"BGD","Bangladesh",2014,0.175064811227986
"BGD","Bangladesh",2015,0.170012061819742
"BGD","Bangladesh",2016,0.205057413484622
"BGD","Bangladesh",2017,0.20288732239262
"BGD","Bangladesh",2018,0.201170683170588
"BGD","Bangladesh",2019,0.201301084322183
"BGD","Bangladesh",2020,0.207133035437048
"BGD","Bangladesh",2021,0.207133035437048
"BGD","Bangladesh",2022,0.207133035437048
"BRB","Barbados",1995,0.48095048694253
"BRB","Barbados",1996,0.48095048694253
"BRB","Barbados",1997,0.48095048694253
"BRB","Barbados",1998,0.48095048694253
"BRB","Barbados",1999,0.48095048694253
"BRB","Barbados",2000,0.48095048694253
"BRB","Barbados",2001,0.48095048694253
"BRB","Barbados",2002,0.48095048694253
"BRB","Barbados",2003,0.48095048694253
"BRB","Barbados",2004,0.48095048694253
"BRB","Barbados",2005,0.542101710550012
"BRB","Barbados",2006,0.749264436288069
"BRB","Barbados",2007,0.756908339239005
"BRB","Barbados",2008,0.76241454051722
"BRB","Barbados",2009,0.764293126835671
"BRB","Barbados",2010,0.833347368748356
"BRB","Barbados",2011,0.833153032232655
"BRB","Barbados",2012,0.454909393838496
"BRB","Barbados",2013,0.460188869181727
"BRB","Barbados",2014,0.484448544225161
"BRB","Barbados",2015,0.477905881529869
"BRB","Barbados",2016,0.441564953093643
"BRB","Barbados",2017,0.439200525485938
"BRB","Barbados",2018,0.427345998028133
"BRB","Barbados",2019,0.419693154247916
"BRB","Barbados",2020,0.409285860269454
"BRB","Barbados",2021,0.409285860269454
"BRB","Barbados",2022,0.409285860269454
"BLR","Belarus",1995,0.373773898533019
"BLR","Belarus",1996,0.373773898533019
"BLR","Belarus",1997,0.373773898533019
"BLR","Belarus",1998,0.373773898533019
"BLR","Belarus",1999,0.373773898533019
"BLR","Belarus",2000,0.373773898533019
"BLR","Belarus",2001,0.373773898533019
"BLR","Belarus",2002,0.373773898533019
"BLR","Belarus",2003,0.373773898533019
"BLR","Belarus",2004,0.373773898533019
"BLR","Belarus",2005,0.352267324128693
"BLR","Belarus",2006,0.208911754379373
"BLR","Belarus",2007,0.212895652951259
"BLR","Belarus",2008,0.227276555113188
"BLR","Belarus",2009,0.302031334819791
"BLR","Belarus",2010,0.31398303053545
"BLR","Belarus",2011,0.328882163405917
"BLR","Belarus",2012,0.367587519449846
"BLR","Belarus",2013,0.389288430369874
"BLR","Belarus",2014,0.451961956683686
"BLR","Belarus",2015,0.474634550182223
"BLR","Belarus",2016,0.51670840583165
"BLR","Belarus",2017,0.592661594051748
"BLR","Belarus",2018,0.580191667627553
"BLR","Belarus",2019,0.594973894937793
"BLR","Belarus",2020,0.594297259725571
"BLR","Belarus",2021,0.594297259725571
"BLR","Belarus",2022,0.594297259725571
"BEL","Belgium",1995,0.467832772132662
"BEL","Belgium",1996,0.467832772132662
"BEL","Belgium",1997,0.467832772132662
"BEL","Belgium",1998,0.467832772132662
"BEL","Belgium",1999,0.467832772132662
"BEL","Belgium",2000,0.467832772132662
"BEL","Belgium",2001,0.467832772132662
"BEL","Belgium",2002,0.467832772132662
"BEL","Belgium",2003,0.467832772132662
"BEL","Belgium",2004,0.467832772132662
"BEL","Belgium",2005,0.445484072826961
"BEL","Belgium",2006,0.515931059768843
"BEL","Belgium",2007,0.527429303614529
"BEL","Belgium",2008,0.543526844998491
"BEL","Belgium",2009,0.535591437274002
"BEL","Belgium",2010,0.512465391905495
"BEL","Belgium",2011,0.502133167154019
"BEL","Belgium",2012,0.506343791660891
"BEL","Belgium",2013,0.518684160407951
"BEL","Belgium",2014,0.548709152083871
"BEL","Belgium",2015,0.543494455579207
"BEL","Belgium",2016,0.506181844564472
"BEL","Belgium",2017,0.503040070893961
"BEL","Belgium",2018,0.491509437628991
"BEL","Belgium",2019,0.486841143879846
"BEL","Belgium",2020,0.502532636658518
"BEL","Belgium",2021,0.502532636658518
"BEL","Belgium",2022,0.502532636658518
"BLZ","Belize",1995,0.465597902202091
"BLZ","Belize",1996,0.465597902202091
"BLZ","Belize",1997,0.465597902202091
"BLZ","Belize",1998,0.465597902202091
"BLZ","Belize",1999,0.465597902202091
"BLZ","Belize",2000,0.465597902202091
"BLZ","Belize",2001,0.465597902202091
"BLZ","Belize",2002,0.465597902202091
"BLZ","Belize",2003,0.465597902202091
"BLZ","Belize",2004,0.465597902202091
"BLZ","Belize",2005,0.526749125809574
"BLZ","Belize",2006,0.372057259310987
"BLZ","Belize",2007,0.375522927174335
"BLZ","Belize",2008,0.368267697254803
"BLZ","Belize",2009,0.358065030180461
"BLZ","Belize",2010,0.351522367485169
"BLZ","Belize",2011,0.340704301444439
"BLZ","Belize",2012,0.342615277182172
"BLZ","Belize",2013,0.347732805428985
"BLZ","Belize",2014,0.369951947057551
"BLZ","Belize",2015,0.364478135198619
"BLZ","Belize",2016,0.361627866301659
"BLZ","Belize",2017,0.366777783967756
"BLZ","Belize",2018,0.355830160249891
"BLZ","Belize",2019,0.345553267423024
"BLZ","Belize",2020,0.339238005442286
"BLZ","Belize",2021,0.339238005442286
"BLZ","Belize",2022,0.339238005442286
"BEN","Benin",1995,0.315861616853899
"BEN","Benin",1996,0.315861616853899
"BEN","Benin",1997,0.315861616853899
"BEN","Benin",1998,0.315861616853899
"BEN","Benin",1999,0.315861616853899
"BEN","Benin",2000,0.315861616853899
"BEN","Benin",2001,0.315861616853899
"BEN","Benin",2002,0.315861616853899
"BEN","Benin",2003,0.315861616853899
"BEN","Benin",2004,0.315861616853899
"BEN","Benin",2005,0.289690966072731
"BEN","Benin",2006,0.215389638236098
"BEN","Benin",2007,0.222774425832764
"BEN","Benin",2008,0.21334910482123
"BEN","Benin",2009,0.173348172005955
"BEN","Benin",2010,0.125411831466191
"BEN","Benin",2011,0.134480868865606
"BEN","Benin",2012,0.132764229643575
"BEN","Benin",2013,0.161040192678178
"BEN","Benin",2014,0.179696498185544
"BEN","Benin",2015,0.221576017319271
"BEN","Benin",2016,0.239487366183114
"BEN","Benin",2017,0.270613598114677
"BEN","Benin",2018,0.294484600126708
"BEN","Benin",2019,0.287523742793894
"BEN","Benin",2020,0.294386757089289
"BEN","Benin",2021,0.294386757089289
"BEN","Benin",2022,0.294386757089289
"BTN","Bhutan",1995,0.391555689719727
"BTN","Bhutan",1996,0.391555689719727
"BTN","Bhutan",1997,0.391555689719727
"BTN","Bhutan",1998,0.391555689719727
"BTN","Bhutan",1999,0.391555689719727
"BTN","Bhutan",2000,0.391555689719727
"BTN","Bhutan",2001,0.391555689719727
"BTN","Bhutan",2002,0.391555689719727
"BTN","Bhutan",2003,0.391555689719727
"BTN","Bhutan",2004,0.391555689719727
"BTN","Bhutan",2005,0.388039124197506
"BTN","Bhutan",2006,0.363312116104409
"BTN","Bhutan",2007,0.436715794320894
"BTN","Bhutan",2008,0.453151111077385
"BTN","Bhutan",2009,0.446747260179023
"BTN","Bhutan",2010,0.421427988419024
"BTN","Bhutan",2011,0.412729115811422
"BTN","Bhutan",2012,0.412877181728147
"BTN","Bhutan",2013,0.426425213108498
"BTN","Bhutan",2014,0.463441692289782
"BTN","Bhutan",2015,0.464885334977852
"BTN","Bhutan",2016,0.534069134567673
"BTN","Bhutan",2017,0.530071354816094
"BTN","Bhutan",2018,0.53081168439972
"BTN","Bhutan",2019,0.527756860896452
"BTN","Bhutan",2020,0.517703994886297
"BTN","Bhutan",2021,0.517703994886297
"BTN","Bhutan",2022,0.517703994886297
"BOL","Bolivia, Plurinational State of",1995,0.386697276827185
"BOL","Bolivia, Plurinational State of",1996,0.386697276827185
"BOL","Bolivia, Plurinational State of",1997,0.386697276827185
"BOL","Bolivia, Plurinational State of",1998,0.386697276827185
"BOL","Bolivia, Plurinational State of",1999,0.386697276827185
"BOL","Bolivia, Plurinational State of",2000,0.386697276827185
"BOL","Bolivia, Plurinational State of",2001,0.386697276827185
"BOL","Bolivia, Plurinational State of",2002,0.386697276827185
"BOL","Bolivia, Plurinational State of",2003,0.386697276827185
"BOL","Bolivia, Plurinational State of",2004,0.386697276827185
"BOL","Bolivia, Plurinational State of",2005,0.36020273185318
"BOL","Bolivia, Plurinational State of",2006,0.313464799826911
"BOL","Bolivia, Plurinational State of",2007,0.310970814542072
"BOL","Bolivia, Plurinational State of",2008,0.298824782310713
"BOL","Bolivia, Plurinational State of",2009,0.301577882949821
"BOL","Bolivia, Plurinational State of",2010,0.279876972029793
"BOL","Bolivia, Plurinational State of",2011,0.278646174097015
"BOL","Bolivia, Plurinational State of",2012,0.275990241715759
"BOL","Bolivia, Plurinational State of",2013,0.285350783888726
"BOL","Bolivia, Plurinational State of",2014,0.283277861054573
"BOL","Bolivia, Plurinational State of",2015,0.276249357070028
"BOL","Bolivia, Plurinational State of",2016,0.290176807361986
"BOL","Bolivia, Plurinational State of",2017,0.291925836003301
"BOL","Bolivia, Plurinational State of",2018,0.292282119615422
"BOL","Bolivia, Plurinational State of",2019,0.290584711611089
"BOL","Bolivia, Plurinational State of",2020,0.287330418447544
"BOL","Bolivia, Plurinational State of",2021,0.287330418447544
"BOL","Bolivia, Plurinational State of",2022,0.287330418447544
"BIH","Bosnia and Herzegovina",1995,0.359004323339687
"BIH","Bosnia and Herzegovina",1996,0.359004323339687
"BIH","Bosnia and Herzegovina",1997,0.359004323339687
"BIH","Bosnia and Herzegovina",1998,0.359004323339687
"BIH","Bosnia and Herzegovina",1999,0.359004323339687
"BIH","Bosnia and Herzegovina",2000,0.359004323339687
"BIH","Bosnia and Herzegovina",2001,0.359004323339687
"BIH","Bosnia and Herzegovina",2002,0.359004323339687
"BIH","Bosnia and Herzegovina",2003,0.359004323339687
"BIH","Bosnia and Herzegovina",2004,0.359004323339687
"BIH","Bosnia and Herzegovina",2005,0.336396508679717
"BIH","Bosnia and Herzegovina",2006,0.25678331608057
"BIH","Bosnia and Herzegovina",2007,0.256524200726301
"BIH","Bosnia and Herzegovina",2008,0.258273229367616
"BIH","Bosnia and Herzegovina",2009,0.252475523315848
"BIH","Bosnia and Herzegovina",2010,0.242985423465746
"BIH","Bosnia and Herzegovina",2011,0.268573064699808
"BIH","Bosnia and Herzegovina",2012,0.275472011007221
"BIH","Bosnia and Herzegovina",2013,0.293480528128915
"BIH","Bosnia and Herzegovina",2014,0.315537722661063
"BIH","Bosnia and Herzegovina",2015,0.303488858687555
"BIH","Bosnia and Herzegovina",2016,0.303780363461108
"BIH","Bosnia and Herzegovina",2017,0.309480901255025
"BIH","Bosnia and Herzegovina",2018,0.316055953369601
"BIH","Bosnia and Herzegovina",2019,0.310432677836266
"BIH","Bosnia and Herzegovina",2020,0.303505222092089
"BIH","Bosnia and Herzegovina",2021,0.303505222092089
"BIH","Bosnia and Herzegovina",2022,0.303505222092089
"BWA","Botswana",1995,0.374065403306571
"BWA","Botswana",1996,0.374065403306571
"BWA","Botswana",1997,0.374065403306571
"BWA","Botswana",1998,0.374065403306571
"BWA","Botswana",1999,0.374065403306571
"BWA","Botswana",2000,0.374065403306571
"BWA","Botswana",2001,0.374065403306571
"BWA","Botswana",2002,0.374065403306571
"BWA","Botswana",2003,0.374065403306571
"BWA","Botswana",2004,0.374065403306571
"BWA","Botswana",2005,0.393207550103193
"BWA","Botswana",2006,0.365223091842141
"BWA","Botswana",2007,0.366065216743517
"BWA","Botswana",2008,0.36243760178375
"BWA","Botswana",2009,0.365449817777127
"BWA","Botswana",2010,0.357125737021236
"BWA","Botswana",2011,0.352688386579379
"BWA","Botswana",2012,0.358000251341894
"BWA","Botswana",2013,0.364834418810738
"BWA","Botswana",2014,0.427086882673864
"BWA","Botswana",2015,0.419961210431466
"BWA","Botswana",2016,0.470456315094635
"BWA","Botswana",2017,0.463622147625791
"BWA","Botswana",2018,0.45468266790351
"BWA","Botswana",2019,0.464447740427739
"BWA","Botswana",2020,0.45536149614933
"BWA","Botswana",2021,0.45536149614933
"BWA","Botswana",2022,0.45536149614933
"BRA","Brazil",1995,0.417159525663433
"BRA","Brazil",1996,0.417159525663433
"BRA","Brazil",1997,0.417159525663433
"BRA","Brazil",1998,0.417159525663433
"BRA","Brazil",1999,0.417159525663433
"BRA","Brazil",2000,0.417159525663433
"BRA","Brazil",2001,0.417159525663433
"BRA","Brazil",2002,0.417159525663433
"BRA","Brazil",2003,0.417159525663433
"BRA","Brazil",2004,0.417159525663433
"BRA","Brazil",2005,0.441581147803285
"BRA","Brazil",2006,0.522117438852016
"BRA","Brazil",2007,0.524287529944018
"BRA","Brazil",2008,0.521032393306014
"BRA","Brazil",2009,0.526684346971006
"BRA","Brazil",2010,0.556563586260149
"BRA","Brazil",2011,0.550587738402321
"BRA","Brazil",2012,0.55219101465686
"BRA","Brazil",2013,0.55988350173672
"BRA","Brazil",2014,0.310080105511773
"BRA","Brazil",2015,0.312217807184491
"BRA","Brazil",2016,0.320137020199337
"BRA","Brazil",2017,0.30577231274705
"BRA","Brazil",2018,0.300622395080954
"BRA","Brazil",2019,0.305067927225078
"BRA","Brazil",2020,0.300814791605397
"BRA","Brazil",2021,0.300814791605397
"BRA","Brazil",2022,0.300814791605397
"BRN","Brunei Darussalam",1995,0.45646408596411
"BRN","Brunei Darussalam",1996,0.45646408596411
"BRN","Brunei Darussalam",1997,0.45646408596411
"BRN","Brunei Darussalam",1998,0.45646408596411
"BRN","Brunei Darussalam",1999,0.45646408596411
"BRN","Brunei Darussalam",2000,0.45646408596411
"BRN","Brunei Darussalam",2001,0.45646408596411
"BRN","Brunei Darussalam",2002,0.45646408596411
"BRN","Brunei Darussalam",2003,0.45646408596411
"BRN","Brunei Darussalam",2004,0.45646408596411
"BRN","Brunei Darussalam",2005,0.517615309571591
"BRN","Brunei Darussalam",2006,0.724778035309649
"BRN","Brunei Darussalam",2007,0.458796124152532
"BRN","Brunei Darussalam",2008,0.460707099890264
"BRN","Brunei Darussalam",2009,0.460188869181727
"BRN","Brunei Darussalam",2010,0.466180911749197
"BRN","Brunei Darussalam",2011,0.464043210076478
"BRN","Brunei Darussalam",2012,0.48292624151883
"BRN","Brunei Darussalam",2013,0.498570331032821
"BRN","Brunei Darussalam",2014,0.527850366065217
"BRN","Brunei Darussalam",2015,0.519688232405744
"BRN","Brunei Darussalam",2016,0.544822421769836
"BRN","Brunei Darussalam",2017,0.547219238796823
"BRN","Brunei Darussalam",2018,0.552207209366502
"BRN","Brunei Darussalam",2019,0.600193652289219
"BRN","Brunei Darussalam",2020,0.597358228542766
"BRN","Brunei Darussalam",2021,0.597358228542766
"BRN","Brunei Darussalam",2022,0.597358228542766
"BGR","Bulgaria",1995,0.413029874704771
"BGR","Bulgaria",1996,0.413029874704771
"BGR","Bulgaria",1997,0.413029874704771
"BGR","Bulgaria",1998,0.413029874704771
"BGR","Bulgaria",1999,0.413029874704771
"BGR","Bulgaria",2000,0.413029874704771
"BGR","Bulgaria",2001,0.413029874704771
"BGR","Bulgaria",2002,0.413029874704771
"BGR","Bulgaria",2003,0.413029874704771
"BGR","Bulgaria",2004,0.413029874704771
"BGR","Bulgaria",2005,0.411637129675575
"BGR","Bulgaria",2006,0.396381713192988
"BGR","Bulgaria",2007,0.407588452265122
"BGR","Bulgaria",2008,0.426309536611057
"BGR","Bulgaria",2009,0.438487958261699
"BGR","Bulgaria",2010,0.425402632871115
"BGR","Bulgaria",2011,0.436220698911845
"BGR","Bulgaria",2012,0.439427251420924
"BGR","Bulgaria",2013,0.455362845708467
"BGR","Bulgaria",2014,0.48542022680367
"BGR","Bulgaria",2015,0.479395794816915
"BGR","Bulgaria",2016,0.465176839751405
"BGR","Bulgaria",2017,0.453354701712883
"BGR","Bulgaria",2018,0.446326197728335
"BGR","Bulgaria",2019,0.443149841604944
"BGR","Bulgaria",2020,0.435545750648545
"BGR","Bulgaria",2021,0.435545750648545
"BGR","Bulgaria",2022,0.435545750648545
"BFA","Burkina Faso",1995,0.321011534519995
"BFA","Burkina Faso",1996,0.321011534519995
"BFA","Burkina Faso",1997,0.321011534519995
"BFA","Burkina Faso",1998,0.321011534519995
"BFA","Burkina Faso",1999,0.321011534519995
"BFA","Burkina Faso",2000,0.321011534519995
"BFA","Burkina Faso",2001,0.321011534519995
"BFA","Burkina Faso",2002,0.321011534519995
"BFA","Burkina Faso",2003,0.321011534519995
"BFA","Burkina Faso",2004,0.321011534519995
"BFA","Burkina Faso",2005,0.267309877347748
"BFA","Burkina Faso",2006,0.140181406659524
"BFA","Burkina Faso",2007,0.163372230866598
"BFA","Burkina Faso",2008,0.171599143364639
"BFA","Burkina Faso",2009,0.206676884448804
"BFA","Burkina Faso",2010,0.209106090895075
"BFA","Burkina Faso",2011,0.210174941731435
"BFA","Burkina Faso",2012,0.210434057085704
"BFA","Burkina Faso",2013,0.210790340697824
"BFA","Burkina Faso",2014,0.2248797380862
"BFA","Burkina Faso",2015,0.219179200292282
"BFA","Burkina Faso",2016,0.281658390090392
"BFA","Burkina Faso",2017,0.283569365828127
"BFA","Burkina Faso",2018,0.281787947767527
"BFA","Burkina Faso",2019,0.272863313195752
"BFA","Burkina Faso",2020,0.264453704129565
"BFA","Burkina Faso",2021,0.264453704129565
"BFA","Burkina Faso",2022,0.264453704129565
"BDI","Burundi",1995,0.348704488007494
"BDI","Burundi",1996,0.348704488007494
"BDI","Burundi",1997,0.348704488007494
"BDI","Burundi",1998,0.348704488007494
"BDI","Burundi",1999,0.348704488007494
"BDI","Burundi",2000,0.348704488007494
"BDI","Burundi",2001,0.348704488007494
"BDI","Burundi",2002,0.348704488007494
"BDI","Burundi",2003,0.348704488007494
"BDI","Burundi",2004,0.348704488007494
"BDI","Burundi",2005,0.30173983004624
"BDI","Burundi",2006,0.208555470767254
"BDI","Burundi",2007,0.209624321603613
"BDI","Burundi",2008,0.212442201081288
"BDI","Burundi",2009,0.19297616009183
"BDI","Burundi",2010,0.14040813259451
"BDI","Burundi",2011,0.127970595589598
"BDI","Burundi",2012,0.131533431710796
"BDI","Burundi",2013,0.192684655318278
"BDI","Burundi",2014,0.273366698753785
"BDI","Burundi",2015,0.27922918364412
"BDI","Burundi",2016,0.334064470491296
"BDI","Burundi",2017,0.335230489585506
"BDI","Burundi",2018,0.328817384567348
"BDI","Burundi",2019,0.327606323936947
"BDI","Burundi",2020,0.31687682271457
"BDI","Burundi",2021,0.31687682271457
"BDI","Burundi",2022,0.31687682271457
"KHM","Cambodia",1995,0.322274721872057
"KHM","Cambodia",1996,0.322274721872057
"KHM","Cambodia",1997,0.322274721872057
"KHM","Cambodia",1998,0.322274721872057
"KHM","Cambodia",1999,0.322274721872057
"KHM","Cambodia",2000,0.322274721872057
"KHM","Cambodia",2001,0.322274721872057
"KHM","Cambodia",2002,0.322274721872057
"KHM","Cambodia",2003,0.322274721872057
"KHM","Cambodia",2004,0.322274721872057
"KHM","Cambodia",2005,0.310128689640699
"KHM","Cambodia",2006,0.287391317303593
"KHM","Cambodia",2007,0.278030775130627
"KHM","Cambodia",2008,0.274532717847995
"KHM","Cambodia",2009,0.273107583399516
"KHM","Cambodia",2010,0.246289144232675
"KHM","Cambodia",2011,0.235114794579825
"KHM","Cambodia",2012,0.235050015741258
"KHM","Cambodia",2013,0.213025210628393
"KHM","Cambodia",2014,0.225203632279036
"KHM","Cambodia",2015,0.218207517713773
"KHM","Cambodia",2016,0.240523827600191
"KHM","Cambodia",2017,0.234240280259168
"KHM","Cambodia",2018,0.228734078980951
"KHM","Cambodia",2019,0.225498848340215
"KHM","Cambodia",2020,0.219151365635085
"KHM","Cambodia",2021,0.219151365635085
"KHM","Cambodia",2022,0.219151365635085
"CMR","Cameroon",1995,0.30031469559776
"CMR","Cameroon",1996,0.30031469559776
"CMR","Cameroon",1997,0.30031469559776
"CMR","Cameroon",1998,0.30031469559776
"CMR","Cameroon",1999,0.30031469559776
"CMR","Cameroon",2000,0.30031469559776
"CMR","Cameroon",2001,0.30031469559776
"CMR","Cameroon",2002,0.30031469559776
"CMR","Cameroon",2003,0.30031469559776
"CMR","Cameroon",2004,0.30031469559776
"CMR","Cameroon",2005,0.266014300576403
"CMR","Cameroon",2006,0.182611545921071
"CMR","Cameroon",2007,0.174935253550852
"CMR","Cameroon",2008,0.171987816396042
"CMR","Cameroon",2009,0.152683722503003
"CMR","Cameroon",2010,0.140991142141615
"CMR","Cameroon",2011,0.16346939912445
"CMR","Cameroon",2012,0.165024091250063
"CMR","Cameroon",2013,0.165639490216453
"CMR","Cameroon",2014,0.173607287360224
"CMR","Cameroon",2015,0.16016567835752
"CMR","Cameroon",2016,0.199777938141392
"CMR","Cameroon",2017,0.192943770672547
"CMR","Cameroon",2018,0.19359155905822
"CMR","Cameroon",2019,0.196725741458586
"CMR","Cameroon",2020,0.186254006031342
"CMR","Cameroon",2021,0.186254006031342
"CMR","Cameroon",2022,0.186254006031342
"CAN","Canada",1995,0.494845547815204
"CAN","Canada",1996,0.494845547815204
"CAN","Canada",1997,0.494845547815204
"CAN","Canada",1998,0.494845547815204
"CAN","Canada",1999,0.494845547815204
"CAN","Canada",2000,0.494845547815204
"CAN","Canada",2001,0.494845547815204
"CAN","Canada",2002,0.494845547815204
"CAN","Canada",2003,0.494845547815204
"CAN","Canada",2004,0.494845547815204
"CAN","Canada",2005,0.528109481419486
"CAN","Canada",2006,0.62288092224337
"CAN","Canada",2007,0.634443944927623
"CAN","Canada",2008,0.638395454080225
"CAN","Canada",2009,0.633828545961234
"CAN","Canada",2010,0.60474284744454
"CAN","Canada",2011,0.621164283021337
"CAN","Canada",2012,0.618540740059363
"CAN","Canada",2013,0.631075445322125
"CAN","Canada",2014,0.664954777892797
"CAN","Canada",2015,0.642346963232827
"CAN","Canada",2016,0.609083029628546
"CAN","Canada",2017,0.602443198675402
"CAN","Canada",2018,0.59026477702476
"CAN","Canada",2019,0.585178794722771
"CAN","Canada",2020,0.5767047442078
"CAN","Canada",2021,0.5767047442078
"CAN","Canada",2022,0.5767047442078
"CPV","Cape Verde",1995,0.43975114561376
"CPV","Cape Verde",1996,0.43975114561376
"CPV","Cape Verde",1997,0.43975114561376
"CPV","Cape Verde",1998,0.43975114561376
"CPV","Cape Verde",1999,0.43975114561376
"CPV","Cape Verde",2000,0.43975114561376
"CPV","Cape Verde",2001,0.43975114561376
"CPV","Cape Verde",2002,0.43975114561376
"CPV","Cape Verde",2003,0.43975114561376
"CPV","Cape Verde",2004,0.43975114561376
"CPV","Cape Verde",2005,0.500902369221242
"CPV","Cape Verde",2006,0.363117779588707
"CPV","Cape Verde",2007,0.36243760178375
"CPV","Cape Verde",2008,0.365255481261426
"CPV","Cape Verde",2009,0.359976005918195
"CPV","Cape Verde",2010,0.347927141944687
"CPV","Cape Verde",2011,0.383555503156673
"CPV","Cape Verde",2012,0.400657116538426
"CPV","Cape Verde",2013,0.412090581545545
"CPV","Cape Verde",2014,0.477614376756316
"CPV","Cape Verde",2015,0.46763843561696
"CPV","Cape Verde",2016,0.470812598706756
"CPV","Cape Verde",2017,0.463719315883642
"CPV","Cape Verde",2018,0.456075412932706
"CPV","Cape Verde",2019,0.446228017301132
"CPV","Cape Verde",2020,0.459438514301656
"CPV","Cape Verde",2021,0.459438514301656
"CPV","Cape Verde",2022,0.459438514301656
"CAF","Central African Republic",1995,0.279812193191226
"CAF","Central African Republic",1996,0.279812193191226
"CAF","Central African Republic",1997,0.279812193191226
"CAF","Central African Republic",1998,0.279812193191226
"CAF","Central African Republic",1999,0.279812193191226
"CAF","Central African Republic",2000,0.279812193191226
"CAF","Central African Republic",2001,0.279812193191226
"CAF","Central African Republic",2002,0.279812193191226
"CAF","Central African Republic",2003,0.279812193191226
"CAF","Central African Republic",2004,0.279812193191226
"CAF","Central African Republic",2005,0.250273042804561
"CAF","Central African Republic",2006,0.0990144547500381
"CAF","Central African Republic",2007,0.0969091424966022
"CAF","Central African Republic",2008,0.0882611675478755
"CAF","Central African Republic",2009,0.0757912411236794
"CAF","Central African Republic",2010,0.00855080669087638
"CAF","Central African Republic",2011,0
"CAF","Central African Republic",2012,0.0261706507811685
"CAF","Central African Republic",2013,0.0152878059018703
"CAF","Central African Republic",2014,0.0134092195834205
"CAF","Central African Republic",2015,0.00213770167271876
"CAF","Central African Republic",2016,0.0709004388118524
"CAF","Central African Republic",2017,0.0659124682421751
"CAF","Central African Republic",2018,0.0636775983116048
"CAF","Central African Republic",2019,0.0583377301970016
"CAF","Central African Republic",2020,0.0525057790821363
"CAF","Central African Republic",2021,0.0525057790821363
"CAF","Central African Republic",2022,0.0525057790821363
"TCD","Chad",1995,0.258338008206183
"TCD","Chad",1996,0.258338008206183
"TCD","Chad",1997,0.258338008206183
"TCD","Chad",1998,0.258338008206183
"TCD","Chad",1999,0.258338008206183
"TCD","Chad",2000,0.258338008206183
"TCD","Chad",2001,0.258338008206183
"TCD","Chad",2002,0.258338008206183
"TCD","Chad",2003,0.258338008206183
"TCD","Chad",2004,0.258338008206183
"TCD","Chad",2005,0.230547886460834
"TCD","Chad",2006,0.100245252682816
"TCD","Chad",2007,0.103063132160491
"TCD","Chad",2008,0.0968443636580351
"TCD","Chad",2009,0.0913057729605357
"TCD","Chad",2010,0.0517259025959478
"TCD","Chad",2011,0.0444382832571318
"TCD","Chad",2012,0.0458958071248953
"TCD","Chad",2013,0.0398065962995737
"TCD","Chad",2014,0.043142706485787
"TCD","Chad",2015,0.0405839423623806
"TCD","Chad",2016,0.108763669954409
"TCD","Chad",2017,0.106496410604556
"TCD","Chad",2018,0.101508440034877
"TCD","Chad",2019,0.103188978549999
"TCD","Chad",2020,0.105992181572061
"TCD","Chad",2021,0.105992181572061
"TCD","Chad",2022,0.105992181572061
"CHL","Chile",1995,0.403993226724639
"CHL","Chile",1996,0.403993226724639
"CHL","Chile",1997,0.403993226724639
"CHL","Chile",1998,0.403993226724639
"CHL","Chile",1999,0.403993226724639
"CHL","Chile",2000,0.403993226724639
"CHL","Chile",2001,0.403993226724639
"CHL","Chile",2002,0.403993226724639
"CHL","Chile",2003,0.403993226724639
"CHL","Chile",2004,0.403993226724639
"CHL","Chile",2005,0.416625100245253
"CHL","Chile",2006,0.468059498067648
"CHL","Chile",2007,0.493711918140277
"CHL","Chile",2008,0.490472976211915
"CHL","Chile",2009,0.479590131332617
"CHL","Chile",2010,0.490051913761228
"CHL","Chile",2011,0.498214047420701
"CHL","Chile",2012,0.53306506256988
"CHL","Chile",2013,0.545275873639806
"CHL","Chile",2014,0.578896090856208
"CHL","Chile",2015,0.573227942481573
"CHL","Chile",2016,0.54155109042219
"CHL","Chile",2017,0.537340465915319
"CHL","Chile",2018,0.543235340224938
"CHL","Chile",2019,0.539360924638027
"CHL","Chile",2020,0.544677344162628
"CHL","Chile",2021,0.544677344162628
"CHL","Chile",2022,0.544677344162628
"CHN","China",1995,0.445678409342663
"CHN","China",1996,0.445678409342663
"CHN","China",1997,0.445678409342663
"CHN","China",1998,0.445678409342663
"CHN","China",1999,0.445678409342663
"CHN","China",2000,0.445678409342663
"CHN","China",2001,0.445678409342663
"CHN","China",2002,0.445678409342663
"CHN","China",2003,0.445678409342663
"CHN","China",2004,0.445678409342663
"CHN","China",2005,0.506829632950144
"CHN","China",2006,0.713992358688202
"CHN","China",2007,0.721636261639137
"CHN","China",2008,0.727142462917354
"CHN","China",2009,0.729021049235804
"CHN","China",2010,0.79807529114849
"CHN","China",2011,0.797880954632789
"CHN","China",2012,0.802674588686764
"CHN","China",2013,0.812520972148987
"CHN","China",2014,0.352072987612991
"CHN","China",2015,0.378211248974875
"CHN","China",2016,0.366421500355636
"CHN","China",2017,0.369660442283998
"CHN","China",2018,0.380284171809027
"CHN","China",2019,0.574674838571134
"CHN","China",2020,0.594973894937793
"CHN","China",2021,0.594973894937793
"CHN","China",2022,0.594973894937793
"COL","Colombia",1995,0.378729479683413
"COL","Colombia",1996,0.378729479683413
"COL","Colombia",1997,0.378729479683413
"COL","Colombia",1998,0.378729479683413
"COL","Colombia",1999,0.378729479683413
"COL","Colombia",2000,0.378729479683413
"COL","Colombia",2001,0.378729479683413
"COL","Colombia",2002,0.378729479683413
"COL","Colombia",2003,0.378729479683413
"COL","Colombia",2004,0.378729479683413
"COL","Colombia",2005,0.380802402517565
"COL","Colombia",2006,0.307893819710128
"COL","Colombia",2007,0.305270276748154
"COL","Colombia",2008,0.329594730630156
"COL","Colombia",2009,0.373093720728062
"COL","Colombia",2010,0.386470550892199
"COL","Colombia",2011,0.389741882239845
"COL","Colombia",2012,0.393531444296029
"COL","Colombia",2013,0.389320819789158
"COL","Colombia",2014,0.430908834149331
"COL","Colombia",2015,0.418633244240837
"COL","Colombia",2016,0.402308976921891
"COL","Colombia",2017,0.398260299511438
"COL","Colombia",2018,0.391944362751131
"COL","Colombia",2019,0.386151380156341
"COL","Colombia",2020,0.38885792100523
"COL","Colombia",2021,0.38885792100523
"COL","Colombia",2022,0.38885792100523
"COM","Comoros",1995,0.448204784046787
"COM","Comoros",1996,0.448204784046787
"COM","Comoros",1997,0.448204784046787
"COM","Comoros",1998,0.448204784046787
"COM","Comoros",1999,0.448204784046787
"COM","Comoros",2000,0.448204784046787
"COM","Comoros",2001,0.448204784046787
"COM","Comoros",2002,0.448204784046787
"COM","Comoros",2003,0.448204784046787
"COM","Comoros",2004,0.448204784046787
"COM","Comoros",2005,0.509356007654268
"COM","Comoros",2006,0.35725529469837
"COM","Comoros",2007,0.356704674570549
"COM","Comoros",2008,0.34724696413973
"COM","Comoros",2009,0.337627306612495
"COM","Comoros",2010,0.325934726251107
"COM","Comoros",2011,0.323278793869849
"COM","Comoros",2012,0.317060025367393
"COM","Comoros",2013,0.334291196426282
"COM","Comoros",2014,0.356963789924818
"COM","Comoros",2015,0.346404839238356
"COM","Comoros",2016,0.368397254931937
"COM","Comoros",2017,0.365708933131396
"COM","Comoros",2018,0.362631938299452
"COM","Comoros",2019,0.355236691619476
"COM","Comoros",2020,0.35787879101958
"COM","Comoros",2021,0.35787879101958
"COM","Comoros",2022,0.35787879101958
"COG","Congo",1995,0.319068169362978
"COG","Congo",1996,0.319068169362978
"COG","Congo",1997,0.319068169362978
"COG","Congo",1998,0.319068169362978
"COG","Congo",1999,0.319068169362978
"COG","Congo",2000,0.319068169362978
"COG","Congo",2001,0.319068169362978
"COG","Congo",2002,0.319068169362978
"COG","Congo",2003,0.319068169362978
"COG","Congo",2004,0.319068169362978
"COG","Congo",2005,0.286678750079354
"COG","Congo",2006,0.17169631162249
"COG","Congo",2007,0.168878432144815
"COG","Congo",2008,0.164441081702958
"COG","Congo",2009,0.158870101586175
"COG","Congo",2010,0.110318362080023
"COG","Congo",2011,0.0948686090817337
"COG","Congo",2012,0.0811678847247612
"COG","Congo",2013,0.0864473600679917
"COG","Congo",2014,0.0991116230078894
"COG","Congo",2015,0.0922774555390442
"COG","Congo",2016,0.152165491794465
"COG","Congo",2017,0.14533132432562
"COG","Congo",2018,0.147857699029743
"COG","Congo",2019,0.141660523473476
"COG","Congo",2020,0.139405072766069
"COG","Congo",2021,0.139405072766069
"COG","Congo",2022,0.139405072766069
"COD","Congo, the Democratic Republic o",1995,0.314154231751662
"COD","Congo, the Democratic Republic o",1996,0.314154231751662
"COD","Congo, the Democratic Republic o",1997,0.314154231751662
"COD","Congo, the Democratic Republic o",1998,0.314154231751662
"COD","Congo, the Democratic Republic o",1999,0.314154231751662
"COD","Congo, the Democratic Republic o",2000,0.314154231751662
"COD","Congo, the Democratic Republic o",2001,0.314154231751662
"COD","Congo, the Democratic Republic o",2002,0.314154231751662
"COD","Congo, the Democratic Republic o",2003,0.314154231751662
"COD","Congo, the Democratic Republic o",2004,0.314154231751662
"COD","Congo, the Democratic Republic o",2005,0.27343610465225
"COD","Congo, the Democratic Republic o",2006,0.147987256706878
"COD","Congo, the Democratic Republic o",2007,0.144174559351205
"COD","Congo, the Democratic Republic o",2008,0.140472911433077
"COD","Congo, the Democratic Republic o",2009,0.138992252265825
"COD","Congo, the Democratic Republic o",2010,0.0859106211198633
"COD","Congo, the Democratic Republic o",2011,0.123667429884773
"COD","Congo, the Democratic Republic o",2012,0.124185660593311
"COD","Congo, the Democratic Republic o",2013,0.129664099512141
"COD","Congo, the Democratic Republic o",2014,0.125666319760563
"COD","Congo, the Democratic Republic o",2015,0.151022607999743
"COD","Congo, the Democratic Republic o",2016,0.241787014952251
"COD","Congo, the Democratic Republic o",2017,0.230978203031317
"COD","Congo, the Democratic Republic o",2018,0.243156624681959
"COD","Congo, the Democratic Republic o",2019,0.236591983452153
"COD","Congo, the Democratic Republic o",2020,0.233977501815812
"COD","Congo, the Democratic Republic o",2021,0.233977501815812
"COD","Congo, the Democratic Republic o",2022,0.233977501815812
"CRI","Costa Rica",1995,0.370470177766089
"CRI","Costa Rica",1996,0.370470177766089
"CRI","Costa Rica",1997,0.370470177766089
"CRI","Costa Rica",1998,0.370470177766089
"CRI","Costa Rica",1999,0.370470177766089
"CRI","Costa Rica",2000,0.370470177766089
"CRI","Costa Rica",2001,0.370470177766089
"CRI","Costa Rica",2002,0.370470177766089
"CRI","Costa Rica",2003,0.370470177766089
"CRI","Costa Rica",2004,0.370470177766089
"CRI","Costa Rica",2005,0.374616023434393
"CRI","Costa Rica",2006,0.310906035703505
"CRI","Costa Rica",2007,0.306403906423081
"CRI","Costa Rica",2008,0.328072427923826
"CRI","Costa Rica",2009,0.330728360305082
"CRI","Costa Rica",2010,0.342453330085755
"CRI","Costa Rica",2011,0.338177926740316
"CRI","Costa Rica",2012,0.357741135987625
"CRI","Costa Rica",2013,0.391911973331848
"CRI","Costa Rica",2014,0.452221072037955
"CRI","Costa Rica",2015,0.463751705302926
"CRI","Costa Rica",2016,0.450860716428043
"CRI","Costa Rica",2017,0.448820183013175
"CRI","Costa Rica",2018,0.45422921603354
"CRI","Costa Rica",2019,0.437446773387644
"CRI","Costa Rica",2020,0.42761945244823
"CRI","Costa Rica",2021,0.42761945244823
"CRI","Costa Rica",2022,0.42761945244823
"CIV","Cote d'Ivoire",1995,0.314695597759689
"CIV","Cote d'Ivoire",1996,0.314695597759689
"CIV","Cote d'Ivoire",1997,0.314695597759689
"CIV","Cote d'Ivoire",1998,0.314695597759689
"CIV","Cote d'Ivoire",1999,0.314695597759689
"CIV","Cote d'Ivoire",2000,0.314695597759689
"CIV","Cote d'Ivoire",2001,0.314695597759689
"CIV","Cote d'Ivoire",2002,0.314695597759689
"CIV","Cote d'Ivoire",2003,0.314695597759689
"CIV","Cote d'Ivoire",2004,0.314695597759689
"CIV","Cote d'Ivoire",2005,0.269577136697601
"CIV","Cote d'Ivoire",2006,0.131177148098677
"CIV","Cote d'Ivoire",2007,0.171242859752519
"CIV","Cote d'Ivoire",2008,0.165671879635736
"CIV","Cote d'Ivoire",2009,0.15355823682366
"CIV","Cote d'Ivoire",2010,0.113848808781938
"CIV","Cote d'Ivoire",2011,0.107532872021632
"CIV","Cote d'Ivoire",2012,0.111354823497099
"CIV","Cote d'Ivoire",2013,0.1170877507103
"CIV","Cote d'Ivoire",2014,0.186692612750807
"CIV","Cote d'Ivoire",2015,0.224393896796945
"CIV","Cote d'Ivoire",2016,0.275990241715759
"CIV","Cote d'Ivoire",2017,0.268994127150496
"CIV","Cote d'Ivoire",2018,0.27994175086836
"CIV","Cote d'Ivoire",2019,0.310271574214309
"CIV","Cote d'Ivoire",2020,0.323127643246526
"CIV","Cote d'Ivoire",2021,0.323127643246526
"CIV","Cote d'Ivoire",2022,0.323127643246526
"HRV","Croatia",1995,0.424204224357621
"HRV","Croatia",1996,0.424204224357621
"HRV","Croatia",1997,0.424204224357621
"HRV","Croatia",1998,0.424204224357621
"HRV","Croatia",1999,0.424204224357621
"HRV","Croatia",2000,0.424204224357621
"HRV","Croatia",2001,0.424204224357621
"HRV","Croatia",2002,0.424204224357621
"HRV","Croatia",2003,0.424204224357621
"HRV","Croatia",2004,0.424204224357621
"HRV","Croatia",2005,0.407426505168704
"HRV","Croatia",2006,0.371830533376001
"HRV","Croatia",2007,0.382842935932433
"HRV","Croatia",2008,0.391264184946176
"HRV","Croatia",2009,0.386470550892199
"HRV","Croatia",2010,0.401725967374786
"HRV","Croatia",2011,0.395733924807315
"HRV","Croatia",2012,0.394859410486658
"HRV","Croatia",2013,0.397094280417228
"HRV","Croatia",2014,0.428285291187357
"HRV","Croatia",2015,0.449694697333833
"HRV","Croatia",2016,0.443119645219257
"HRV","Croatia",2017,0.441888847286479
"HRV","Croatia",2018,0.43680370845895
"HRV","Croatia",2019,0.42761945244823
"HRV","Croatia",2020,0.441023273795102
"HRV","Croatia",2021,0.441023273795102
"HRV","Croatia",2022,0.441023273795102
"CUB","Cuba",1995,NA
"CUB","Cuba",1996,NA
"CUB","Cuba",1997,NA
"CUB","Cuba",1998,NA
"CUB","Cuba",1999,NA
"CUB","Cuba",2000,NA
"CUB","Cuba",2001,NA
"CUB","Cuba",2002,NA
"CUB","Cuba",2003,NA
"CUB","Cuba",2004,NA
"CUB","Cuba",2005,NA
"CUB","Cuba",2006,NA
"CUB","Cuba",2007,NA
"CUB","Cuba",2008,NA
"CUB","Cuba",2009,NA
"CUB","Cuba",2010,NA
"CUB","Cuba",2011,NA
"CUB","Cuba",2012,NA
"CUB","Cuba",2013,NA
"CUB","Cuba",2014,NA
"CUB","Cuba",2015,NA
"CUB","Cuba",2016,NA
"CUB","Cuba",2017,NA
"CUB","Cuba",2018,NA
"CUB","Cuba",2019,NA
"CUB","Cuba",2020,NA
"CUB","Cuba",2021,NA
"CUB","Cuba",2022,NA
"CYP","Cyprus",1995,0.504076532311037
"CYP","Cyprus",1996,0.504076532311037
"CYP","Cyprus",1997,0.504076532311037
"CYP","Cyprus",1998,0.504076532311037
"CYP","Cyprus",1999,0.504076532311037
"CYP","Cyprus",2000,0.504076532311037
"CYP","Cyprus",2001,0.504076532311037
"CYP","Cyprus",2002,0.504076532311037
"CYP","Cyprus",2003,0.504076532311037
"CYP","Cyprus",2004,0.504076532311037
"CYP","Cyprus",2005,0.565227755918519
"CYP","Cyprus",2006,0.772390481656577
"CYP","Cyprus",2007,0.780034384607512
"CYP","Cyprus",2008,0.785540585885727
"CYP","Cyprus",2009,0.515024156028902
"CYP","Cyprus",2010,0.497598648454313
"CYP","Cyprus",2011,0.4906997021469
"CYP","Cyprus",2012,0.489015452344152
"CYP","Cyprus",2013,0.512562560163347
"CYP","Cyprus",2014,0.539542946426605
"CYP","Cyprus",2015,0.52904877457871
"CYP","Cyprus",2016,0.49882944638709
"CYP","Cyprus",2017,0.505436887920949
"CYP","Cyprus",2018,0.502619008443274
"CYP","Cyprus",2019,0.497280658582699
"CYP","Cyprus",2020,0.506656889380633
"CYP","Cyprus",2021,0.506656889380633
"CYP","Cyprus",2022,0.506656889380633
"CZE","Czech Republic",1995,0.349093161038897
"CZE","Czech Republic",1996,0.349093161038897
"CZE","Czech Republic",1997,0.349093161038897
"CZE","Czech Republic",1998,0.349093161038897
"CZE","Czech Republic",1999,0.349093161038897
"CZE","Czech Republic",2000,0.349093161038897
"CZE","Czech Republic",2001,0.349093161038897
"CZE","Czech Republic",2002,0.349093161038897
"CZE","Czech Republic",2003,0.349093161038897
"CZE","Czech Republic",2004,0.349093161038897
"CZE","Czech Republic",2005,0.340769080283006
"CZE","Czech Republic",2006,0.351004136776631
"CZE","Czech Republic",2007,0.360947688496704
"CZE","Czech Republic",2008,0.356413169796996
"CZE","Czech Republic",2009,0.335521994359059
"CZE","Czech Republic",2010,0.360882909658137
"CZE","Czech Republic",2011,0.394146843262418
"CZE","Czech Republic",2012,0.407264558072285
"CZE","Czech Republic",2013,0.433953439561992
"CZE","Czech Republic",2014,0.481630664747486
"CZE","Czech Republic",2015,0.489695630149108
"CZE","Czech Republic",2016,0.478197386303422
"CZE","Czech Republic",2017,0.480205530299006
"CZE","Czech Republic",2018,0.482991020357398
"CZE","Czech Republic",2019,0.472051831384138
"CZE","Czech Republic",2020,0.461998965373984
"CZE","Czech Republic",2021,0.461998965373984
"CZE","Czech Republic",2022,0.461998965373984
"DNK","Denmark",1995,0.48988996666481
"DNK","Denmark",1996,0.48988996666481
"DNK","Denmark",1997,0.48988996666481
"DNK","Denmark",1998,0.48988996666481
"DNK","Denmark",1999,0.48988996666481
"DNK","Denmark",2000,0.48988996666481
"DNK","Denmark",2001,0.48988996666481
"DNK","Denmark",2002,0.48988996666481
"DNK","Denmark",2003,0.48988996666481
"DNK","Denmark",2004,0.48988996666481
"DNK","Denmark",2005,0.504659541858143
"DNK","Denmark",2006,0.664080263572138
"DNK","Denmark",2007,0.678590723411202
"DNK","Denmark",2008,0.68652613113569
"DNK","Denmark",2009,0.681538160566012
"DNK","Denmark",2010,0.712599613659007
"DNK","Denmark",2011,0.729960342395029
"DNK","Denmark",2012,0.750041782350876
"DNK","Denmark",2013,0.772001808625173
"DNK","Denmark",2014,0.799306089081268
"DNK","Denmark",2015,0.803160429976019
"DNK","Denmark",2016,0.750560013059414
"DNK","Denmark",2017,0.751499306218639
"DNK","Denmark",2018,0.745021422361915
"DNK","Denmark",2019,0.737679483267841
"DNK","Denmark",2020,0.741320425124084
"DNK","Denmark",2021,0.741320425124084
"DNK","Denmark",2022,0.741320425124084
"DJI","Djibouti",1995,0.42964564679727
"DJI","Djibouti",1996,0.42964564679727
"DJI","Djibouti",1997,0.42964564679727
"DJI","Djibouti",1998,0.42964564679727
"DJI","Djibouti",1999,0.42964564679727
"DJI","Djibouti",2000,0.42964564679727
"DJI","Djibouti",2001,0.42964564679727
"DJI","Djibouti",2002,0.42964564679727
"DJI","Djibouti",2003,0.42964564679727
"DJI","Djibouti",2004,0.42964564679727
"DJI","Djibouti",2005,0.490796870404752
"DJI","Djibouti",2006,0.33124659101362
"DJI","Djibouti",2007,0.330598802627948
"DJI","Djibouti",2008,0.339765008285214
"DJI","Djibouti",2009,0.346761122850476
"DJI","Djibouti",2010,0.305658949779558
"DJI","Djibouti",2011,0.286613971240787
"DJI","Djibouti",2012,0.288168663366402
"DJI","Djibouti",2013,0.291051321682643
"DJI","Djibouti",2014,0.351943429935857
"DJI","Djibouti",2015,0.36726362525701
"DJI","Djibouti",2016,0.348056699621821
"DJI","Djibouti",2017,0.380284171809027
"DJI","Djibouti",2018,0.38138541206467
"DJI","Djibouti",2019,0.407062630286439
"DJI","Djibouti",2020,0.40709485101083
"DJI","Djibouti",2021,0.40709485101083
"DJI","Djibouti",2022,0.40709485101083
"DMA","Dominica",1995,0.503396354506081
"DMA","Dominica",1996,0.503396354506081
"DMA","Dominica",1997,0.503396354506081
"DMA","Dominica",1998,0.503396354506081
"DMA","Dominica",1999,0.503396354506081
"DMA","Dominica",2000,0.503396354506081
"DMA","Dominica",2001,0.503396354506081
"DMA","Dominica",2002,0.503396354506081
"DMA","Dominica",2003,0.503396354506081
"DMA","Dominica",2004,0.503396354506081
"DMA","Dominica",2005,0.564547578113562
"DMA","Dominica",2006,0.440236986903014
"DMA","Dominica",2007,0.438455568842415
"DMA","Dominica",2008,0.446099471793351
"DMA","Dominica",2009,0.445192568053409
"DMA","Dominica",2010,0.43822884290743
"DMA","Dominica",2011,0.431038391826465
"DMA","Dominica",2012,0.426018031837504
"DMA","Dominica",2013,0.435896804719009
"DMA","Dominica",2014,0.45879612415253
"DMA","Dominica",2015,0.453484259390017
"DMA","Dominica",2016,0.444447611409886
"DMA","Dominica",2017,0.439556809098059
"DMA","Dominica",2018,0.437775391037459
"DMA","Dominica",2019,0.407900369120618
"DMA","Dominica",2020,0.39691310210311
"DMA","Dominica",2021,0.39691310210311
"DMA","Dominica",2022,0.39691310210311
"DOM","Dominican Republic",1995,0.341805541700082
"DOM","Dominican Republic",1996,0.341805541700082
"DOM","Dominican Republic",1997,0.341805541700082
"DOM","Dominican Republic",1998,0.341805541700082
"DOM","Dominican Republic",1999,0.341805541700082
"DOM","Dominican Republic",2000,0.341805541700082
"DOM","Dominican Republic",2001,0.341805541700082
"DOM","Dominican Republic",2002,0.341805541700082
"DOM","Dominican Republic",2003,0.341805541700082
"DOM","Dominican Republic",2004,0.341805541700082
"DOM","Dominican Republic",2005,0.317610645495215
"DOM","Dominican Republic",2006,0.30737558900159
"DOM","Dominican Republic",2007,0.317221972463812
"DOM","Dominican Republic",2008,0.351813872258722
"DOM","Dominican Republic",2009,0.400203664668455
"DOM","Dominican Republic",2010,0.371765754537434
"DOM","Dominican Republic",2011,0.347117406462596
"DOM","Dominican Republic",2012,0.346890680527611
"DOM","Dominican Republic",2013,0.337983590224614
"DOM","Dominican Republic",2014,0.357514410052639
"DOM","Dominican Republic",2015,0.358745207985417
"DOM","Dominican Republic",2016,0.317578256075931
"DOM","Dominican Republic",2017,0.299440181277102
"DOM","Dominican Republic",2018,0.28700264427219
"DOM","Dominican Republic",2019,0.287878170762201
"DOM","Dominican Republic",2020,0.288490364525639
"DOM","Dominican Republic",2021,0.288490364525639
"DOM","Dominican Republic",2022,0.288490364525639
"ECU","Ecuador",1995,0.345206430724863
"ECU","Ecuador",1996,0.345206430724863
"ECU","Ecuador",1997,0.345206430724863
"ECU","Ecuador",1998,0.345206430724863
"ECU","Ecuador",1999,0.345206430724863
"ECU","Ecuador",2000,0.345206430724863
"ECU","Ecuador",2001,0.345206430724863
"ECU","Ecuador",2002,0.345206430724863
"ECU","Ecuador",2003,0.345206430724863
"ECU","Ecuador",2004,0.345206430724863
"ECU","Ecuador",2005,0.330469244950813
"ECU","Ecuador",2006,0.337335801838942
"ECU","Ecuador",2007,0.347700416009702
"ECU","Ecuador",2008,0.342971560794292
"ECU","Ecuador",2009,0.349805728263136
"ECU","Ecuador",2010,0.314987102533241
"ECU","Ecuador",2011,0.31524621788751
"ECU","Ecuador",2012,0.315343386145362
"ECU","Ecuador",2013,0.302776291463315
"ECU","Ecuador",2014,0.323829413997671
"ECU","Ecuador",2015,0.319813126006501
"ECU","Ecuador",2016,0.346696344011909
"ECU","Ecuador",2017,0.341643594603664
"ECU","Ecuador",2018,0.338501820933152
"ECU","Ecuador",2019,0.334598221129907
"ECU","Ecuador",2020,0.332600536217633
"ECU","Ecuador",2021,0.332600536217633
"ECU","Ecuador",2022,0.332600536217633
"EGY","Egypt",1995,0.314112588212584
"EGY","Egypt",1996,0.314112588212584
"EGY","Egypt",1997,0.314112588212584
"EGY","Egypt",1998,0.314112588212584
"EGY","Egypt",1999,0.314112588212584
"EGY","Egypt",2000,0.314112588212584
"EGY","Egypt",2001,0.314112588212584
"EGY","Egypt",2002,0.314112588212584
"EGY","Egypt",2003,0.314112588212584
"EGY","Egypt",2004,0.314112588212584
"EGY","Egypt",2005,0.265981911157119
"EGY","Egypt",2006,0.164700197057227
"EGY","Egypt",2007,0.178174195479215
"EGY","Egypt",2008,0.241787014952251
"EGY","Egypt",2009,0.257074820854122
"EGY","Egypt",2010,0.284379101310216
"EGY","Egypt",2011,0.298565666956444
"EGY","Egypt",2012,0.304687267201049
"EGY","Egypt",2013,0.310484973252818
"EGY","Egypt",2014,0.334971374231237
"EGY","Egypt",2015,0.324606760060478
"EGY","Egypt",2016,0.309740016609294
"EGY","Egypt",2017,0.308444439837949
"EGY","Egypt",2018,0.2954886721245
"EGY","Egypt",2019,0.301281992109074
"EGY","Egypt",2020,0.305502907004363
"EGY","Egypt",2021,0.305502907004363
"EGY","Egypt",2022,0.305502907004363
"SLV","El Salvador",1995,0.344817757693459
"SLV","El Salvador",1996,0.344817757693459
"SLV","El Salvador",1997,0.344817757693459
"SLV","El Salvador",1998,0.344817757693459
"SLV","El Salvador",1999,0.344817757693459
"SLV","El Salvador",2000,0.344817757693459
"SLV","El Salvador",2001,0.344817757693459
"SLV","El Salvador",2002,0.344817757693459
"SLV","El Salvador",2003,0.344817757693459
"SLV","El Salvador",2004,0.344817757693459
"SLV","El Salvador",2005,0.334777037715535
"SLV","El Salvador",2006,0.356575116893415
"SLV","El Salvador",2007,0.349870507101704
"SLV","El Salvador",2008,0.369433716349013
"SLV","El Salvador",2009,0.388899757338471
"SLV","El Salvador",2010,0.378988595037682
"SLV","El Salvador",2011,0.35385440567359
"SLV","El Salvador",2012,0.349935285940271
"SLV","El Salvador",2013,0.347052627624028
"SLV","El Salvador",2014,0.363344505523692
"SLV","El Salvador",2015,0.355214761283503
"SLV","El Salvador",2016,0.340121291897333
"SLV","El Salvador",2017,0.340574743767305
"SLV","El Salvador",2018,0.353595290319321
"SLV","El Salvador",2019,0.347744276681648
"SLV","El Salvador",2020,0.340720158764297
"SLV","El Salvador",2021,0.340720158764297
"SLV","El Salvador",2022,0.340720158764297
"GNQ","Equatorial Guinea",1995,0.430422992860077
"GNQ","Equatorial Guinea",1996,0.430422992860077
"GNQ","Equatorial Guinea",1997,0.430422992860077
"GNQ","Equatorial Guinea",1998,0.430422992860077
"GNQ","Equatorial Guinea",1999,0.430422992860077
"GNQ","Equatorial Guinea",2000,0.430422992860077
"GNQ","Equatorial Guinea",2001,0.430422992860077
"GNQ","Equatorial Guinea",2002,0.430422992860077
"GNQ","Equatorial Guinea",2003,0.430422992860077
"GNQ","Equatorial Guinea",2004,0.430422992860077
"GNQ","Equatorial Guinea",2005,0.491574216467558
"GNQ","Equatorial Guinea",2006,0.329821456565141
"GNQ","Equatorial Guinea",2007,0.330890307401501
"GNQ","Equatorial Guinea",2008,0.324412423544776
"GNQ","Equatorial Guinea",2009,0.320396135553606
"GNQ","Equatorial Guinea",2010,0.307343199582306
"GNQ","Equatorial Guinea",2011,0.289496629557029
"GNQ","Equatorial Guinea",2012,0.291342826456196
"GNQ","Equatorial Guinea",2013,0.30326213275257
"GNQ","Equatorial Guinea",2014,0.320558082650025
"GNQ","Equatorial Guinea",2015,0.308379660999382
"GNQ","Equatorial Guinea",2016,0.327813312569557
"GNQ","Equatorial Guinea",2017,0.30173983004624
"GNQ","Equatorial Guinea",2018,0.302873459721165
"GNQ","Equatorial Guinea",2019,0.29794824365135
"GNQ","Equatorial Guinea",2020,0.29095634645839
"GNQ","Equatorial Guinea",2021,0.29095634645839
"GNQ","Equatorial Guinea",2022,0.29095634645839
"ERI","Eritrea",1995,0.421969354427051
"ERI","Eritrea",1996,0.421969354427051
"ERI","Eritrea",1997,0.421969354427051
"ERI","Eritrea",1998,0.421969354427051
"ERI","Eritrea",1999,0.421969354427051
"ERI","Eritrea",2000,0.421969354427051
"ERI","Eritrea",2001,0.421969354427051
"ERI","Eritrea",2002,0.421969354427051
"ERI","Eritrea",2003,0.421969354427051
"ERI","Eritrea",2004,0.421969354427051
"ERI","Eritrea",2005,0.341060585056558
"ERI","Eritrea",2006,0.272686520948828
"ERI","Eritrea",2007,0.272297847917425
"ERI","Eritrea",2008,0.266597310123508
"ERI","Eritrea",2009,0.265301733352162
"ERI","Eritrea",2010,0.251924903188026
"ERI","Eritrea",2011,0.248847908356081
"ERI","Eritrea",2012,0.243924716624971
"ERI","Eritrea",2013,0.24855640358253
"ERI","Eritrea",2014,0.262969695163741
"ERI","Eritrea",2015,0.260119426266783
"ERI","Eritrea",2016,0.313918251696882
"ERI","Eritrea",2017,0.310452583833535
"ERI","Eritrea",2018,0.30692213713162
"ERI","Eritrea",2019,0.304486182889663
"ERI","Eritrea",2020,0.301811862765167
"ERI","Eritrea",2021,0.301811862765167
"ERI","Eritrea",2022,0.301811862765167
"EST","Estonia",1995,0.450342485719505
"EST","Estonia",1996,0.450342485719505
"EST","Estonia",1997,0.450342485719505
"EST","Estonia",1998,0.450342485719505
"EST","Estonia",1999,0.450342485719505
"EST","Estonia",2000,0.450342485719505
"EST","Estonia",2001,0.450342485719505
"EST","Estonia",2002,0.450342485719505
"EST","Estonia",2003,0.450342485719505
"EST","Estonia",2004,0.450342485719505
"EST","Estonia",2005,0.475962516372852
"EST","Estonia",2006,0.626735263138121
"EST","Estonia",2007,0.638103949306672
"EST","Estonia",2008,0.665019556731364
"EST","Estonia",2009,0.66006397558097
"EST","Estonia",2010,0.674671603677883
"EST","Estonia",2011,0.669165402399667
"EST","Estonia",2012,0.666347522921992
"EST","Estonia",2013,0.677780987929111
"EST","Estonia",2014,0.712210940627604
"EST","Estonia",2015,0.722672723056214
"EST","Estonia",2016,0.668809118787548
"EST","Estonia",2017,0.668614782271846
"EST","Estonia",2018,0.665602566278469
"EST","Estonia",2019,0.66034974472819
"EST","Estonia",2020,0.648846946120417
"EST","Estonia",2021,0.648846946120417
"EST","Estonia",2022,0.648846946120417
"ETH","Ethiopia",1995,0.36833247609337
"ETH","Ethiopia",1996,0.36833247609337
"ETH","Ethiopia",1997,0.36833247609337
"ETH","Ethiopia",1998,0.36833247609337
"ETH","Ethiopia",1999,0.36833247609337
"ETH","Ethiopia",2000,0.36833247609337
"ETH","Ethiopia",2001,0.36833247609337
"ETH","Ethiopia",2002,0.36833247609337
"ETH","Ethiopia",2003,0.36833247609337
"ETH","Ethiopia",2004,0.36833247609337
"ETH","Ethiopia",2005,0.349319886973883
"ETH","Ethiopia",2006,0.324768707156895
"ETH","Ethiopia",2007,0.33409685991058
"ETH","Ethiopia",2008,0.330631192047232
"ETH","Ethiopia",2009,0.328720216309498
"ETH","Ethiopia",2010,0.332704114881384
"ETH","Ethiopia",2011,0.333902523394878
"ETH","Ethiopia",2012,0.3140801987933
"ETH","Ethiopia",2013,0.301221599337702
"ETH","Ethiopia",2014,0.296654691218711
"ETH","Ethiopia",2015,0.29335097045178
"ETH","Ethiopia",2016,0.34348979150283
"ETH","Ethiopia",2017,0.334971374231237
"ETH","Ethiopia",2018,0.357579188891206
"ETH","Ethiopia",2019,0.35309291693064
"ETH","Ethiopia",2020,0.33591927082996
"ETH","Ethiopia",2021,0.33591927082996
"ETH","Ethiopia",2022,0.33591927082996
"FJI","Fiji",1995,0.38834913721065
"FJI","Fiji",1996,0.38834913721065
"FJI","Fiji",1997,0.38834913721065
"FJI","Fiji",1998,0.38834913721065
"FJI","Fiji",1999,0.38834913721065
"FJI","Fiji",2000,0.38834913721065
"FJI","Fiji",2001,0.38834913721065
"FJI","Fiji",2002,0.38834913721065
"FJI","Fiji",2003,0.38834913721065
"FJI","Fiji",2004,0.38834913721065
"FJI","Fiji",2005,0.402956765307564
"FJI","Fiji",2006,0.488011380346359
"FJI","Fiji",2007,0.489306957117705
"FJI","Fiji",2008,0.485258279707252
"FJI","Fiji",2009,0.469031180646156
"FJI","Fiji",2010,0.4535166488093
"FJI","Fiji",2011,0.452933639262195
"FJI","Fiji",2012,0.444350443152035
"FJI","Fiji",2013,0.436285477750412
"FJI","Fiji",2014,0.455362845708467
"FJI","Fiji",2015,0.44859345707819
"FJI","Fiji",2016,0.44762177449968
"FJI","Fiji",2017,0.441759289609345
"FJI","Fiji",2018,0.437613443941041
"FJI","Fiji",2019,0.430261551848334
"FJI","Fiji",2020,0.425170677394475
"FJI","Fiji",2021,0.425170677394475
"FJI","Fiji",2022,0.425170677394475
"FIN","Finland",1995,0.510781142102747
"FIN","Finland",1996,0.510781142102747
"FIN","Finland",1997,0.510781142102747
"FIN","Finland",1998,0.510781142102747
"FIN","Finland",1999,0.510781142102747
"FIN","Finland",2000,0.510781142102747
"FIN","Finland",2001,0.510781142102747
"FIN","Finland",2002,0.510781142102747
"FIN","Finland",2003,0.510781142102747
"FIN","Finland",2004,0.510781142102747
"FIN","Finland",2005,0.54896826743814
"FIN","Finland",2006,0.64639564064328
"FIN","Finland",2007,0.654298658948484
"FIN","Finland",2008,0.664339378926407
"FIN","Finland",2009,0.654784500237738
"FIN","Finland",2010,0.685781174492166
"FIN","Finland",2011,0.688437106873423
"FIN","Finland",2012,0.713862801011068
"FIN","Finland",2013,0.72924777517079
"FIN","Finland",2014,0.762900381806475
"FIN","Finland",2015,0.724680867051799
"FIN","Finland",2016,0.671853724200208
"FIN","Finland",2017,0.669262570657518
"FIN","Finland",2018,0.661715835964434
"FIN","Finland",2019,0.652874536669357
"FIN","Finland",2020,0.653647834054754
"FIN","Finland",2021,0.653647834054754
"FIN","Finland",2022,0.653647834054754
"FRA","France",1995,0.464529051365733
"FRA","France",1996,0.464529051365733
"FRA","France",1997,0.464529051365733
"FRA","France",1998,0.464529051365733
"FRA","France",1999,0.464529051365733
"FRA","France",2000,0.464529051365733
"FRA","France",2001,0.464529051365733
"FRA","France",2002,0.464529051365733
"FRA","France",2003,0.464529051365733
"FRA","France",2004,0.464529051365733
"FRA","France",2005,0.459120018345368
"FRA","France",2006,0.491282711694005
"FRA","France",2007,0.53011762541507
"FRA","France",2008,0.537955864881707
"FRA","France",2009,0.549292161630976
"FRA","France",2010,0.567009173979119
"FRA","France",2011,0.567462625849089
"FRA","France",2012,0.565162977079952
"FRA","France",2013,0.565616428949922
"FRA","France",2014,0.597811511717844
"FRA","France",2015,0.609439313240665
"FRA","France",2016,0.574588298091486
"FRA","France",2017,0.569438380425389
"FRA","France",2018,0.561924035151589
"FRA","France",2019,0.582987785464147
"FRA","France",2020,0.572226063517379
"FRA","France",2021,0.572226063517379
"FRA","France",2022,0.572226063517379
"GAB","Gabon",1995,0.456658422479812
"GAB","Gabon",1996,0.456658422479812
"GAB","Gabon",1997,0.456658422479812
"GAB","Gabon",1998,0.456658422479812
"GAB","Gabon",1999,0.456658422479812
"GAB","Gabon",2000,0.456658422479812
"GAB","Gabon",2001,0.456658422479812
"GAB","Gabon",2002,0.456658422479812
"GAB","Gabon",2003,0.456658422479812
"GAB","Gabon",2004,0.456658422479812
"GAB","Gabon",2005,0.517809646087293
"GAB","Gabon",2006,0.280978212285437
"GAB","Gabon",2007,0.276994313713551
"GAB","Gabon",2008,0.262289517358786
"GAB","Gabon",2009,0.242564361015058
"GAB","Gabon",2010,0.204280067421815
"GAB","Gabon",2011,0.19181014099762
"GAB","Gabon",2012,0.192295982286875
"GAB","Gabon",2013,0.182935440113907
"GAB","Gabon",2014,0.211438129083497
"GAB","Gabon",2015,0.197316342275836
"GAB","Gabon",2016,0.210952287794242
"GAB","Gabon",2017,0.204085730906113
"GAB","Gabon",2018,0.204377235679667
"GAB","Gabon",2019,0.185545150094728
"GAB","Gabon",2020,0.187832821526526
"GAB","Gabon",2021,0.187832821526526
"GAB","Gabon",2022,0.187832821526526
"GMB","Gambia",1995,0.475703401018583
"GMB","Gambia",1996,0.475703401018583
"GMB","Gambia",1997,0.475703401018583
"GMB","Gambia",1998,0.475703401018583
"GMB","Gambia",1999,0.475703401018583
"GMB","Gambia",2000,0.475703401018583
"GMB","Gambia",2001,0.475703401018583
"GMB","Gambia",2002,0.475703401018583
"GMB","Gambia",2003,0.475703401018583
"GMB","Gambia",2004,0.475703401018583
"GMB","Gambia",2005,0.536854624626064
"GMB","Gambia",2006,0.332153494753562
"GMB","Gambia",2007,0.331376148690755
"GMB","Gambia",2008,0.319683568329367
"GMB","Gambia",2009,0.314177367051151
"GMB","Gambia",2010,0.284217154213799
"GMB","Gambia",2011,0.280978212285437
"GMB","Gambia",2012,0.277221039648536
"GMB","Gambia",2013,0.28405520711738
"GMB","Gambia",2014,0.299699296631371
"GMB","Gambia",2015,0.304460541266063
"GMB","Gambia",2016,0.292508845550406
"GMB","Gambia",2017,0.284864942599471
"GMB","Gambia",2018,0.278549005839165
"GMB","Gambia",2019,0.269480137134642
"GMB","Gambia",2020,0.301056447038334
"GMB","Gambia",2021,0.301056447038334
"GMB","Gambia",2022,0.301056447038334
"GEO","Georgia",1995,0.41623642721385
"GEO","Georgia",1996,0.41623642721385
"GEO","Georgia",1997,0.41623642721385
"GEO","Georgia",1998,0.41623642721385
"GEO","Georgia",1999,0.41623642721385
"GEO","Georgia",2000,0.41623642721385
"GEO","Georgia",2001,0.41623642721385
"GEO","Georgia",2002,0.41623642721385
"GEO","Georgia",2003,0.41623642721385
"GEO","Georgia",2004,0.41623642721385
"GEO","Georgia",2005,0.415459081151043
"GEO","Georgia",2006,0.355020424767801
"GEO","Georgia",2007,0.502262724831154
"GEO","Georgia",2008,0.536368783336809
"GEO","Georgia",2009,0.568272361331179
"GEO","Georgia",2010,0.62485667681967
"GEO","Georgia",2011,0.630006594485767
"GEO","Georgia",2012,0.658574062293922
"GEO","Georgia",2013,0.691773217059636
"GEO","Georgia",2014,0.747515407646753
"GEO","Georgia",2015,0.741976816949253
"GEO","Georgia",2016,0.717134132358714
"GEO","Georgia",2017,0.728081756076579
"GEO","Georgia",2018,0.732454327679868
"GEO","Georgia",2019,0.738581663550805
"GEO","Georgia",2020,0.736680640811705
"GEO","Georgia",2021,0.736680640811705
"GEO","Georgia",2022,0.736680640811705
"DEU","Germany",1995,0.48435137596731
"DEU","Germany",1996,0.48435137596731
"DEU","Germany",1997,0.48435137596731
"DEU","Germany",1998,0.48435137596731
"DEU","Germany",1999,0.48435137596731
"DEU","Germany",2000,0.48435137596731
"DEU","Germany",2001,0.48435137596731
"DEU","Germany",2002,0.48435137596731
"DEU","Germany",2003,0.48435137596731
"DEU","Germany",2004,0.48435137596731
"DEU","Germany",2005,0.481986948359606
"DEU","Germany",2006,0.591722300892523
"DEU","Germany",2007,0.605714530023048
"DEU","Germany",2008,0.59875080487707
"DEU","Germany",2009,0.582944768266661
"DEU","Germany",2010,0.626508537203135
"DEU","Germany",2011,0.620322158119963
"DEU","Germany",2012,0.618994191929334
"DEU","Germany",2013,0.634670670862608
"DEU","Germany",2014,0.668485224594712
"DEU","Germany",2015,0.643189088134201
"DEU","Germany",2016,0.599949213390563
"DEU","Germany",2017,0.595285137013722
"DEU","Germany",2018,0.586442825549292
"DEU","Germany",2019,0.577703586663938
"DEU","Germany",2020,0.569455081219708
"DEU","Germany",2021,0.569455081219708
"DEU","Germany",2022,0.569455081219708
"GHA","Ghana",1995,0.380770013098282
"GHA","Ghana",1996,0.380770013098282
"GHA","Ghana",1997,0.380770013098282
"GHA","Ghana",1998,0.380770013098282
"GHA","Ghana",1999,0.380770013098282
"GHA","Ghana",2000,0.380770013098282
"GHA","Ghana",2001,0.380770013098282
"GHA","Ghana",2002,0.380770013098282
"GHA","Ghana",2003,0.380770013098282
"GHA","Ghana",2004,0.380770013098282
"GHA","Ghana",2005,0.351813872258722
"GHA","Ghana",2006,0.320914366262144
"GHA","Ghana",2007,0.335165710746939
"GHA","Ghana",2008,0.362502380622317
"GHA","Ghana",2009,0.367069288741308
"GHA","Ghana",2010,0.353822016254307
"GHA","Ghana",2011,0.35903671275897
"GHA","Ghana",2012,0.357222905279087
"GHA","Ghana",2013,0.36842964435122
"GHA","Ghana",2014,0.350291569552392
"GHA","Ghana",2015,0.353174227868634
"GHA","Ghana",2016,0.358032640761177
"GHA","Ghana",2017,0.353239006707201
"GHA","Ghana",2018,0.347182185301163
"GHA","Ghana",2019,0.341783442669216
"GHA","Ghana",2020,0.321355503404992
"GHA","Ghana",2021,0.321355503404992
"GHA","Ghana",2022,0.321355503404992
"GRC","Greece",1995,0.390000997594114
"GRC","Greece",1996,0.390000997594114
"GRC","Greece",1997,0.390000997594114
"GRC","Greece",1998,0.390000997594114
"GRC","Greece",1999,0.390000997594114
"GRC","Greece",2000,0.390000997594114
"GRC","Greece",2001,0.390000997594114
"GRC","Greece",2002,0.390000997594114
"GRC","Greece",2003,0.390000997594114
"GRC","Greece",2004,0.390000997594114
"GRC","Greece",2005,0.355862549669175
"GRC","Greece",2006,0.409985269292109
"GRC","Greece",2007,0.413645273671159
"GRC","Greece",2008,0.407782788780823
"GRC","Greece",2009,0.424981570420428
"GRC","Greece",2010,0.424754844485442
"GRC","Greece",2011,0.395086136421643
"GRC","Greece",2012,0.38799285359853
"GRC","Greece",2013,0.406390043751627
"GRC","Greece",2014,0.46235896027373
"GRC","Greece",2015,0.476837030693509
"GRC","Greece",2016,0.447038764952575
"GRC","Greece",2017,0.443152034638541
"GRC","Greece",2018,0.439006188970236
"GRC","Greece",2019,0.44414868406108
"GRC","Greece",2020,0.45262273457605
"GRC","Greece",2021,0.45262273457605
"GRC","Greece",2022,0.45262273457605
"GRD","Grenada",1995,0.495331389104458
"GRD","Grenada",1996,0.495331389104458
"GRD","Grenada",1997,0.495331389104458
"GRD","Grenada",1998,0.495331389104458
"GRD","Grenada",1999,0.495331389104458
"GRD","Grenada",2000,0.495331389104458
"GRD","Grenada",2001,0.495331389104458
"GRD","Grenada",2002,0.495331389104458
"GRD","Grenada",2003,0.495331389104458
"GRD","Grenada",2004,0.495331389104458
"GRD","Grenada",2005,0.556482612711941
"GRD","Grenada",2006,0.370826461378209
"GRD","Grenada",2007,0.369984336476835
"GRD","Grenada",2008,0.365741322550679
"GRD","Grenada",2009,0.355927328507742
"GRD","Grenada",2010,0.372899384212361
"GRD","Grenada",2011,0.392818877071789
"GRD","Grenada",2012,0.385272142378705
"GRD","Grenada",2013,0.396252155515854
"GRD","Grenada",2014,0.41678704734167
"GRD","Grenada",2015,0.421936965007768
"GRD","Grenada",2016,0.399944549314187
"GRD","Grenada",2017,0.396154987258003
"GRD","Grenada",2018,0.38773373824426
"GRD","Grenada",2019,0.381883230691264
"GRD","Grenada",2020,0.370960405122538
"GRD","Grenada",2021,0.370960405122538
"GRD","Grenada",2022,0.370960405122538
"GTM","Guatemala",1995,0.348024310202538
"GTM","Guatemala",1996,0.348024310202538
"GTM","Guatemala",1997,0.348024310202538
"GTM","Guatemala",1998,0.348024310202538
"GTM","Guatemala",1999,0.348024310202538
"GTM","Guatemala",2000,0.348024310202538
"GTM","Guatemala",2001,0.348024310202538
"GTM","Guatemala",2002,0.348024310202538
"GTM","Guatemala",2003,0.348024310202538
"GTM","Guatemala",2004,0.348024310202538
"GTM","Guatemala",2005,0.334420754103416
"GTM","Guatemala",2006,0.266014300576403
"GTM","Guatemala",2007,0.289107956525626
"GTM","Guatemala",2008,0.293610085806049
"GTM","Guatemala",2009,0.285415562727293
"GTM","Guatemala",2010,0.309610458932159
"GTM","Guatemala",2011,0.303488858687555
"GTM","Guatemala",2012,0.299181065922833
"GTM","Guatemala",2013,0.313691525761897
"GTM","Guatemala",2014,0.377466292331352
"GTM","Guatemala",2015,0.380478508324729
"GTM","Guatemala",2016,0.387345065212857
"GTM","Guatemala",2017,0.376332662656424
"GTM","Guatemala",2018,0.360008395337478
"GTM","Guatemala",2019,0.380963843529306
"GTM","Guatemala",2020,0.371748716353332
"GTM","Guatemala",2021,0.371748716353332
"GTM","Guatemala",2022,0.371748716353332
"GIN","Guinea",1995,0.364154241005783
"GIN","Guinea",1996,0.364154241005783
"GIN","Guinea",1997,0.364154241005783
"GIN","Guinea",1998,0.364154241005783
"GIN","Guinea",1999,0.364154241005783
"GIN","Guinea",2000,0.364154241005783
"GIN","Guinea",2001,0.364154241005783
"GIN","Guinea",2002,0.364154241005783
"GIN","Guinea",2003,0.364154241005783
"GIN","Guinea",2004,0.364154241005783
"GIN","Guinea",2005,0.337789253708912
"GIN","Guinea",2006,0.231454790200775
"GIN","Guinea",2007,0.223065930606317
"GIN","Guinea",2008,0.23006204517158
"GIN","Guinea",2009,0.218466633068042
"GIN","Guinea",2010,0.188830314423527
"GIN","Guinea",2011,0.178886762703455
"GIN","Guinea",2012,0.17946977225056
"GIN","Guinea",2013,0.216717604426727
"GIN","Guinea",2014,0.251406672479488
"GIN","Guinea",2015,0.256815705499853
"GIN","Guinea",2016,0.290597869812672
"GIN","Guinea",2017,0.29513238851238
"GIN","Guinea",2018,0.29584495573662
"GIN","Guinea",2019,0.30756503336542
"GIN","Guinea",2020,0.308273889302034
"GIN","Guinea",2021,0.308273889302034
"GIN","Guinea",2022,0.308273889302034
"GNB","Guinea-Bissau",1995,0.404381899756043
"GNB","Guinea-Bissau",1996,0.404381899756043
"GNB","Guinea-Bissau",1997,0.404381899756043
"GNB","Guinea-Bissau",1998,0.404381899756043
"GNB","Guinea-Bissau",1999,0.404381899756043
"GNB","Guinea-Bissau",2000,0.404381899756043
"GNB","Guinea-Bissau",2001,0.404381899756043
"GNB","Guinea-Bissau",2002,0.404381899756043
"GNB","Guinea-Bissau",2003,0.404381899756043
"GNB","Guinea-Bissau",2004,0.404381899756043
"GNB","Guinea-Bissau",2005,0.465533123363524
"GNB","Guinea-Bissau",2006,0.23498523690269
"GNB","Guinea-Bissau",2007,0.242629139853625
"GNB","Guinea-Bissau",2008,0.237187717413977
"GNB","Guinea-Bissau",2009,0.228831247238803
"GNB","Guinea-Bissau",2010,0.16981772530404
"GNB","Guinea-Bissau",2011,0.167032235245648
"GNB","Guinea-Bissau",2012,0.20709794689949
"GNB","Guinea-Bissau",2013,0.208944143798657
"GNB","Guinea-Bissau",2014,0.235147183999109
"GNB","Guinea-Bissau",2015,0.225883810083993
"GNB","Guinea-Bissau",2016,0.254386499053581
"GNB","Guinea-Bissau",2017,0.260248983943917
"GNB","Guinea-Bissau",2018,0.25464561440785
"GNB","Guinea-Bissau",2019,0.24964937778846
"GNB","Guinea-Bissau",2020,0.242013066107668
"GNB","Guinea-Bissau",2021,0.242013066107668
"GNB","Guinea-Bissau",2022,0.242013066107668
"GUY","Guyana",1995,0.473760035861566
"GUY","Guyana",1996,0.473760035861566
"GUY","Guyana",1997,0.473760035861566
"GUY","Guyana",1998,0.473760035861566
"GUY","Guyana",1999,0.473760035861566
"GUY","Guyana",2000,0.473760035861566
"GUY","Guyana",2001,0.473760035861566
"GUY","Guyana",2002,0.473760035861566
"GUY","Guyana",2003,0.473760035861566
"GUY","Guyana",2004,0.473760035861566
"GUY","Guyana",2005,0.364348577521484
"GUY","Guyana",2006,0.361725034559511
"GUY","Guyana",2007,0.338177926740316
"GUY","Guyana",2008,0.338825715125988
"GUY","Guyana",2009,0.323505519804835
"GUY","Guyana",2010,0.30442815184678
"GUY","Guyana",2011,0.301253988756985
"GUY","Guyana",2012,0.28985291316915
"GUY","Guyana",2013,0.299051508245699
"GUY","Guyana",2014,0.326161452186091
"GUY","Guyana",2015,0.314663208340405
"GUY","Guyana",2016,0.30925417532004
"GUY","Guyana",2017,0.303586026945406
"GUY","Guyana",2018,0.300055580243491
"GUY","Guyana",2019,0.294451198538071
"GUY","Guyana",2020,0.283496152244954
"GUY","Guyana",2021,0.283496152244954
"GUY","Guyana",2022,0.283496152244954
"HTI","Haiti",1995,0.32703596650675
"HTI","Haiti",1996,0.32703596650675
"HTI","Haiti",1997,0.32703596650675
"HTI","Haiti",1998,0.32703596650675
"HTI","Haiti",1999,0.32703596650675
"HTI","Haiti",2000,0.32703596650675
"HTI","Haiti",2001,0.32703596650675
"HTI","Haiti",2002,0.32703596650675
"HTI","Haiti",2003,0.32703596650675
"HTI","Haiti",2004,0.32703596650675
"HTI","Haiti",2005,0.284022817698097
"HTI","Haiti",2006,0.235605262928977
"HTI","Haiti",2007,0.239232877888743
"HTI","Haiti",2008,0.244415184974123
"HTI","Haiti",2009,0.240232322826638
"HTI","Haiti",2010,0.240602487618451
"HTI","Haiti",2011,0.236234543075058
"HTI","Haiti",2012,0.235827361804064
"HTI","Haiti",2013,0.240787570014357
"HTI","Haiti",2014,0.244378168494942
"HTI","Haiti",2015,0.245044465120205
"HTI","Haiti",2016,0.276249357070028
"HTI","Haiti",2017,0.270548819276109
"HTI","Haiti",2018,0.261553814835058
"HTI","Haiti",2019,0.252757581175442
"HTI","Haiti",2020,0.247970502122987
"HTI","Haiti",2021,0.247970502122987
"HTI","Haiti",2022,0.247970502122987
"HND","Honduras",1995,0.330534023789381
"HND","Honduras",1996,0.330534023789381
"HND","Honduras",1997,0.330534023789381
"HND","Honduras",1998,0.330534023789381
"HND","Honduras",1999,0.330534023789381
"HND","Honduras",2000,0.330534023789381
"HND","Honduras",2001,0.330534023789381
"HND","Honduras",2002,0.330534023789381
"HND","Honduras",2003,0.330534023789381
"HND","Honduras",2004,0.330534023789381
"HND","Honduras",2005,0.315667280338198
"HND","Honduras",2006,0.29513238851238
"HND","Honduras",2007,0.29772354205507
"HND","Honduras",2008,0.32301967851558
"HND","Honduras",2009,0.332671725462101
"HND","Honduras",2010,0.314987102533241
"HND","Honduras",2011,0.278095553969194
"HND","Honduras",2012,0.266143858253537
"HND","Honduras",2013,0.284767774341621
"HND","Honduras",2014,0.293221412774646
"HND","Honduras",2015,0.279034847128419
"HND","Honduras",2016,0.279455909579106
"HND","Honduras",2017,0.277804049195641
"HND","Honduras",2018,0.26322881051801
"HND","Honduras",2019,0.257075158243906
"HND","Honduras",2020,0.253079788419357
"HND","Honduras",2021,0.253079788419357
"HND","Honduras",2022,0.253079788419357
"HUN","Hungary",1995,0.420123157527884
"HUN","Hungary",1996,0.420123157527884
"HUN","Hungary",1997,0.420123157527884
"HUN","Hungary",1998,0.420123157527884
"HUN","Hungary",1999,0.420123157527884
"HUN","Hungary",2000,0.420123157527884
"HUN","Hungary",2001,0.420123157527884
"HUN","Hungary",2002,0.420123157527884
"HUN","Hungary",2003,0.420123157527884
"HUN","Hungary",2004,0.420123157527884
"HUN","Hungary",2005,0.406616769686613
"HUN","Hungary",2006,0.433014146402766
"HUN","Hungary",2007,0.436998044974652
"HUN","Hungary",2008,0.449662307914549
"HUN","Hungary",2009,0.487428370799254
"HUN","Hungary",2010,0.468610118195469
"HUN","Hungary",2011,0.483023409776682
"HUN","Hungary",2012,0.484124650032325
"HUN","Hungary",2013,0.487266423702837
"HUN","Hungary",2014,0.503202017990379
"HUN","Hungary",2015,0.491898110660395
"HUN","Hungary",2016,0.45931435486107
"HUN","Hungary",2017,0.453710985325002
"HUN","Hungary",2018,0.450860716428043
"HUN","Hungary",2019,0.453686018480971
"HUN","Hungary",2020,0.447402977224624
"HUN","Hungary",2021,0.447402977224624
"HUN","Hungary",2022,0.447402977224624
"ISL","Iceland",1995,0.502619008443274
"ISL","Iceland",1996,0.502619008443274
"ISL","Iceland",1997,0.502619008443274
"ISL","Iceland",1998,0.502619008443274
"ISL","Iceland",1999,0.502619008443274
"ISL","Iceland",2000,0.502619008443274
"ISL","Iceland",2001,0.502619008443274
"ISL","Iceland",2002,0.502619008443274
"ISL","Iceland",2003,0.502619008443274
"ISL","Iceland",2004,0.502619008443274
"ISL","Iceland",2005,0.556385444454089
"ISL","Iceland",2006,0.642865193941365
"ISL","Iceland",2007,0.669035844722533
"ISL","Iceland",2008,0.675254613224988
"ISL","Iceland",2009,0.678558333991919
"ISL","Iceland",2010,0.709490229407779
"ISL","Iceland",2011,0.711401205145513
"ISL","Iceland",2012,0.71075341675984
"ISL","Iceland",2013,0.728114145495862
"ISL","Iceland",2014,0.780714562412467
"ISL","Iceland",2015,0.759046040911723
"ISL","Iceland",2016,0.733685125612646
"ISL","Iceland",2017,0.731093972069956
"ISL","Iceland",2018,0.721279978027018
"ISL","Iceland",2019,0.714480561705946
"ISL","Iceland",2020,0.701495609776164
"ISL","Iceland",2021,0.701495609776164
"ISL","Iceland",2022,0.701495609776164
"IND","India",1995,0.419928821012182
"IND","India",1996,0.419928821012182
"IND","India",1997,0.419928821012182
"IND","India",1998,0.419928821012182
"IND","India",1999,0.419928821012182
"IND","India",2000,0.419928821012182
"IND","India",2001,0.419928821012182
"IND","India",2002,0.419928821012182
"IND","India",2003,0.419928821012182
"IND","India",2004,0.419928821012182
"IND","India",2005,0.481080044619664
"IND","India",2006,0.688242770357721
"IND","India",2007,0.695886673308656
"IND","India",2008,0.701392874586873
"IND","India",2009,0.703271460905323
"IND","India",2010,0.772325702818009
"IND","India",2011,0.772131366302308
"IND","India",2012,0.776925000356283
"IND","India",2013,0.786771383818506
"IND","India",2014,0.170141619496876
"IND","India",2015,0.170497903108996
"IND","India",2016,0.243762769528553
"IND","India",2017,0.272103511401723
"IND","India",2018,0.299796464889222
"IND","India",2019,0.333406054327421
"IND","India",2020,0.391918889822424
"IND","India",2021,0.391918889822424
"IND","India",2022,0.391918889822424
"IDN","Indonesia",1995,0.422843868747709
"IDN","Indonesia",1996,0.422843868747709
"IDN","Indonesia",1997,0.422843868747709
"IDN","Indonesia",1998,0.422843868747709
"IDN","Indonesia",1999,0.422843868747709
"IDN","Indonesia",2000,0.422843868747709
"IDN","Indonesia",2001,0.422843868747709
"IDN","Indonesia",2002,0.422843868747709
"IDN","Indonesia",2003,0.422843868747709
"IDN","Indonesia",2004,0.422843868747709
"IDN","Indonesia",2005,0.48399509235519
"IDN","Indonesia",2006,0.691157818093248
"IDN","Indonesia",2007,0.698801721044183
"IDN","Indonesia",2008,0.7043079223224
"IDN","Indonesia",2009,0.70618650864085
"IDN","Indonesia",2010,0.775240750553535
"IDN","Indonesia",2011,0.775046414037833
"IDN","Indonesia",2012,0.77984004809181
"IDN","Indonesia",2013,0.789686431554031
"IDN","Indonesia",2014,0.337594917193211
"IDN","Indonesia",2015,0.339765008285214
"IDN","Indonesia",2016,0.327424639538153
"IDN","Indonesia",2017,0.368850706801908
"IDN","Indonesia",2018,0.396252155515854
"IDN","Indonesia",2019,0.384153695244067
"IDN","Indonesia",2020,0.401037354825225
"IDN","Indonesia",2021,0.401037354825225
"IDN","Indonesia",2022,0.401037354825225
"IRN","Iran, Islamic Republic of",1995,0.428090954671655
"IRN","Iran, Islamic Republic of",1996,0.428090954671655
"IRN","Iran, Islamic Republic of",1997,0.428090954671655
"IRN","Iran, Islamic Republic of",1998,0.428090954671655
"IRN","Iran, Islamic Republic of",1999,0.428090954671655
"IRN","Iran, Islamic Republic of",2000,0.428090954671655
"IRN","Iran, Islamic Republic of",2001,0.428090954671655
"IRN","Iran, Islamic Republic of",2002,0.428090954671655
"IRN","Iran, Islamic Republic of",2003,0.428090954671655
"IRN","Iran, Islamic Republic of",2004,0.428090954671655
"IRN","Iran, Islamic Republic of",2005,0.416819436760955
"IRN","Iran, Islamic Republic of",2006,0.341319700410827
"IRN","Iran, Islamic Republic of",2007,0.339538282350228
"IRN","Iran, Islamic Republic of",2008,0.33536004726264
"IRN","Iran, Islamic Republic of",2009,0.329044110502334
"IRN","Iran, Islamic Republic of",2010,0.338534210352436
"IRN","Iran, Islamic Republic of",2011,0.337724474870345
"IRN","Iran, Islamic Republic of",2012,0.330112961338694
"IRN","Iran, Islamic Republic of",2013,0.335683941455477
"IRN","Iran, Islamic Republic of",2014,0.359295828113239
"IRN","Iran, Islamic Republic of",2015,0.362567159460885
"IRN","Iran, Islamic Republic of",2016,0.41749961456591
"IRN","Iran, Islamic Republic of",2017,0.412641201673367
"IRN","Iran, Islamic Republic of",2018,0.384721522250883
"IRN","Iran, Islamic Republic of",2019,0.405193828271731
"IRN","Iran, Islamic Republic of",2020,0.394303223427396
"IRN","Iran, Islamic Republic of",2021,0.394303223427396
"IRN","Iran, Islamic Republic of",2022,0.394303223427396
"IRQ","Iraq",1995,0.461808340145908
"IRQ","Iraq",1996,0.461808340145908
"IRQ","Iraq",1997,0.461808340145908
"IRQ","Iraq",1998,0.461808340145908
"IRQ","Iraq",1999,0.461808340145908
"IRQ","Iraq",2000,0.461808340145908
"IRQ","Iraq",2001,0.461808340145908
"IRQ","Iraq",2002,0.461808340145908
"IRQ","Iraq",2003,0.461808340145908
"IRQ","Iraq",2004,0.461808340145908
"IRQ","Iraq",2005,0.373061331308778
"IRQ","Iraq",2006,0.346502007496208
"IRQ","Iraq",2007,0.337303412419659
"IRQ","Iraq",2008,0.329173668179469
"IRQ","Iraq",2009,0.311974886539864
"IRQ","Iraq",2010,0.318744275170142
"IRQ","Iraq",2011,0.305561781521706
"IRQ","Iraq",2012,0.300994873402716
"IRQ","Iraq",2013,0.31514904962966
"IRQ","Iraq",2014,0.351392809808034
"IRQ","Iraq",2015,0.326712072313914
"IRQ","Iraq",2016,0.385174974120854
"IRQ","Iraq",2017,0.415426691731759
"IRQ","Iraq",2018,0.414131114960414
"IRQ","Iraq",2019,0.405784935173657
"IRQ","Iraq",2020,0.395796510612285
"IRQ","Iraq",2021,0.395796510612285
"IRQ","Iraq",2022,0.395796510612285
"IRL","Ireland",1995,0.46987330554753
"IRL","Ireland",1996,0.46987330554753
"IRL","Ireland",1997,0.46987330554753
"IRL","Ireland",1998,0.46987330554753
"IRL","Ireland",1999,0.46987330554753
"IRL","Ireland",2000,0.46987330554753
"IRL","Ireland",2001,0.46987330554753
"IRL","Ireland",2002,0.46987330554753
"IRL","Ireland",2003,0.46987330554753
"IRL","Ireland",2004,0.46987330554753
"IRL","Ireland",2005,0.466893478973437
"IRL","Ireland",2006,0.586345657291442
"IRL","Ireland",2007,0.601730631451162
"IRL","Ireland",2008,0.604645679186689
"IRL","Ireland",2009,0.601244790161909
"IRL","Ireland",2010,0.585568311228635
"IRL","Ireland",2011,0.573649004932261
"IRL","Ireland",2012,0.553146502525727
"IRL","Ireland",2013,0.58472618632726
"IRL","Ireland",2014,0.622848532824085
"IRL","Ireland",2015,0.649828919087344
"IRL","Ireland",2016,0.602410809256119
"IRL","Ireland",2017,0.603965501381733
"IRL","Ireland",2018,0.600078771067698
"IRL","Ireland",2019,0.573128243800341
"IRL","Ireland",2020,0.564364206765848
"IRL","Ireland",2021,0.564364206765848
"IRL","Ireland",2022,0.564364206765848
"ISR","Israel",1995,0.416430763729551
"ISR","Israel",1996,0.416430763729551
"ISR","Israel",1997,0.416430763729551
"ISR","Israel",1998,0.416430763729551
"ISR","Israel",1999,0.416430763729551
"ISR","Israel",2000,0.416430763729551
"ISR","Israel",2001,0.416430763729551
"ISR","Israel",2002,0.416430763729551
"ISR","Israel",2003,0.416430763729551
"ISR","Israel",2004,0.416430763729551
"ISR","Israel",2005,0.385077805863004
"ISR","Israel",2006,0.449953812688102
"ISR","Israel",2007,0.458407451121127
"ISR","Israel",2008,0.461257720018087
"ISR","Israel",2009,0.45458549964566
"ISR","Israel",2010,0.455524792804885
"ISR","Israel",2011,0.451346557717297
"ISR","Israel",2012,0.450633990493057
"ISR","Israel",2013,0.463589758206507
"ISR","Israel",2014,0.499218119418494
"ISR","Israel",2015,0.48775226499209
"ISR","Israel",2016,0.425823695321802
"ISR","Israel",2017,0.431038391826465
"ISR","Israel",2018,0.425208296355414
"ISR","Israel",2019,0.433419182838704
"ISR","Israel",2020,0.455973689912769
"ISR","Israel",2021,0.455973689912769
"ISR","Israel",2022,0.455973689912769
"ITA","Italy",1995,0.367069288741308
"ITA","Italy",1996,0.367069288741308
"ITA","Italy",1997,0.367069288741308
"ITA","Italy",1998,0.367069288741308
"ITA","Italy",1999,0.367069288741308
"ITA","Italy",2000,0.367069288741308
"ITA","Italy",2001,0.367069288741308
"ITA","Italy",2002,0.367069288741308
"ITA","Italy",2003,0.367069288741308
"ITA","Italy",2004,0.367069288741308
"ITA","Italy",2005,0.390551617721936
"ITA","Italy",2006,0.402308976921891
"ITA","Italy",2007,0.407620841684406
"ITA","Italy",2008,0.400009328152754
"ITA","Italy",2009,0.39845463602714
"ITA","Italy",2010,0.392073920428267
"ITA","Italy",2011,0.3866648874079
"ITA","Italy",2012,0.374065403306571
"ITA","Italy",2013,0.383814618510942
"ITA","Italy",2014,0.440236986903014
"ITA","Italy",2015,0.453095586358614
"ITA","Italy",2016,0.423232541779113
"ITA","Italy",2017,0.409337480906437
"ITA","Italy",2018,0.433208482918468
"ITA","Italy",2019,0.418629870342995
"ITA","Italy",2020,0.405548256240038
"ITA","Italy",2021,0.405548256240038
"ITA","Italy",2022,0.405548256240038
"JAM","Jamaica",1995,0.409143144390735
"JAM","Jamaica",1996,0.409143144390735
"JAM","Jamaica",1997,0.409143144390735
"JAM","Jamaica",1998,0.409143144390735
"JAM","Jamaica",1999,0.409143144390735
"JAM","Jamaica",2000,0.409143144390735
"JAM","Jamaica",2001,0.409143144390735
"JAM","Jamaica",2002,0.409143144390735
"JAM","Jamaica",2003,0.409143144390735
"JAM","Jamaica",2004,0.409143144390735
"JAM","Jamaica",2005,0.377822575943472
"JAM","Jamaica",2006,0.329465172953022
"JAM","Jamaica",2007,0.331635264045024
"JAM","Jamaica",2008,0.329497562372305
"JAM","Jamaica",2009,0.33892288338384
"JAM","Jamaica",2010,0.31524621788751
"JAM","Jamaica",2011,0.320914366262144
"JAM","Jamaica",2012,0.314501261243988
"JAM","Jamaica",2013,0.347441300655432
"JAM","Jamaica",2014,0.377304345234933
"JAM","Jamaica",2015,0.355571044895622
"JAM","Jamaica",2016,0.399588265702067
"JAM","Jamaica",2017,0.41034155290423
"JAM","Jamaica",2018,0.414487398572533
"JAM","Jamaica",2019,0.405516035515646
"JAM","Jamaica",2020,0.4269750379604
"JAM","Jamaica",2021,0.4269750379604
"JAM","Jamaica",2022,0.4269750379604
"JPN","Japan",1995,0.486683414155731
"JPN","Japan",1996,0.486683414155731
"JPN","Japan",1997,0.486683414155731
"JPN","Japan",1998,0.486683414155731
"JPN","Japan",1999,0.486683414155731
"JPN","Japan",2000,0.486683414155731
"JPN","Japan",2001,0.486683414155731
"JPN","Japan",2002,0.486683414155731
"JPN","Japan",2003,0.486683414155731
"JPN","Japan",2004,0.486683414155731
"JPN","Japan",2005,0.547834637763213
"JPN","Japan",2006,0.75499736350127
"JPN","Japan",2007,0.762641266452206
"JPN","Japan",2008,0.768147467730422
"JPN","Japan",2009,0.770026054048872
"JPN","Japan",2010,0.839080295961558
"JPN","Japan",2011,0.838885959445856
"JPN","Japan",2012,0.843679593499832
"JPN","Japan",2013,0.853525976962054
"JPN","Japan",2014,0.698445437432063
"JPN","Japan",2015,0.683190020949477
"JPN","Japan",2016,0.633828545961234
"JPN","Japan",2017,0.643221477553484
"JPN","Japan",2018,0.641148554719333
"JPN","Japan",2019,0.633606543483228
"JPN","Japan",2020,0.625261375865824
"JPN","Japan",2021,0.625261375865824
"JPN","Japan",2022,0.625261375865824
"JOR","Jordan",1995,0.322080385356355
"JOR","Jordan",1996,0.322080385356355
"JOR","Jordan",1997,0.322080385356355
"JOR","Jordan",1998,0.322080385356355
"JOR","Jordan",1999,0.322080385356355
"JOR","Jordan",2000,0.322080385356355
"JOR","Jordan",2001,0.322080385356355
"JOR","Jordan",2002,0.322080385356355
"JOR","Jordan",2003,0.322080385356355
"JOR","Jordan",2004,0.322080385356355
"JOR","Jordan",2005,0.327197913603167
"JOR","Jordan",2006,0.330825528562934
"JOR","Jordan",2007,0.351943429935857
"JOR","Jordan",2008,0.361465919205242
"JOR","Jordan",2009,0.356218833281294
"JOR","Jordan",2010,0.374875138788662
"JOR","Jordan",2011,0.376948061622814
"JOR","Jordan",2012,0.390260112948383
"JOR","Jordan",2013,0.393887727908149
"JOR","Jordan",2014,0.422001743846335
"JOR","Jordan",2015,0.423977498422635
"JOR","Jordan",2016,0.399653044540634
"JOR","Jordan",2017,0.392365425201818
"JOR","Jordan",2018,0.384753911670168
"JOR","Jordan",2019,0.37232868939238
"JOR","Jordan",2020,0.380512753387826
"JOR","Jordan",2021,0.380512753387826
"JOR","Jordan",2022,0.380512753387826
"KAZ","Kazakhstan",1995,0.422843868747709
"KAZ","Kazakhstan",1996,0.422843868747709
"KAZ","Kazakhstan",1997,0.422843868747709
"KAZ","Kazakhstan",1998,0.422843868747709
"KAZ","Kazakhstan",1999,0.422843868747709
"KAZ","Kazakhstan",2000,0.422843868747709
"KAZ","Kazakhstan",2001,0.422843868747709
"KAZ","Kazakhstan",2002,0.422843868747709
"KAZ","Kazakhstan",2003,0.422843868747709
"KAZ","Kazakhstan",2004,0.422843868747709
"KAZ","Kazakhstan",2005,0.421192008364244
"KAZ","Kazakhstan",2006,0.35599210734631
"KAZ","Kazakhstan",2007,0.36198414991378
"KAZ","Kazakhstan",2008,0.360947688496704
"KAZ","Kazakhstan",2009,0.38906170443489
"KAZ","Kazakhstan",2010,0.390389670625517
"KAZ","Kazakhstan",2011,0.413321379478323
"KAZ","Kazakhstan",2012,0.43035821402151
"KAZ","Kazakhstan",2013,0.457079484930499
"KAZ","Kazakhstan",2014,0.500384138512704
"KAZ","Kazakhstan",2015,0.50660290701516
"KAZ","Kazakhstan",2016,0.589357873284819
"KAZ","Kazakhstan",2017,0.620095432184977
"KAZ","Kazakhstan",2018,0.607269222148662
"KAZ","Kazakhstan",2019,0.60866770280419
"KAZ","Kazakhstan",2020,0.609763207433501
"KAZ","Kazakhstan",2021,0.609763207433501
"KAZ","Kazakhstan",2022,0.609763207433501
"KEN","Kenya",1995,0.377952133620607
"KEN","Kenya",1996,0.377952133620607
"KEN","Kenya",1997,0.377952133620607
"KEN","Kenya",1998,0.377952133620607
"KEN","Kenya",1999,0.377952133620607
"KEN","Kenya",2000,0.377952133620607
"KEN","Kenya",2001,0.377952133620607
"KEN","Kenya",2002,0.377952133620607
"KEN","Kenya",2003,0.377952133620607
"KEN","Kenya",2004,0.377952133620607
"KEN","Kenya",2005,0.358583260888999
"KEN","Kenya",2006,0.298598056375728
"KEN","Kenya",2007,0.299569738954236
"KEN","Kenya",2008,0.306857358293051
"KEN","Kenya",2009,0.313561968084762
"KEN","Kenya",2010,0.258597123560452
"KEN","Kenya",2011,0.237446832768247
"KEN","Kenya",2012,0.224847348666916
"KEN","Kenya",2013,0.229187530850922
"KEN","Kenya",2014,0.24266152927291
"KEN","Kenya",2015,0.236475150189738
"KEN","Kenya",2016,0.284702995503054
"KEN","Kenya",2017,0.313205684472642
"KEN","Kenya",2018,0.322242332452773
"KEN","Kenya",2019,0.327670765385731
"KEN","Kenya",2020,0.336789230388531
"KEN","Kenya",2021,0.336789230388531
"KEN","Kenya",2022,0.336789230388531
"KIR","Kiribati",1995,0.393443530157974
"KIR","Kiribati",1996,0.393443530157974
"KIR","Kiribati",1997,0.393443530157974
"KIR","Kiribati",1998,0.393443530157974
"KIR","Kiribati",1999,0.393443530157974
"KIR","Kiribati",2000,0.393443530157974
"KIR","Kiribati",2001,0.393443530157974
"KIR","Kiribati",2002,0.393443530157974
"KIR","Kiribati",2003,0.393443530157974
"KIR","Kiribati",2004,0.393443530157974
"KIR","Kiribati",2005,0.38815017363505
"KIR","Kiribati",2006,0.419169983188966
"KIR","Kiribati",2007,0.426980460296217
"KIR","Kiribati",2008,0.422834614627914
"KIR","Kiribati",2009,0.422020252085926
"KIR","Kiribati",2010,0.37375076323353
"KIR","Kiribati",2011,0.364459626959028
"KIR","Kiribati",2012,0.361165160311893
"KIR","Kiribati",2013,0.367643044168618
"KIR","Kiribati",2014,0.380487762444524
"KIR","Kiribati",2015,0.372418169983004
"KIR","Kiribati",2016,0.335734839114351
"KIR","Kiribati",2017,0.33540169080172
"KIR","Kiribati",2018,0.324629895359965
"KIR","Kiribati",2019,0.316830793108297
"KIR","Kiribati",2020,0.306777927098142
"KIR","Kiribati",2021,0.306777927098142
"KIR","Kiribati",2022,0.306777927098142
"PRK","Korea, Democratic People's Repub",1995,NA
"PRK","Korea, Democratic People's Repub",1996,NA
"PRK","Korea, Democratic People's Repub",1997,NA
"PRK","Korea, Democratic People's Repub",1998,NA
"PRK","Korea, Democratic People's Repub",1999,NA
"PRK","Korea, Democratic People's Repub",2000,NA
"PRK","Korea, Democratic People's Repub",2001,NA
"PRK","Korea, Democratic People's Repub",2002,NA
"PRK","Korea, Democratic People's Repub",2003,NA
"PRK","Korea, Democratic People's Repub",2004,NA
"PRK","Korea, Democratic People's Repub",2005,NA
"PRK","Korea, Democratic People's Repub",2006,NA
"PRK","Korea, Democratic People's Repub",2007,NA
"PRK","Korea, Democratic People's Repub",2008,NA
"PRK","Korea, Democratic People's Repub",2009,NA
"PRK","Korea, Democratic People's Repub",2010,NA
"PRK","Korea, Democratic People's Repub",2011,NA
"PRK","Korea, Democratic People's Repub",2012,NA
"PRK","Korea, Democratic People's Repub",2013,NA
"PRK","Korea, Democratic People's Repub",2014,NA
"PRK","Korea, Democratic People's Repub",2015,NA
"PRK","Korea, Democratic People's Repub",2016,NA
"PRK","Korea, Democratic People's Repub",2017,NA
"PRK","Korea, Democratic People's Repub",2018,NA
"PRK","Korea, Democratic People's Repub",2019,NA
"PRK","Korea, Democratic People's Repub",2020,NA
"PRK","Korea, Democratic People's Repub",2021,NA
"PRK","Korea, Democratic People's Repub",2022,NA
"KOR","Korea, Republic of",1995,0.484448544225161
"KOR","Korea, Republic of",1996,0.484448544225161
"KOR","Korea, Republic of",1997,0.484448544225161
"KOR","Korea, Republic of",1998,0.484448544225161
"KOR","Korea, Republic of",1999,0.484448544225161
"KOR","Korea, Republic of",2000,0.484448544225161
"KOR","Korea, Republic of",2001,0.484448544225161
"KOR","Korea, Republic of",2002,0.484448544225161
"KOR","Korea, Republic of",2003,0.484448544225161
"KOR","Korea, Republic of",2004,0.484448544225161
"KOR","Korea, Republic of",2005,0.486132794027909
"KOR","Korea, Republic of",2006,0.578896090856208
"KOR","Korea, Republic of",2007,0.59178707973109
"KOR","Korea, Republic of",2008,0.606232760731586
"KOR","Korea, Republic of",2009,0.602831871706805
"KOR","Korea, Republic of",2010,0.692906846734564
"KOR","Korea, Republic of",2011,0.691514101705367
"KOR","Korea, Republic of",2012,0.711433594564797
"KOR","Korea, Republic of",2013,0.73935327398728
"KOR","Korea, Republic of",2014,0.78537863878931
"KOR","Korea, Republic of",2015,0.779710490414676
"KOR","Korea, Republic of",2016,0.71486687300886
"KOR","Korea, Republic of",2017,0.715061209524562
"KOR","Korea, Republic of",2018,0.710721027340556
"KOR","Korea, Republic of",2019,0.701882258468862
"KOR","Korea, Republic of",2020,0.695953645180822
"KOR","Korea, Republic of",2021,0.695953645180822
"KOR","Korea, Republic of",2022,0.695953645180822
"KWT","Kuwait",1995,0.417110941534507
"KWT","Kuwait",1996,0.417110941534507
"KWT","Kuwait",1997,0.417110941534507
"KWT","Kuwait",1998,0.417110941534507
"KWT","Kuwait",1999,0.417110941534507
"KWT","Kuwait",2000,0.417110941534507
"KWT","Kuwait",2001,0.417110941534507
"KWT","Kuwait",2002,0.417110941534507
"KWT","Kuwait",2003,0.417110941534507
"KWT","Kuwait",2004,0.417110941534507
"KWT","Kuwait",2005,0.402082250986905
"KWT","Kuwait",2006,0.417855898178031
"KWT","Kuwait",2007,0.427605113382402
"KWT","Kuwait",2008,0.421224397783527
"KWT","Kuwait",2009,0.412997485285487
"KWT","Kuwait",2010,0.415556249408893
"KWT","Kuwait",2011,0.402956765307564
"KWT","Kuwait",2012,0.419993599850749
"KWT","Kuwait",2013,0.435216626914052
"KWT","Kuwait",2014,0.460059311504592
"KWT","Kuwait",2015,0.432398747436377
"KWT","Kuwait",2016,0.44117628006224
"KWT","Kuwait",2017,0.423912719584068
"KWT","Kuwait",2018,0.444965842118423
"KWT","Kuwait",2019,0.458776892934832
"KWT","Kuwait",2020,0.545611745169982
"KWT","Kuwait",2021,0.545611745169982
"KWT","Kuwait",2022,0.545611745169982
"KGZ","Kyrgyzstan",1995,0.444123717217049
"KGZ","Kyrgyzstan",1996,0.444123717217049
"KGZ","Kyrgyzstan",1997,0.444123717217049
"KGZ","Kyrgyzstan",1998,0.444123717217049
"KGZ","Kyrgyzstan",1999,0.444123717217049
"KGZ","Kyrgyzstan",2000,0.444123717217049
"KGZ","Kyrgyzstan",2001,0.444123717217049
"KGZ","Kyrgyzstan",2002,0.444123717217049
"KGZ","Kyrgyzstan",2003,0.444123717217049
"KGZ","Kyrgyzstan",2004,0.444123717217049
"KGZ","Kyrgyzstan",2005,0.450245317461654
"KGZ","Kyrgyzstan",2006,0.300347085017043
"KGZ","Kyrgyzstan",2007,0.300379474436328
"KGZ","Kyrgyzstan",2008,0.309610458932159
"KGZ","Kyrgyzstan",2009,0.352072987612991
"KGZ","Kyrgyzstan",2010,0.352947501933648
"KGZ","Kyrgyzstan",2011,0.39317516068391
"KGZ","Kyrgyzstan",2012,0.35599210734631
"KGZ","Kyrgyzstan",2013,0.378567532586995
"KGZ","Kyrgyzstan",2014,0.427086882673864
"KGZ","Kyrgyzstan",2015,0.415232355216057
"KGZ","Kyrgyzstan",2016,0.49212483659538
"KGZ","Kyrgyzstan",2017,0.477808713272019
"KGZ","Kyrgyzstan",2018,0.476610304758524
"KGZ","Kyrgyzstan",2019,0.473823971225672
"KGZ","Kyrgyzstan",2020,0.488677725170164
"KGZ","Kyrgyzstan",2021,0.488677725170164
"KGZ","Kyrgyzstan",2022,0.488677725170164
"LAO","Lao People's Democratic Republic",1995,0.339806651824292
"LAO","Lao People's Democratic Republic",1996,0.339806651824292
"LAO","Lao People's Democratic Republic",1997,0.339806651824292
"LAO","Lao People's Democratic Republic",1998,0.339806651824292
"LAO","Lao People's Democratic Republic",1999,0.339806651824292
"LAO","Lao People's Democratic Republic",2000,0.339806651824292
"LAO","Lao People's Democratic Republic",2001,0.339806651824292
"LAO","Lao People's Democratic Republic",2002,0.339806651824292
"LAO","Lao People's Democratic Republic",2003,0.339806651824292
"LAO","Lao People's Democratic Republic",2004,0.339806651824292
"LAO","Lao People's Democratic Republic",2005,0.316893451211077
"LAO","Lao People's Democratic Republic",2006,0.282431109093302
"LAO","Lao People's Democratic Republic",2007,0.294905662577394
"LAO","Lao People's Democratic Republic",2008,0.298940458808155
"LAO","Lao People's Democratic Republic",2009,0.296090189911196
"LAO","Lao People's Democratic Republic",2010,0.243267674119503
"LAO","Lao People's Democratic Republic",2011,0.254150518998801
"LAO","Lao People's Democratic Republic",2012,0.260517353417982
"LAO","Lao People's Democratic Republic",2013,0.261405748918333
"LAO","Lao People's Democratic Republic",2014,0.252336711518918
"LAO","Lao People's Democratic Republic",2015,0.248524014163245
"LAO","Lao People's Democratic Republic",2016,0.289538273096109
"LAO","Lao People's Democratic Republic",2017,0.314339314147569
"LAO","Lao People's Democratic Republic",2018,0.337067432364877
"LAO","Lao People's Democratic Republic",2019,0.331376148690755
"LAO","Lao People's Democratic Republic",2020,0.336273698798266
"LAO","Lao People's Democratic Republic",2021,0.336273698798266
"LAO","Lao People's Democratic Republic",2022,0.336273698798266
"LVA","Latvia",1995,0.469193127742574
"LVA","Latvia",1996,0.469193127742574
"LVA","Latvia",1997,0.469193127742574
"LVA","Latvia",1998,0.469193127742574
"LVA","Latvia",1999,0.469193127742574
"LVA","Latvia",2000,0.469193127742574
"LVA","Latvia",2001,0.469193127742574
"LVA","Latvia",2002,0.469193127742574
"LVA","Latvia",2003,0.469193127742574
"LVA","Latvia",2004,0.469193127742574
"LVA","Latvia",2005,0.457338600284768
"LVA","Latvia",2006,0.493420413366725
"LVA","Latvia",2007,0.523348236784793
"LVA","Latvia",2008,0.534328249921942
"LVA","Latvia",2009,0.532320105926356
"LVA","Latvia",2010,0.518748939246519
"LVA","Latvia",2011,0.523477794461928
"LVA","Latvia",2012,0.583333441298065
"LVA","Latvia",2013,0.590459113540462
"LVA","Latvia",2014,0.656663086556189
"LVA","Latvia",2015,0.650930159342987
"LVA","Latvia",2016,0.623755436564027
"LVA","Latvia",2017,0.623852604821878
"LVA","Latvia",2018,0.607269222148662
"LVA","Latvia",2019,0.600000327942871
"LVA","Latvia",2020,0.592911768576735
"LVA","Latvia",2021,0.592911768576735
"LVA","Latvia",2022,0.592911768576735
"LBN","Lebanon",1995,0.354437415220695
"LBN","Lebanon",1996,0.354437415220695
"LBN","Lebanon",1997,0.354437415220695
"LBN","Lebanon",1998,0.354437415220695
"LBN","Lebanon",1999,0.354437415220695
"LBN","Lebanon",2000,0.354437415220695
"LBN","Lebanon",2001,0.354437415220695
"LBN","Lebanon",2002,0.354437415220695
"LBN","Lebanon",2003,0.354437415220695
"LBN","Lebanon",2004,0.354437415220695
"LBN","Lebanon",2005,0.337886421966764
"LBN","Lebanon",2006,0.320558082650025
"LBN","Lebanon",2007,0.318226044461604
"LBN","Lebanon",2008,0.314760376598257
"LBN","Lebanon",2009,0.328461100955229
"LBN","Lebanon",2010,0.338177926740316
"LBN","Lebanon",2011,0.337983590224614
"LBN","Lebanon",2012,0.340186070735901
"LBN","Lebanon",2013,0.351911040516572
"LBN","Lebanon",2014,0.369692831703282
"LBN","Lebanon",2015,0.357320073536937
"LBN","Lebanon",2016,0.336299340421866
"LBN","Lebanon",2017,0.32347313038555
"LBN","Lebanon",2018,0.313076126795507
"LBN","Lebanon",2019,0.302313055289602
"LBN","Lebanon",2020,0.286234913818234
"LBN","Lebanon",2021,0.286234913818234
"LBN","Lebanon",2022,0.286234913818234
"LSO","Lesotho",1995,0.339959344800915
"LSO","Lesotho",1996,0.339959344800915
"LSO","Lesotho",1997,0.339959344800915
"LSO","Lesotho",1998,0.339959344800915
"LSO","Lesotho",1999,0.339959344800915
"LSO","Lesotho",2000,0.339959344800915
"LSO","Lesotho",2001,0.339959344800915
"LSO","Lesotho",2002,0.339959344800915
"LSO","Lesotho",2003,0.339959344800915
"LSO","Lesotho",2004,0.339959344800915
"LSO","Lesotho",2005,0.31113276163849
"LSO","Lesotho",2006,0.254807561504268
"LSO","Lesotho",2007,0.260216594524633
"LSO","Lesotho",2008,0.259504027300394
"LSO","Lesotho",2009,0.256362253629882
"LSO","Lesotho",2010,0.233592491873495
"LSO","Lesotho",2011,0.23372204955063
"LSO","Lesotho",2012,0.228151069433846
"LSO","Lesotho",2013,0.275180506233668
"LSO","Lesotho",2014,0.330015793080843
"LSO","Lesotho",2015,0.322631005484176
"LSO","Lesotho",2016,0.350259180133107
"LSO","Lesotho",2017,0.344752978854892
"LSO","Lesotho",2018,0.338242705578883
"LSO","Lesotho",2019,0.329249580880915
"LSO","Lesotho",2020,0.338174721537366
"LSO","Lesotho",2021,0.338174721537366
"LSO","Lesotho",2022,0.338174721537366
"LBR","Liberia",1995,0.44762177449968
"LBR","Liberia",1996,0.44762177449968
"LBR","Liberia",1997,0.44762177449968
"LBR","Liberia",1998,0.44762177449968
"LBR","Liberia",1999,0.44762177449968
"LBR","Liberia",2000,0.44762177449968
"LBR","Liberia",2001,0.44762177449968
"LBR","Liberia",2002,0.44762177449968
"LBR","Liberia",2003,0.44762177449968
"LBR","Liberia",2004,0.44762177449968
"LBR","Liberia",2005,0.508772998107163
"LBR","Liberia",2006,0.715935723845221
"LBR","Liberia",2007,0.193429611961801
"LBR","Liberia",2008,0.180409065409784
"LBR","Liberia",2009,0.210628393601406
"LBR","Liberia",2010,0.179145878057724
"LBR","Liberia",2011,0.177202512900706
"LBR","Liberia",2012,0.194789967571713
"LBR","Liberia",2013,0.223260267122019
"LBR","Liberia",2014,0.250499768739547
"LBR","Liberia",2015,0.240750553535176
"LBR","Liberia",2016,0.244151442559956
"LBR","Liberia",2017,0.24123639482443
"LBR","Liberia",2018,0.235794972384781
"LBR","Liberia",2019,0.213416076693395
"LBR","Liberia",2020,0.214672684944664
"LBR","Liberia",2021,0.214672684944664
"LBR","Liberia",2022,0.214672684944664
"LBY","Libyan Arab Jamahiriya",1995,0.432269189759243
"LBY","Libyan Arab Jamahiriya",1996,0.432269189759243
"LBY","Libyan Arab Jamahiriya",1997,0.432269189759243
"LBY","Libyan Arab Jamahiriya",1998,0.432269189759243
"LBY","Libyan Arab Jamahiriya",1999,0.432269189759243
"LBY","Libyan Arab Jamahiriya",2000,0.432269189759243
"LBY","Libyan Arab Jamahiriya",2001,0.432269189759243
"LBY","Libyan Arab Jamahiriya",2002,0.432269189759243
"LBY","Libyan Arab Jamahiriya",2003,0.432269189759243
"LBY","Libyan Arab Jamahiriya",2004,0.432269189759243
"LBY","Libyan Arab Jamahiriya",2005,0.493420413366725
"LBY","Libyan Arab Jamahiriya",2006,0.700583139104783
"LBY","Libyan Arab Jamahiriya",2007,0.708227042055718
"LBY","Libyan Arab Jamahiriya",2008,0.713733243333933
"LBY","Libyan Arab Jamahiriya",2009,0.715611829652384
"LBY","Libyan Arab Jamahiriya",2010,0.78466607156507
"LBY","Libyan Arab Jamahiriya",2011,0.784471735049368
"LBY","Libyan Arab Jamahiriya",2012,0.789265369103344
"LBY","Libyan Arab Jamahiriya",2013,0.458310282863277
"LBY","Libyan Arab Jamahiriya",2014,0.489112620602003
"LBY","Libyan Arab Jamahiriya",2015,0.47988163610617
"LBY","Libyan Arab Jamahiriya",2016,0.48648907764003
"LBY","Libyan Arab Jamahiriya",2017,0.478488891076974
"LBY","Libyan Arab Jamahiriya",2018,0.474213487731536
"LBY","Libyan Arab Jamahiriya",2019,0.474998425064487
"LBY","Libyan Arab Jamahiriya",2020,0.467748762076395
"LBY","Libyan Arab Jamahiriya",2021,0.467748762076395
"LBY","Libyan Arab Jamahiriya",2022,0.467748762076395
"LIE","Liechtenstein",1995,0.58073233475674
"LIE","Liechtenstein",1996,0.58073233475674
"LIE","Liechtenstein",1997,0.58073233475674
"LIE","Liechtenstein",1998,0.58073233475674
"LIE","Liechtenstein",1999,0.58073233475674
"LIE","Liechtenstein",2000,0.58073233475674
"LIE","Liechtenstein",2001,0.58073233475674
"LIE","Liechtenstein",2002,0.58073233475674
"LIE","Liechtenstein",2003,0.58073233475674
"LIE","Liechtenstein",2004,0.58073233475674
"LIE","Liechtenstein",2005,0.58073233475674
"LIE","Liechtenstein",2006,0.58073233475674
"LIE","Liechtenstein",2007,0.58073233475674
"LIE","Liechtenstein",2008,0.58073233475674
"LIE","Liechtenstein",2009,0.58073233475674
"LIE","Liechtenstein",2010,0.58073233475674
"LIE","Liechtenstein",2011,0.58073233475674
"LIE","Liechtenstein",2012,0.58073233475674
"LIE","Liechtenstein",2013,0.58073233475674
"LIE","Liechtenstein",2014,0.58073233475674
"LIE","Liechtenstein",2015,0.58073233475674
"LIE","Liechtenstein",2016,0.58073233475674
"LIE","Liechtenstein",2017,0.58073233475674
"LIE","Liechtenstein",2018,0.58073233475674
"LIE","Liechtenstein",2019,0.58073233475674
"LIE","Liechtenstein",2020,0.574610397122351
"LIE","Liechtenstein",2021,0.574610397122351
"LIE","Liechtenstein",2022,0.574610397122351
"LTU","Lithuania",1995,0.433823881884857
"LTU","Lithuania",1996,0.433823881884857
"LTU","Lithuania",1997,0.433823881884857
"LTU","Lithuania",1998,0.433823881884857
"LTU","Lithuania",1999,0.433823881884857
"LTU","Lithuania",2000,0.433823881884857
"LTU","Lithuania",2001,0.433823881884857
"LTU","Lithuania",2002,0.433823881884857
"LTU","Lithuania",2003,0.433823881884857
"LTU","Lithuania",2004,0.433823881884857
"LTU","Lithuania",2005,0.508092820302206
"LTU","Lithuania",2006,0.604840015702391
"LTU","Lithuania",2007,0.625083402754655
"LTU","Lithuania",2008,0.627253493846659
"LTU","Lithuania",2009,0.623366763532623
"LTU","Lithuania",2010,0.61037860639989
"LTU","Lithuania",2011,0.607625505760782
"LTU","Lithuania",2012,0.616143923032376
"LTU","Lithuania",2013,0.631658454869231
"LTU","Lithuania",2014,0.696566851113613
"LTU","Lithuania",2015,0.670655315686715
"LTU","Lithuania",2016,0.628095618748033
"LTU","Lithuania",2017,0.631334560676394
"LTU","Lithuania",2018,0.655918129912665
"LTU","Lithuania",2019,0.65313230246449
"LTU","Lithuania",2020,0.656289933454859
"LTU","Lithuania",2021,0.656289933454859
"LTU","Lithuania",2022,0.656289933454859
"LUX","Luxembourg",1995,0.48882111582845
"LUX","Luxembourg",1996,0.48882111582845
"LUX","Luxembourg",1997,0.48882111582845
"LUX","Luxembourg",1998,0.48882111582845
"LUX","Luxembourg",1999,0.48882111582845
"LUX","Luxembourg",2000,0.48882111582845
"LUX","Luxembourg",2001,0.48882111582845
"LUX","Luxembourg",2002,0.48882111582845
"LUX","Luxembourg",2003,0.48882111582845
"LUX","Luxembourg",2004,0.48882111582845
"LUX","Luxembourg",2005,0.549972339435932
"LUX","Luxembourg",2006,0.757135065173989
"LUX","Luxembourg",2007,0.577373788149878
"LUX","Luxembourg",2008,0.581487244398898
"LUX","Luxembourg",2009,0.572547764676618
"LUX","Luxembourg",2010,0.57462068751077
"LUX","Luxembourg",2011,0.573098384804439
"LUX","Luxembourg",2012,0.574329182737217
"LUX","Luxembourg",2013,0.583462998975199
"LUX","Luxembourg",2014,0.613358432973983
"LUX","Luxembourg",2015,0.634443944927623
"LUX","Luxembourg",2016,0.600629391195519
"LUX","Luxembourg",2017,0.595447084110139
"LUX","Luxembourg",2018,0.587479286966368
"LUX","Luxembourg",2019,0.575254811610181
"LUX","Luxembourg",2020,0.566909643992778
"LUX","Luxembourg",2021,0.566909643992778
"LUX","Luxembourg",2022,0.566909643992778
"MKD","Macedonia",1995,0.38834913721065
"MKD","Macedonia",1996,0.38834913721065
"MKD","Macedonia",1997,0.38834913721065
"MKD","Macedonia",1998,0.38834913721065
"MKD","Macedonia",1999,0.38834913721065
"MKD","Macedonia",2000,0.38834913721065
"MKD","Macedonia",2001,0.38834913721065
"MKD","Macedonia",2002,0.38834913721065
"MKD","Macedonia",2003,0.38834913721065
"MKD","Macedonia",2004,0.38834913721065
"MKD","Macedonia",2005,0.363020611330855
"MKD","Macedonia",2006,0.360720962561718
"MKD","Macedonia",2007,0.376073547302155
"MKD","Macedonia",2008,0.385855151925811
"MKD","Macedonia",2009,0.404835351626013
"MKD","Macedonia",2010,0.427896618155953
"MKD","Macedonia",2011,0.433532377111304
"MKD","Macedonia",2012,0.477063756628495
"MKD","Macedonia",2013,0.505469277340233
"MKD","Macedonia",2014,0.565162977079952
"MKD","Macedonia",2015,0.594896463982318
"MKD","Macedonia",2016,0.585633090067202
"MKD","Macedonia",2017,0.580547951239672
"MKD","Macedonia",2018,0.565940323142758
"MKD","Macedonia",2019,0.56526638704881
"MKD","Macedonia",2020,0.557501192470453
"MKD","Macedonia",2021,0.557501192470453
"MKD","Macedonia",2022,0.557501192470453
"MDG","Madagascar",1995,0.325481274381136
"MDG","Madagascar",1996,0.325481274381136
"MDG","Madagascar",1997,0.325481274381136
"MDG","Madagascar",1998,0.325481274381136
"MDG","Madagascar",1999,0.325481274381136
"MDG","Madagascar",2000,0.325481274381136
"MDG","Madagascar",2001,0.325481274381136
"MDG","Madagascar",2002,0.325481274381136
"MDG","Madagascar",2003,0.325481274381136
"MDG","Madagascar",2004,0.325481274381136
"MDG","Madagascar",2005,0.294646547223125
"MDG","Madagascar",2006,0.225138853440469
"MDG","Madagascar",2007,0.248070562293275
"MDG","Madagascar",2008,0.278549005839165
"MDG","Madagascar",2009,0.267018372574194
"MDG","Madagascar",2010,0.213413883659797
"MDG","Madagascar",2011,0.205737591289579
"MDG","Madagascar",2012,0.224134781442676
"MDG","Madagascar",2013,0.229770540398027
"MDG","Madagascar",2014,0.239390197925264
"MDG","Madagascar",2015,0.232102578586448
"MDG","Madagascar",2016,0.238936746055293
"MDG","Madagascar",2017,0.243633211851418
"MDG","Madagascar",2018,0.258467565883318
"MDG","Madagascar",2019,0.250534351192428
"MDG","Madagascar",2020,0.246506760643488
"MDG","Madagascar",2021,0.246506760643488
"MDG","Madagascar",2022,0.246506760643488
"MWI","Malawi",1995,0.350745021422362
"MWI","Malawi",1996,0.350745021422362
"MWI","Malawi",1997,0.350745021422362
"MWI","Malawi",1998,0.350745021422362
"MWI","Malawi",1999,0.350745021422362
"MWI","Malawi",2000,0.350745021422362
"MWI","Malawi",2001,0.350745021422362
"MWI","Malawi",2002,0.350745021422362
"MWI","Malawi",2003,0.350745021422362
"MWI","Malawi",2004,0.350745021422362
"MWI","Malawi",2005,0.337692085451062
"MWI","Malawi",2006,0.30290584914045
"MWI","Malawi",2007,0.296071681671606
"MWI","Malawi",2008,0.289399461299179
"MWI","Malawi",2009,0.285286005050159
"MWI","Malawi",2010,0.244313389656375
"MWI","Malawi",2011,0.254451277892149
"MWI","Malawi",2012,0.24373038010927
"MWI","Malawi",2013,0.232912314068539
"MWI","Malawi",2014,0.212701316435557
"MWI","Malawi",2015,0.213834946110484
"MWI","Malawi",2016,0.28279201976532
"MWI","Malawi",2017,0.27100227114608
"MWI","Malawi",2018,0.267536603282732
"MWI","Malawi",2019,0.273507727683583
"MWI","Malawi",2020,0.270575641763954
"MWI","Malawi",2021,0.270575641763954
"MWI","Malawi",2022,0.270575641763954
"MYS","Malaysia",1995,0.406616769686613
"MYS","Malaysia",1996,0.406616769686613
"MYS","Malaysia",1997,0.406616769686613
"MYS","Malaysia",1998,0.406616769686613
"MYS","Malaysia",1999,0.406616769686613
"MYS","Malaysia",2000,0.406616769686613
"MYS","Malaysia",2001,0.406616769686613
"MYS","Malaysia",2002,0.406616769686613
"MYS","Malaysia",2003,0.406616769686613
"MYS","Malaysia",2004,0.406616769686613
"MYS","Malaysia",2005,0.378146470136308
"MYS","Malaysia",2006,0.424722455066159
"MYS","Malaysia",2007,0.42329732061768
"MYS","Malaysia",2008,0.428058565252372
"MYS","Malaysia",2009,0.448269562885354
"MYS","Malaysia",2010,0.48729881312212
"MYS","Malaysia",2011,0.501031926898376
"MYS","Malaysia",2012,0.575624759508562
"MYS","Malaysia",2013,0.61073489001201
"MYS","Malaysia",2014,0.65944857661458
"MYS","Malaysia",2015,0.675189834386421
"MYS","Malaysia",2016,0.617925341092974
"MYS","Malaysia",2017,0.579122816791193
"MYS","Malaysia",2018,0.57319555306229
"MYS","Malaysia",2019,0.614435212470271
"MYS","Malaysia",2020,0.606476693545566
"MYS","Malaysia",2021,0.606476693545566
"MYS","Malaysia",2022,0.606476693545566
"MDV","Maldives",1995,0.462585686208715
"MDV","Maldives",1996,0.462585686208715
"MDV","Maldives",1997,0.462585686208715
"MDV","Maldives",1998,0.462585686208715
"MDV","Maldives",1999,0.462585686208715
"MDV","Maldives",2000,0.462585686208715
"MDV","Maldives",2001,0.462585686208715
"MDV","Maldives",2002,0.462585686208715
"MDV","Maldives",2003,0.462585686208715
"MDV","Maldives",2004,0.462585686208715
"MDV","Maldives",2005,0.467032290770367
"MDV","Maldives",2006,0.565634937189513
"MDV","Maldives",2007,0.564154278022262
"MDV","Maldives",2008,0.559758571119484
"MDV","Maldives",2009,0.552415427061897
"MDV","Maldives",2010,0.517508887193946
"MDV","Maldives",2011,0.506311402241607
"MDV","Maldives",2012,0.504206089988172
"MDV","Maldives",2013,0.460383205697428
"MDV","Maldives",2014,0.456399307125543
"MDV","Maldives",2015,0.452221072037955
"MDV","Maldives",2016,0.469711358451112
"MDV","Maldives",2017,0.462520907370148
"MDV","Maldives",2018,0.472075786058816
"MDV","Maldives",2019,0.466832074032711
"MDV","Maldives",2020,0.454459315866368
"MDV","Maldives",2021,0.454459315866368
"MDV","Maldives",2022,0.454459315866368
"MLI","Mali",1995,0.307602314936575
"MLI","Mali",1996,0.307602314936575
"MLI","Mali",1997,0.307602314936575
"MLI","Mali",1998,0.307602314936575
"MLI","Mali",1999,0.307602314936575
"MLI","Mali",2000,0.307602314936575
"MLI","Mali",2001,0.307602314936575
"MLI","Mali",2002,0.307602314936575
"MLI","Mali",2003,0.307602314936575
"MLI","Mali",2004,0.307602314936575
"MLI","Mali",2005,0.289496629557029
"MLI","Mali",2006,0.179728887604829
"MLI","Mali",2007,0.190676511322693
"MLI","Mali",2008,0.202369091684081
"MLI","Mali",2009,0.194628020475296
"MLI","Mali",2010,0.211762023276333
"MLI","Mali",2011,0.227665228144591
"MLI","Mali",2012,0.222418142220645
"MLI","Mali",2013,0.227730006983159
"MLI","Mali",2014,0.241560289017267
"MLI","Mali",2015,0.240361880503772
"MLI","Mali",2016,0.285869014597264
"MLI","Mali",2017,0.290273975619836
"MLI","Mali",2018,0.287261759626459
"MLI","Mali",2019,0.279887431113104
"MLI","Mali",2020,0.263777068917343
"MLI","Mali",2021,0.263777068917343
"MLI","Mali",2022,0.263777068917343
"MLT","Malta",1995,0.450148149203804
"MLT","Malta",1996,0.450148149203804
"MLT","Malta",1997,0.450148149203804
"MLT","Malta",1998,0.450148149203804
"MLT","Malta",1999,0.450148149203804
"MLT","Malta",2000,0.450148149203804
"MLT","Malta",2001,0.450148149203804
"MLT","Malta",2002,0.450148149203804
"MLT","Malta",2003,0.450148149203804
"MLT","Malta",2004,0.450148149203804
"MLT","Malta",2005,0.511299372811285
"MLT","Malta",2006,0.718462098549343
"MLT","Malta",2007,0.726106001500278
"MLT","Malta",2008,0.731612202778494
"MLT","Malta",2009,0.733490789096944
"MLT","Malta",2010,0.80254503100963
"MLT","Malta",2011,0.802350694493928
"MLT","Malta",2012,0.470164810321083
"MLT","Malta",2013,0.475865348115
"MLT","Malta",2014,0.505339719663098
"MLT","Malta",2015,0.503299186248229
"MLT","Malta",2016,0.451929567264403
"MLT","Malta",2017,0.449144077206011
"MLT","Malta",2018,0.45834267228256
"MLT","Malta",2019,0.448305157507587
"MLT","Malta",2020,0.445501954485525
"MLT","Malta",2021,0.445501954485525
"MLT","Malta",2022,0.445501954485525
"MHL","Marshall Islands",1995,0.374551244595826
"MHL","Marshall Islands",1996,0.374551244595826
"MHL","Marshall Islands",1997,0.374551244595826
"MHL","Marshall Islands",1998,0.374551244595826
"MHL","Marshall Islands",1999,0.374551244595826
"MHL","Marshall Islands",2000,0.374551244595826
"MHL","Marshall Islands",2001,0.374551244595826
"MHL","Marshall Islands",2002,0.374551244595826
"MHL","Marshall Islands",2003,0.374551244595826
"MHL","Marshall Islands",2004,0.374551244595826
"MHL","Marshall Islands",2005,0.383587892575956
"MHL","Marshall Islands",2006,0.460091700923876
"MHL","Marshall Islands",2007,0.460383205697428
"MHL","Marshall Islands",2008,0.454747446742079
"MHL","Marshall Islands",2009,0.460059311504592
"MHL","Marshall Islands",2010,0.442666193349286
"MHL","Marshall Islands",2011,0.447816111015383
"MHL","Marshall Islands",2012,0.440690438772986
"MHL","Marshall Islands",2013,0.439718756194476
"MHL","Marshall Islands",2014,0.462682854466566
"MHL","Marshall Islands",2015,0.450601601073774
"MHL","Marshall Islands",2016,0.426018031837504
"MHL","Marshall Islands",2017,0.42867396421876
"MHL","Marshall Islands",2018,0.425953252998936
"MHL","Marshall Islands",2019,0.419272260492121
"MHL","Marshall Islands",2020,0.408864966513659
"MHL","Marshall Islands",2021,0.408864966513659
"MHL","Marshall Islands",2022,0.408864966513659
"MRT","Mauritania",1995,0.373010433649905
"MRT","Mauritania",1996,0.373010433649905
"MRT","Mauritania",1997,0.373010433649905
"MRT","Mauritania",1998,0.373010433649905
"MRT","Mauritania",1999,0.373010433649905
"MRT","Mauritania",2000,0.373010433649905
"MRT","Mauritania",2001,0.373010433649905
"MRT","Mauritania",2002,0.373010433649905
"MRT","Mauritania",2003,0.373010433649905
"MRT","Mauritania",2004,0.373010433649905
"MRT","Mauritania",2005,0.370419280107215
"MRT","Mauritania",2006,0.276915653695291
"MRT","Mauritania",2007,0.286873086595056
"MRT","Mauritania",2008,0.29131506409681
"MRT","Mauritania",2009,0.311007831021254
"MRT","Mauritania",2010,0.269623407296577
"MRT","Mauritania",2011,0.266847171357982
"MRT","Mauritania",2012,0.304196798851898
"MRT","Mauritania",2013,0.314709478939382
"MRT","Mauritania",2014,0.340472948449556
"MRT","Mauritania",2015,0.346136469764292
"MRT","Mauritania",2016,0.420243461085223
"MRT","Mauritania",2017,0.42764675692148
"MRT","Mauritania",2018,0.451041171764051
"MRT","Mauritania",2019,0.442657324817815
"MRT","Mauritania",2020,0.431757514052227
"MRT","Mauritania",2021,0.431757514052227
"MRT","Mauritania",2022,0.431757514052227
"MUS","Mauritius",1995,0.491250322274722
"MUS","Mauritius",1996,0.491250322274722
"MUS","Mauritius",1997,0.491250322274722
"MUS","Mauritius",1998,0.491250322274722
"MUS","Mauritius",1999,0.491250322274722
"MUS","Mauritius",2000,0.491250322274722
"MUS","Mauritius",2001,0.491250322274722
"MUS","Mauritius",2002,0.491250322274722
"MUS","Mauritius",2003,0.491250322274722
"MUS","Mauritius",2004,0.491250322274722
"MUS","Mauritius",2005,0.404641015110312
"MUS","Mauritius",2006,0.47881278526981
"MUS","Mauritius",2007,0.484675270160146
"MUS","Mauritius",2008,0.52082186208067
"MUS","Mauritius",2009,0.533388956762717
"MUS","Mauritius",2010,0.578960869694775
"MUS","Mauritius",2011,0.582167422203854
"MUS","Mauritius",2012,0.58401361910302
"MUS","Mauritius",2013,0.606556654924422
"MUS","Mauritius",2014,0.637294213824582
"MUS","Mauritius",2015,0.640727492268646
"MUS","Mauritius",2016,0.603220544738209
"MUS","Mauritius",2017,0.597455228105725
"MUS","Mauritius",2018,0.654201490690633
"MUS","Mauritius",2019,0.664731763245437
"MUS","Mauritius",2020,0.674881291428767
"MUS","Mauritius",2021,0.674881291428767
"MUS","Mauritius",2022,0.674881291428767
"MEX","Mexico",1995,0.488140938023494
"MEX","Mexico",1996,0.488140938023494
"MEX","Mexico",1997,0.488140938023494
"MEX","Mexico",1998,0.488140938023494
"MEX","Mexico",1999,0.488140938023494
"MEX","Mexico",2000,0.488140938023494
"MEX","Mexico",2001,0.488140938023494
"MEX","Mexico",2002,0.488140938023494
"MEX","Mexico",2003,0.488140938023494
"MEX","Mexico",2004,0.488140938023494
"MEX","Mexico",2005,0.549292161630976
"MEX","Mexico",2006,0.756454887369034
"MEX","Mexico",2007,0.764098790319969
"MEX","Mexico",2008,0.769604991598184
"MEX","Mexico",2009,0.771483577916635
"MEX","Mexico",2010,0.840537819829321
"MEX","Mexico",2011,0.840343483313619
"MEX","Mexico",2012,0.845137117367596
"MEX","Mexico",2013,0.854983500829817
"MEX","Mexico",2014,0.446552923663321
"MEX","Mexico",2015,0.433467598272737
"MEX","Mexico",2016,0.415394302312476
"MEX","Mexico",2017,0.429775204474405
"MEX","Mexico",2018,0.423200152359828
"MEX","Mexico",2019,0.411734635323209
"MEX","Mexico",2020,0.401713990037447
"MEX","Mexico",2021,0.401713990037447
"MEX","Mexico",2022,0.401713990037447
"FSM","Micronesia, Federated States of",1995,0.312849400860522
"FSM","Micronesia, Federated States of",1996,0.312849400860522
"FSM","Micronesia, Federated States of",1997,0.312849400860522
"FSM","Micronesia, Federated States of",1998,0.312849400860522
"FSM","Micronesia, Federated States of",1999,0.312849400860522
"FSM","Micronesia, Federated States of",2000,0.312849400860522
"FSM","Micronesia, Federated States of",2001,0.312849400860522
"FSM","Micronesia, Federated States of",2002,0.312849400860522
"FSM","Micronesia, Federated States of",2003,0.312849400860522
"FSM","Micronesia, Federated States of",2004,0.312849400860522
"FSM","Micronesia, Federated States of",2005,0.314112588212584
"FSM","Micronesia, Federated States of",2006,0.337271023000374
"FSM","Micronesia, Federated States of",2007,0.354340246962844
"FSM","Micronesia, Federated States of",2008,0.353660069157888
"FSM","Micronesia, Federated States of",2009,0.34714979588188
"FSM","Micronesia, Federated States of",2010,0.346663954592625
"FSM","Micronesia, Federated States of",2011,0.345918997949102
"FSM","Micronesia, Federated States of",2012,0.341902709957932
"FSM","Micronesia, Federated States of",2013,0.348477762072509
"FSM","Micronesia, Federated States of",2014,0.343748906857099
"FSM","Micronesia, Federated States of",2015,0.354566972897829
"FSM","Micronesia, Federated States of",2016,0.351457588646602
"FSM","Micronesia, Federated States of",2017,0.345044483628444
"FSM","Micronesia, Federated States of",2018,0.340995806217991
"FSM","Micronesia, Federated States of",2019,0.33391956157898
"FSM","Micronesia, Federated States of",2020,0.324221123537132
"FSM","Micronesia, Federated States of",2021,0.324221123537132
"FSM","Micronesia, Federated States of",2022,0.324221123537132
"MDA","Moldova, Republic of",1995,0.434989900979068
"MDA","Moldova, Republic of",1996,0.434989900979068
"MDA","Moldova, Republic of",1997,0.434989900979068
"MDA","Moldova, Republic of",1998,0.434989900979068
"MDA","Moldova, Republic of",1999,0.434989900979068
"MDA","Moldova, Republic of",2000,0.434989900979068
"MDA","Moldova, Republic of",2001,0.434989900979068
"MDA","Moldova, Republic of",2002,0.434989900979068
"MDA","Moldova, Republic of",2003,0.434989900979068
"MDA","Moldova, Republic of",2004,0.434989900979068
"MDA","Moldova, Republic of",2005,0.453289922874315
"MDA","Moldova, Republic of",2006,0.362599548880169
"MDA","Moldova, Republic of",2007,0.366227163839934
"MDA","Moldova, Republic of",2008,0.372316374665256
"MDA","Moldova, Republic of",2009,0.366259553259218
"MDA","Moldova, Republic of",2010,0.365158313003574
"MDA","Moldova, Republic of",2011,0.363214947846557
"MDA","Moldova, Republic of",2012,0.356607506312698
"MDA","Moldova, Republic of",2013,0.372381153503823
"MDA","Moldova, Republic of",2014,0.383749839672375
"MDA","Moldova, Republic of",2015,0.378599922006279
"MDA","Moldova, Republic of",2016,0.421127229525677
"MDA","Moldova, Republic of",2017,0.436479814266114
"MDA","Moldova, Republic of",2018,0.437969727553161
"MDA","Moldova, Republic of",2019,0.444503112029387
"MDA","Moldova, Republic of",2020,0.434256921672883
"MDA","Moldova, Republic of",2021,0.434256921672883
"MDA","Moldova, Republic of",2022,0.434256921672883
"MCO","Monaco",1995,NA
"MCO","Monaco",1996,NA
"MCO","Monaco",1997,NA
"MCO","Monaco",1998,NA
"MCO","Monaco",1999,NA
"MCO","Monaco",2000,NA
"MCO","Monaco",2001,NA
"MCO","Monaco",2002,NA
"MCO","Monaco",2003,NA
"MCO","Monaco",2004,NA
"MCO","Monaco",2005,NA
"MCO","Monaco",2006,NA
"MCO","Monaco",2007,NA
"MCO","Monaco",2008,NA
"MCO","Monaco",2009,NA
"MCO","Monaco",2010,NA
"MCO","Monaco",2011,NA
"MCO","Monaco",2012,NA
"MCO","Monaco",2013,NA
"MCO","Monaco",2014,NA
"MCO","Monaco",2015,NA
"MCO","Monaco",2016,NA
"MCO","Monaco",2017,NA
"MCO","Monaco",2018,NA
"MCO","Monaco",2019,NA
"MCO","Monaco",2020,NA
"MCO","Monaco",2021,NA
"MCO","Monaco",2022,NA
"MNG","Mongolia",1995,0.396608439127973
"MNG","Mongolia",1996,0.396608439127973
"MNG","Mongolia",1997,0.396608439127973
"MNG","Mongolia",1998,0.396608439127973
"MNG","Mongolia",1999,0.396608439127973
"MNG","Mongolia",2000,0.396608439127973
"MNG","Mongolia",2001,0.396608439127973
"MNG","Mongolia",2002,0.396608439127973
"MNG","Mongolia",2003,0.396608439127973
"MNG","Mongolia",2004,0.396608439127973
"MNG","Mongolia",2005,0.424269003196188
"MNG","Mongolia",2006,0.363441673781543
"MNG","Mongolia",2007,0.362016539333063
"MNG","Mongolia",2008,0.361886981655928
"MNG","Mongolia",2009,0.371247523828896
"MNG","Mongolia",2010,0.332250663011413
"MNG","Mongolia",2011,0.323667466901252
"MNG","Mongolia",2012,0.327780923150272
"MNG","Mongolia",2013,0.371312302667463
"MNG","Mongolia",2014,0.4274107768667
"MNG","Mongolia",2015,0.426989714416012
"MNG","Mongolia",2016,0.488205716862061
"MNG","Mongolia",2017,0.49892661464494
"MNG","Mongolia",2018,0.494456874783801
"MNG","Mongolia",2019,0.508267925600208
"MNG","Mongolia",2020,0.50024496522672
"MNG","Mongolia",2021,0.50024496522672
"MNG","Mongolia",2022,0.50024496522672
"MNE","Montenegro",1995,0.479784467848319
"MNE","Montenegro",1996,0.479784467848319
"MNE","Montenegro",1997,0.479784467848319
"MNE","Montenegro",1998,0.479784467848319
"MNE","Montenegro",1999,0.479784467848319
"MNE","Montenegro",2000,0.479784467848319
"MNE","Montenegro",2001,0.479784467848319
"MNE","Montenegro",2002,0.479784467848319
"MNE","Montenegro",2003,0.479784467848319
"MNE","Montenegro",2004,0.479784467848319
"MNE","Montenegro",2005,0.540935691455801
"MNE","Montenegro",2006,0.748098417193859
"MNE","Montenegro",2007,0.41623642721385
"MNE","Montenegro",2008,0.415815364763162
"MNE","Montenegro",2009,0.400754284796278
"MNE","Montenegro",2010,0.374551244595826
"MNE","Montenegro",2011,0.386308603795781
"MNE","Montenegro",2012,0.397580121706482
"MNE","Montenegro",2013,0.418179792370867
"MNE","Montenegro",2014,0.472788353283056
"MNE","Montenegro",2015,0.46575984929851
"MNE","Montenegro",2016,0.453581427647867
"MNE","Montenegro",2017,0.458310282863277
"MNE","Montenegro",2018,0.473209415733744
"MNE","Montenegro",2019,0.477722678877046
"MNE","Montenegro",2020,0.471375196171916
"MNE","Montenegro",2021,0.471375196171916
"MNE","Montenegro",2022,0.471375196171916
"MAR","Morocco",1995,0.382227536966044
"MAR","Morocco",1996,0.382227536966044
"MAR","Morocco",1997,0.382227536966044
"MAR","Morocco",1998,0.382227536966044
"MAR","Morocco",1999,0.382227536966044
"MAR","Morocco",2000,0.382227536966044
"MAR","Morocco",2001,0.382227536966044
"MAR","Morocco",2002,0.382227536966044
"MAR","Morocco",2003,0.382227536966044
"MAR","Morocco",2004,0.382227536966044
"MAR","Morocco",2005,0.385239752959421
"MAR","Morocco",2006,0.405742255365955
"MAR","Morocco",2007,0.412284918061247
"MAR","Morocco",2008,0.417596782823762
"MAR","Morocco",2009,0.415847754182446
"MAR","Morocco",2010,0.402082250986905
"MAR","Morocco",2011,0.388575863145635
"MAR","Morocco",2012,0.408592524262914
"MAR","Morocco",2013,0.419572537400063
"MAR","Morocco",2014,0.481080044619665
"MAR","Morocco",2015,0.492805014400336
"MAR","Morocco",2016,0.482213674294591
"MAR","Morocco",2017,0.484772438417997
"MAR","Morocco",2018,0.494294927687382
"MAR","Morocco",2019,0.493543054553284
"MAR","Morocco",2020,0.514550966856555
"MAR","Morocco",2021,0.514550966856555
"MAR","Morocco",2022,0.514550966856555
"MOZ","Mozambique",1995,0.301577882949821
"MOZ","Mozambique",1996,0.301577882949821
"MOZ","Mozambique",1997,0.301577882949821
"MOZ","Mozambique",1998,0.301577882949821
"MOZ","Mozambique",1999,0.301577882949821
"MOZ","Mozambique",2000,0.301577882949821
"MOZ","Mozambique",2001,0.301577882949821
"MOZ","Mozambique",2002,0.301577882949821
"MOZ","Mozambique",2003,0.301577882949821
"MOZ","Mozambique",2004,0.301577882949821
"MOZ","Mozambique",2005,0.265625627544998
"MOZ","Mozambique",2006,0.240847721793027
"MOZ","Mozambique",2007,0.23381921780848
"MOZ","Mozambique",2008,0.231681516135761
"MOZ","Mozambique",2009,0.216328931395324
"MOZ","Mozambique",2010,0.227082218597486
"MOZ","Mozambique",2011,0.237446832768247
"MOZ","Mozambique",2012,0.206579716190953
"MOZ","Mozambique",2013,0.20735706225376
"MOZ","Mozambique",2014,0.260119426266783
"MOZ","Mozambique",2015,0.271909174886021
"MOZ","Mozambique",2016,0.295715398059485
"MOZ","Mozambique",2017,0.272880857464531
"MOZ","Mozambique",2018,0.29289751858181
"MOZ","Mozambique",2019,0.297898816047964
"MOZ","Mozambique",2020,0.294837847230769
"MOZ","Mozambique",2021,0.294837847230769
"MOZ","Mozambique",2022,0.294837847230769
"MMR","Myanmar",1995,0.402827207630429
"MMR","Myanmar",1996,0.402827207630429
"MMR","Myanmar",1997,0.402827207630429
"MMR","Myanmar",1998,0.402827207630429
"MMR","Myanmar",1999,0.402827207630429
"MMR","Myanmar",2000,0.402827207630429
"MMR","Myanmar",2001,0.402827207630429
"MMR","Myanmar",2002,0.402827207630429
"MMR","Myanmar",2003,0.402827207630429
"MMR","Myanmar",2004,0.402827207630429
"MMR","Myanmar",2005,0.463978431237911
"MMR","Myanmar",2006,0.671141156975968
"MMR","Myanmar",2007,0.678785059926903
"MMR","Myanmar",2008,0.68429126120512
"MMR","Myanmar",2009,0.68616984752357
"MMR","Myanmar",2010,0.755224089436255
"MMR","Myanmar",2011,0.755029752920553
"MMR","Myanmar",2012,0.75982338697453
"MMR","Myanmar",2013,0.170918965559683
"MMR","Myanmar",2014,0.191065184354096
"MMR","Myanmar",2015,0.211729633857049
"MMR","Myanmar",2016,0.254742782665701
"MMR","Myanmar",2017,0.262710579809472
"MMR","Myanmar",2018,0.267309877347748
"MMR","Myanmar",2019,0.263003771531947
"MMR","Myanmar",2020,0.296771090694261
"MMR","Myanmar",2021,0.296771090694261
"MMR","Myanmar",2022,0.296771090694261
"NAM","Namibia",1995,0.396802775643675
"NAM","Namibia",1996,0.396802775643675
"NAM","Namibia",1997,0.396802775643675
"NAM","Namibia",1998,0.396802775643675
"NAM","Namibia",1999,0.396802775643675
"NAM","Namibia",2000,0.396802775643675
"NAM","Namibia",2001,0.396802775643675
"NAM","Namibia",2002,0.396802775643675
"NAM","Namibia",2003,0.396802775643675
"NAM","Namibia",2004,0.396802775643675
"NAM","Namibia",2005,0.378502753748427
"NAM","Namibia",2006,0.380737623678998
"NAM","Namibia",2007,0.379960277616191
"NAM","Namibia",2008,0.369984336476835
"NAM","Namibia",2009,0.359166270436104
"NAM","Namibia",2010,0.348121478460388
"NAM","Namibia",2011,0.348963603361763
"NAM","Namibia",2012,0.344299526984921
"NAM","Namibia",2013,0.350485906068093
"NAM","Namibia",2014,0.384235680961629
"NAM","Namibia",2015,0.368721149124773
"NAM","Namibia",2016,0.392073920428267
"NAM","Namibia",2017,0.384915858766585
"NAM","Namibia",2018,0.38138541206467
"NAM","Namibia",2019,0.374487477926611
"NAM","Namibia",2020,0.369042175504444
"NAM","Namibia",2021,0.369042175504444
"NAM","Namibia",2022,0.369042175504444
"NRU","Nauru",1995,NA
"NRU","Nauru",1996,NA
"NRU","Nauru",1997,NA
"NRU","Nauru",1998,NA
"NRU","Nauru",1999,NA
"NRU","Nauru",2000,NA
"NRU","Nauru",2001,NA
"NRU","Nauru",2002,NA
"NRU","Nauru",2003,NA
"NRU","Nauru",2004,NA
"NRU","Nauru",2005,NA
"NRU","Nauru",2006,NA
"NRU","Nauru",2007,NA
"NRU","Nauru",2008,NA
"NRU","Nauru",2009,NA
"NRU","Nauru",2010,NA
"NRU","Nauru",2011,NA
"NRU","Nauru",2012,NA
"NRU","Nauru",2013,NA
"NRU","Nauru",2014,NA
"NRU","Nauru",2015,NA
"NRU","Nauru",2016,NA
"NRU","Nauru",2017,NA
"NRU","Nauru",2018,NA
"NRU","Nauru",2019,NA
"NRU","Nauru",2020,NA
"NRU","Nauru",2021,NA
"NRU","Nauru",2022,NA
"NPL","Nepal",1995,0.412835538189069
"NPL","Nepal",1996,0.412835538189069
"NPL","Nepal",1997,0.412835538189069
"NPL","Nepal",1998,0.412835538189069
"NPL","Nepal",1999,0.412835538189069
"NPL","Nepal",2000,0.412835538189069
"NPL","Nepal",2001,0.412835538189069
"NPL","Nepal",2002,0.412835538189069
"NPL","Nepal",2003,0.412835538189069
"NPL","Nepal",2004,0.412835538189069
"NPL","Nepal",2005,0.426082810676071
"NPL","Nepal",2006,0.407879957038675
"NPL","Nepal",2007,0.407685620522973
"NPL","Nepal",2008,0.403474996016101
"NPL","Nepal",2009,0.394729852809523
"NPL","Nepal",2010,0.381774085096073
"NPL","Nepal",2011,0.359878837660344
"NPL","Nepal",2012,0.366389110936353
"NPL","Nepal",2013,0.374745581111528
"NPL","Nepal",2014,0.405094466980283
"NPL","Nepal",2015,0.414746513926803
"NPL","Nepal",2016,0.470521093933203
"NPL","Nepal",2017,0.443022476961406
"NPL","Nepal",2018,0.43081166589148
"NPL","Nepal",2019,0.40284171539115
"NPL","Nepal",2020,0.391081150988244
"NPL","Nepal",2021,0.391081150988244
"NPL","Nepal",2022,0.391081150988244
"NLD","Netherlands",1995,0.468221445164065
"NLD","Netherlands",1996,0.468221445164065
"NLD","Netherlands",1997,0.468221445164065
"NLD","Netherlands",1998,0.468221445164065
"NLD","Netherlands",1999,0.468221445164065
"NLD","Netherlands",2000,0.468221445164065
"NLD","Netherlands",2001,0.468221445164065
"NLD","Netherlands",2002,0.468221445164065
"NLD","Netherlands",2003,0.468221445164065
"NLD","Netherlands",2004,0.468221445164065
"NLD","Netherlands",2005,0.484513323063728
"NLD","Netherlands",2006,0.547445964731809
"NLD","Netherlands",2007,0.568855370878284
"NLD","Netherlands",2008,0.59214336334321
"NLD","Netherlands",2009,0.580224057046836
"NLD","Netherlands",2010,0.582264590461705
"NLD","Netherlands",2011,0.580807066593941
"NLD","Netherlands",2012,0.581033792528927
"NLD","Netherlands",2013,0.614556841487478
"NLD","Netherlands",2014,0.681797275920281
"NLD","Netherlands",2015,0.674671603677883
"NLD","Netherlands",2016,0.621326230117755
"NLD","Netherlands",2017,0.618670297736498
"NLD","Netherlands",2018,0.613002149361864
"NLD","Netherlands",2019,0.604962319499165
"NLD","Netherlands",2020,0.597680435786681
"NLD","Netherlands",2021,0.597680435786681
"NLD","Netherlands",2022,0.597680435786681
"NZL","New Zealand",1995,0.518554602730817
"NZL","New Zealand",1996,0.518554602730817
"NZL","New Zealand",1997,0.518554602730817
"NZL","New Zealand",1998,0.518554602730817
"NZL","New Zealand",1999,0.518554602730817
"NZL","New Zealand",2000,0.518554602730817
"NZL","New Zealand",2001,0.518554602730817
"NZL","New Zealand",2002,0.518554602730817
"NZL","New Zealand",2003,0.518554602730817
"NZL","New Zealand",2004,0.518554602730817
"NZL","New Zealand",2005,0.568401919008314
"NZL","New Zealand",2006,0.708842441022106
"NZL","New Zealand",2007,0.722737501894782
"NZL","New Zealand",2008,0.729895563556462
"NZL","New Zealand",2009,0.730478573103567
"NZL","New Zealand",2010,0.742527437077076
"NZL","New Zealand",2011,0.736632562767456
"NZL","New Zealand",2012,0.743628677332719
"NZL","New Zealand",2013,0.746252220294692
"NZL","New Zealand",2014,0.792083248581019
"NZL","New Zealand",2015,0.787354393365611
"NZL","New Zealand",2016,0.749555941061621
"NZL","New Zealand",2017,0.748325143128844
"NZL","New Zealand",2018,0.745960715521139
"NZL","New Zealand",2019,0.7397416096289
"NZL","New Zealand",2020,0.731428662735887
"NZL","New Zealand",2021,0.731428662735887
"NZL","New Zealand",2022,0.731428662735887
"NIC","Nicaragua",1995,0.391069848430474
"NIC","Nicaragua",1996,0.391069848430474
"NIC","Nicaragua",1997,0.391069848430474
"NIC","Nicaragua",1998,0.391069848430474
"NIC","Nicaragua",1999,0.391069848430474
"NIC","Nicaragua",2000,0.391069848430474
"NIC","Nicaragua",2001,0.391069848430474
"NIC","Nicaragua",2002,0.391069848430474
"NIC","Nicaragua",2003,0.391069848430474
"NIC","Nicaragua",2004,0.391069848430474
"NIC","Nicaragua",2005,0.36833247609337
"NIC","Nicaragua",2006,0.284087596536664
"NIC","Nicaragua",2007,0.303780363461108
"NIC","Nicaragua",2008,0.298112215086473
"NIC","Nicaragua",2009,0.289010788267776
"NIC","Nicaragua",2010,0.254483667311432
"NIC","Nicaragua",2011,0.249690033257456
"NIC","Nicaragua",2012,0.287844769173564
"NIC","Nicaragua",2013,0.303715584622541
"NIC","Nicaragua",2014,0.317092414786677
"NIC","Nicaragua",2015,0.33455031178055
"NIC","Nicaragua",2016,0.321691712324952
"NIC","Nicaragua",2017,0.326064283928241
"NIC","Nicaragua",2018,0.312655064344821
"NIC","Nicaragua",2019,0.301733082250555
"NIC","Nicaragua",2020,0.289908076398866
"NIC","Nicaragua",2021,0.289908076398866
"NIC","Nicaragua",2022,0.289908076398866
"NER","Niger",1995,0.307407978420873
"NER","Niger",1996,0.307407978420873
"NER","Niger",1997,0.307407978420873
"NER","Niger",1998,0.307407978420873
"NER","Niger",1999,0.307407978420873
"NER","Niger",2000,0.307407978420873
"NER","Niger",2001,0.307407978420873
"NER","Niger",2002,0.307407978420873
"NER","Niger",2003,0.307407978420873
"NER","Niger",2004,0.307407978420873
"NER","Niger",2005,0.297205311346532
"NER","Niger",2006,0.168133475501291
"NER","Niger",2007,0.185202699463761
"NER","Niger",2008,0.186271550300121
"NER","Niger",2009,0.17759118593211
"NER","Niger",2010,0.144035747554275
"NER","Niger",2011,0.146238228065561
"NER","Niger",2012,0.147209910644071
"NER","Niger",2013,0.172765162458849
"NER","Niger",2014,0.18429579572382
"NER","Niger",2015,0.177915080124946
"NER","Niger",2016,0.249787201515307
"NER","Niger",2017,0.271164218242499
"NER","Niger",2018,0.328169596181676
"NER","Niger",2019,0.344328879896147
"NER","Niger",2020,0.344425542069321
"NER","Niger",2021,0.344425542069321
"NER","Niger",2022,0.344425542069321
"NGA","Nigeria",1995,0.453063196939329
"NGA","Nigeria",1996,0.453063196939329
"NGA","Nigeria",1997,0.453063196939329
"NGA","Nigeria",1998,0.453063196939329
"NGA","Nigeria",1999,0.453063196939329
"NGA","Nigeria",2000,0.453063196939329
"NGA","Nigeria",2001,0.453063196939329
"NGA","Nigeria",2002,0.453063196939329
"NGA","Nigeria",2003,0.453063196939329
"NGA","Nigeria",2004,0.453063196939329
"NGA","Nigeria",2005,0.514214420546811
"NGA","Nigeria",2006,0.721377146284868
"NGA","Nigeria",2007,0.729021049235804
"NGA","Nigeria",2008,0.73452725051402
"NGA","Nigeria",2009,0.73640583683247
"NGA","Nigeria",2010,0.805460078745157
"NGA","Nigeria",2011,0.805265742229455
"NGA","Nigeria",2012,0.81005937628343
"NGA","Nigeria",2013,0.819905759745653
"NGA","Nigeria",2014,0.167971528404873
"NGA","Nigeria",2015,0.169493831111204
"NGA","Nigeria",2016,0.224782569828349
"NGA","Nigeria",2017,0.220669113579328
"NGA","Nigeria",2018,0.227308944532472
"NGA","Nigeria",2019,0.239901512143226
"NGA","Nigeria",2020,0.271638925668874
"NGA","Nigeria",2021,0.271638925668874
"NGA","Nigeria",2022,0.271638925668874
"NOR","Norway",1995,0.51000379603994
"NOR","Norway",1996,0.51000379603994
"NOR","Norway",1997,0.51000379603994
"NOR","Norway",1998,0.51000379603994
"NOR","Norway",1999,0.51000379603994
"NOR","Norway",2000,0.51000379603994
"NOR","Norway",2001,0.51000379603994
"NOR","Norway",2002,0.51000379603994
"NOR","Norway",2003,0.51000379603994
"NOR","Norway",2004,0.51000379603994
"NOR","Norway",2005,0.549616055823812
"NOR","Norway",2006,0.684356040043687
"NOR","Norway",2007,0.697603312530689
"NOR","Norway",2008,0.702882787873919
"NOR","Norway",2009,0.690769145061845
"NOR","Norway",2010,0.727757861883743
"NOR","Norway",2011,0.720016790674956
"NOR","Norway",2012,0.726980515820936
"NOR","Norway",2013,0.771548356755203
"NOR","Norway",2014,0.819646644391384
"NOR","Norway",2015,0.822270187353356
"NOR","Norway",2016,0.786026427174982
"NOR","Norway",2017,0.782107307441663
"NOR","Norway",2018,0.779742879833959
"NOR","Norway",2019,0.77193011329603
"NOR","Norway",2020,0.766291486527513
"NOR","Norway",2021,0.766291486527513
"NOR","Norway",2022,0.766291486527513
"OMN","Oman",1995,0.422649532232007
"OMN","Oman",1996,0.422649532232007
"OMN","Oman",1997,0.422649532232007
"OMN","Oman",1998,0.422649532232007
"OMN","Oman",1999,0.422649532232007
"OMN","Oman",2000,0.422649532232007
"OMN","Oman",2001,0.422649532232007
"OMN","Oman",2002,0.422649532232007
"OMN","Oman",2003,0.422649532232007
"OMN","Oman",2004,0.422649532232007
"OMN","Oman",2005,0.437548665102474
"OMN","Oman",2006,0.532093379991372
"OMN","Oman",2007,0.539899230038724
"OMN","Oman",2008,0.540482239585831
"OMN","Oman",2009,0.556579780969791
"OMN","Oman",2010,0.592337699858912
"OMN","Oman",2011,0.586701940903561
"OMN","Oman",2012,0.596613103204351
"OMN","Oman",2013,0.615625692323838
"OMN","Oman",2014,0.655173173269141
"OMN","Oman",2015,0.648403784638864
"OMN","Oman",2016,0.612419139814759
"OMN","Oman",2017,0.627221104427374
"OMN","Oman",2018,0.632856863382725
"OMN","Oman",2019,0.633960971451534
"OMN","Oman",2020,0.63450872376619
"OMN","Oman",2021,0.63450872376619
"OMN","Oman",2022,0.63450872376619
"PAK","Pakistan",1995,0.457921609831873
"PAK","Pakistan",1996,0.457921609831873
"PAK","Pakistan",1997,0.457921609831873
"PAK","Pakistan",1998,0.457921609831873
"PAK","Pakistan",1999,0.457921609831873
"PAK","Pakistan",2000,0.457921609831873
"PAK","Pakistan",2001,0.457921609831873
"PAK","Pakistan",2002,0.457921609831873
"PAK","Pakistan",2003,0.457921609831873
"PAK","Pakistan",2004,0.457921609831873
"PAK","Pakistan",2005,0.519072833439355
"PAK","Pakistan",2006,0.726235559177412
"PAK","Pakistan",2007,0.733879462128348
"PAK","Pakistan",2008,0.739385663406564
"PAK","Pakistan",2009,0.741264249725014
"PAK","Pakistan",2010,0.810318491637699
"PAK","Pakistan",2011,0.810124155121998
"PAK","Pakistan",2012,0.814917789175974
"PAK","Pakistan",2013,0.824764172638196
"PAK","Pakistan",2014,0.29584495573662
"PAK","Pakistan",2015,0.289788134330582
"PAK","Pakistan",2016,0.288460168139953
"PAK","Pakistan",2017,0.283375029312425
"PAK","Pakistan",2018,0.27994175086836
"PAK","Pakistan",2019,0.285719382227969
"PAK","Pakistan",2020,0.342202312086307
"PAK","Pakistan",2021,0.342202312086307
"PAK","Pakistan",2022,0.342202312086307
"PLW","Palau",1995,0.379215320972667
"PLW","Palau",1996,0.379215320972667
"PLW","Palau",1997,0.379215320972667
"PLW","Palau",1998,0.379215320972667
"PLW","Palau",1999,0.379215320972667
"PLW","Palau",2000,0.379215320972667
"PLW","Palau",2001,0.379215320972667
"PLW","Palau",2002,0.379215320972667
"PLW","Palau",2003,0.379215320972667
"PLW","Palau",2004,0.379215320972667
"PLW","Palau",2005,0.411993413287695
"PLW","Palau",2006,0.418179792370867
"PLW","Palau",2007,0.406519601428762
"PLW","Palau",2008,0.411021730709186
"PLW","Palau",2009,0.398778530219976
"PLW","Palau",2010,0.385952320183661
"PLW","Palau",2011,0.376267883817857
"PLW","Palau",2012,0.373579562017317
"PLW","Palau",2013,0.373806287952302
"PLW","Palau",2014,0.401855525051921
"PLW","Palau",2015,0.39317516068391
"PLW","Palau",2016,0.387409844051424
"PLW","Palau",2017,0.383847007930225
"PLW","Palau",2018,0.388122411275664
"PLW","Palau",2019,0.377902874712112
"PLW","Palau",2020,0.375003009516875
"PLW","Palau",2021,0.375003009516875
"PLW","Palau",2022,0.375003009516875
"PAN","Panama",1995,0.37620310497929
"PAN","Panama",1996,0.37620310497929
"PAN","Panama",1997,0.37620310497929
"PAN","Panama",1998,0.37620310497929
"PAN","Panama",1999,0.37620310497929
"PAN","Panama",2000,0.37620310497929
"PAN","Panama",2001,0.37620310497929
"PAN","Panama",2002,0.37620310497929
"PAN","Panama",2003,0.37620310497929
"PAN","Panama",2004,0.37620310497929
"PAN","Panama",2005,0.366518668613487
"PAN","Panama",2006,0.374259739822273
"PAN","Panama",2007,0.374389297499407
"PAN","Panama",2008,0.370308230669671
"PAN","Panama",2009,0.369401326929729
"PAN","Panama",2010,0.404187563240341
"PAN","Panama",2011,0.409240312648587
"PAN","Panama",2012,0.406713937944463
"PAN","Panama",2013,0.425208296355414
"PAN","Panama",2014,0.467703214455527
"PAN","Panama",2015,0.460836657567399
"PAN","Panama",2016,0.40444667859461
"PAN","Panama",2017,0.400624727119143
"PAN","Panama",2018,0.393304718361044
"PAN","Panama",2019,0.39311105662491
"PAN","Panama",2020,0.3825104383001
"PAN","Panama",2021,0.3825104383001
"PAN","Panama",2022,0.3825104383001
"PNG","Papua New Guinea",1995,0.355603434314906
"PNG","Papua New Guinea",1996,0.355603434314906
"PNG","Papua New Guinea",1997,0.355603434314906
"PNG","Papua New Guinea",1998,0.355603434314906
"PNG","Papua New Guinea",1999,0.355603434314906
"PNG","Papua New Guinea",2000,0.355603434314906
"PNG","Papua New Guinea",2001,0.355603434314906
"PNG","Papua New Guinea",2002,0.355603434314906
"PNG","Papua New Guinea",2003,0.355603434314906
"PNG","Papua New Guinea",2004,0.355603434314906
"PNG","Papua New Guinea",2005,0.351749093420155
"PNG","Papua New Guinea",2006,0.327651365473138
"PNG","Papua New Guinea",2007,0.331926768818577
"PNG","Papua New Guinea",2008,0.323440740966268
"PNG","Papua New Guinea",2009,0.31641223698172
"PNG","Papua New Guinea",2010,0.336590845195419
"PNG","Papua New Guinea",2011,0.324963043672597
"PNG","Papua New Guinea",2012,0.319845515425785
"PNG","Papua New Guinea",2013,0.322274721872057
"PNG","Papua New Guinea",2014,0.342615277182172
"PNG","Papua New Guinea",2015,0.328849773986632
"PNG","Papua New Guinea",2016,0.354599362317113
"PNG","Papua New Guinea",2017,0.354696530574964
"PNG","Papua New Guinea",2018,0.350777410841645
"PNG","Papua New Guinea",2019,0.334662662578691
"PNG","Papua New Guinea",2020,0.324964224536842
"PNG","Papua New Guinea",2021,0.324964224536842
"PNG","Papua New Guinea",2022,0.324964224536842
"PRY","Paraguay",1995,0.359295828113239
"PRY","Paraguay",1996,0.359295828113239
"PRY","Paraguay",1997,0.359295828113239
"PRY","Paraguay",1998,0.359295828113239
"PRY","Paraguay",1999,0.359295828113239
"PRY","Paraguay",2000,0.359295828113239
"PRY","Paraguay",2001,0.359295828113239
"PRY","Paraguay",2002,0.359295828113239
"PRY","Paraguay",2003,0.359295828113239
"PRY","Paraguay",2004,0.359295828113239
"PRY","Paraguay",2005,0.363765567974379
"PRY","Paraguay",2006,0.297788320893637
"PRY","Paraguay",2007,0.306533464100216
"PRY","Paraguay",2008,0.351781482839438
"PRY","Paraguay",2009,0.343295454987129
"PRY","Paraguay",2010,0.340509964928738
"PRY","Paraguay",2011,0.353012280772215
"PRY","Paraguay",2012,0.35654272747413
"PRY","Paraguay",2013,0.361627866301659
"PRY","Paraguay",2014,0.38809002185638
"PRY","Paraguay",2015,0.394762242228806
"PRY","Paraguay",2016,0.432593083952079
"PRY","Paraguay",2017,0.426179978933922
"PRY","Paraguay",2018,0.421677849653498
"PRY","Paraguay",2019,0.411637973150035
"PRY","Paraguay",2020,0.408544783608449
"PRY","Paraguay",2021,0.408544783608449
"PRY","Paraguay",2022,0.408544783608449
"PER","Peru",1995,0.394373569197403
"PER","Peru",1996,0.394373569197403
"PER","Peru",1997,0.394373569197403
"PER","Peru",1998,0.394373569197403
"PER","Peru",1999,0.394373569197403
"PER","Peru",2000,0.394373569197403
"PER","Peru",2001,0.394373569197403
"PER","Peru",2002,0.394373569197403
"PER","Peru",2003,0.394373569197403
"PER","Peru",2004,0.394373569197403
"PER","Peru",2005,0.387798517082828
"PER","Peru",2006,0.417629172243045
"PER","Peru",2007,0.405029688141715
"PER","Peru",2008,0.402600481695443
"PER","Peru",2009,0.380284171809027
"PER","Peru",2010,0.39210630984755
"PER","Peru",2011,0.417370056888776
"PER","Peru",2012,0.428123344090939
"PER","Peru",2013,0.440658049353702
"PER","Peru",2014,0.460512763374563
"PER","Peru",2015,0.455006562096348
"PER","Peru",2016,0.442147962640748
"PER","Peru",2017,0.437678222779609
"PER","Peru",2018,0.441953626125046
"PER","Peru",2019,0.435706854270502
"PER","Peru",2020,0.424494042182252
"PER","Peru",2021,0.424494042182252
"PER","Peru",2022,0.424494042182252
"PHL","Philippines",1995,0.321108702777846
"PHL","Philippines",1996,0.321108702777846
"PHL","Philippines",1997,0.321108702777846
"PHL","Philippines",1998,0.321108702777846
"PHL","Philippines",1999,0.321108702777846
"PHL","Philippines",2000,0.321108702777846
"PHL","Philippines",2001,0.321108702777846
"PHL","Philippines",2002,0.321108702777846
"PHL","Philippines",2003,0.321108702777846
"PHL","Philippines",2004,0.321108702777846
"PHL","Philippines",2005,0.307181252485889
"PHL","Philippines",2006,0.298533277537161
"PHL","Philippines",2007,0.2861929087901
"PHL","Philippines",2008,0.273172362238083
"PHL","Philippines",2009,0.26983625205187
"PHL","Philippines",2010,0.27841944816203
"PHL","Philippines",2011,0.28807149510855
"PHL","Philippines",2012,0.306954526550903
"PHL","Philippines",2013,0.317966929107335
"PHL","Philippines",2014,0.345238820144146
"PHL","Philippines",2015,0.333934912814161
"PHL","Philippines",2016,0.313885862277598
"PHL","Philippines",2017,0.321367818132115
"PHL","Philippines",2018,0.316930467690258
"PHL","Philippines",2019,0.314041398968117
"PHL","Philippines",2020,0.325350873229541
"PHL","Philippines",2021,0.325350873229541
"PHL","Philippines",2022,0.325350873229541
"POL","Poland",1995,0.365223091842141
"POL","Poland",1996,0.365223091842141
"POL","Poland",1997,0.365223091842141
"POL","Poland",1998,0.365223091842141
"POL","Poland",1999,0.365223091842141
"POL","Poland",2000,0.365223091842141
"POL","Poland",2001,0.365223091842141
"POL","Poland",2002,0.365223091842141
"POL","Poland",2003,0.365223091842141
"POL","Poland",2004,0.365223091842141
"POL","Poland",2005,0.353465732642186
"POL","Poland",2006,0.337756864289629
"POL","Poland",2007,0.339797397704497
"POL","Poland",2008,0.345012094209161
"POL","Poland",2009,0.335100931908371
"POL","Poland",2010,0.333351903267056
"POL","Poland",2011,0.349417055231733
"POL","Poland",2012,0.358032640761177
"POL","Poland",2013,0.421192008364244
"POL","Poland",2014,0.511526098746271
"POL","Poland",2015,0.515477607898872
"POL","Poland",2016,0.507315474239399
"POL","Poland",2017,0.520141684275715
"POL","Poland",2018,0.515380439641022
"POL","Poland",2019,0.47972036378932
"POL","Poland",2020,0.470924106030436
"POL","Poland",2021,0.470924106030436
"POL","Poland",2022,0.470924106030436
"PRT","Portugal",1995,0.41069783651635
"PRT","Portugal",1996,0.41069783651635
"PRT","Portugal",1997,0.41069783651635
"PRT","Portugal",1998,0.41069783651635
"PRT","Portugal",1999,0.41069783651635
"PRT","Portugal",2000,0.41069783651635
"PRT","Portugal",2001,0.41069783651635
"PRT","Portugal",2002,0.41069783651635
"PRT","Portugal",2003,0.41069783651635
"PRT","Portugal",2004,0.41069783651635
"PRT","Portugal",2005,0.393045603006775
"PRT","Portugal",2006,0.43162140137357
"PRT","Portugal",2007,0.474083930054402
"PRT","Portugal",2008,0.492610677884634
"PRT","Portugal",2009,0.480950486942529
"PRT","Portugal",2010,0.50741264249725
"PRT","Portugal",2011,0.524060804009033
"PRT","Portugal",2012,0.564450409855712
"PRT","Portugal",2013,0.589552209800521
"PRT","Portugal",2014,0.628192787005883
"PRT","Portugal",2015,0.615398966388852
"PRT","Portugal",2016,0.582329369300272
"PRT","Portugal",2017,0.593050267083151
"PRT","Portugal",2018,0.582912378847377
"PRT","Portugal",2019,0.568101810795264
"PRT","Portugal",2020,0.558757800721722
"PRT","Portugal",2021,0.558757800721722
"PRT","Portugal",2022,0.558757800721722
"QAT","Qatar",1995,0.48542022680367
"QAT","Qatar",1996,0.48542022680367
"QAT","Qatar",1997,0.48542022680367
"QAT","Qatar",1998,0.48542022680367
"QAT","Qatar",1999,0.48542022680367
"QAT","Qatar",2000,0.48542022680367
"QAT","Qatar",2001,0.48542022680367
"QAT","Qatar",2002,0.48542022680367
"QAT","Qatar",2003,0.48542022680367
"QAT","Qatar",2004,0.48542022680367
"QAT","Qatar",2005,0.546571450411151
"QAT","Qatar",2006,0.753734176149209
"QAT","Qatar",2007,0.761378079100144
"QAT","Qatar",2008,0.549745613500947
"QAT","Qatar",2009,0.545211094801239
"QAT","Qatar",2010,0.573163163643006
"QAT","Qatar",2011,0.550328623048052
"QAT","Qatar",2012,0.553826680330683
"QAT","Qatar",2013,0.580062109950419
"QAT","Qatar",2014,0.613164096458281
"QAT","Qatar",2015,0.608402851823589
"QAT","Qatar",2016,0.611868519686937
"QAT","Qatar",2017,0.628711017714421
"QAT","Qatar",2018,0.624306056691849
"QAT","Qatar",2019,0.618752789538735
"QAT","Qatar",2020,0.657224334462213
"QAT","Qatar",2021,0.657224334462213
"QAT","Qatar",2022,0.657224334462213
"ROU","Romania",1995,0.429354142023717
"ROU","Romania",1996,0.429354142023717
"ROU","Romania",1997,0.429354142023717
"ROU","Romania",1998,0.429354142023717
"ROU","Romania",1999,0.429354142023717
"ROU","Romania",2000,0.429354142023717
"ROU","Romania",2001,0.429354142023717
"ROU","Romania",2002,0.429354142023717
"ROU","Romania",2003,0.429354142023717
"ROU","Romania",2004,0.429354142023717
"ROU","Romania",2005,0.432139632082108
"ROU","Romania",2006,0.401240126085531
"ROU","Romania",2007,0.451767620167985
"ROU","Romania",2008,0.456399307125543
"ROU","Romania",2009,0.453937711259988
"ROU","Romania",2010,0.393499054876746
"ROU","Romania",2011,0.371117966151761
"ROU","Romania",2012,0.357676357149058
"ROU","Romania",2013,0.379571604584787
"ROU","Romania",2014,0.414649345668952
"ROU","Romania",2015,0.440690438772986
"ROU","Romania",2016,0.421969354427051
"ROU","Romania",2017,0.416625100245253
"ROU","Romania",2018,0.420511830559287
"ROU","Romania",2019,0.398717462669036
"ROU","Romania",2020,0.421207528294317
"ROU","Romania",2021,0.421207528294317
"ROU","Romania",2022,0.421207528294317
"RUS","Russian Federation",1995,0.489015452344152
"RUS","Russian Federation",1996,0.489015452344152
"RUS","Russian Federation",1997,0.489015452344152
"RUS","Russian Federation",1998,0.489015452344152
"RUS","Russian Federation",1999,0.489015452344152
"RUS","Russian Federation",2000,0.489015452344152
"RUS","Russian Federation",2001,0.489015452344152
"RUS","Russian Federation",2002,0.489015452344152
"RUS","Russian Federation",2003,0.489015452344152
"RUS","Russian Federation",2004,0.489015452344152
"RUS","Russian Federation",2005,0.550166675951633
"RUS","Russian Federation",2006,0.757329401689691
"RUS","Russian Federation",2007,0.764973304640626
"RUS","Russian Federation",2008,0.770479505918843
"RUS","Russian Federation",2009,0.772358092237292
"RUS","Russian Federation",2010,0.841412334149979
"RUS","Russian Federation",2011,0.841217997634276
"RUS","Russian Federation",2012,0.846011631688253
"RUS","Russian Federation",2013,0.855858015150474
"RUS","Russian Federation",2014,0.515769112672426
"RUS","Russian Federation",2015,0.563284390761502
"RUS","Russian Federation",2016,0.624176499014714
"RUS","Russian Federation",2017,0.6429947516185
"RUS","Russian Federation",2018,0.645650683999756
"RUS","Russian Federation",2019,0.670757038706652
"RUS","Russian Federation",2020,0.682646486007124
"RUS","Russian Federation",2021,0.682646486007124
"RUS","Russian Federation",2022,0.682646486007124
"RWA","Rwanda",1995,0.355603434314906
"RWA","Rwanda",1996,0.355603434314906
"RWA","Rwanda",1997,0.355603434314906
"RWA","Rwanda",1998,0.355603434314906
"RWA","Rwanda",1999,0.355603434314906
"RWA","Rwanda",2000,0.355603434314906
"RWA","Rwanda",2001,0.355603434314906
"RWA","Rwanda",2002,0.355603434314906
"RWA","Rwanda",2003,0.355603434314906
"RWA","Rwanda",2004,0.355603434314906
"RWA","Rwanda",2005,0.322760563161311
"RWA","Rwanda",2006,0.249366139064619
"RWA","Rwanda",2007,0.252216407961579
"RWA","Rwanda",2008,0.267828108056286
"RWA","Rwanda",2009,0.31997507310292
"RWA","Rwanda",2010,0.372186816988121
"RWA","Rwanda",2011,0.385239752959421
"RWA","Rwanda",2012,0.370988408474627
"RWA","Rwanda",2013,0.365546986034978
"RWA","Rwanda",2014,0.436641761362533
"RWA","Rwanda",2015,0.43045538227936
"RWA","Rwanda",2016,0.482408010810292
"RWA","Rwanda",2017,0.490051913761228
"RWA","Rwanda",2018,0.509291228815701
"RWA","Rwanda",2019,0.510040065441743
"RWA","Rwanda",2020,0.538523185803848
"RWA","Rwanda",2021,0.538523185803848
"RWA","Rwanda",2022,0.538523185803848
"KNA","Saint Kitts and Nevis",1995,0.497469090777178
"KNA","Saint Kitts and Nevis",1996,0.497469090777178
"KNA","Saint Kitts and Nevis",1997,0.497469090777178
"KNA","Saint Kitts and Nevis",1998,0.497469090777178
"KNA","Saint Kitts and Nevis",1999,0.497469090777178
"KNA","Saint Kitts and Nevis",2000,0.497469090777178
"KNA","Saint Kitts and Nevis",2001,0.497469090777178
"KNA","Saint Kitts and Nevis",2002,0.497469090777178
"KNA","Saint Kitts and Nevis",2003,0.497469090777178
"KNA","Saint Kitts and Nevis",2004,0.497469090777178
"KNA","Saint Kitts and Nevis",2005,0.55862031438466
"KNA","Saint Kitts and Nevis",2006,0.463136306336536
"KNA","Saint Kitts and Nevis",2007,0.462780022724416
"KNA","Saint Kitts and Nevis",2008,0.461128162340952
"KNA","Saint Kitts and Nevis",2009,0.459800196150323
"KNA","Saint Kitts and Nevis",2010,0.488529611054897
"KNA","Saint Kitts and Nevis",2011,0.482051727198173
"KNA","Saint Kitts and Nevis",2012,0.463071527497969
"KNA","Saint Kitts and Nevis",2013,0.456334528286975
"KNA","Saint Kitts and Nevis",2014,0.482019337778889
"KNA","Saint Kitts and Nevis",2015,0.470974545803173
"KNA","Saint Kitts and Nevis",2016,0.451735230748702
"KNA","Saint Kitts and Nevis",2017,0.448496288820338
"KNA","Saint Kitts and Nevis",2018,0.441370616577941
"KNA","Saint Kitts and Nevis",2019,0.432437547261561
"KNA","Saint Kitts and Nevis",2020,0.426476713249129
"KNA","Saint Kitts and Nevis",2021,0.426476713249129
"KNA","Saint Kitts and Nevis",2022,0.426476713249129
"LCA","Saint Lucia",1995,0.49776059555073
"LCA","Saint Lucia",1996,0.49776059555073
"LCA","Saint Lucia",1997,0.49776059555073
"LCA","Saint Lucia",1998,0.49776059555073
"LCA","Saint Lucia",1999,0.49776059555073
"LCA","Saint Lucia",2000,0.49776059555073
"LCA","Saint Lucia",2001,0.49776059555073
"LCA","Saint Lucia",2002,0.49776059555073
"LCA","Saint Lucia",2003,0.49776059555073
"LCA","Saint Lucia",2004,0.49776059555073
"LCA","Saint Lucia",2005,0.558911819158211
"LCA","Saint Lucia",2006,0.440949554127255
"LCA","Saint Lucia",2007,0.444026548959199
"LCA","Saint Lucia",2008,0.452609745069359
"LCA","Saint Lucia",2009,0.455330456289183
"LCA","Saint Lucia",2010,0.472496848509504
"LCA","Saint Lucia",2011,0.463784094722209
"LCA","Saint Lucia",2012,0.461387277695221
"LCA","Saint Lucia",2013,0.472399680251652
"LCA","Saint Lucia",2014,0.494586432460935
"LCA","Saint Lucia",2015,0.491574216467558
"LCA","Saint Lucia",2016,0.49552572562016
"LCA","Saint Lucia",2017,0.479395794816915
"LCA","Saint Lucia",2018,0.476513136500673
"LCA","Saint Lucia",2019,0.469506394157208
"LCA","Saint Lucia",2020,0.462643379861814
"LCA","Saint Lucia",2021,0.462643379861814
"LCA","Saint Lucia",2022,0.462643379861814
"VCT","Saint Vincent and the Grenadines",1995,0.495622893878011
"VCT","Saint Vincent and the Grenadines",1996,0.495622893878011
"VCT","Saint Vincent and the Grenadines",1997,0.495622893878011
"VCT","Saint Vincent and the Grenadines",1998,0.495622893878011
"VCT","Saint Vincent and the Grenadines",1999,0.495622893878011
"VCT","Saint Vincent and the Grenadines",2000,0.495622893878011
"VCT","Saint Vincent and the Grenadines",2001,0.495622893878011
"VCT","Saint Vincent and the Grenadines",2002,0.495622893878011
"VCT","Saint Vincent and the Grenadines",2003,0.495622893878011
"VCT","Saint Vincent and the Grenadines",2004,0.495622893878011
"VCT","Saint Vincent and the Grenadines",2005,0.556774117485493
"VCT","Saint Vincent and the Grenadines",2006,0.502748566120409
"VCT","Saint Vincent and the Grenadines",2007,0.503234407409662
"VCT","Saint Vincent and the Grenadines",2008,0.506732464692294
"VCT","Saint Vincent and the Grenadines",2009,0.504238479407455
"VCT","Saint Vincent and the Grenadines",2010,0.538150201397409
"VCT","Saint Vincent and the Grenadines",2011,0.538053033139559
"VCT","Saint Vincent and the Grenadines",2012,0.537243297657468
"VCT","Saint Vincent and the Grenadines",2013,0.496886081230073
"VCT","Saint Vincent and the Grenadines",2014,0.536789845787497
"VCT","Saint Vincent and the Grenadines",2015,0.532449663603491
"VCT","Saint Vincent and the Grenadines",2016,0.497987321485716
"VCT","Saint Vincent and the Grenadines",2017,0.485096332610833
"VCT","Saint Vincent and the Grenadines",2018,0.478326943980557
"VCT","Saint Vincent and the Grenadines",2019,0.471037975082604
"VCT","Saint Vincent and the Grenadines",2020,0.464722713101866
"VCT","Saint Vincent and the Grenadines",2021,0.464722713101866
"VCT","Saint Vincent and the Grenadines",2022,0.464722713101866
"WSM","Samoa",1995,0.390389670625517
"WSM","Samoa",1996,0.390389670625517
"WSM","Samoa",1997,0.390389670625517
"WSM","Samoa",1998,0.390389670625517
"WSM","Samoa",1999,0.390389670625517
"WSM","Samoa",2000,0.390389670625517
"WSM","Samoa",2001,0.390389670625517
"WSM","Samoa",2002,0.390389670625517
"WSM","Samoa",2003,0.390389670625517
"WSM","Samoa",2004,0.390389670625517
"WSM","Samoa",2005,0.38961232456271
"WSM","Samoa",2006,0.44681203901759
"WSM","Samoa",2007,0.445419293988394
"WSM","Samoa",2008,0.447200712048994
"WSM","Samoa",2009,0.435313795171904
"WSM","Samoa",2010,0.492805014400336
"WSM","Samoa",2011,0.516254953961679
"WSM","Samoa",2012,0.523477794461928
"WSM","Samoa",2013,0.53413391340624
"WSM","Samoa",2014,0.552466324720771
"WSM","Samoa",2015,0.542976224870669
"WSM","Samoa",2016,0.526263284520319
"WSM","Samoa",2017,0.522700448399121
"WSM","Samoa",2018,0.517356194217322
"WSM","Samoa",2019,0.508364587773383
"WSM","Samoa",2020,0.499181681321799
"WSM","Samoa",2021,0.499181681321799
"WSM","Samoa",2022,0.499181681321799
"SMR","San Marino",1995,0.445969914116216
"SMR","San Marino",1996,0.445969914116216
"SMR","San Marino",1997,0.445969914116216
"SMR","San Marino",1998,0.445969914116216
"SMR","San Marino",1999,0.445969914116216
"SMR","San Marino",2000,0.445969914116216
"SMR","San Marino",2001,0.445969914116216
"SMR","San Marino",2002,0.445969914116216
"SMR","San Marino",2003,0.445969914116216
"SMR","San Marino",2004,0.445969914116216
"SMR","San Marino",2005,0.507121137723698
"SMR","San Marino",2006,0.714283863461755
"SMR","San Marino",2007,0.721927766412691
"SMR","San Marino",2008,0.727433967690907
"SMR","San Marino",2009,0.729312554009357
"SMR","San Marino",2010,0.798366795922042
"SMR","San Marino",2011,0.798172459406341
"SMR","San Marino",2012,0.802966093460317
"SMR","San Marino",2013,0.521566818724194
"SMR","San Marino",2014,0.52671673639029
"SMR","San Marino",2015,0.535073206565465
"SMR","San Marino",2016,0.533324177924149
"SMR","San Marino",2017,0.545696936090494
"SMR","San Marino",2018,0.534522586437644
"SMR","San Marino",2019,0.513455462227243
"SMR","San Marino",2020,0.532916779759722
"SMR","San Marino",2021,0.532916779759722
"SMR","San Marino",2022,0.532916779759722
"STP","Sao Tome and Principe",1995,0.440625659934419
"STP","Sao Tome and Principe",1996,0.440625659934419
"STP","Sao Tome and Principe",1997,0.440625659934419
"STP","Sao Tome and Principe",1998,0.440625659934419
"STP","Sao Tome and Principe",1999,0.440625659934419
"STP","Sao Tome and Principe",2000,0.440625659934419
"STP","Sao Tome and Principe",2001,0.440625659934419
"STP","Sao Tome and Principe",2002,0.440625659934419
"STP","Sao Tome and Principe",2003,0.440625659934419
"STP","Sao Tome and Principe",2004,0.440625659934419
"STP","Sao Tome and Principe",2005,0.284767774341621
"STP","Sao Tome and Principe",2006,0.210563614762838
"STP","Sao Tome and Principe",2007,0.205510865354593
"STP","Sao Tome and Principe",2008,0.210174941731435
"STP","Sao Tome and Principe",2009,0.211891580953467
"STP","Sao Tome and Principe",2010,0.21370538843335
"STP","Sao Tome and Principe",2011,0.206741663287371
"STP","Sao Tome and Principe",2012,0.291861057164734
"STP","Sao Tome and Principe",2013,0.29066264865124
"STP","Sao Tome and Principe",2014,0.310646920349236
"STP","Sao Tome and Principe",2015,0.31641223698172
"STP","Sao Tome and Principe",2016,0.307148863066604
"STP","Sao Tome and Principe",2017,0.30290584914045
"STP","Sao Tome and Principe",2018,0.298533277537161
"STP","Sao Tome and Principe",2019,0.293431269220421
"STP","Sao Tome and Principe",2020,0.286761579271376
"STP","Sao Tome and Principe",2021,0.286761579271376
"STP","Sao Tome and Principe",2022,0.286761579271376
"SAU","Saudi Arabia",1995,0.32214979125482
"SAU","Saudi Arabia",1996,0.32214979125482
"SAU","Saudi Arabia",1997,0.32214979125482
"SAU","Saudi Arabia",1998,0.32214979125482
"SAU","Saudi Arabia",1999,0.32214979125482
"SAU","Saudi Arabia",2000,0.32214979125482
"SAU","Saudi Arabia",2001,0.32214979125482
"SAU","Saudi Arabia",2002,0.32214979125482
"SAU","Saudi Arabia",2003,0.32214979125482
"SAU","Saudi Arabia",2004,0.32214979125482
"SAU","Saudi Arabia",2005,0.360054665936455
"SAU","Saudi Arabia",2006,0.438899766592591
"SAU","Saudi Arabia",2007,0.454557737286274
"SAU","Saudi Arabia",2008,0.512895708475978
"SAU","Saudi Arabia",2009,0.521372482208492
"SAU","Saudi Arabia",2010,0.548209429614924
"SAU","Saudi Arabia",2011,0.548653627365099
"SAU","Saudi Arabia",2012,0.540139837153403
"SAU","Saudi Arabia",2013,0.573787816729191
"SAU","Saudi Arabia",2014,0.597182231571762
"SAU","Saudi Arabia",2015,0.602068406823692
"SAU","Saudi Arabia",2016,0.61269213634872
"SAU","Saudi Arabia",2017,0.609064521388955
"SAU","Saudi Arabia",2018,0.609323636743224
"SAU","Saudi Arabia",2019,0.599673517738328
"SAU","Saudi Arabia",2020,0.692027319765683
"SAU","Saudi Arabia",2021,0.692027319765683
"SAU","Saudi Arabia",2022,0.692027319765683
"SEN","Senegal",1995,0.318873832847277
"SEN","Senegal",1996,0.318873832847277
"SEN","Senegal",1997,0.318873832847277
"SEN","Senegal",1998,0.318873832847277
"SEN","Senegal",1999,0.318873832847277
"SEN","Senegal",2000,0.318873832847277
"SEN","Senegal",2001,0.318873832847277
"SEN","Senegal",2002,0.318873832847277
"SEN","Senegal",2003,0.318873832847277
"SEN","Senegal",2004,0.318873832847277
"SEN","Senegal",2005,0.279715024933375
"SEN","Senegal",2006,0.192101645771173
"SEN","Senegal",2007,0.201688913879126
"SEN","Senegal",2008,0.190806068999827
"SEN","Senegal",2009,0.260119426266783
"SEN","Senegal",2010,0.205219360581041
"SEN","Senegal",2011,0.185073141786626
"SEN","Senegal",2012,0.180894906699039
"SEN","Senegal",2013,0.182352430566802
"SEN","Senegal",2014,0.183356502564594
"SEN","Senegal",2015,0.198255635435061
"SEN","Senegal",2016,0.23900152489386
"SEN","Senegal",2017,0.228928415496653
"SEN","Senegal",2018,0.255487739309225
"SEN","Senegal",2019,0.255270797677981
"SEN","Senegal",2020,0.265065897893004
"SEN","Senegal",2021,0.265065897893004
"SEN","Senegal",2022,0.265065897893004
"SRB","Serbia",1995,0.320622861488592
"SRB","Serbia",1996,0.320622861488592
"SRB","Serbia",1997,0.320622861488592
"SRB","Serbia",1998,0.320622861488592
"SRB","Serbia",1999,0.320622861488592
"SRB","Serbia",2000,0.320622861488592
"SRB","Serbia",2001,0.320622861488592
"SRB","Serbia",2002,0.320622861488592
"SRB","Serbia",2003,0.320622861488592
"SRB","Serbia",2004,0.320622861488592
"SRB","Serbia",2005,0.293221412774646
"SRB","Serbia",2006,0.262321906778069
"SRB","Serbia",2007,0.289010788267776
"SRB","Serbia",2008,0.284249543633082
"SRB","Serbia",2009,0.280751486350451
"SRB","Serbia",2010,0.291828667745451
"SRB","Serbia",2011,0.29280035032396
"SRB","Serbia",2012,0.285059279115173
"SRB","Serbia",2013,0.322566226645609
"SRB","Serbia",2014,0.339084830480257
"SRB","Serbia",2015,0.316736131174557
"SRB","Serbia",2016,0.332542167784966
"SRB","Serbia",2017,0.425888474160369
"SRB","Serbia",2018,0.429192194927298
"SRB","Serbia",2019,0.430712641989816
"SRB","Serbia",2020,0.416406640359981
"SRB","Serbia",2021,0.416406640359981
"SRB","Serbia",2022,0.416406640359981
"SYC","Seychelles",1995,0.481144823458232
"SYC","Seychelles",1996,0.481144823458232
"SYC","Seychelles",1997,0.481144823458232
"SYC","Seychelles",1998,0.481144823458232
"SYC","Seychelles",1999,0.481144823458232
"SYC","Seychelles",2000,0.481144823458232
"SYC","Seychelles",2001,0.481144823458232
"SYC","Seychelles",2002,0.481144823458232
"SYC","Seychelles",2003,0.481144823458232
"SYC","Seychelles",2004,0.481144823458232
"SYC","Seychelles",2005,0.542296047065713
"SYC","Seychelles",2006,0.486780582413582
"SYC","Seychelles",2007,0.490051913761228
"SYC","Seychelles",2008,0.482634736745278
"SYC","Seychelles",2009,0.478197386303422
"SYC","Seychelles",2010,0.455427624547034
"SYC","Seychelles",2011,0.454974172677063
"SYC","Seychelles",2012,0.459346744280352
"SYC","Seychelles",2013,0.472075786058816
"SYC","Seychelles",2014,0.506538128176592
"SYC","Seychelles",2015,0.493161298012456
"SYC","Seychelles",2016,0.458990460668233
"SYC","Seychelles",2017,0.498861835806373
"SYC","Seychelles",2018,0.492966961496755
"SYC","Seychelles",2019,0.481943593772336
"SYC","Seychelles",2020,0.479333715096623
"SYC","Seychelles",2021,0.479333715096623
"SYC","Seychelles",2022,0.479333715096623
"SLE","Sierra Leone",1995,0.322469058387759
"SLE","Sierra Leone",1996,0.322469058387759
"SLE","Sierra Leone",1997,0.322469058387759
"SLE","Sierra Leone",1998,0.322469058387759
"SLE","Sierra Leone",1999,0.322469058387759
"SLE","Sierra Leone",2000,0.322469058387759
"SLE","Sierra Leone",2001,0.322469058387759
"SLE","Sierra Leone",2002,0.322469058387759
"SLE","Sierra Leone",2003,0.322469058387759
"SLE","Sierra Leone",2004,0.322469058387759
"SLE","Sierra Leone",2005,0.272718910368112
"SLE","Sierra Leone",2006,0.150222126637447
"SLE","Sierra Leone",2007,0.147501415417623
"SLE","Sierra Leone",2008,0.13085325390584
"SLE","Sierra Leone",2009,0.17250604710458
"SLE","Sierra Leone",2010,0.0941884312767782
"SLE","Sierra Leone",2011,0.11627801522821
"SLE","Sierra Leone",2012,0.145072208971351
"SLE","Sierra Leone",2013,0.154141246370765
"SLE","Sierra Leone",2014,0.189121819197079
"SLE","Sierra Leone",2015,0.198547140208614
"SLE","Sierra Leone",2016,0.233203818842092
"SLE","Sierra Leone",2017,0.246515870167661
"SLE","Sierra Leone",2018,0.236313203093319
"SLE","Sierra Leone",2019,0.230106411928203
"SLE","Sierra Leone",2020,0.223307839081592
"SLE","Sierra Leone",2021,0.223307839081592
"SLE","Sierra Leone",2022,0.223307839081592
"SGP","Singapore",1995,0.52555071729608
"SGP","Singapore",1996,0.52555071729608
"SGP","Singapore",1997,0.52555071729608
"SGP","Singapore",1998,0.52555071729608
"SGP","Singapore",1999,0.52555071729608
"SGP","Singapore",2000,0.52555071729608
"SGP","Singapore",2001,0.52555071729608
"SGP","Singapore",2002,0.52555071729608
"SGP","Singapore",2003,0.52555071729608
"SGP","Singapore",2004,0.52555071729608
"SGP","Singapore",2005,0.55612632909982
"SGP","Singapore",2006,0.716842627585162
"SGP","Singapore",2007,0.732389548841301
"SGP","Singapore",2008,0.729798395298612
"SGP","Singapore",2009,0.712599613659007
"SGP","Singapore",2010,0.758009579494648
"SGP","Singapore",2011,0.757556127624677
"SGP","Singapore",2012,0.762997550064325
"SGP","Singapore",2013,0.785637754143578
"SGP","Singapore",2014,0.844521718401207
"SGP","Singapore",2015,0.832440465008415
"SGP","Singapore",2016,0.763548170192147
"SGP","Singapore",2017,0.777248894549119
"SGP","Singapore",2018,0.778479692481898
"SGP","Singapore",2019,0.77489441994005
"SGP","Singapore",2020,0.77425000545222
"SGP","Singapore",2021,0.77425000545222
"SGP","Singapore",2022,0.77425000545222
"SVK","Slovakia",1995,0.379895498777624
"SVK","Slovakia",1996,0.379895498777624
"SVK","Slovakia",1997,0.379895498777624
"SVK","Slovakia",1998,0.379895498777624
"SVK","Slovakia",1999,0.379895498777624
"SVK","Slovakia",2000,0.379895498777624
"SVK","Slovakia",2001,0.379895498777624
"SVK","Slovakia",2002,0.379895498777624
"SVK","Slovakia",2003,0.379895498777624
"SVK","Slovakia",2004,0.379895498777624
"SVK","Slovakia",2005,0.411378014321306
"SVK","Slovakia",2006,0.458860902991099
"SVK","Slovakia",2007,0.469193127742574
"SVK","Slovakia",2008,0.459120018345368
"SVK","Slovakia",2009,0.454779836161362
"SVK","Slovakia",2010,0.445030620956991
"SVK","Slovakia",2011,0.450957884685893
"SVK","Slovakia",2012,0.448982130109593
"SVK","Slovakia",2013,0.468772065291887
"SVK","Slovakia",2014,0.47988163610617
"SVK","Slovakia",2015,0.457824441574022
"SVK","Slovakia",2016,0.45941152311892
"SVK","Slovakia",2017,0.463233474594388
"SVK","Slovakia",2018,0.480367477395424
"SVK","Slovakia",2019,0.473727309052497
"SVK","Slovakia",2020,0.471794065589007
"SVK","Slovakia",2021,0.471794065589007
"SVK","Slovakia",2022,0.471794065589007
"SVN","Slovenia",1995,0.403313048919684
"SVN","Slovenia",1996,0.403313048919684
"SVN","Slovenia",1997,0.403313048919684
"SVN","Slovenia",1998,0.403313048919684
"SVN","Slovenia",1999,0.403313048919684
"SVN","Slovenia",2000,0.403313048919684
"SVN","Slovenia",2001,0.403313048919684
"SVN","Slovenia",2002,0.403313048919684
"SVN","Slovenia",2003,0.403313048919684
"SVN","Slovenia",2004,0.403313048919684
"SVN","Slovenia",2005,0.377401513492784
"SVN","Slovenia",2006,0.386308603795781
"SVN","Slovenia",2007,0.379927888196907
"SVN","Slovenia",2008,0.370437788346806
"SVN","Slovenia",2009,0.402503313437593
"SVN","Slovenia",2010,0.455362845708467
"SVN","Slovenia",2011,0.479395794816915
"SVN","Slovenia",2012,0.492286783691798
"SVN","Slovenia",2013,0.509971406620656
"SVN","Slovenia",2014,0.551138358530143
"SVN","Slovenia",2015,0.548352868471751
"SVN","Slovenia",2016,0.542393215323564
"SVN","Slovenia",2017,0.541130027971503
"SVN","Slovenia",2018,0.534716922953345
"SVN","Slovenia",2019,0.520866228837294
"SVN","Slovenia",2020,0.516097561627348
"SVN","Slovenia",2021,0.516097561627348
"SVN","Slovenia",2022,0.516097561627348
"SLB","Solomon Islands",1995,0.359878837660344
"SLB","Solomon Islands",1996,0.359878837660344
"SLB","Solomon Islands",1997,0.359878837660344
"SLB","Solomon Islands",1998,0.359878837660344
"SLB","Solomon Islands",1999,0.359878837660344
"SLB","Solomon Islands",2000,0.359878837660344
"SLB","Solomon Islands",2001,0.359878837660344
"SLB","Solomon Islands",2002,0.359878837660344
"SLB","Solomon Islands",2003,0.359878837660344
"SLB","Solomon Islands",2004,0.359878837660344
"SLB","Solomon Islands",2005,0.315732059176765
"SLB","Solomon Islands",2006,0.328493490374512
"SLB","Solomon Islands",2007,0.324509591802626
"SLB","Solomon Islands",2008,0.326161452186091
"SLB","Solomon Islands",2009,0.325805168573972
"SLB","Solomon Islands",2010,0.300800536887014
"SLB","Solomon Islands",2011,0.300930094564148
"SLB","Solomon Islands",2012,0.301513104111254
"SLB","Solomon Islands",2013,0.335392436681925
"SLB","Solomon Islands",2014,0.340186070735901
"SLB","Solomon Islands",2015,0.377790186524188
"SLB","Solomon Islands",2016,0.365903269647098
"SLB","Solomon Islands",2017,0.359004323339687
"SLB","Solomon Islands",2018,0.352364492386543
"SLB","Solomon Islands",2019,0.344361100620538
"SLB","Solomon Islands",2020,0.336112595176309
"SLB","Solomon Islands",2021,0.336112595176309
"SLB","Solomon Islands",2022,0.336112595176309
"SOM","Somalia",1995,0.434698396205515
"SOM","Somalia",1996,0.434698396205515
"SOM","Somalia",1997,0.434698396205515
"SOM","Somalia",1998,0.434698396205515
"SOM","Somalia",1999,0.434698396205515
"SOM","Somalia",2000,0.434698396205515
"SOM","Somalia",2001,0.434698396205515
"SOM","Somalia",2002,0.434698396205515
"SOM","Somalia",2003,0.434698396205515
"SOM","Somalia",2004,0.434698396205515
"SOM","Somalia",2005,0.495849619812997
"SOM","Somalia",2006,0.703012345551054
"SOM","Somalia",2007,0.710656248501989
"SOM","Somalia",2008,0.716162449780205
"SOM","Somalia",2009,0.718041036098655
"SOM","Somalia",2010,0.787095278011342
"SOM","Somalia",2011,0.78690094149564
"SOM","Somalia",2012,0.791694575549616
"SOM","Somalia",2013,0.801540959011838
"SOM","Somalia",2014,0.827063821407333
"SOM","Somalia",2015,0.827193379084468
"SOM","Somalia",2016,0.630654382871439
"SOM","Somalia",2017,0.629585532035079
"SOM","Somalia",2018,0.627156325588807
"SOM","Somalia",2019,0.625208405669703
"SOM","Somalia",2020,0.623468486552561
"SOM","Somalia",2021,0.623468486552561
"SOM","Somalia",2022,0.623468486552561
"ZAF","South Africa",1995,0.391167016688324
"ZAF","South Africa",1996,0.391167016688324
"ZAF","South Africa",1997,0.391167016688324
"ZAF","South Africa",1998,0.391167016688324
"ZAF","South Africa",1999,0.391167016688324
"ZAF","South Africa",2000,0.391167016688324
"ZAF","South Africa",2001,0.391167016688324
"ZAF","South Africa",2002,0.391167016688324
"ZAF","South Africa",2003,0.391167016688324
"ZAF","South Africa",2004,0.391167016688324
"ZAF","South Africa",2005,0.372769826535226
"ZAF","South Africa",2006,0.365158313003574
"ZAF","South Africa",2007,0.369012653898325
"ZAF","South Africa",2008,0.370470177766089
"ZAF","South Africa",2009,0.385466478894407
"ZAF","South Africa",2010,0.345951387368385
"ZAF","South Africa",2011,0.34125492157226
"ZAF","South Africa",2012,0.357093347601952
"ZAF","South Africa",2013,0.387928074759962
"ZAF","South Africa",2014,0.414228283218264
"ZAF","South Africa",2015,0.392851266491073
"ZAF","South Africa",2016,0.447330269726128
"ZAF","South Africa",2017,0.41267359109265
"ZAF","South Africa",2018,0.401240126085531
"ZAF","South Africa",2019,0.39034007432724
"ZAF","South Africa",2020,0.381769361639095
"ZAF","South Africa",2021,0.381769361639095
"ZAF","South Africa",2022,0.381769361639095
"ESP","Spain",1995,0.428479627703059
"ESP","Spain",1996,0.428479627703059
"ESP","Spain",1997,0.428479627703059
"ESP","Spain",1998,0.428479627703059
"ESP","Spain",1999,0.428479627703059
"ESP","Spain",2000,0.428479627703059
"ESP","Spain",2001,0.428479627703059
"ESP","Spain",2002,0.428479627703059
"ESP","Spain",2003,0.428479627703059
"ESP","Spain",2004,0.428479627703059
"ESP","Spain",2005,0.432528305113512
"ESP","Spain",2006,0.478909953527662
"ESP","Spain",2007,0.484513323063728
"ESP","Spain",2008,0.481954558940322
"ESP","Spain",2009,0.476286410565688
"ESP","Spain",2010,0.440010260968029
"ESP","Spain",2011,0.444156106636334
"ESP","Spain",2012,0.463816484141493
"ESP","Spain",2013,0.471849060123832
"ESP","Spain",2014,0.498959004064225
"ESP","Spain",2015,0.516125396284545
"ESP","Spain",2016,0.495039884330906
"ESP","Spain",2017,0.524967707748974
"ESP","Spain",2018,0.519429117051475
"ESP","Spain",2019,0.50871901574169
"ESP","Spain",2020,0.498795032629101
"ESP","Spain",2021,0.498795032629101
"ESP","Spain",2022,0.498795032629101
"LKA","Sri Lanka",1995,0.403118712403982
"LKA","Sri Lanka",1996,0.403118712403982
"LKA","Sri Lanka",1997,0.403118712403982
"LKA","Sri Lanka",1998,0.403118712403982
"LKA","Sri Lanka",1999,0.403118712403982
"LKA","Sri Lanka",2000,0.403118712403982
"LKA","Sri Lanka",2001,0.403118712403982
"LKA","Sri Lanka",2002,0.403118712403982
"LKA","Sri Lanka",2003,0.403118712403982
"LKA","Sri Lanka",2004,0.403118712403982
"LKA","Sri Lanka",2005,0.379085763295533
"LKA","Sri Lanka",2006,0.361174414431688
"LKA","Sri Lanka",2007,0.362567159460885
"LKA","Sri Lanka",2008,0.369789999961133
"LKA","Sri Lanka",2009,0.34643722865764
"LKA","Sri Lanka",2010,0.309999131963563
"LKA","Sri Lanka",2011,0.305432223844572
"LKA","Sri Lanka",2012,0.305075940232453
"LKA","Sri Lanka",2013,0.347441300655433
"LKA","Sri Lanka",2014,0.385596036571542
"LKA","Sri Lanka",2015,0.406875885040882
"LKA","Sri Lanka",2016,0.404835351626013
"LKA","Sri Lanka",2017,0.408268630070078
"LKA","Sri Lanka",2018,0.402794818211145
"LKA","Sri Lanka",2019,0.429713799533678
"LKA","Sri Lanka",2020,0.423946289867597
"LKA","Sri Lanka",2021,0.423946289867597
"LKA","Sri Lanka",2022,0.423946289867597
"SDN","Sudan",1995,0.464917724397136
"SDN","Sudan",1996,0.464917724397136
"SDN","Sudan",1997,0.464917724397136
"SDN","Sudan",1998,0.464917724397136
"SDN","Sudan",1999,0.464917724397136
"SDN","Sudan",2000,0.464917724397136
"SDN","Sudan",2001,0.464917724397136
"SDN","Sudan",2002,0.464917724397136
"SDN","Sudan",2003,0.464917724397136
"SDN","Sudan",2004,0.464917724397136
"SDN","Sudan",2005,0.389903829336264
"SDN","Sudan",2006,0.308023377387263
"SDN","Sudan",2007,0.325189769607583
"SDN","Sudan",2008,0.323408351546983
"SDN","Sudan",2009,0.322728173742028
"SDN","Sudan",2010,0.301772219465523
"SDN","Sudan",2011,0.294646547223125
"SDN","Sudan",2012,0.293124244516796
"SDN","Sudan",2013,0.308217713902964
"SDN","Sudan",2014,0.314209756470434
"SDN","Sudan",2015,0.30692213713162
"SDN","Sudan",2016,0.363247337265841
"SDN","Sudan",2017,0.3512632521309
"SDN","Sudan",2018,0.350680242583795
"SDN","Sudan",2019,0.342588960779005
"SDN","Sudan",2020,0.329893995368745
"SDN","Sudan",2021,0.329893995368745
"SDN","Sudan",2022,0.329893995368745
"SUR","Suriname",1995,0.432852199306349
"SUR","Suriname",1996,0.432852199306349
"SUR","Suriname",1997,0.432852199306349
"SUR","Suriname",1998,0.432852199306349
"SUR","Suriname",1999,0.432852199306349
"SUR","Suriname",2000,0.432852199306349
"SUR","Suriname",2001,0.432852199306349
"SUR","Suriname",2002,0.432852199306349
"SUR","Suriname",2003,0.432852199306349
"SUR","Suriname",2004,0.432852199306349
"SUR","Suriname",2005,0.49400342291383
"SUR","Suriname",2006,0.277447765583522
"SUR","Suriname",2007,0.274856612040831
"SUR","Suriname",2008,0.277188650229253
"SUR","Suriname",2009,0.267892886894853
"SUR","Suriname",2010,0.242175687983655
"SUR","Suriname",2011,0.24266152927291
"SUR","Suriname",2012,0.241074447728012
"SUR","Suriname",2013,0.244507726172077
"SUR","Suriname",2014,0.264168103677236
"SUR","Suriname",2015,0.272751299787395
"SUR","Suriname",2016,0.270645987533961
"SUR","Suriname",2017,0.292217340776854
"SUR","Suriname",2018,0.282435736153199
"SUR","Suriname",2019,0.273024416817709
"SUR","Suriname",2020,0.261360514587979
"SUR","Suriname",2021,0.261360514587979
"SUR","Suriname",2022,0.261360514587979
"SWZ","Swaziland",1995,0.451702841329417
"SWZ","Swaziland",1996,0.451702841329417
"SWZ","Swaziland",1997,0.451702841329417
"SWZ","Swaziland",1998,0.451702841329417
"SWZ","Swaziland",1999,0.451702841329417
"SWZ","Swaziland",2000,0.451702841329417
"SWZ","Swaziland",2001,0.451702841329417
"SWZ","Swaziland",2002,0.451702841329417
"SWZ","Swaziland",2003,0.451702841329417
"SWZ","Swaziland",2004,0.451702841329417
"SWZ","Swaziland",2005,0.512854064936899
"SWZ","Swaziland",2006,0.32855826921308
"SWZ","Swaziland",2007,0.323699856320536
"SWZ","Swaziland",2008,0.316120732208168
"SWZ","Swaziland",2009,0.30173983004624
"SWZ","Swaziland",2010,0.25160100899519
"SWZ","Swaziland",2011,0.261771286650247
"SWZ","Swaziland",2012,0.2620627914238
"SWZ","Swaziland",2013,0.276767587778565
"SWZ","Swaziland",2014,0.293772032902468
"SWZ","Swaziland",2015,0.29066264865124
"SWZ","Swaziland",2016,0.306824968873768
"SWZ","Swaziland",2017,0.307958598548695
"SWZ","Swaziland",2018,0.294711326061692
"SWZ","Swaziland",2019,0.283818359488869
"SWZ","Swaziland",2020,0.285171629913313
"SWZ","Swaziland",2021,0.285171629913313
"SWZ","Swaziland",2022,0.285171629913313
"SWE","Sweden",1995,0.448982130109593
"SWE","Sweden",1996,0.448982130109593
"SWE","Sweden",1997,0.448982130109593
"SWE","Sweden",1998,0.448982130109593
"SWE","Sweden",1999,0.448982130109593
"SWE","Sweden",2000,0.448982130109593
"SWE","Sweden",2001,0.448982130109593
"SWE","Sweden",2002,0.448982130109593
"SWE","Sweden",2003,0.448982130109593
"SWE","Sweden",2004,0.448982130109593
"SWE","Sweden",2005,0.477873492110586
"SWE","Sweden",2006,0.59813540591068
"SWE","Sweden",2007,0.605714530023048
"SWE","Sweden",2008,0.610832058269861
"SWE","Sweden",2009,0.605163909895227
"SWE","Sweden",2010,0.657537600876846
"SWE","Sweden",2011,0.665894071052021
"SWE","Sweden",2012,0.66194256189942
"SWE","Sweden",2013,0.671270714653103
"SWE","Sweden",2014,0.713959969268919
"SWE","Sweden",2015,0.718656435065045
"SWE","Sweden",2016,0.675027887290004
"SWE","Sweden",2017,0.676031959287795
"SWE","Sweden",2018,0.671303104072387
"SWE","Sweden",2019,0.660414186176973
"SWE","Sweden",2020,0.650844631032691
"SWE","Sweden",2021,0.650844631032691
"SWE","Sweden",2022,0.650844631032691
"CHE","Switzerland",1995,0.469484632516127
"CHE","Switzerland",1996,0.469484632516127
"CHE","Switzerland",1997,0.469484632516127
"CHE","Switzerland",1998,0.469484632516127
"CHE","Switzerland",1999,0.469484632516127
"CHE","Switzerland",2000,0.469484632516127
"CHE","Switzerland",2001,0.469484632516127
"CHE","Switzerland",2002,0.469484632516127
"CHE","Switzerland",2003,0.469484632516127
"CHE","Switzerland",2004,0.469484632516127
"CHE","Switzerland",2005,0.501744494122616
"CHE","Switzerland",2006,0.620710831151366
"CHE","Switzerland",2007,0.633634209445532
"CHE","Switzerland",2008,0.637877223371687
"CHE","Switzerland",2009,0.614718788583896
"CHE","Switzerland",2010,0.652258125533616
"CHE","Switzerland",2011,0.646071746450444
"CHE","Switzerland",2012,0.648760068250985
"CHE","Switzerland",2013,0.666768585372679
"CHE","Switzerland",2014,0.687918876164885
"CHE","Switzerland",2015,0.691805606478921
"CHE","Switzerland",2016,0.654136711852066
"CHE","Switzerland",2017,0.646330861804713
"CHE","Switzerland",2018,0.639172800143031
"CHE","Switzerland",2019,0.631931065814868
"CHE","Switzerland",2020,0.62181375835593
"CHE","Switzerland",2021,0.62181375835593
"CHE","Switzerland",2022,0.62181375835593
"SYR","Syrian Arab Republic",1995,0.354631751736396
"SYR","Syrian Arab Republic",1996,0.354631751736396
"SYR","Syrian Arab Republic",1997,0.354631751736396
"SYR","Syrian Arab Republic",1998,0.354631751736396
"SYR","Syrian Arab Republic",1999,0.354631751736396
"SYR","Syrian Arab Republic",2000,0.354631751736396
"SYR","Syrian Arab Republic",2001,0.354631751736396
"SYR","Syrian Arab Republic",2002,0.354631751736396
"SYR","Syrian Arab Republic",2003,0.354631751736396
"SYR","Syrian Arab Republic",2004,0.354631751736396
"SYR","Syrian Arab Republic",2005,0.344267137565637
"SYR","Syrian Arab Republic",2006,0.311553824089178
"SYR","Syrian Arab Republic",2007,0.320525693230741
"SYR","Syrian Arab Republic",2008,0.300800536887014
"SYR","Syrian Arab Republic",2009,0.346955459366178
"SYR","Syrian Arab Republic",2010,0.332704114881384
"SYR","Syrian Arab Republic",2011,0.323829413997671
"SYR","Syrian Arab Republic",2012,0.323667466901252
"SYR","Syrian Arab Republic",2013,0.328104817343109
"SYR","Syrian Arab Republic",2014,0.302776291463315
"SYR","Syrian Arab Republic",2015,0.286128129951533
"SYR","Syrian Arab Republic",2016,0.325643221477554
"SYR","Syrian Arab Republic",2017,0.275990241715759
"SYR","Syrian Arab Republic",2018,0.269253242504765
"SYR","Syrian Arab Republic",2019,0.261895783480619
"SYR","Syrian Arab Republic",2020,0.262411315070883
"SYR","Syrian Arab Republic",2021,0.262411315070883
"SYR","Syrian Arab Republic",2022,0.262411315070883
"TJK","Tajikistan",1995,0.422746700489858
"TJK","Tajikistan",1996,0.422746700489858
"TJK","Tajikistan",1997,0.422746700489858
"TJK","Tajikistan",1998,0.422746700489858
"TJK","Tajikistan",1999,0.422746700489858
"TJK","Tajikistan",2000,0.422746700489858
"TJK","Tajikistan",2001,0.422746700489858
"TJK","Tajikistan",2002,0.422746700489858
"TJK","Tajikistan",2003,0.422746700489858
"TJK","Tajikistan",2004,0.422746700489858
"TJK","Tajikistan",2005,0.483897924097339
"TJK","Tajikistan",2006,0.249074634291067
"TJK","Tajikistan",2007,0.249528086161038
"TJK","Tajikistan",2008,0.254451277892149
"TJK","Tajikistan",2009,0.247519942165454
"TJK","Tajikistan",2010,0.206838831545222
"TJK","Tajikistan",2011,0.231649126716477
"TJK","Tajikistan",2012,0.225397968794738
"TJK","Tajikistan",2013,0.234628953290571
"TJK","Tajikistan",2014,0.240329491084489
"TJK","Tajikistan",2015,0.267568992702017
"TJK","Tajikistan",2016,0.366000437904948
"TJK","Tajikistan",2017,0.376300273237141
"TJK","Tajikistan",2018,0.410017658711394
"TJK","Tajikistan",2019,0.397557516590941
"TJK","Tajikistan",2020,0.402036197281362
"TJK","Tajikistan",2021,0.402036197281362
"TJK","Tajikistan",2022,0.402036197281362
"TZA","Tanzania, United Republic of",1995,0.395539588291613
"TZA","Tanzania, United Republic of",1996,0.395539588291613
"TZA","Tanzania, United Republic of",1997,0.395539588291613
"TZA","Tanzania, United Republic of",1998,0.395539588291613
"TZA","Tanzania, United Republic of",1999,0.395539588291613
"TZA","Tanzania, United Republic of",2000,0.395539588291613
"TZA","Tanzania, United Republic of",2001,0.395539588291613
"TZA","Tanzania, United Republic of",2002,0.395539588291613
"TZA","Tanzania, United Republic of",2003,0.395539588291613
"TZA","Tanzania, United Republic of",2004,0.395539588291613
"TZA","Tanzania, United Republic of",2005,0.357352462956221
"TZA","Tanzania, United Republic of",2006,0.290176807361986
"TZA","Tanzania, United Republic of",2007,0.291310437036912
"TZA","Tanzania, United Republic of",2008,0.285966182855114
"TZA","Tanzania, United Republic of",2009,0.277706880937791
"TZA","Tanzania, United Republic of",2010,0.240297101665205
"TZA","Tanzania, United Republic of",2011,0.250208263965993
"TZA","Tanzania, United Republic of",2012,0.256686147822718
"TZA","Tanzania, United Republic of",2013,0.261317834780276
"TZA","Tanzania, United Republic of",2014,0.278192722227044
"TZA","Tanzania, United Republic of",2015,0.269609526116885
"TZA","Tanzania, United Republic of",2016,0.292832739743243
"TZA","Tanzania, United Republic of",2017,0.287067423110757
"TZA","Tanzania, United Republic of",2018,0.279196794224837
"TZA","Tanzania, United Republic of",2019,0.27602094418612
"TZA","Tanzania, United Republic of",2020,0.271477822046917
"TZA","Tanzania, United Republic of",2021,0.271477822046917
"TZA","Tanzania, United Republic of",2022,0.271477822046917
"THA","Thailand",1995,0.439168136066655
"THA","Thailand",1996,0.439168136066655
"THA","Thailand",1997,0.439168136066655
"THA","Thailand",1998,0.439168136066655
"THA","Thailand",1999,0.439168136066655
"THA","Thailand",2000,0.439168136066655
"THA","Thailand",2001,0.439168136066655
"THA","Thailand",2002,0.439168136066655
"THA","Thailand",2003,0.439168136066655
"THA","Thailand",2004,0.439168136066655
"THA","Thailand",2005,0.448463899401055
"THA","Thailand",2006,0.450795937589476
"THA","Thailand",2007,0.45047204339664
"THA","Thailand",2008,0.471622334188846
"THA","Thailand",2009,0.511493709326987
"THA","Thailand",2010,0.524060804009033
"THA","Thailand",2011,0.516740795250934
"THA","Thailand",2012,0.53779391778529
"THA","Thailand",2013,0.560628458380244
"THA","Thailand",2014,0.60474284744454
"THA","Thailand",2015,0.599657708617011
"THA","Thailand",2016,0.562636602375829
"THA","Thailand",2017,0.560531290122394
"THA","Thailand",2018,0.600305497002683
"THA","Thailand",2019,0.60866770280419
"THA","Thailand",2020,0.635765332017459
"THA","Thailand",2021,0.635765332017459
"THA","Thailand",2022,0.635765332017459
"TLS","Timor-Leste",1995,0.422260859200604
"TLS","Timor-Leste",1996,0.422260859200604
"TLS","Timor-Leste",1997,0.422260859200604
"TLS","Timor-Leste",1998,0.422260859200604
"TLS","Timor-Leste",1999,0.422260859200604
"TLS","Timor-Leste",2000,0.422260859200604
"TLS","Timor-Leste",2001,0.422260859200604
"TLS","Timor-Leste",2002,0.422260859200604
"TLS","Timor-Leste",2003,0.422260859200604
"TLS","Timor-Leste",2004,0.422260859200604
"TLS","Timor-Leste",2005,0.295942123994471
"TLS","Timor-Leste",2006,0.266241026511388
"TLS","Timor-Leste",2007,0.266921204316344
"TLS","Timor-Leste",2008,0.288686894074939
"TLS","Timor-Leste",2009,0.31514904962966
"TLS","Timor-Leste",2010,0.378373196071293
"TLS","Timor-Leste",2011,0.392138699266834
"TLS","Timor-Leste",2012,0.393434276038179
"TLS","Timor-Leste",2013,0.394082064423851
"TLS","Timor-Leste",2014,0.415685807086028
"TLS","Timor-Leste",2015,0.44376743360493
"TLS","Timor-Leste",2016,0.430746887052913
"TLS","Timor-Leste",2017,0.40221180866404
"TLS","Timor-Leste",2018,0.390454449464085
"TLS","Timor-Leste",2019,0.39453787802231
"TLS","Timor-Leste",2020,0.36615141983338
"TLS","Timor-Leste",2021,0.36615141983338
"TLS","Timor-Leste",2022,0.36615141983338
"TGO","Togo",1995,0.313529578665478
"TGO","Togo",1996,0.313529578665478
"TGO","Togo",1997,0.313529578665478
"TGO","Togo",1998,0.313529578665478
"TGO","Togo",1999,0.313529578665478
"TGO","Togo",2000,0.313529578665478
"TGO","Togo",2001,0.313529578665478
"TGO","Togo",2002,0.313529578665478
"TGO","Togo",2003,0.313529578665478
"TGO","Togo",2004,0.313529578665478
"TGO","Togo",2005,0.277642102099224
"TGO","Togo",2006,0.196668553890164
"TGO","Togo",2007,0.214741849850426
"TGO","Togo",2008,0.20288732239262
"TGO","Togo",2009,0.197057226921567
"TGO","Togo",2010,0.199615991044974
"TGO","Togo",2011,0.205348918258175
"TGO","Togo",2012,0.200490505365631
"TGO","Togo",2013,0.216555657330308
"TGO","Togo",2014,0.246030028878406
"TGO","Togo",2015,0.270484040437542
"TGO","Togo",2016,0.310096300221414
"TGO","Togo",2017,0.327262692441735
"TGO","Togo",2018,0.323667466901252
"TGO","Togo",2019,0.362533589177357
"TGO","Togo",2020,0.426040636953046
"TGO","Togo",2021,0.426040636953046
"TGO","Togo",2022,0.426040636953046
"TON","Tonga",1995,0.411475182579157
"TON","Tonga",1996,0.411475182579157
"TON","Tonga",1997,0.411475182579157
"TON","Tonga",1998,0.411475182579157
"TON","Tonga",1999,0.411475182579157
"TON","Tonga",2000,0.411475182579157
"TON","Tonga",2001,0.411475182579157
"TON","Tonga",2002,0.411475182579157
"TON","Tonga",2003,0.411475182579157
"TON","Tonga",2004,0.411475182579157
"TON","Tonga",2005,0.394827021067374
"TON","Tonga",2006,0.451832399006552
"TON","Tonga",2007,0.451217000040163
"TON","Tonga",2008,0.4683510028412
"TON","Tonga",2009,0.471687113027413
"TON","Tonga",2010,0.487331202541404
"TON","Tonga",2011,0.484416154805877
"TON","Tonga",2012,0.481468717651068
"TON","Tonga",2013,0.485582173900088
"TON","Tonga",2014,0.515412829060305
"TON","Tonga",2015,0.504886267793127
"TON","Tonga",2016,0.48247278964886
"TON","Tonga",2017,0.472561627348071
"TON","Tonga",2018,0.463751705302926
"TON","Tonga",2019,0.455425937598113
"TON","Tonga",2020,0.447692963744147
"TON","Tonga",2021,0.447692963744147
"TON","Tonga",2022,0.447692963744147
"TTO","Trinidad and Tobago",1995,0.486780582413582
"TTO","Trinidad and Tobago",1996,0.486780582413582
"TTO","Trinidad and Tobago",1997,0.486780582413582
"TTO","Trinidad and Tobago",1998,0.486780582413582
"TTO","Trinidad and Tobago",1999,0.486780582413582
"TTO","Trinidad and Tobago",2000,0.486780582413582
"TTO","Trinidad and Tobago",2001,0.486780582413582
"TTO","Trinidad and Tobago",2002,0.486780582413582
"TTO","Trinidad and Tobago",2003,0.486780582413582
"TTO","Trinidad and Tobago",2004,0.486780582413582
"TTO","Trinidad and Tobago",2005,0.547931806021064
"TTO","Trinidad and Tobago",2006,0.31712480420596
"TTO","Trinidad and Tobago",2007,0.325351716704002
"TTO","Trinidad and Tobago",2008,0.321335428712832
"TTO","Trinidad and Tobago",2009,0.305982843972394
"TTO","Trinidad and Tobago",2010,0.332542167784966
"TTO","Trinidad and Tobago",2011,0.331311369852187
"TTO","Trinidad and Tobago",2012,0.332995619654937
"TTO","Trinidad and Tobago",2013,0.355538655476339
"TTO","Trinidad and Tobago",2014,0.379895498777624
"TTO","Trinidad and Tobago",2015,0.388478694887784
"TTO","Trinidad and Tobago",2016,0.355797770830608
"TTO","Trinidad and Tobago",2017,0.349676170586002
"TTO","Trinidad and Tobago",2018,0.331440927529322
"TTO","Trinidad and Tobago",2019,0.31961558428785
"TTO","Trinidad and Tobago",2020,0.310593781458224
"TTO","Trinidad and Tobago",2021,0.310593781458224
"TTO","Trinidad and Tobago",2022,0.310593781458224
"TUN","Tunisia",1995,0.43858512651955
"TUN","Tunisia",1996,0.43858512651955
"TUN","Tunisia",1997,0.43858512651955
"TUN","Tunisia",1998,0.43858512651955
"TUN","Tunisia",1999,0.43858512651955
"TUN","Tunisia",2000,0.43858512651955
"TUN","Tunisia",2001,0.43858512651955
"TUN","Tunisia",2002,0.43858512651955
"TUN","Tunisia",2003,0.43858512651955
"TUN","Tunisia",2004,0.43858512651955
"TUN","Tunisia",2005,0.447200712048994
"TUN","Tunisia",2006,0.481112434038948
"TUN","Tunisia",2007,0.483865534678056
"TUN","Tunisia",2008,0.491671384725409
"TUN","Tunisia",2009,0.49704802832649
"TUN","Tunisia",2010,0.500578475028405
"TUN","Tunisia",2011,0.531056918574296
"TUN","Tunisia",2012,0.519882568921446
"TUN","Tunisia",2013,0.533032673150596
"TUN","Tunisia",2014,0.565648818369205
"TUN","Tunisia",2015,0.553308449622145
"TUN","Tunisia",2016,0.526360452778171
"TUN","Tunisia",2017,0.521599208143477
"TUN","Tunisia",2018,0.509841848943522
"TUN","Tunisia",2019,0.526021544739937
"TUN","Tunisia",2020,0.533980063664643
"TUN","Tunisia",2021,0.533980063664643
"TUN","Tunisia",2022,0.533980063664643
"TUR","Turkey",1995,0.375717263690036
"TUR","Turkey",1996,0.375717263690036
"TUR","Turkey",1997,0.375717263690036
"TUR","Turkey",1998,0.375717263690036
"TUR","Turkey",1999,0.375717263690036
"TUR","Turkey",2000,0.375717263690036
"TUR","Turkey",2001,0.375717263690036
"TUR","Turkey",2002,0.375717263690036
"TUR","Turkey",2003,0.375717263690036
"TUR","Turkey",2004,0.375717263690036
"TUR","Turkey",2005,0.402470924018309
"TUR","Turkey",2006,0.392073920428265
"TUR","Turkey",2007,0.396705607385825
"TUR","Turkey",2008,0.415977311859581
"TUR","Turkey",2009,0.41212297096483
"TUR","Turkey",2010,0.406519601428762
"TUR","Turkey",2011,0.397482953448632
"TUR","Turkey",2012,0.399588265702067
"TUR","Turkey",2013,0.431232728342167
"TUR","Turkey",2014,0.476059684630702
"TUR","Turkey",2015,0.484513323063728
"TUR","Turkey",2016,0.43223680033996
"TUR","Turkey",2017,0.432625473371363
"TUR","Turkey",2018,0.435767247041875
"TUR","Turkey",2019,0.469667497779165
"TUR","Turkey",2020,0.487227792572545
"TUR","Turkey",2021,0.487227792572545
"TUR","Turkey",2022,0.487227792572545
"TKM","Turkmenistan",1995,NA
"TKM","Turkmenistan",1996,NA
"TKM","Turkmenistan",1997,NA
"TKM","Turkmenistan",1998,NA
"TKM","Turkmenistan",1999,NA
"TKM","Turkmenistan",2000,NA
"TKM","Turkmenistan",2001,NA
"TKM","Turkmenistan",2002,NA
"TKM","Turkmenistan",2003,NA
"TKM","Turkmenistan",2004,NA
"TKM","Turkmenistan",2005,NA
"TKM","Turkmenistan",2006,NA
"TKM","Turkmenistan",2007,NA
"TKM","Turkmenistan",2008,NA
"TKM","Turkmenistan",2009,NA
"TKM","Turkmenistan",2010,NA
"TKM","Turkmenistan",2011,NA
"TKM","Turkmenistan",2012,NA
"TKM","Turkmenistan",2013,NA
"TKM","Turkmenistan",2014,NA
"TKM","Turkmenistan",2015,NA
"TKM","Turkmenistan",2016,NA
"TKM","Turkmenistan",2017,NA
"TKM","Turkmenistan",2018,NA
"TKM","Turkmenistan",2019,NA
"TKM","Turkmenistan",2020,NA
"TKM","Turkmenistan",2021,NA
"TKM","Turkmenistan",2022,NA
"TUV","Tuvalu",1995,NA
"TUV","Tuvalu",1996,NA
"TUV","Tuvalu",1997,NA
"TUV","Tuvalu",1998,NA
"TUV","Tuvalu",1999,NA
"TUV","Tuvalu",2000,NA
"TUV","Tuvalu",2001,NA
"TUV","Tuvalu",2002,NA
"TUV","Tuvalu",2003,NA
"TUV","Tuvalu",2004,NA
"TUV","Tuvalu",2005,NA
"TUV","Tuvalu",2006,NA
"TUV","Tuvalu",2007,NA
"TUV","Tuvalu",2008,NA
"TUV","Tuvalu",2009,NA
"TUV","Tuvalu",2010,NA
"TUV","Tuvalu",2011,NA
"TUV","Tuvalu",2012,NA
"TUV","Tuvalu",2013,NA
"TUV","Tuvalu",2014,NA
"TUV","Tuvalu",2015,NA
"TUV","Tuvalu",2016,NA
"TUV","Tuvalu",2017,NA
"TUV","Tuvalu",2018,NA
"TUV","Tuvalu",2019,NA
"TUV","Tuvalu",2020,NA
"TUV","Tuvalu",2021,NA
"TUV","Tuvalu",2022,NA
"UGA","Uganda",1995,0.365806101389247
"UGA","Uganda",1996,0.365806101389247
"UGA","Uganda",1997,0.365806101389247
"UGA","Uganda",1998,0.365806101389247
"UGA","Uganda",1999,0.365806101389247
"UGA","Uganda",2000,0.365806101389247
"UGA","Uganda",2001,0.365806101389247
"UGA","Uganda",2002,0.365806101389247
"UGA","Uganda",2003,0.365806101389247
"UGA","Uganda",2004,0.365806101389247
"UGA","Uganda",2005,0.340639522605872
"UGA","Uganda",2006,0.273658203527338
"UGA","Uganda",2007,0.277544933841372
"UGA","Uganda",2008,0.279391130740539
"UGA","Uganda",2009,0.273982097720174
"UGA","Uganda",2010,0.243438875335717
"UGA","Uganda",2011,0.254451277892148
"UGA","Uganda",2012,0.225333189956171
"UGA","Uganda",2013,0.21853141190661
"UGA","Uganda",2014,0.240653385277325
"UGA","Uganda",2015,0.24489639920348
"UGA","Uganda",2016,0.311553824089178
"UGA","Uganda",2017,0.320914366262144
"UGA","Uganda",2018,0.31301134795694
"UGA","Uganda",2019,0.304858492516533
"UGA","Uganda",2020,0.296996635765002
"UGA","Uganda",2021,0.296996635765002
"UGA","Uganda",2022,0.296996635765002
"UKR","Ukraine",1995,0.336169782744731
"UKR","Ukraine",1996,0.336169782744731
"UKR","Ukraine",1997,0.336169782744731
"UKR","Ukraine",1998,0.336169782744731
"UKR","Ukraine",1999,0.336169782744731
"UKR","Ukraine",2000,0.336169782744731
"UKR","Ukraine",2001,0.336169782744731
"UKR","Ukraine",2002,0.336169782744731
"UKR","Ukraine",2003,0.336169782744731
"UKR","Ukraine",2004,0.336169782744731
"UKR","Ukraine",2005,0.297982657409339
"UKR","Ukraine",2006,0.135808835056235
"UKR","Ukraine",2007,0.146626901096965
"UKR","Ukraine",2008,0.143290790910752
"UKR","Ukraine",2009,0.138853440468895
"UKR","Ukraine",2010,0.0925689603125973
"UKR","Ukraine",2011,0.102771627386939
"UKR","Ukraine",2012,0.104326319512553
"UKR","Ukraine",2013,0.167129403503499
"UKR","Ukraine",2014,0.285771846339413
"UKR","Ukraine",2015,0.320881976842861
"UKR","Ukraine",2016,0.401725967374786
"UKR","Ukraine",2017,0.398810919639259
"UKR","Ukraine",2018,0.426406704868907
"UKR","Ukraine",2019,0.419274284830825
"UKR","Ukraine",2020,0.421433073365058
"UKR","Ukraine",2021,0.421433073365058
"UKR","Ukraine",2022,0.421433073365058
"ARE","United Arab Emirates",1995,0.395733924807316
"ARE","United Arab Emirates",1996,0.395733924807316
"ARE","United Arab Emirates",1997,0.395733924807316
"ARE","United Arab Emirates",1998,0.395733924807316
"ARE","United Arab Emirates",1999,0.395733924807316
"ARE","United Arab Emirates",2000,0.395733924807316
"ARE","United Arab Emirates",2001,0.395733924807316
"ARE","United Arab Emirates",2002,0.395733924807316
"ARE","United Arab Emirates",2003,0.395733924807316
"ARE","United Arab Emirates",2004,0.395733924807316
"ARE","United Arab Emirates",2005,0.427086882673864
"ARE","United Arab Emirates",2006,0.540514629005114
"ARE","United Arab Emirates",2007,0.547964195440347
"ARE","United Arab Emirates",2008,0.552984555429309
"ARE","United Arab Emirates",2009,0.545275873639806
"ARE","United Arab Emirates",2010,0.636808372535327
"ARE","United Arab Emirates",2011,0.635642353441116
"ARE","United Arab Emirates",2012,0.639820588528704
"ARE","United Arab Emirates",2013,0.696340125178627
"ARE","United Arab Emirates",2014,0.762544098194354
"ARE","United Arab Emirates",2015,0.761766752131547
"ARE","United Arab Emirates",2016,0.711336426306945
"ARE","United Arab Emirates",2017,0.707384917154343
"ARE","United Arab Emirates",2018,0.704502258838101
"ARE","United Arab Emirates",2019,0.712128448825365
"ARE","United Arab Emirates",2020,0.710839619849705
"ARE","United Arab Emirates",2021,0.710839619849705
"ARE","United Arab Emirates",2022,0.710839619849705
"GBR","United Kingdom",1995,0.488335274539195
"GBR","United Kingdom",1996,0.488335274539195
"GBR","United Kingdom",1997,0.488335274539195
"GBR","United Kingdom",1998,0.488335274539195
"GBR","United Kingdom",1999,0.488335274539195
"GBR","United Kingdom",2000,0.488335274539195
"GBR","United Kingdom",2001,0.488335274539195
"GBR","United Kingdom",2002,0.488335274539195
"GBR","United Kingdom",2003,0.488335274539195
"GBR","United Kingdom",2004,0.488335274539195
"GBR","United Kingdom",2005,0.483930313516623
"GBR","United Kingdom",2006,0.585989373679321
"GBR","United Kingdom",2007,0.592402478697479
"GBR","United Kingdom",2008,0.593892391984525
"GBR","United Kingdom",2009,0.586410436130009
"GBR","United Kingdom",2010,0.637780055113836
"GBR","United Kingdom",2011,0.639172800143031
"GBR","United Kingdom",2012,0.638363064660942
"GBR","United Kingdom",2013,0.649634582571642
"GBR","United Kingdom",2014,0.714899262428144
"GBR","United Kingdom",2015,0.72558777079174
"GBR","United Kingdom",2016,0.689927020160471
"GBR","United Kingdom",2017,0.686493741716406
"GBR","United Kingdom",2018,0.679821521343979
"GBR","United Kingdom",2019,0.688607320019554
"GBR","United Kingdom",2020,0.675719030262946
"GBR","United Kingdom",2021,0.675719030262946
"GBR","United Kingdom",2022,0.675719030262946
"USA","United States",1995,0.513793358096124
"USA","United States",1996,0.513793358096124
"USA","United States",1997,0.513793358096124
"USA","United States",1998,0.513793358096124
"USA","United States",1999,0.513793358096124
"USA","United States",2000,0.513793358096124
"USA","United States",2001,0.513793358096124
"USA","United States",2002,0.513793358096124
"USA","United States",2003,0.513793358096124
"USA","United States",2004,0.513793358096124
"USA","United States",2005,0.574944581703606
"USA","United States",2006,0.782107307441663
"USA","United States",2007,0.789751210392599
"USA","United States",2008,0.795257411670815
"USA","United States",2009,0.797135997989265
"USA","United States",2010,0.86619023990195
"USA","United States",2011,0.865995903386249
"USA","United States",2012,0.870789537440225
"USA","United States",2013,0.880635920902447
"USA","United States",2014,0.679368069474009
"USA","United States",2015,0.673602752841523
"USA","United States",2016,0.630071373324334
"USA","United States",2017,0.625536854624626
"USA","United States",2018,0.618119677608676
"USA","United States",2019,0.609602103811544
"USA","United States",2020,0.6135652529117
"USA","United States",2021,0.6135652529117
"USA","United States",2022,0.6135652529117
"URY","Uruguay",1995,0.371830533376001
"URY","Uruguay",1996,0.371830533376001
"URY","Uruguay",1997,0.371830533376001
"URY","Uruguay",1998,0.371830533376001
"URY","Uruguay",1999,0.371830533376001
"URY","Uruguay",2000,0.371830533376001
"URY","Uruguay",2001,0.371830533376001
"URY","Uruguay",2002,0.371830533376001
"URY","Uruguay",2003,0.371830533376001
"URY","Uruguay",2004,0.371830533376001
"URY","Uruguay",2005,0.338566599771719
"URY","Uruguay",2006,0.29396636941817
"URY","Uruguay",2007,0.313076126795507
"URY","Uruguay",2008,0.298824782310713
"URY","Uruguay",2009,0.329659509468723
"URY","Uruguay",2010,0.345335988401997
"URY","Uruguay",2011,0.337400580677509
"URY","Uruguay",2012,0.393045603006775
"URY","Uruguay",2013,0.415847754182446
"URY","Uruguay",2014,0.447913279273233
"URY","Uruguay",2015,0.449144077206011
"URY","Uruguay",2016,0.432398747436377
"URY","Uruguay",2017,0.435346184591187
"URY","Uruguay",2018,0.444674337344871
"URY","Uruguay",2019,0.441281039590235
"URY","Uruguay",2020,0.433064754870397
"URY","Uruguay",2021,0.433064754870397
"URY","Uruguay",2022,0.433064754870397
"UZB","Uzbekistan",1995,0.429451310281568
"UZB","Uzbekistan",1996,0.429451310281568
"UZB","Uzbekistan",1997,0.429451310281568
"UZB","Uzbekistan",1998,0.429451310281568
"UZB","Uzbekistan",1999,0.429451310281568
"UZB","Uzbekistan",2000,0.429451310281568
"UZB","Uzbekistan",2001,0.429451310281568
"UZB","Uzbekistan",2002,0.429451310281568
"UZB","Uzbekistan",2003,0.429451310281568
"UZB","Uzbekistan",2004,0.429451310281568
"UZB","Uzbekistan",2005,0.390648785979786
"UZB","Uzbekistan",2006,0.254451277892148
"UZB","Uzbekistan",2007,0.258014114013347
"UZB","Uzbekistan",2008,0.267504213863449
"UZB","Uzbekistan",2009,0.267180319670613
"UZB","Uzbekistan",2010,0.220701502998613
"UZB","Uzbekistan",2011,0.220960618352882
"UZB","Uzbekistan",2012,0.234402227355585
"UZB","Uzbekistan",2013,0.270451651018259
"UZB","Uzbekistan",2014,0.324315255286925
"UZB","Uzbekistan",2015,0.343392623244979
"UZB","Uzbekistan",2016,0.43528140575262
"UZB","Uzbekistan",2017,0.439459640840207
"UZB","Uzbekistan",2018,0.520854251499954
"UZB","Uzbekistan",2019,0.526794842125333
"UZB","Uzbekistan",2020,0.526698179952159
"UZB","Uzbekistan",2021,0.526698179952159
"UZB","Uzbekistan",2022,0.526698179952159
"VUT","Vanuatu",1995,0.387668959405693
"VUT","Vanuatu",1996,0.387668959405693
"VUT","Vanuatu",1997,0.387668959405693
"VUT","Vanuatu",1998,0.387668959405693
"VUT","Vanuatu",1999,0.387668959405693
"VUT","Vanuatu",2000,0.387668959405693
"VUT","Vanuatu",2001,0.387668959405693
"VUT","Vanuatu",2002,0.387668959405693
"VUT","Vanuatu",2003,0.387668959405693
"VUT","Vanuatu",2004,0.387668959405693
"VUT","Vanuatu",2005,0.366939731064174
"VUT","Vanuatu",2006,0.404090394982491
"VUT","Vanuatu",2007,0.401725967374786
"VUT","Vanuatu",2008,0.400527558861292
"VUT","Vanuatu",2009,0.407329336910853
"VUT","Vanuatu",2010,0.382745767674582
"VUT","Vanuatu",2011,0.380737623678998
"VUT","Vanuatu",2012,0.366842562806324
"VUT","Vanuatu",2013,0.371215134409613
"VUT","Vanuatu",2014,0.389417988047009
"VUT","Vanuatu",2015,0.379701162261922
"VUT","Vanuatu",2016,0.388899757338471
"VUT","Vanuatu",2017,0.400300832926307
"VUT","Vanuatu",2018,0.393142771264625
"VUT","Vanuatu",2019,0.384572564661157
"VUT","Vanuatu",2020,0.371813157802115
"VUT","Vanuatu",2021,0.371813157802115
"VUT","Vanuatu",2022,0.371813157802115
"VEN","Venezuela, Bolivarian Republic o",1995,0.324995433091881
"VEN","Venezuela, Bolivarian Republic o",1996,0.324995433091881
"VEN","Venezuela, Bolivarian Republic o",1997,0.324995433091881
"VEN","Venezuela, Bolivarian Republic o",1998,0.324995433091881
"VEN","Venezuela, Bolivarian Republic o",1999,0.324995433091881
"VEN","Venezuela, Bolivarian Republic o",2000,0.324995433091881
"VEN","Venezuela, Bolivarian Republic o",2001,0.324995433091881
"VEN","Venezuela, Bolivarian Republic o",2002,0.324995433091881
"VEN","Venezuela, Bolivarian Republic o",2003,0.324995433091881
"VEN","Venezuela, Bolivarian Republic o",2004,0.324995433091881
"VEN","Venezuela, Bolivarian Republic o",2005,0.317351530140946
"VEN","Venezuela, Bolivarian Republic o",2006,0.205219360581041
"VEN","Venezuela, Bolivarian Republic o",2007,0.199324486271421
"VEN","Venezuela, Bolivarian Republic o",2008,0.201041125493453
"VEN","Venezuela, Bolivarian Republic o",2009,0.176101272645062
"VEN","Venezuela, Bolivarian Republic o",2010,0.130464580874437
"VEN","Venezuela, Bolivarian Republic o",2011,0.120197134961528
"VEN","Venezuela, Bolivarian Republic o",2012,0.115306332649701
"VEN","Venezuela, Bolivarian Republic o",2013,0.115597837423253
"VEN","Venezuela, Bolivarian Republic o",2014,0.0954192292095558
"VEN","Venezuela, Bolivarian Republic o",2015,0.0968767530773192
"VEN","Venezuela, Bolivarian Republic o",2016,0.143873800457858
"VEN","Venezuela, Bolivarian Republic o",2017,0.126545461141119
"VEN","Venezuela, Bolivarian Republic o",2018,0.119905630187975
"VEN","Venezuela, Bolivarian Republic o",2019,0.130222166314486
"VEN","Venezuela, Bolivarian Republic o",2020,0.111244159647879
"VEN","Venezuela, Bolivarian Republic o",2021,0.111244159647879
"VEN","Venezuela, Bolivarian Republic o",2022,0.111244159647879
"VNM","Viet Nam",1995,0.392333035782536
"VNM","Viet Nam",1996,0.392333035782536
"VNM","Viet Nam",1997,0.392333035782536
"VNM","Viet Nam",1998,0.392333035782536
"VNM","Viet Nam",1999,0.392333035782536
"VNM","Viet Nam",2000,0.392333035782536
"VNM","Viet Nam",2001,0.392333035782536
"VNM","Viet Nam",2002,0.392333035782536
"VNM","Viet Nam",2003,0.392333035782536
"VNM","Viet Nam",2004,0.392333035782536
"VNM","Viet Nam",2005,0.408009514715809
"VNM","Viet Nam",2006,0.434406891431963
"VNM","Viet Nam",2007,0.429937151570822
"VNM","Viet Nam",2008,0.42517590693613
"VNM","Viet Nam",2009,0.417434835727343
"VNM","Viet Nam",2010,0.373352836082331
"VNM","Viet Nam",2011,0.380446118905445
"VNM","Viet Nam",2012,0.369563274026148
"VNM","Viet Nam",2013,0.390745954237638
"VNM","Viet Nam",2014,0.404867741045298
"VNM","Viet Nam",2015,0.408527745424347
"VNM","Viet Nam",2016,0.43975114561376
"VNM","Viet Nam",2017,0.447556995661113
"VNM","Viet Nam",2018,0.454747446742077
"VNM","Viet Nam",2019,0.480590323347892
"VNM","Viet Nam",2020,0.490739851531221
"VNM","Viet Nam",2021,0.490739851531221
"VNM","Viet Nam",2022,0.490739851531221
"YEM","Yemen",1995,0.347829973686836
"YEM","Yemen",1996,0.347829973686836
"YEM","Yemen",1997,0.347829973686836
"YEM","Yemen",1998,0.347829973686836
"YEM","Yemen",1999,0.347829973686836
"YEM","Yemen",2000,0.347829973686836
"YEM","Yemen",2001,0.347829973686836
"YEM","Yemen",2002,0.347829973686836
"YEM","Yemen",2003,0.347829973686836
"YEM","Yemen",2004,0.347829973686836
"YEM","Yemen",2005,0.353724847996455
"YEM","Yemen",2006,0.328331543278095
"YEM","Yemen",2007,0.339732618865929
"YEM","Yemen",2008,0.338469431513869
"YEM","Yemen",2009,0.408884029036466
"YEM","Yemen",2010,0.419151474949375
"YEM","Yemen",2011,0.413094653543338
"YEM","Yemen",2012,0.431556622535003
"YEM","Yemen",2013,0.367296014676294
"YEM","Yemen",2014,0.395831093065166
"YEM","Yemen",2015,0.378956205618398
"YEM","Yemen",2016,0.399491097444216
"YEM","Yemen",2017,0.390486838883369
"YEM","Yemen",2018,0.385693204829392
"YEM","Yemen",2019,0.379328177855483
"YEM","Yemen",2020,0.379585943650616
"YEM","Yemen",2021,0.379585943650616
"YEM","Yemen",2022,0.379585943650616
"ZMB","Zambia",1995,0.402244198083324
"ZMB","Zambia",1996,0.402244198083324
"ZMB","Zambia",1997,0.402244198083324
"ZMB","Zambia",1998,0.402244198083324
"ZMB","Zambia",1999,0.402244198083324
"ZMB","Zambia",2000,0.402244198083324
"ZMB","Zambia",2001,0.402244198083324
"ZMB","Zambia",2002,0.402244198083324
"ZMB","Zambia",2003,0.402244198083324
"ZMB","Zambia",2004,0.402244198083324
"ZMB","Zambia",2005,0.37905337387625
"ZMB","Zambia",2006,0.350291569552392
"ZMB","Zambia",2007,0.349740949424569
"ZMB","Zambia",2008,0.353239006707201
"ZMB","Zambia",2009,0.352817944256514
"ZMB","Zambia",2010,0.33419402816843
"ZMB","Zambia",2011,0.340121291897333
"ZMB","Zambia",2012,0.338372263256018
"ZMB","Zambia",2013,0.347279353559014
"ZMB","Zambia",2014,0.395636756549465
"ZMB","Zambia",2015,0.359133881016821
"ZMB","Zambia",2016,0.413256600639756
"ZMB","Zambia",2017,0.416139258955998
"ZMB","Zambia",2018,0.426924935577445
"ZMB","Zambia",2019,0.419886478594265
"ZMB","Zambia",2020,0.413828982408659
"ZMB","Zambia",2021,0.413828982408659
"ZMB","Zambia",2022,0.413828982408659
"ZWE","Zimbabwe",1995,0.358712818566133
"ZWE","Zimbabwe",1996,0.358712818566133
"ZWE","Zimbabwe",1997,0.358712818566133
"ZWE","Zimbabwe",1998,0.358712818566133
"ZWE","Zimbabwe",1999,0.358712818566133
"ZWE","Zimbabwe",2000,0.358712818566133
"ZWE","Zimbabwe",2001,0.358712818566133
"ZWE","Zimbabwe",2002,0.358712818566133
"ZWE","Zimbabwe",2003,0.358712818566133
"ZWE","Zimbabwe",2004,0.358712818566133
"ZWE","Zimbabwe",2005,0.346825901689044
"ZWE","Zimbabwe",2006,0.305723728618125
"ZWE","Zimbabwe",2007,0.306371517003797
"ZWE","Zimbabwe",2008,0.26465394496649
"ZWE","Zimbabwe",2009,0.235859751223349
"ZWE","Zimbabwe",2010,0.189672439324901
"ZWE","Zimbabwe",2011,0.175550652517241
"ZWE","Zimbabwe",2012,0.183971901530983
"ZWE","Zimbabwe",2013,0.188441641392124
"ZWE","Zimbabwe",2014,0.199227318013571
"ZWE","Zimbabwe",2015,0.197089616340851
"ZWE","Zimbabwe",2016,0.249430917903187
"ZWE","Zimbabwe",2017,0.251374283060205
"ZWE","Zimbabwe",2018,0.253771100087193
"ZWE","Zimbabwe",2019,0.250663234089993
"ZWE","Zimbabwe",2020,0.260265009958667
"ZWE","Zimbabwe",2021,0.260265009958667
"ZWE","Zimbabwe",2022,0.260265009958667
